timestamp,datetime,weekday,hour,weekday_name
1641484800,2022-01-06 16:00:00,3,16,Thursday
1641469920,2022-01-06 11:52:00,3,11,Thursday
1641480180,2022-01-06 14:43:00,3,14,Thursday
1641480240,2022-01-06 14:44:00,3,14,Thursday
1641480240,2022-01-06 14:44:00,3,14,Thursday
1641551580,2022-01-07 10:33:00,4,10,Friday
1641637680,2022-01-08 10:28:00,5,10,Saturday
1641472680,2022-01-06 12:38:00,3,12,Thursday
1641477840,2022-01-06 14:04:00,3,14,Thursday
1641538020,2022-01-07 06:47:00,4,6,Friday
1641566580,2022-01-07 14:43:00,4,14,Friday
1641549480,2022-01-07 09:58:00,4,9,Friday
1641549540,2022-01-07 09:59:00,4,9,Friday
1641636420,2022-01-08 10:07:00,5,10,Saturday
1641561780,2022-01-07 13:23:00,4,13,Friday
1641292380,2022-01-04 10:33:00,1,10,Tuesday
1641292380,2022-01-04 10:33:00,1,10,Tuesday
1641551760,2022-01-07 10:36:00,4,10,Friday
1641551820,2022-01-07 10:37:00,4,10,Friday
1641556320,2022-01-07 11:52:00,4,11,Friday
1641559800,2022-01-07 12:50:00,4,12,Friday
1641295740,2022-01-04 11:29:00,1,11,Tuesday
1641313200,2022-01-04 16:20:00,1,16,Tuesday
1641568800,2022-01-07 15:20:00,4,15,Friday
1641712560,2022-01-09 07:16:00,6,7,Sunday
1641712560,2022-01-09 07:16:00,6,7,Sunday
1641204840,2022-01-03 10:14:00,0,10,Monday
1641565680,2022-01-07 14:28:00,4,14,Friday
1641565740,2022-01-07 14:29:00,4,14,Friday
1641565740,2022-01-07 14:29:00,4,14,Friday
1641565860,2022-01-07 14:31:00,4,14,Friday
1641565920,2022-01-07 14:32:00,4,14,Friday
1641566160,2022-01-07 14:36:00,4,14,Friday
1641566160,2022-01-07 14:36:00,4,14,Friday
1641566160,2022-01-07 14:36:00,4,14,Friday
1641566160,2022-01-07 14:36:00,4,14,Friday
1641566340,2022-01-07 14:39:00,4,14,Friday
1641566520,2022-01-07 14:42:00,4,14,Friday
1641566700,2022-01-07 14:45:00,4,14,Friday
1641566760,2022-01-07 14:46:00,4,14,Friday
1641566760,2022-01-07 14:46:00,4,14,Friday
1641566760,2022-01-07 14:46:00,4,14,Friday
1641636300,2022-01-08 10:05:00,5,10,Saturday
1641636300,2022-01-08 10:05:00,5,10,Saturday
1641637560,2022-01-08 10:26:00,5,10,Saturday
1641637740,2022-01-08 10:29:00,5,10,Saturday
1641717360,2022-01-09 08:36:00,6,8,Sunday
1641717360,2022-01-09 08:36:00,6,8,Sunday
1641567540,2022-01-07 14:59:00,4,14,Friday
1641633540,2022-01-08 09:19:00,5,9,Saturday
1641638700,2022-01-08 10:45:00,5,10,Saturday
1641563700,2022-01-07 13:55:00,4,13,Friday
1641563760,2022-01-07 13:56:00,4,13,Friday
1641566040,2022-01-07 14:34:00,4,14,Friday
1641567060,2022-01-07 14:51:00,4,14,Friday
1641567060,2022-01-07 14:51:00,4,14,Friday
1641567660,2022-01-07 15:01:00,4,15,Friday
1641636420,2022-01-08 10:07:00,5,10,Saturday
1641636420,2022-01-08 10:07:00,5,10,Saturday
1641636540,2022-01-08 10:09:00,5,10,Saturday
1641481980,2022-01-06 15:13:00,3,15,Thursday
1641283620,2022-01-04 08:07:00,1,8,Tuesday
1641298800,2022-01-04 12:20:00,1,12,Tuesday
1641303000,2022-01-04 13:30:00,1,13,Tuesday
1641230400,2022-01-03 17:20:00,0,17,Monday
1641279120,2022-01-04 06:52:00,1,6,Tuesday
1641279180,2022-01-04 06:53:00,1,6,Tuesday
1641279180,2022-01-04 06:53:00,1,6,Tuesday
1641280140,2022-01-04 07:09:00,1,7,Tuesday
1641280440,2022-01-04 07:14:00,1,7,Tuesday
1641288060,2022-01-04 09:21:00,1,9,Tuesday
1641288780,2022-01-04 09:33:00,1,9,Tuesday
1641290640,2022-01-04 10:04:00,1,10,Tuesday
1641363480,2022-01-05 06:18:00,2,6,Wednesday
1641465360,2022-01-06 10:36:00,3,10,Thursday
1641467880,2022-01-06 11:18:00,3,11,Thursday
1641467880,2022-01-06 11:18:00,3,11,Thursday
1641470940,2022-01-06 12:09:00,3,12,Thursday
1641205860,2022-01-03 10:31:00,0,10,Monday
1641211920,2022-01-03 12:12:00,0,12,Monday
1641481740,2022-01-06 15:09:00,3,15,Thursday
1641461700,2022-01-06 09:35:00,3,9,Thursday
1641361800,2022-01-05 05:50:00,2,5,Wednesday
1641378300,2022-01-05 10:25:00,2,10,Wednesday
1641559020,2022-01-07 12:37:00,4,12,Friday
1641205020,2022-01-03 10:17:00,0,10,Monday
1641207120,2022-01-03 10:52:00,0,10,Monday
1641208440,2022-01-03 11:14:00,0,11,Monday
1641374220,2022-01-05 09:17:00,2,9,Wednesday
1641379320,2022-01-05 10:42:00,2,10,Wednesday
1641379320,2022-01-05 10:42:00,2,10,Wednesday
1641369960,2022-01-05 08:06:00,2,8,Wednesday
1641386100,2022-01-05 12:35:00,2,12,Wednesday
1641391320,2022-01-05 14:02:00,2,14,Wednesday
1641567360,2022-01-07 14:56:00,4,14,Friday
1641281400,2022-01-04 07:30:00,1,7,Tuesday
1641570060,2022-01-07 15:41:00,4,15,Friday
1641626160,2022-01-08 07:16:00,5,7,Saturday
1641626280,2022-01-08 07:18:00,5,7,Saturday
1641284220,2022-01-04 08:17:00,1,8,Tuesday
1641284400,2022-01-04 08:20:00,1,8,Tuesday
1641206880,2022-01-03 10:48:00,0,10,Monday
1641221400,2022-01-03 14:50:00,0,14,Monday
1641455640,2022-01-06 07:54:00,3,7,Thursday
1641555780,2022-01-07 11:43:00,4,11,Friday
1641556020,2022-01-07 11:47:00,4,11,Friday
1641297240,2022-01-04 11:54:00,1,11,Tuesday
1641297240,2022-01-04 11:54:00,1,11,Tuesday
1641396120,2022-01-05 15:22:00,2,15,Wednesday
1641397080,2022-01-05 15:38:00,2,15,Wednesday
1641402300,2022-01-05 17:05:00,2,17,Wednesday
1641543900,2022-01-07 08:25:00,4,8,Friday
1641308340,2022-01-04 14:59:00,1,14,Tuesday
1641385980,2022-01-05 12:33:00,2,12,Wednesday
1641392280,2022-01-05 14:18:00,2,14,Wednesday
1641460800,2022-01-06 09:20:00,3,9,Thursday
1641538200,2022-01-07 06:50:00,4,6,Friday
1641538200,2022-01-07 06:50:00,4,6,Friday
1641565320,2022-01-07 14:22:00,4,14,Friday
1641367500,2022-01-05 07:25:00,2,7,Wednesday
1641368160,2022-01-05 07:36:00,2,7,Wednesday
1641313260,2022-01-04 16:21:00,1,16,Tuesday
1641373260,2022-01-05 09:01:00,2,9,Wednesday
1641553260,2022-01-07 11:01:00,4,11,Friday
1641556380,2022-01-07 11:53:00,4,11,Friday
1641556380,2022-01-07 11:53:00,4,11,Friday
1641295500,2022-01-04 11:25:00,1,11,Tuesday
1641372960,2022-01-05 08:56:00,2,8,Wednesday
1641373080,2022-01-05 08:58:00,2,8,Wednesday
1641393540,2022-01-05 14:39:00,2,14,Wednesday
1641393600,2022-01-05 14:40:00,2,14,Wednesday
1641281340,2022-01-04 07:29:00,1,7,Tuesday
1641368460,2022-01-05 07:41:00,2,7,Wednesday
1641370740,2022-01-05 08:19:00,2,8,Wednesday
1641376380,2022-01-05 09:53:00,2,9,Wednesday
1641376500,2022-01-05 09:55:00,2,9,Wednesday
1641460140,2022-01-06 09:09:00,3,9,Thursday
1641460140,2022-01-06 09:09:00,3,9,Thursday
1641282600,2022-01-04 07:50:00,1,7,Tuesday
1641282600,2022-01-04 07:50:00,1,7,Tuesday
1641282780,2022-01-04 07:53:00,1,7,Tuesday
1641290400,2022-01-04 10:00:00,1,10,Tuesday
1641460320,2022-01-06 09:12:00,3,9,Thursday
1641460380,2022-01-06 09:13:00,3,9,Thursday
1641279540,2022-01-04 06:59:00,1,6,Tuesday
1641279540,2022-01-04 06:59:00,1,6,Tuesday
1641298740,2022-01-04 12:19:00,1,12,Tuesday
1641299940,2022-01-04 12:39:00,1,12,Tuesday
1641299940,2022-01-04 12:39:00,1,12,Tuesday
1641280740,2022-01-04 07:19:00,1,7,Tuesday
1641367860,2022-01-05 07:31:00,2,7,Wednesday
1641380280,2022-01-05 10:58:00,2,10,Wednesday
1641546240,2022-01-07 09:04:00,4,9,Friday
1641547800,2022-01-07 09:30:00,4,9,Friday
1641547800,2022-01-07 09:30:00,4,9,Friday
1641474360,2022-01-06 13:06:00,3,13,Thursday
1641193260,2022-01-03 07:01:00,0,7,Monday
1641468420,2022-01-06 11:27:00,3,11,Thursday
1641469380,2022-01-06 11:43:00,3,11,Thursday
1641195000,2022-01-03 07:30:00,0,7,Monday
1641279600,2022-01-04 07:00:00,1,7,Tuesday
1641279720,2022-01-04 07:02:00,1,7,Tuesday
1641542820,2022-01-07 08:07:00,4,8,Friday
1641209040,2022-01-03 11:24:00,0,11,Monday
1641211620,2022-01-03 12:07:00,0,12,Monday
1641456360,2022-01-06 08:06:00,3,8,Thursday
1641290820,2022-01-04 10:07:00,1,10,Tuesday
1641289620,2022-01-04 09:47:00,1,9,Tuesday
1641289680,2022-01-04 09:48:00,1,9,Tuesday
1641485760,2022-01-06 16:16:00,3,16,Thursday
1641293100,2022-01-04 10:45:00,1,10,Tuesday
1641293220,2022-01-04 10:47:00,1,10,Tuesday
1641194760,2022-01-03 07:26:00,0,7,Monday
1641195060,2022-01-03 07:31:00,0,7,Monday
1641201720,2022-01-03 09:22:00,0,9,Monday
1641203040,2022-01-03 09:44:00,0,9,Monday
1641204240,2022-01-03 10:04:00,0,10,Monday
1641209760,2022-01-03 11:36:00,0,11,Monday
1641209760,2022-01-03 11:36:00,0,11,Monday
1641209820,2022-01-03 11:37:00,0,11,Monday
1641210540,2022-01-03 11:49:00,0,11,Monday
1641382560,2022-01-05 11:36:00,2,11,Wednesday
1641285600,2022-01-04 08:40:00,1,8,Tuesday
1641291060,2022-01-04 10:11:00,1,10,Tuesday
1641291060,2022-01-04 10:11:00,1,10,Tuesday
1641291120,2022-01-04 10:12:00,1,10,Tuesday
1641291120,2022-01-04 10:12:00,1,10,Tuesday
1641444660,2022-01-06 04:51:00,3,4,Thursday
1641191520,2022-01-03 06:32:00,0,6,Monday
1641191640,2022-01-03 06:34:00,0,6,Monday
1641191700,2022-01-03 06:35:00,0,6,Monday
1641194760,2022-01-03 07:26:00,0,7,Monday
1641208860,2022-01-03 11:21:00,0,11,Monday
1641387540,2022-01-05 12:59:00,2,12,Wednesday
1641387540,2022-01-05 12:59:00,2,12,Wednesday
1641387540,2022-01-05 12:59:00,2,12,Wednesday
1641470460,2022-01-06 12:01:00,3,12,Thursday
1641470460,2022-01-06 12:01:00,3,12,Thursday
1641199980,2022-01-03 08:53:00,0,8,Monday
1641199980,2022-01-03 08:53:00,0,8,Monday
1641199980,2022-01-03 08:53:00,0,8,Monday
1641223620,2022-01-03 15:27:00,0,15,Monday
1641231420,2022-01-03 17:37:00,0,17,Monday
1641395460,2022-01-05 15:11:00,2,15,Wednesday
1641395460,2022-01-05 15:11:00,2,15,Wednesday
1641199140,2022-01-03 08:39:00,0,8,Monday
1641365340,2022-01-05 06:49:00,2,6,Wednesday
1641365340,2022-01-05 06:49:00,2,6,Wednesday
1641211920,2022-01-03 12:12:00,0,12,Monday
1641394260,2022-01-05 14:51:00,2,14,Wednesday
1641463920,2022-01-06 10:12:00,3,10,Thursday
1641650820,2022-01-08 14:07:00,5,14,Saturday
1641650940,2022-01-08 14:09:00,5,14,Saturday
1641650940,2022-01-08 14:09:00,5,14,Saturday
1641395340,2022-01-05 15:09:00,2,15,Wednesday
1641210840,2022-01-03 11:54:00,0,11,Monday
1641393780,2022-01-05 14:43:00,2,14,Wednesday
1641191820,2022-01-03 06:37:00,0,6,Monday
1641195240,2022-01-03 07:34:00,0,7,Monday
1641196080,2022-01-03 07:48:00,0,7,Monday
1641222540,2022-01-03 15:09:00,0,15,Monday
1641379500,2022-01-05 10:45:00,2,10,Wednesday
1641191580,2022-01-03 06:33:00,0,6,Monday
1641396060,2022-01-05 15:21:00,2,15,Wednesday
1641396060,2022-01-05 15:21:00,2,15,Wednesday
1641191400,2022-01-03 06:30:00,0,6,Monday
1641305580,2022-01-04 14:13:00,1,14,Tuesday
1641391860,2022-01-05 14:11:00,2,14,Wednesday
1641218340,2022-01-03 13:59:00,0,13,Monday
1641650520,2022-01-08 14:02:00,5,14,Saturday
1641302640,2022-01-04 13:24:00,1,13,Tuesday
1641366060,2022-01-05 07:01:00,2,7,Wednesday
1641468060,2022-01-06 11:21:00,3,11,Thursday
1641303240,2022-01-04 13:34:00,1,13,Tuesday
1641379920,2022-01-05 10:52:00,2,10,Wednesday
1641476340,2022-01-06 13:39:00,3,13,Thursday
1641476340,2022-01-06 13:39:00,3,13,Thursday
1641219000,2022-01-03 14:10:00,0,14,Monday
1641377820,2022-01-05 10:17:00,2,10,Wednesday
1641378900,2022-01-05 10:35:00,2,10,Wednesday
1641450480,2022-01-06 06:28:00,3,6,Thursday
1641479580,2022-01-06 14:33:00,3,14,Thursday
1641293340,2022-01-04 10:49:00,1,10,Tuesday
1641472980,2022-01-06 12:43:00,3,12,Thursday
1641478020,2022-01-06 14:07:00,3,14,Thursday
1641542460,2022-01-07 08:01:00,4,8,Friday
1641219360,2022-01-03 14:16:00,0,14,Monday
1641303540,2022-01-04 13:39:00,1,13,Tuesday
1641380100,2022-01-05 10:55:00,2,10,Wednesday
1641479760,2022-01-06 14:36:00,3,14,Thursday
1641218580,2022-01-03 14:03:00,0,14,Monday
1641371400,2022-01-05 08:30:00,2,8,Wednesday
1641371400,2022-01-05 08:30:00,2,8,Wednesday
1641217380,2022-01-03 13:43:00,0,13,Monday
1641296040,2022-01-04 11:34:00,1,11,Tuesday
1641302940,2022-01-04 13:29:00,1,13,Tuesday
1641360360,2022-01-05 05:26:00,2,5,Wednesday
1641475320,2022-01-06 13:22:00,3,13,Thursday
1641218580,2022-01-03 14:03:00,0,14,Monday
1641306480,2022-01-04 14:28:00,1,14,Tuesday
1641400980,2022-01-05 16:43:00,2,16,Wednesday
1641478620,2022-01-06 14:17:00,3,14,Thursday
1641478620,2022-01-06 14:17:00,3,14,Thursday
1641478620,2022-01-06 14:17:00,3,14,Thursday
1641218940,2022-01-03 14:09:00,0,14,Monday
1641304080,2022-01-04 13:48:00,1,13,Tuesday
1641304800,2022-01-04 14:00:00,1,14,Tuesday
1641364860,2022-01-05 06:41:00,2,6,Wednesday
1641474660,2022-01-06 13:11:00,3,13,Thursday
1641302160,2022-01-04 13:16:00,1,13,Tuesday
1641306960,2022-01-04 14:36:00,1,14,Tuesday
1641395280,2022-01-05 15:08:00,2,15,Wednesday
1641479040,2022-01-06 14:24:00,3,14,Thursday
1641217680,2022-01-03 13:48:00,0,13,Monday
1641374460,2022-01-05 09:21:00,2,9,Wednesday
1641379320,2022-01-05 10:42:00,2,10,Wednesday
1641396480,2022-01-05 15:28:00,2,15,Wednesday
1641463140,2022-01-06 09:59:00,3,9,Thursday
1641219120,2022-01-03 14:12:00,0,14,Monday
1641302220,2022-01-04 13:17:00,1,13,Tuesday
1641305820,2022-01-04 14:17:00,1,14,Tuesday
1641474600,2022-01-06 13:10:00,3,13,Thursday
1641474660,2022-01-06 13:11:00,3,13,Thursday
1641306240,2022-01-04 14:24:00,1,14,Tuesday
1641474840,2022-01-06 13:14:00,3,13,Thursday
1641474900,2022-01-06 13:15:00,3,13,Thursday
1641474900,2022-01-06 13:15:00,3,13,Thursday
1641200700,2022-01-03 09:05:00,0,9,Monday
1641221160,2022-01-03 14:46:00,0,14,Monday
1641303120,2022-01-04 13:32:00,1,13,Tuesday
1641303120,2022-01-04 13:32:00,1,13,Tuesday
1641387180,2022-01-05 12:53:00,2,12,Wednesday
1641391380,2022-01-05 14:03:00,2,14,Wednesday
1641391380,2022-01-05 14:03:00,2,14,Wednesday
1641450660,2022-01-06 06:31:00,3,6,Thursday
1641450720,2022-01-06 06:32:00,3,6,Thursday
1641450780,2022-01-06 06:33:00,3,6,Thursday
1641450960,2022-01-06 06:36:00,3,6,Thursday
1641454740,2022-01-06 07:39:00,3,7,Thursday
1641454800,2022-01-06 07:40:00,3,7,Thursday
1641454860,2022-01-06 07:41:00,3,7,Thursday
1641457440,2022-01-06 08:24:00,3,8,Thursday
1641457440,2022-01-06 08:24:00,3,8,Thursday
1641474720,2022-01-06 13:12:00,3,13,Thursday
1641218160,2022-01-03 13:56:00,0,13,Monday
1641303840,2022-01-04 13:44:00,1,13,Tuesday
1641365100,2022-01-05 06:45:00,2,6,Wednesday
1641365160,2022-01-05 06:46:00,2,6,Wednesday
1641384240,2022-01-05 12:04:00,2,12,Wednesday
1641459300,2022-01-06 08:55:00,3,8,Thursday
1641462000,2022-01-06 09:40:00,3,9,Thursday
1641481920,2022-01-06 15:12:00,3,15,Thursday
1641481920,2022-01-06 15:12:00,3,15,Thursday
1641200220,2022-01-03 08:57:00,0,8,Monday
1641200760,2022-01-03 09:06:00,0,9,Monday
1641209880,2022-01-03 11:38:00,0,11,Monday
1641209880,2022-01-03 11:38:00,0,11,Monday
1641303960,2022-01-04 13:46:00,1,13,Tuesday
1641303960,2022-01-04 13:46:00,1,13,Tuesday
1641303960,2022-01-04 13:46:00,1,13,Tuesday
1641303960,2022-01-04 13:46:00,1,13,Tuesday
1641303960,2022-01-04 13:46:00,1,13,Tuesday
1641304080,2022-01-04 13:48:00,1,13,Tuesday
1641475380,2022-01-06 13:23:00,3,13,Thursday
1641306180,2022-01-04 14:23:00,1,14,Tuesday
1641478200,2022-01-06 14:10:00,3,14,Thursday
1641479460,2022-01-06 14:31:00,3,14,Thursday
1641208680,2022-01-03 11:18:00,0,11,Monday
1641305820,2022-01-04 14:17:00,1,14,Tuesday
1641478140,2022-01-06 14:09:00,3,14,Thursday
1641220920,2022-01-03 14:42:00,0,14,Monday
1641306300,2022-01-04 14:25:00,1,14,Tuesday
1641480900,2022-01-06 14:55:00,3,14,Thursday
1641197460,2022-01-03 08:11:00,0,8,Monday
1641223620,2022-01-03 15:27:00,0,15,Monday
1641306180,2022-01-04 14:23:00,1,14,Tuesday
1641307020,2022-01-04 14:37:00,1,14,Tuesday
1641389700,2022-01-05 13:35:00,2,13,Wednesday
1641480180,2022-01-06 14:43:00,3,14,Thursday
1641481620,2022-01-06 15:07:00,3,15,Thursday
1641538320,2022-01-07 06:52:00,4,6,Friday
1641221280,2022-01-03 14:48:00,0,14,Monday
1641306540,2022-01-04 14:29:00,1,14,Tuesday
1641222840,2022-01-03 15:14:00,0,15,Monday
1641305400,2022-01-04 14:10:00,1,14,Tuesday
1641477660,2022-01-06 14:01:00,3,14,Thursday
1641477660,2022-01-06 14:01:00,3,14,Thursday
1641218580,2022-01-03 14:03:00,0,14,Monday
1641381060,2022-01-05 11:11:00,2,11,Wednesday
1641381180,2022-01-05 11:13:00,2,11,Wednesday
1641288840,2022-01-04 09:34:00,1,9,Tuesday
1641288840,2022-01-04 09:34:00,1,9,Tuesday
1641219840,2022-01-03 14:24:00,0,14,Monday
1641296340,2022-01-04 11:39:00,1,11,Tuesday
1641289440,2022-01-04 09:44:00,1,9,Tuesday
1641376380,2022-01-05 09:53:00,2,9,Wednesday
1641376380,2022-01-05 09:53:00,2,9,Wednesday
1641389640,2022-01-05 13:34:00,2,13,Wednesday
1641624480,2022-01-08 06:48:00,5,6,Saturday
1641457020,2022-01-06 08:17:00,3,8,Thursday
1641465960,2022-01-06 10:46:00,3,10,Thursday
1641465960,2022-01-06 10:46:00,3,10,Thursday
1641465960,2022-01-06 10:46:00,3,10,Thursday
1641364500,2022-01-05 06:35:00,2,6,Wednesday
1641463080,2022-01-06 09:58:00,3,9,Thursday
1641469560,2022-01-06 11:46:00,3,11,Thursday
1641193800,2022-01-03 07:10:00,0,7,Monday
1641198840,2022-01-03 08:34:00,0,8,Monday
1641200400,2022-01-03 09:00:00,0,9,Monday
1641281280,2022-01-04 07:28:00,1,7,Tuesday
1641281280,2022-01-04 07:28:00,1,7,Tuesday
1641281280,2022-01-04 07:28:00,1,7,Tuesday
1641457320,2022-01-06 08:22:00,3,8,Thursday
1641461640,2022-01-06 09:34:00,3,9,Thursday
1641462660,2022-01-06 09:51:00,3,9,Thursday
1641463320,2022-01-06 10:02:00,3,10,Thursday
1641544740,2022-01-07 08:39:00,4,8,Friday
1641544800,2022-01-07 08:40:00,4,8,Friday
1641545040,2022-01-07 08:44:00,4,8,Friday
1641558960,2022-01-07 12:36:00,4,12,Friday
1641565200,2022-01-07 14:20:00,4,14,Friday
1641393780,2022-01-05 14:43:00,2,14,Wednesday
1641395160,2022-01-05 15:06:00,2,15,Wednesday
1641454800,2022-01-06 07:40:00,3,7,Thursday
1641458160,2022-01-06 08:36:00,3,8,Thursday
1641458160,2022-01-06 08:36:00,3,8,Thursday
1641458220,2022-01-06 08:37:00,3,8,Thursday
1641460020,2022-01-06 09:07:00,3,9,Thursday
1641461520,2022-01-06 09:32:00,3,9,Thursday
1641484080,2022-01-06 15:48:00,3,15,Thursday
1641218220,2022-01-03 13:57:00,0,13,Monday
1641280620,2022-01-04 07:17:00,1,7,Tuesday
1641280740,2022-01-04 07:19:00,1,7,Tuesday
1641474780,2022-01-06 13:13:00,3,13,Thursday
1641475140,2022-01-06 13:19:00,3,13,Thursday
1641536880,2022-01-07 06:28:00,4,6,Friday
1641564000,2022-01-07 14:00:00,4,14,Friday
1641564000,2022-01-07 14:00:00,4,14,Friday
1641192180,2022-01-03 06:43:00,0,6,Monday
1641464280,2022-01-06 10:18:00,3,10,Thursday
1641464340,2022-01-06 10:19:00,3,10,Thursday
1641547140,2022-01-07 09:19:00,4,9,Friday
1641194880,2022-01-03 07:28:00,0,7,Monday
1641378180,2022-01-05 10:23:00,2,10,Wednesday
1641198120,2022-01-03 08:22:00,0,8,Monday
1641367680,2022-01-05 07:28:00,2,7,Wednesday
1641367680,2022-01-05 07:28:00,2,7,Wednesday
1641373080,2022-01-05 08:58:00,2,8,Wednesday
1641450780,2022-01-06 06:33:00,3,6,Thursday
1641296100,2022-01-04 11:35:00,1,11,Tuesday
1641296100,2022-01-04 11:35:00,1,11,Tuesday
1641303840,2022-01-04 13:44:00,1,13,Tuesday
1641306360,2022-01-04 14:26:00,1,14,Tuesday
1641363480,2022-01-05 06:18:00,2,6,Wednesday
1641364140,2022-01-05 06:29:00,2,6,Wednesday
1641206460,2022-01-03 10:41:00,0,10,Monday
1641212520,2022-01-03 12:22:00,0,12,Monday
1641212520,2022-01-03 12:22:00,0,12,Monday
1641388680,2022-01-05 13:18:00,2,13,Wednesday
1641473160,2022-01-06 12:46:00,3,12,Thursday
1641478680,2022-01-06 14:18:00,3,14,Thursday
1641194040,2022-01-03 07:14:00,0,7,Monday
1641290700,2022-01-04 10:05:00,1,10,Tuesday
1641457200,2022-01-06 08:20:00,3,8,Thursday
1641478260,2022-01-06 14:11:00,3,14,Thursday
1641543420,2022-01-07 08:17:00,4,8,Friday
1641544500,2022-01-07 08:35:00,4,8,Friday
1641217740,2022-01-03 13:49:00,0,13,Monday
1641217740,2022-01-03 13:49:00,0,13,Monday
1641219120,2022-01-03 14:12:00,0,14,Monday
1641219300,2022-01-03 14:15:00,0,14,Monday
1641219480,2022-01-03 14:18:00,0,14,Monday
1641220260,2022-01-03 14:31:00,0,14,Monday
1641286080,2022-01-04 08:48:00,1,8,Tuesday
1641286080,2022-01-04 08:48:00,1,8,Tuesday
1641286080,2022-01-04 08:48:00,1,8,Tuesday
1641286080,2022-01-04 08:48:00,1,8,Tuesday
1641286080,2022-01-04 08:48:00,1,8,Tuesday
1641298380,2022-01-04 12:13:00,1,12,Tuesday
1641301740,2022-01-04 13:09:00,1,13,Tuesday
1641477120,2022-01-06 13:52:00,3,13,Thursday
1641477180,2022-01-06 13:53:00,3,13,Thursday
1641477180,2022-01-06 13:53:00,3,13,Thursday
1641192300,2022-01-03 06:45:00,0,6,Monday
1641539940,2022-01-07 07:19:00,4,7,Friday
1641395340,2022-01-05 15:09:00,2,15,Wednesday
1641395340,2022-01-05 15:09:00,2,15,Wednesday
1641395340,2022-01-05 15:09:00,2,15,Wednesday
1641449820,2022-01-06 06:17:00,3,6,Thursday
1641449820,2022-01-06 06:17:00,3,6,Thursday
1641542640,2022-01-07 08:04:00,4,8,Friday
1641451440,2022-01-06 06:44:00,3,6,Thursday
1641193980,2022-01-03 07:13:00,0,7,Monday
1641194700,2022-01-03 07:25:00,0,7,Monday
1641195360,2022-01-03 07:36:00,0,7,Monday
1641203760,2022-01-03 09:56:00,0,9,Monday
1641196560,2022-01-03 07:56:00,0,7,Monday
1641196620,2022-01-03 07:57:00,0,7,Monday
1641196620,2022-01-03 07:57:00,0,7,Monday
1641295200,2022-01-04 11:20:00,1,11,Tuesday
1641295200,2022-01-04 11:20:00,1,11,Tuesday
1641287520,2022-01-04 09:12:00,1,9,Tuesday
1641288600,2022-01-04 09:30:00,1,9,Tuesday
1641289620,2022-01-04 09:47:00,1,9,Tuesday
1641301380,2022-01-04 13:03:00,1,13,Tuesday
1641303840,2022-01-04 13:44:00,1,13,Tuesday
1641200940,2022-01-03 09:09:00,0,9,Monday
1641201240,2022-01-03 09:14:00,0,9,Monday
1641202440,2022-01-03 09:34:00,0,9,Monday
1641278520,2022-01-04 06:42:00,1,6,Tuesday
1641287340,2022-01-04 09:09:00,1,9,Tuesday
1641296580,2022-01-04 11:43:00,1,11,Tuesday
1641298260,2022-01-04 12:11:00,1,12,Tuesday
1641303540,2022-01-04 13:39:00,1,13,Tuesday
1641303720,2022-01-04 13:42:00,1,13,Tuesday
1641303900,2022-01-04 13:45:00,1,13,Tuesday
1641304140,2022-01-04 13:49:00,1,13,Tuesday
1641385500,2022-01-05 12:25:00,2,12,Wednesday
1641368700,2022-01-05 07:45:00,2,7,Wednesday
1641372360,2022-01-05 08:46:00,2,8,Wednesday
1641373140,2022-01-05 08:59:00,2,8,Wednesday
1641400080,2022-01-05 16:28:00,2,16,Wednesday
1641311040,2022-01-04 15:44:00,1,15,Tuesday
1641312960,2022-01-04 16:16:00,1,16,Tuesday
1641216000,2022-01-03 13:20:00,0,13,Monday
1641216360,2022-01-03 13:26:00,0,13,Monday
1641216420,2022-01-03 13:27:00,0,13,Monday
1641217500,2022-01-03 13:45:00,0,13,Monday
1641279420,2022-01-04 06:57:00,1,6,Tuesday
1641281340,2022-01-04 07:29:00,1,7,Tuesday
1641309060,2022-01-04 15:11:00,1,15,Tuesday
1641309060,2022-01-04 15:11:00,1,15,Tuesday
1641309120,2022-01-04 15:12:00,1,15,Tuesday
1641379560,2022-01-05 10:46:00,2,10,Wednesday
1641217440,2022-01-03 13:44:00,0,13,Monday
1641290100,2022-01-04 09:55:00,1,9,Tuesday
1641298680,2022-01-04 12:18:00,1,12,Tuesday
1641721380,2022-01-09 09:43:00,6,9,Sunday
1641721500,2022-01-09 09:45:00,6,9,Sunday
1641207600,2022-01-03 11:00:00,0,11,Monday
1641207720,2022-01-03 11:02:00,0,11,Monday
1641207900,2022-01-03 11:05:00,0,11,Monday
1641453060,2022-01-06 07:11:00,3,7,Thursday
1641453060,2022-01-06 07:11:00,3,7,Thursday
1641627480,2022-01-08 07:38:00,5,7,Saturday
1641308400,2022-01-04 15:00:00,1,15,Tuesday
1641310920,2022-01-04 15:42:00,1,15,Tuesday
1641311580,2022-01-04 15:53:00,1,15,Tuesday
1641311700,2022-01-04 15:55:00,1,15,Tuesday
1641462840,2022-01-06 09:54:00,3,9,Thursday
1641637980,2022-01-08 10:33:00,5,10,Saturday
1641450180,2022-01-06 06:23:00,3,6,Thursday
1641450480,2022-01-06 06:28:00,3,6,Thursday
1641463320,2022-01-06 10:02:00,3,10,Thursday
1641463440,2022-01-06 10:04:00,3,10,Thursday
1641280740,2022-01-04 07:19:00,1,7,Tuesday
1641280740,2022-01-04 07:19:00,1,7,Tuesday
1641283620,2022-01-04 08:07:00,1,8,Tuesday
1641292560,2022-01-04 10:36:00,1,10,Tuesday
1641461580,2022-01-06 09:33:00,3,9,Thursday
1641461580,2022-01-06 09:33:00,3,9,Thursday
1641213180,2022-01-03 12:33:00,0,12,Monday
1641299280,2022-01-04 12:28:00,1,12,Tuesday
1641283800,2022-01-04 08:10:00,1,8,Tuesday
1641295380,2022-01-04 11:23:00,1,11,Tuesday
1641546420,2022-01-07 09:07:00,4,9,Friday
1641194700,2022-01-03 07:25:00,0,7,Monday
1641194820,2022-01-03 07:27:00,0,7,Monday
1641381000,2022-01-05 11:10:00,2,11,Wednesday
1641481140,2022-01-06 14:59:00,3,14,Thursday
1641469860,2022-01-06 11:51:00,3,11,Thursday
1641540900,2022-01-07 07:35:00,4,7,Friday
1641540960,2022-01-07 07:36:00,4,7,Friday
1641540960,2022-01-07 07:36:00,4,7,Friday
1641280440,2022-01-04 07:14:00,1,7,Tuesday
1641280500,2022-01-04 07:15:00,1,7,Tuesday
1641280560,2022-01-04 07:16:00,1,7,Tuesday
1641276900,2022-01-04 06:15:00,1,6,Tuesday
1641276960,2022-01-04 06:16:00,1,6,Tuesday
1641364620,2022-01-05 06:37:00,2,6,Wednesday
1641446700,2022-01-06 05:25:00,3,5,Thursday
1641446700,2022-01-06 05:25:00,3,5,Thursday
1641466440,2022-01-06 10:54:00,3,10,Thursday
1641466980,2022-01-06 11:03:00,3,11,Thursday
1641477180,2022-01-06 13:53:00,3,13,Thursday
1641540480,2022-01-07 07:28:00,4,7,Friday
1641192000,2022-01-03 06:40:00,0,6,Monday
1641196080,2022-01-03 07:48:00,0,7,Monday
1641200400,2022-01-03 09:00:00,0,9,Monday
1641279000,2022-01-04 06:50:00,1,6,Tuesday
1641283560,2022-01-04 08:06:00,1,8,Tuesday
1641297660,2022-01-04 12:01:00,1,12,Tuesday
1641364020,2022-01-05 06:27:00,2,6,Wednesday
1641450180,2022-01-06 06:23:00,3,6,Thursday
1641457500,2022-01-06 08:25:00,3,8,Thursday
1641536820,2022-01-07 06:27:00,4,6,Friday
1641192480,2022-01-03 06:48:00,0,6,Monday
1641208440,2022-01-03 11:14:00,0,11,Monday
1641370980,2022-01-05 08:23:00,2,8,Wednesday
1641452340,2022-01-06 06:59:00,3,6,Thursday
1641452400,2022-01-06 07:00:00,3,7,Thursday
1641480480,2022-01-06 14:48:00,3,14,Thursday
1641537660,2022-01-07 06:41:00,4,6,Friday
1641552240,2022-01-07 10:44:00,4,10,Friday
1641192540,2022-01-03 06:49:00,0,6,Monday
1641282780,2022-01-04 07:53:00,1,7,Tuesday
1641364140,2022-01-05 06:29:00,2,6,Wednesday
1641364200,2022-01-05 06:30:00,2,6,Wednesday
1641449400,2022-01-06 06:10:00,3,6,Thursday
1641191940,2022-01-03 06:39:00,0,6,Monday
1641277920,2022-01-04 06:32:00,1,6,Tuesday
1641365820,2022-01-05 06:57:00,2,6,Wednesday
1641365880,2022-01-05 06:58:00,2,6,Wednesday
1641450660,2022-01-06 06:31:00,3,6,Thursday
1641450720,2022-01-06 06:32:00,3,6,Thursday
1641536880,2022-01-07 06:28:00,4,6,Friday
1641538980,2022-01-07 07:03:00,4,7,Friday
1641540120,2022-01-07 07:22:00,4,7,Friday
1641191940,2022-01-03 06:39:00,0,6,Monday
1641294540,2022-01-04 11:09:00,1,11,Tuesday
1641364440,2022-01-05 06:34:00,2,6,Wednesday
1641364440,2022-01-05 06:34:00,2,6,Wednesday
1641369480,2022-01-05 07:58:00,2,7,Wednesday
1641378780,2022-01-05 10:33:00,2,10,Wednesday
1641378840,2022-01-05 10:34:00,2,10,Wednesday
1641385620,2022-01-05 12:27:00,2,12,Wednesday
1641385680,2022-01-05 12:28:00,2,12,Wednesday
1641538860,2022-01-07 07:01:00,4,7,Friday
1641538920,2022-01-07 07:02:00,4,7,Friday
1641191820,2022-01-03 06:37:00,0,6,Monday
1641193980,2022-01-03 07:13:00,0,7,Monday
1641283980,2022-01-04 08:13:00,1,8,Tuesday
1641451680,2022-01-06 06:48:00,3,6,Thursday
1641451740,2022-01-06 06:49:00,3,6,Thursday
1641464400,2022-01-06 10:20:00,3,10,Thursday
1641537120,2022-01-07 06:32:00,4,6,Friday
1641537900,2022-01-07 06:45:00,4,6,Friday
1641275580,2022-01-04 05:53:00,1,5,Tuesday
1641365640,2022-01-05 06:54:00,2,6,Wednesday
1641451200,2022-01-06 06:40:00,3,6,Thursday
1641536280,2022-01-07 06:18:00,4,6,Friday
1641558480,2022-01-07 12:28:00,4,12,Friday
1641189300,2022-01-03 05:55:00,0,5,Monday
1641299760,2022-01-04 12:36:00,1,12,Tuesday
1641363420,2022-01-05 06:17:00,2,6,Wednesday
1641452820,2022-01-06 07:07:00,3,7,Thursday
1641452880,2022-01-06 07:08:00,3,7,Thursday
1641453060,2022-01-06 07:11:00,3,7,Thursday
1641469680,2022-01-06 11:48:00,3,11,Thursday
1641538200,2022-01-07 06:50:00,4,6,Friday
1641538200,2022-01-07 06:50:00,4,6,Friday
1641192720,2022-01-03 06:52:00,0,6,Monday
1641197580,2022-01-03 08:13:00,0,8,Monday
1641364680,2022-01-05 06:38:00,2,6,Wednesday
1641539580,2022-01-07 07:13:00,4,7,Friday
1641539700,2022-01-07 07:15:00,4,7,Friday
1641190560,2022-01-03 06:16:00,0,6,Monday
1641297000,2022-01-04 11:50:00,1,11,Tuesday
1641364380,2022-01-05 06:33:00,2,6,Wednesday
1641449820,2022-01-06 06:17:00,3,6,Thursday
1641547800,2022-01-07 09:30:00,4,9,Friday
1641384960,2022-01-05 12:16:00,2,12,Wednesday
1641385020,2022-01-05 12:17:00,2,12,Wednesday
1641454620,2022-01-06 07:37:00,3,7,Thursday
1641454800,2022-01-06 07:40:00,3,7,Thursday
1641454860,2022-01-06 07:41:00,3,7,Thursday
1641466920,2022-01-06 11:02:00,3,11,Thursday
1641471000,2022-01-06 12:10:00,3,12,Thursday
1641471180,2022-01-06 12:13:00,3,12,Thursday
1641471240,2022-01-06 12:14:00,3,12,Thursday
1641376020,2022-01-05 09:47:00,2,9,Wednesday
1641376020,2022-01-05 09:47:00,2,9,Wednesday
1641379680,2022-01-05 10:48:00,2,10,Wednesday
1641380040,2022-01-05 10:54:00,2,10,Wednesday
1641547560,2022-01-07 09:26:00,4,9,Friday
1641458220,2022-01-06 08:37:00,3,8,Thursday
1641458280,2022-01-06 08:38:00,3,8,Thursday
1641463140,2022-01-06 09:59:00,3,9,Thursday
1641537600,2022-01-07 06:40:00,4,6,Friday
1641285840,2022-01-04 08:44:00,1,8,Tuesday
1641305100,2022-01-04 14:05:00,1,14,Tuesday
1641368160,2022-01-05 07:36:00,2,7,Wednesday
1641466320,2022-01-06 10:52:00,3,10,Thursday
1641467700,2022-01-06 11:15:00,3,11,Thursday
1641468660,2022-01-06 11:31:00,3,11,Thursday
1641469380,2022-01-06 11:43:00,3,11,Thursday
1641472380,2022-01-06 12:33:00,3,12,Thursday
1641474300,2022-01-06 13:05:00,3,13,Thursday
1641479880,2022-01-06 14:38:00,3,14,Thursday
1641679440,2022-01-08 22:04:00,5,22,Saturday
1641363360,2022-01-05 06:16:00,2,6,Wednesday
1641476280,2022-01-06 13:38:00,3,13,Thursday
1641480240,2022-01-06 14:44:00,3,14,Thursday
1641550860,2022-01-07 10:21:00,4,10,Friday
1641551100,2022-01-07 10:25:00,4,10,Friday
1641551100,2022-01-07 10:25:00,4,10,Friday
1641290460,2022-01-04 10:01:00,1,10,Tuesday
1641361860,2022-01-05 05:51:00,2,5,Wednesday
1641374880,2022-01-05 09:28:00,2,9,Wednesday
1641482580,2022-01-06 15:23:00,3,15,Thursday
1641463080,2022-01-06 09:58:00,3,9,Thursday
1641192600,2022-01-03 06:50:00,0,6,Monday
1641192660,2022-01-03 06:51:00,0,6,Monday
1641192840,2022-01-03 06:54:00,0,6,Monday
1641193800,2022-01-03 07:10:00,0,7,Monday
1641204360,2022-01-03 10:06:00,0,10,Monday
1641205020,2022-01-03 10:17:00,0,10,Monday
1641218760,2022-01-03 14:06:00,0,14,Monday
1641225060,2022-01-03 15:51:00,0,15,Monday
1641276540,2022-01-04 06:09:00,1,6,Tuesday
1641391680,2022-01-05 14:08:00,2,14,Wednesday
1641470520,2022-01-06 12:02:00,3,12,Thursday
1641470520,2022-01-06 12:02:00,3,12,Thursday
1641470520,2022-01-06 12:02:00,3,12,Thursday
1641470520,2022-01-06 12:02:00,3,12,Thursday
1641218580,2022-01-03 14:03:00,0,14,Monday
1641390420,2022-01-05 13:47:00,2,13,Wednesday
1641390420,2022-01-05 13:47:00,2,13,Wednesday
1641391860,2022-01-05 14:11:00,2,14,Wednesday
1641401700,2022-01-05 16:55:00,2,16,Wednesday
1641194460,2022-01-03 07:21:00,0,7,Monday
1641194460,2022-01-03 07:21:00,0,7,Monday
1641208380,2022-01-03 11:13:00,0,11,Monday
1641214260,2022-01-03 12:51:00,0,12,Monday
1641386400,2022-01-05 12:40:00,2,12,Wednesday
1641386400,2022-01-05 12:40:00,2,12,Wednesday
1641457980,2022-01-06 08:33:00,3,8,Thursday
1641458220,2022-01-06 08:37:00,3,8,Thursday
1641460140,2022-01-06 09:09:00,3,9,Thursday
1641465540,2022-01-06 10:39:00,3,10,Thursday
1641286200,2022-01-04 08:50:00,1,8,Tuesday
1641300480,2022-01-04 12:48:00,1,12,Tuesday
1641304320,2022-01-04 13:52:00,1,13,Tuesday
1641304380,2022-01-04 13:53:00,1,13,Tuesday
1641379920,2022-01-05 10:52:00,2,10,Wednesday
1641382080,2022-01-05 11:28:00,2,11,Wednesday
1641391740,2022-01-05 14:09:00,2,14,Wednesday
1641395340,2022-01-05 15:09:00,2,15,Wednesday
1641460320,2022-01-06 09:12:00,3,9,Thursday
1641460500,2022-01-06 09:15:00,3,9,Thursday
1641471780,2022-01-06 12:23:00,3,12,Thursday
1641552660,2022-01-07 10:51:00,4,10,Friday
1641188160,2022-01-03 05:36:00,0,5,Monday
1641211800,2022-01-03 12:10:00,0,12,Monday
1641218340,2022-01-03 13:59:00,0,13,Monday
1641380820,2022-01-05 11:07:00,2,11,Wednesday
1641383040,2022-01-05 11:44:00,2,11,Wednesday
1641383400,2022-01-05 11:50:00,2,11,Wednesday
1641384480,2022-01-05 12:08:00,2,12,Wednesday
1641393060,2022-01-05 14:31:00,2,14,Wednesday
1641462660,2022-01-06 09:51:00,3,9,Thursday
1641463140,2022-01-06 09:59:00,3,9,Thursday
1641463200,2022-01-06 10:00:00,3,10,Thursday
1641467220,2022-01-06 11:07:00,3,11,Thursday
1641468540,2022-01-06 11:29:00,3,11,Thursday
1641471660,2022-01-06 12:21:00,3,12,Thursday
1641474420,2022-01-06 13:07:00,3,13,Thursday
1641476280,2022-01-06 13:38:00,3,13,Thursday
1641547740,2022-01-07 09:29:00,4,9,Friday
1641547860,2022-01-07 09:31:00,4,9,Friday
1641284580,2022-01-04 08:23:00,1,8,Tuesday
1641286680,2022-01-04 08:58:00,1,8,Tuesday
1641288180,2022-01-04 09:23:00,1,9,Tuesday
1641288180,2022-01-04 09:23:00,1,9,Tuesday
1641473640,2022-01-06 12:54:00,3,12,Thursday
1641474480,2022-01-06 13:08:00,3,13,Thursday
1641477420,2022-01-06 13:57:00,3,13,Thursday
1641390420,2022-01-05 13:47:00,2,13,Wednesday
1641390480,2022-01-05 13:48:00,2,13,Wednesday
1641463200,2022-01-06 10:00:00,3,10,Thursday
1641463200,2022-01-06 10:00:00,3,10,Thursday
1641463200,2022-01-06 10:00:00,3,10,Thursday
1641206040,2022-01-03 10:34:00,0,10,Monday
1641206100,2022-01-03 10:35:00,0,10,Monday
1641216300,2022-01-03 13:25:00,0,13,Monday
1641216360,2022-01-03 13:26:00,0,13,Monday
1641476100,2022-01-06 13:35:00,3,13,Thursday
1641194880,2022-01-03 07:28:00,0,7,Monday
1641202740,2022-01-03 09:39:00,0,9,Monday
1641202740,2022-01-03 09:39:00,0,9,Monday
1641202800,2022-01-03 09:40:00,0,9,Monday
1641202920,2022-01-03 09:42:00,0,9,Monday
1641209820,2022-01-03 11:37:00,0,11,Monday
1641209940,2022-01-03 11:39:00,0,11,Monday
1641211680,2022-01-03 12:08:00,0,12,Monday
1641212460,2022-01-03 12:21:00,0,12,Monday
1641218160,2022-01-03 13:56:00,0,13,Monday
1641277080,2022-01-04 06:18:00,1,6,Tuesday
1641301500,2022-01-04 13:05:00,1,13,Tuesday
1641191400,2022-01-03 06:30:00,0,6,Monday
1641191820,2022-01-03 06:37:00,0,6,Monday
1641192300,2022-01-03 06:45:00,0,6,Monday
1641193980,2022-01-03 07:13:00,0,7,Monday
1641201120,2022-01-03 09:12:00,0,9,Monday
1641216720,2022-01-03 13:32:00,0,13,Monday
1641219420,2022-01-03 14:17:00,0,14,Monday
1641285420,2022-01-04 08:37:00,1,8,Tuesday
1641285420,2022-01-04 08:37:00,1,8,Tuesday
1641298920,2022-01-04 12:22:00,1,12,Tuesday
1641304560,2022-01-04 13:56:00,1,13,Tuesday
1641304680,2022-01-04 13:58:00,1,13,Tuesday
1641379500,2022-01-05 10:45:00,2,10,Wednesday
1641379560,2022-01-05 10:46:00,2,10,Wednesday
1641379920,2022-01-05 10:52:00,2,10,Wednesday
1641461220,2022-01-06 09:27:00,3,9,Thursday
1641462420,2022-01-06 09:47:00,3,9,Thursday
1641470820,2022-01-06 12:07:00,3,12,Thursday
1641473880,2022-01-06 12:58:00,3,12,Thursday
1641547200,2022-01-07 09:20:00,4,9,Friday
1641547200,2022-01-07 09:20:00,4,9,Friday
1641547200,2022-01-07 09:20:00,4,9,Friday
1641547200,2022-01-07 09:20:00,4,9,Friday
1641547200,2022-01-07 09:20:00,4,9,Friday
1641547200,2022-01-07 09:20:00,4,9,Friday
1641547380,2022-01-07 09:23:00,4,9,Friday
1641547380,2022-01-07 09:23:00,4,9,Friday
1641547380,2022-01-07 09:23:00,4,9,Friday
1641547380,2022-01-07 09:23:00,4,9,Friday
1641547740,2022-01-07 09:29:00,4,9,Friday
1641548280,2022-01-07 09:38:00,4,9,Friday
1641548280,2022-01-07 09:38:00,4,9,Friday
1641549420,2022-01-07 09:57:00,4,9,Friday
1641550380,2022-01-07 10:13:00,4,10,Friday
1641550380,2022-01-07 10:13:00,4,10,Friday
1641550380,2022-01-07 10:13:00,4,10,Friday
1641191340,2022-01-03 06:29:00,0,6,Monday
1641218280,2022-01-03 13:58:00,0,13,Monday
1641283740,2022-01-04 08:09:00,1,8,Tuesday
1641289740,2022-01-04 09:49:00,1,9,Tuesday
1641292680,2022-01-04 10:38:00,1,10,Tuesday
1641304500,2022-01-04 13:55:00,1,13,Tuesday
1641304620,2022-01-04 13:57:00,1,13,Tuesday
1641382200,2022-01-05 11:30:00,2,11,Wednesday
1641385500,2022-01-05 12:25:00,2,12,Wednesday
1641394140,2022-01-05 14:49:00,2,14,Wednesday
1641394140,2022-01-05 14:49:00,2,14,Wednesday
1641474780,2022-01-06 13:13:00,3,13,Thursday
1641474840,2022-01-06 13:14:00,3,13,Thursday
1641474900,2022-01-06 13:15:00,3,13,Thursday
1641474960,2022-01-06 13:16:00,3,13,Thursday
1641474960,2022-01-06 13:16:00,3,13,Thursday
1641475200,2022-01-06 13:20:00,3,13,Thursday
1641482280,2022-01-06 15:18:00,3,15,Thursday
1641205200,2022-01-03 10:20:00,0,10,Monday
1641307380,2022-01-04 14:43:00,1,14,Tuesday
1641468960,2022-01-06 11:36:00,3,11,Thursday
1641468960,2022-01-06 11:36:00,3,11,Thursday
1641480300,2022-01-06 14:45:00,3,14,Thursday
1641480360,2022-01-06 14:46:00,3,14,Thursday
1641538200,2022-01-07 06:50:00,4,6,Friday
1641558720,2022-01-07 12:32:00,4,12,Friday
1641559200,2022-01-07 12:40:00,4,12,Friday
1641190740,2022-01-03 06:19:00,0,6,Monday
1641204960,2022-01-03 10:16:00,0,10,Monday
1641220740,2022-01-03 14:39:00,0,14,Monday
1641220740,2022-01-03 14:39:00,0,14,Monday
1641220740,2022-01-03 14:39:00,0,14,Monday
1641220740,2022-01-03 14:39:00,0,14,Monday
1641383280,2022-01-05 11:48:00,2,11,Wednesday
1641383280,2022-01-05 11:48:00,2,11,Wednesday
1641391380,2022-01-05 14:03:00,2,14,Wednesday
1641543660,2022-01-07 08:21:00,4,8,Friday
1641548760,2022-01-07 09:46:00,4,9,Friday
1641567540,2022-01-07 14:59:00,4,14,Friday
1641218700,2022-01-03 14:05:00,0,14,Monday
1641304200,2022-01-04 13:50:00,1,13,Tuesday
1641476100,2022-01-06 13:35:00,3,13,Thursday
1641193680,2022-01-03 07:08:00,0,7,Monday
1641387180,2022-01-05 12:53:00,2,12,Wednesday
1641387360,2022-01-05 12:56:00,2,12,Wednesday
1641393120,2022-01-05 14:32:00,2,14,Wednesday
1641393180,2022-01-05 14:33:00,2,14,Wednesday
1641393720,2022-01-05 14:42:00,2,14,Wednesday
1641451080,2022-01-06 06:38:00,3,6,Thursday
1641451260,2022-01-06 06:41:00,3,6,Thursday
1641459240,2022-01-06 08:54:00,3,8,Thursday
1641472560,2022-01-06 12:36:00,3,12,Thursday
1641482100,2022-01-06 15:15:00,3,15,Thursday
1641482100,2022-01-06 15:15:00,3,15,Thursday
1641540720,2022-01-07 07:32:00,4,7,Friday
1641541260,2022-01-07 07:41:00,4,7,Friday
1641544980,2022-01-07 08:43:00,4,8,Friday
1641551400,2022-01-07 10:30:00,4,10,Friday
1641551580,2022-01-07 10:33:00,4,10,Friday
1641552960,2022-01-07 10:56:00,4,10,Friday
1641553740,2022-01-07 11:09:00,4,11,Friday
1641554040,2022-01-07 11:14:00,4,11,Friday
1641298680,2022-01-04 12:18:00,1,12,Tuesday
1641299640,2022-01-04 12:34:00,1,12,Tuesday
1641305280,2022-01-04 14:08:00,1,14,Tuesday
1641361680,2022-01-05 05:48:00,2,5,Wednesday
1641376440,2022-01-05 09:54:00,2,9,Wednesday
1641377340,2022-01-05 10:09:00,2,10,Wednesday
1641381720,2022-01-05 11:22:00,2,11,Wednesday
1641381720,2022-01-05 11:22:00,2,11,Wednesday
1641381780,2022-01-05 11:23:00,2,11,Wednesday
1641381900,2022-01-05 11:25:00,2,11,Wednesday
1641389400,2022-01-05 13:30:00,2,13,Wednesday
1641463380,2022-01-06 10:03:00,3,10,Thursday
1641469020,2022-01-06 11:37:00,3,11,Thursday
1641469020,2022-01-06 11:37:00,3,11,Thursday
1641474000,2022-01-06 13:00:00,3,13,Thursday
1641197280,2022-01-03 08:08:00,0,8,Monday
1641197280,2022-01-03 08:08:00,0,8,Monday
1641197520,2022-01-03 08:12:00,0,8,Monday
1641197580,2022-01-03 08:13:00,0,8,Monday
1641202320,2022-01-03 09:32:00,0,9,Monday
1641217800,2022-01-03 13:50:00,0,13,Monday
1641219300,2022-01-03 14:15:00,0,14,Monday
1641219420,2022-01-03 14:17:00,0,14,Monday
1641274920,2022-01-04 05:42:00,1,5,Tuesday
1641302880,2022-01-04 13:28:00,1,13,Tuesday
1641376320,2022-01-05 09:52:00,2,9,Wednesday
1641376560,2022-01-05 09:56:00,2,9,Wednesday
1641381000,2022-01-05 11:10:00,2,11,Wednesday
1641381420,2022-01-05 11:17:00,2,11,Wednesday
1641382380,2022-01-05 11:33:00,2,11,Wednesday
1641383100,2022-01-05 11:45:00,2,11,Wednesday
1641385500,2022-01-05 12:25:00,2,12,Wednesday
1641388560,2022-01-05 13:16:00,2,13,Wednesday
1641449580,2022-01-06 06:13:00,3,6,Thursday
1641450780,2022-01-06 06:33:00,3,6,Thursday
1641453660,2022-01-06 07:21:00,3,7,Thursday
1641454020,2022-01-06 07:27:00,3,7,Thursday
1641454140,2022-01-06 07:29:00,3,7,Thursday
1641455940,2022-01-06 07:59:00,3,7,Thursday
1641456000,2022-01-06 08:00:00,3,8,Thursday
1641456060,2022-01-06 08:01:00,3,8,Thursday
1641456120,2022-01-06 08:02:00,3,8,Thursday
1641456540,2022-01-06 08:09:00,3,8,Thursday
1641459540,2022-01-06 08:59:00,3,8,Thursday
1641460740,2022-01-06 09:19:00,3,9,Thursday
1641474060,2022-01-06 13:01:00,3,13,Thursday
1641475080,2022-01-06 13:18:00,3,13,Thursday
1641545640,2022-01-07 08:54:00,4,8,Friday
1641546960,2022-01-07 09:16:00,4,9,Friday
1641561420,2022-01-07 13:17:00,4,13,Friday
1641202680,2022-01-03 09:38:00,0,9,Monday
1641205680,2022-01-03 10:28:00,0,10,Monday
1641219240,2022-01-03 14:14:00,0,14,Monday
1641229260,2022-01-03 17:01:00,0,17,Monday
1641277500,2022-01-04 06:25:00,1,6,Tuesday
1641277560,2022-01-04 06:26:00,1,6,Tuesday
1641280500,2022-01-04 07:15:00,1,7,Tuesday
1641280680,2022-01-04 07:18:00,1,7,Tuesday
1641286560,2022-01-04 08:56:00,1,8,Tuesday
1641287820,2022-01-04 09:17:00,1,9,Tuesday
1641290760,2022-01-04 10:06:00,1,10,Tuesday
1641362220,2022-01-05 05:57:00,2,5,Wednesday
1641381180,2022-01-05 11:13:00,2,11,Wednesday
1641381420,2022-01-05 11:17:00,2,11,Wednesday
1641464040,2022-01-06 10:14:00,3,10,Thursday
1641464100,2022-01-06 10:15:00,3,10,Thursday
1641538260,2022-01-07 06:51:00,4,6,Friday
1641538260,2022-01-07 06:51:00,4,6,Friday
1641538380,2022-01-07 06:53:00,4,6,Friday
1641538740,2022-01-07 06:59:00,4,6,Friday
1641538800,2022-01-07 07:00:00,4,7,Friday
1641546060,2022-01-07 09:01:00,4,9,Friday
1641548640,2022-01-07 09:44:00,4,9,Friday
1641555240,2022-01-07 11:34:00,4,11,Friday
1641555300,2022-01-07 11:35:00,4,11,Friday
1641555480,2022-01-07 11:38:00,4,11,Friday
1641573540,2022-01-07 16:39:00,4,16,Friday
1641278520,2022-01-04 06:42:00,1,6,Tuesday
1641278760,2022-01-04 06:46:00,1,6,Tuesday
1641278880,2022-01-04 06:48:00,1,6,Tuesday
1641295560,2022-01-04 11:26:00,1,11,Tuesday
1641460680,2022-01-06 09:18:00,3,9,Thursday
1641471480,2022-01-06 12:18:00,3,12,Thursday
1641471600,2022-01-06 12:20:00,3,12,Thursday
1641540000,2022-01-07 07:20:00,4,7,Friday
1641540300,2022-01-07 07:25:00,4,7,Friday
1641221100,2022-01-03 14:45:00,0,14,Monday
1641222240,2022-01-03 15:04:00,0,15,Monday
1641281940,2022-01-04 07:39:00,1,7,Tuesday
1641285900,2022-01-04 08:45:00,1,8,Tuesday
1641286020,2022-01-04 08:47:00,1,8,Tuesday
1641286080,2022-01-04 08:48:00,1,8,Tuesday
1641286140,2022-01-04 08:49:00,1,8,Tuesday
1641364320,2022-01-05 06:32:00,2,6,Wednesday
1641384180,2022-01-05 12:03:00,2,12,Wednesday
1641384240,2022-01-05 12:04:00,2,12,Wednesday
1641390780,2022-01-05 13:53:00,2,13,Wednesday
1641194700,2022-01-03 07:25:00,0,7,Monday
1641218100,2022-01-03 13:55:00,0,13,Monday
1641275160,2022-01-04 05:46:00,1,5,Tuesday
1641459660,2022-01-06 09:01:00,3,9,Thursday
1641460020,2022-01-06 09:07:00,3,9,Thursday
1641460260,2022-01-06 09:11:00,3,9,Thursday
1641460320,2022-01-06 09:12:00,3,9,Thursday
1641460740,2022-01-06 09:19:00,3,9,Thursday
1641478080,2022-01-06 14:08:00,3,14,Thursday
1641575220,2022-01-07 17:07:00,4,17,Friday
1641304020,2022-01-04 13:47:00,1,13,Tuesday
1641304740,2022-01-04 13:59:00,1,13,Tuesday
1641193620,2022-01-03 07:07:00,0,7,Monday
1641193740,2022-01-03 07:09:00,0,7,Monday
1641223260,2022-01-03 15:21:00,0,15,Monday
1641288540,2022-01-04 09:29:00,1,9,Tuesday
1641307980,2022-01-04 14:53:00,1,14,Tuesday
1641372840,2022-01-05 08:54:00,2,8,Wednesday
1641481440,2022-01-06 15:04:00,3,15,Thursday
1641481620,2022-01-06 15:07:00,3,15,Thursday
1641544260,2022-01-07 08:31:00,4,8,Friday
1641559200,2022-01-07 12:40:00,4,12,Friday
1641559440,2022-01-07 12:44:00,4,12,Friday
1641308160,2022-01-04 14:56:00,1,14,Tuesday
1641394680,2022-01-05 14:58:00,2,14,Wednesday
1641455160,2022-01-06 07:46:00,3,7,Thursday
1641461880,2022-01-06 09:38:00,3,9,Thursday
1641463860,2022-01-06 10:11:00,3,10,Thursday
1641473580,2022-01-06 12:53:00,3,12,Thursday
1641474120,2022-01-06 13:02:00,3,13,Thursday
1641477060,2022-01-06 13:51:00,3,13,Thursday
1641557940,2022-01-07 12:19:00,4,12,Friday
1641558540,2022-01-07 12:29:00,4,12,Friday
1641560640,2022-01-07 13:04:00,4,13,Friday
1641562980,2022-01-07 13:43:00,4,13,Friday
1641195000,2022-01-03 07:30:00,0,7,Monday
1641202320,2022-01-03 09:32:00,0,9,Monday
1641224880,2022-01-03 15:48:00,0,15,Monday
1641224880,2022-01-03 15:48:00,0,15,Monday
1641281880,2022-01-04 07:38:00,1,7,Tuesday
1641294060,2022-01-04 11:01:00,1,11,Tuesday
1641570720,2022-01-07 15:52:00,4,15,Friday
1641205140,2022-01-03 10:19:00,0,10,Monday
1641205140,2022-01-03 10:19:00,0,10,Monday
1641223560,2022-01-03 15:26:00,0,15,Monday
1641303360,2022-01-04 13:36:00,1,13,Tuesday
1641477600,2022-01-06 14:00:00,3,14,Thursday
1641721140,2022-01-09 09:39:00,6,9,Sunday
1641221340,2022-01-03 14:49:00,0,14,Monday
1641224340,2022-01-03 15:39:00,0,15,Monday
1641224340,2022-01-03 15:39:00,0,15,Monday
1641296940,2022-01-04 11:49:00,1,11,Tuesday
1641474840,2022-01-06 13:14:00,3,13,Thursday
1641474840,2022-01-06 13:14:00,3,13,Thursday
1641474900,2022-01-06 13:15:00,3,13,Thursday
1641474900,2022-01-06 13:15:00,3,13,Thursday
1641474960,2022-01-06 13:16:00,3,13,Thursday
1641475020,2022-01-06 13:17:00,3,13,Thursday
1641475140,2022-01-06 13:19:00,3,13,Thursday
1641475260,2022-01-06 13:21:00,3,13,Thursday
1641559020,2022-01-07 12:37:00,4,12,Friday
1641197580,2022-01-03 08:13:00,0,8,Monday
1641198420,2022-01-03 08:27:00,0,8,Monday
1641210720,2022-01-03 11:52:00,0,11,Monday
1641225420,2022-01-03 15:57:00,0,15,Monday
1641281160,2022-01-04 07:26:00,1,7,Tuesday
1641285000,2022-01-04 08:30:00,1,8,Tuesday
1641285840,2022-01-04 08:44:00,1,8,Tuesday
1641285840,2022-01-04 08:44:00,1,8,Tuesday
1641287820,2022-01-04 09:17:00,1,9,Tuesday
1641305280,2022-01-04 14:08:00,1,14,Tuesday
1641388020,2022-01-05 13:07:00,2,13,Wednesday
1641391800,2022-01-05 14:10:00,2,14,Wednesday
1641397140,2022-01-05 15:39:00,2,15,Wednesday
1641467880,2022-01-06 11:18:00,3,11,Thursday
1641472080,2022-01-06 12:28:00,3,12,Thursday
1641210960,2022-01-03 11:56:00,0,11,Monday
1641215520,2022-01-03 13:12:00,0,13,Monday
1641218340,2022-01-03 13:59:00,0,13,Monday
1641385740,2022-01-05 12:29:00,2,12,Wednesday
1641385980,2022-01-05 12:33:00,2,12,Wednesday
1641386820,2022-01-05 12:47:00,2,12,Wednesday
1641389460,2022-01-05 13:31:00,2,13,Wednesday
1641389580,2022-01-05 13:33:00,2,13,Wednesday
1641398400,2022-01-05 16:00:00,2,16,Wednesday
1641398700,2022-01-05 16:05:00,2,16,Wednesday
1641453780,2022-01-06 07:23:00,3,7,Thursday
1641462120,2022-01-06 09:42:00,3,9,Thursday
1641466200,2022-01-06 10:50:00,3,10,Thursday
1641467880,2022-01-06 11:18:00,3,11,Thursday
1641468060,2022-01-06 11:21:00,3,11,Thursday
1641480120,2022-01-06 14:42:00,3,14,Thursday
1641638760,2022-01-08 10:46:00,5,10,Saturday
1641199560,2022-01-03 08:46:00,0,8,Monday
1641211080,2022-01-03 11:58:00,0,11,Monday
1641212760,2022-01-03 12:26:00,0,12,Monday
1641218340,2022-01-03 13:59:00,0,13,Monday
1641218400,2022-01-03 14:00:00,0,14,Monday
1641278580,2022-01-04 06:43:00,1,6,Tuesday
1641376200,2022-01-05 09:50:00,2,9,Wednesday
1641377760,2022-01-05 10:16:00,2,10,Wednesday
1641380040,2022-01-05 10:54:00,2,10,Wednesday
1641470760,2022-01-06 12:06:00,3,12,Thursday
1641471000,2022-01-06 12:10:00,3,12,Thursday
1641475680,2022-01-06 13:28:00,3,13,Thursday
1641476520,2022-01-06 13:42:00,3,13,Thursday
1641477120,2022-01-06 13:52:00,3,13,Thursday
1641477120,2022-01-06 13:52:00,3,13,Thursday
1641378060,2022-01-05 10:21:00,2,10,Wednesday
1641378060,2022-01-05 10:21:00,2,10,Wednesday
1641378060,2022-01-05 10:21:00,2,10,Wednesday
1641378060,2022-01-05 10:21:00,2,10,Wednesday
1641378060,2022-01-05 10:21:00,2,10,Wednesday
1641378060,2022-01-05 10:21:00,2,10,Wednesday
1641379380,2022-01-05 10:43:00,2,10,Wednesday
1641210660,2022-01-03 11:51:00,0,11,Monday
1641292200,2022-01-04 10:30:00,1,10,Tuesday
1641396540,2022-01-05 15:29:00,2,15,Wednesday
1641480420,2022-01-06 14:47:00,3,14,Thursday
1641559500,2022-01-07 12:45:00,4,12,Friday
1641559740,2022-01-07 12:49:00,4,12,Friday
1641192180,2022-01-03 06:43:00,0,6,Monday
1641208920,2022-01-03 11:22:00,0,11,Monday
1641208920,2022-01-03 11:22:00,0,11,Monday
1641220020,2022-01-03 14:27:00,0,14,Monday
1641283020,2022-01-04 07:57:00,1,7,Tuesday
1641285780,2022-01-04 08:43:00,1,8,Tuesday
1641285780,2022-01-04 08:43:00,1,8,Tuesday
1641285780,2022-01-04 08:43:00,1,8,Tuesday
1641292380,2022-01-04 10:33:00,1,10,Tuesday
1641296940,2022-01-04 11:49:00,1,11,Tuesday
1641314460,2022-01-04 16:41:00,1,16,Tuesday
1641458940,2022-01-06 08:49:00,3,8,Thursday
1641459120,2022-01-06 08:52:00,3,8,Thursday
1641459240,2022-01-06 08:54:00,3,8,Thursday
1641459300,2022-01-06 08:55:00,3,8,Thursday
1641552180,2022-01-07 10:43:00,4,10,Friday
1641552420,2022-01-07 10:47:00,4,10,Friday
1641552840,2022-01-07 10:54:00,4,10,Friday
1641554280,2022-01-07 11:18:00,4,11,Friday
1641554580,2022-01-07 11:23:00,4,11,Friday
1641554700,2022-01-07 11:25:00,4,11,Friday
1641554700,2022-01-07 11:25:00,4,11,Friday
1641556440,2022-01-07 11:54:00,4,11,Friday
1641447540,2022-01-06 05:39:00,3,5,Thursday
1641448680,2022-01-06 05:58:00,3,5,Thursday
1641554280,2022-01-07 11:18:00,4,11,Friday
1641557040,2022-01-07 12:04:00,4,12,Friday
1641194280,2022-01-03 07:18:00,0,7,Monday
1641557520,2022-01-07 12:12:00,4,12,Friday
1641557520,2022-01-07 12:12:00,4,12,Friday
1641557640,2022-01-07 12:14:00,4,12,Friday
1641557700,2022-01-07 12:15:00,4,12,Friday
1641192960,2022-01-03 06:56:00,0,6,Monday
1641454200,2022-01-06 07:30:00,3,7,Thursday
1641455220,2022-01-06 07:47:00,3,7,Thursday
1641455220,2022-01-06 07:47:00,3,7,Thursday
1641455280,2022-01-06 07:48:00,3,7,Thursday
1641456360,2022-01-06 08:06:00,3,8,Thursday
1641456360,2022-01-06 08:06:00,3,8,Thursday
1641281520,2022-01-04 07:32:00,1,7,Tuesday
1641283080,2022-01-04 07:58:00,1,7,Tuesday
1641283260,2022-01-04 08:01:00,1,8,Tuesday
1641283440,2022-01-04 08:04:00,1,8,Tuesday
1641289020,2022-01-04 09:37:00,1,9,Tuesday
1641289080,2022-01-04 09:38:00,1,9,Tuesday
1641291060,2022-01-04 10:11:00,1,10,Tuesday
1641291480,2022-01-04 10:18:00,1,10,Tuesday
1641280620,2022-01-04 07:17:00,1,7,Tuesday
1641280920,2022-01-04 07:22:00,1,7,Tuesday
1641287100,2022-01-04 09:05:00,1,9,Tuesday
1641287100,2022-01-04 09:05:00,1,9,Tuesday
1641299340,2022-01-04 12:29:00,1,12,Tuesday
1641299820,2022-01-04 12:37:00,1,12,Tuesday
1641384300,2022-01-05 12:05:00,2,12,Wednesday
1641223200,2022-01-03 15:20:00,0,15,Monday
1641305400,2022-01-04 14:10:00,1,14,Tuesday
1641305580,2022-01-04 14:13:00,1,14,Tuesday
1641395760,2022-01-05 15:16:00,2,15,Wednesday
1641452280,2022-01-06 06:58:00,3,6,Thursday
1641376920,2022-01-05 10:02:00,2,10,Wednesday
1641450480,2022-01-06 06:28:00,3,6,Thursday
1641280260,2022-01-04 07:11:00,1,7,Tuesday
1641209580,2022-01-03 11:33:00,0,11,Monday
1641485160,2022-01-06 16:06:00,3,16,Thursday
1641485160,2022-01-06 16:06:00,3,16,Thursday
1641485220,2022-01-06 16:07:00,3,16,Thursday
1641467880,2022-01-06 11:18:00,3,11,Thursday
1641468240,2022-01-06 11:24:00,3,11,Thursday
1641468240,2022-01-06 11:24:00,3,11,Thursday
1641469980,2022-01-06 11:53:00,3,11,Thursday
1641472620,2022-01-06 12:37:00,3,12,Thursday
1641478140,2022-01-06 14:09:00,3,14,Thursday
1641478500,2022-01-06 14:15:00,3,14,Thursday
1641478680,2022-01-06 14:18:00,3,14,Thursday
1641479760,2022-01-06 14:36:00,3,14,Thursday
1641479820,2022-01-06 14:37:00,3,14,Thursday
1641474420,2022-01-06 13:07:00,3,13,Thursday
1641474540,2022-01-06 13:09:00,3,13,Thursday
1641477600,2022-01-06 14:00:00,3,14,Thursday
1641376800,2022-01-05 10:00:00,2,10,Wednesday
1641377160,2022-01-05 10:06:00,2,10,Wednesday
1641382440,2022-01-05 11:34:00,2,11,Wednesday
1641387900,2022-01-05 13:05:00,2,13,Wednesday
1641387960,2022-01-05 13:06:00,2,13,Wednesday
1641388500,2022-01-05 13:15:00,2,13,Wednesday
1641455340,2022-01-06 07:49:00,3,7,Thursday
1641472080,2022-01-06 12:28:00,3,12,Thursday
1641560520,2022-01-07 13:02:00,4,13,Friday
1641560520,2022-01-07 13:02:00,4,13,Friday
1641560580,2022-01-07 13:03:00,4,13,Friday
1641561720,2022-01-07 13:22:00,4,13,Friday
1641374100,2022-01-05 09:15:00,2,9,Wednesday
1641483000,2022-01-06 15:30:00,3,15,Thursday
1641553920,2022-01-07 11:12:00,4,11,Friday
1641463800,2022-01-06 10:10:00,3,10,Thursday
1641480120,2022-01-06 14:42:00,3,14,Thursday
1641394800,2022-01-05 15:00:00,2,15,Wednesday
1641395220,2022-01-05 15:07:00,2,15,Wednesday
1641395220,2022-01-05 15:07:00,2,15,Wednesday
1641276540,2022-01-04 06:09:00,1,6,Tuesday
1641202740,2022-01-03 09:39:00,0,9,Monday
1641206820,2022-01-03 10:47:00,0,10,Monday
1641219120,2022-01-03 14:12:00,0,14,Monday
1641476940,2022-01-06 13:49:00,3,13,Thursday
1641381720,2022-01-05 11:22:00,2,11,Wednesday
1641381840,2022-01-05 11:24:00,2,11,Wednesday
1641382140,2022-01-05 11:29:00,2,11,Wednesday
1641452040,2022-01-06 06:54:00,3,6,Thursday
1641452580,2022-01-06 07:03:00,3,7,Thursday
1641452580,2022-01-06 07:03:00,3,7,Thursday
1641454620,2022-01-06 07:37:00,3,7,Thursday
1641400380,2022-01-05 16:33:00,2,16,Wednesday
1641400800,2022-01-05 16:40:00,2,16,Wednesday
1641403740,2022-01-05 17:29:00,2,17,Wednesday
1641381960,2022-01-05 11:26:00,2,11,Wednesday
1641386100,2022-01-05 12:35:00,2,12,Wednesday
1641386340,2022-01-05 12:39:00,2,12,Wednesday
1641383700,2022-01-05 11:55:00,2,11,Wednesday
1641384060,2022-01-05 12:01:00,2,12,Wednesday
1641384120,2022-01-05 12:02:00,2,12,Wednesday
1641384120,2022-01-05 12:02:00,2,12,Wednesday
1641384180,2022-01-05 12:03:00,2,12,Wednesday
1641384300,2022-01-05 12:05:00,2,12,Wednesday
1641384300,2022-01-05 12:05:00,2,12,Wednesday
1641285120,2022-01-04 08:32:00,1,8,Tuesday
1641301320,2022-01-04 13:02:00,1,13,Tuesday
1641301320,2022-01-04 13:02:00,1,13,Tuesday
1641301320,2022-01-04 13:02:00,1,13,Tuesday
1641301320,2022-01-04 13:02:00,1,13,Tuesday
1641301320,2022-01-04 13:02:00,1,13,Tuesday
1641301380,2022-01-04 13:03:00,1,13,Tuesday
1641303660,2022-01-04 13:41:00,1,13,Tuesday
1641307920,2022-01-04 14:52:00,1,14,Tuesday
1641474360,2022-01-06 13:06:00,3,13,Thursday
1641567360,2022-01-07 14:56:00,4,14,Friday
1641562740,2022-01-07 13:39:00,4,13,Friday
1641563460,2022-01-07 13:51:00,4,13,Friday
1641197760,2022-01-03 08:16:00,0,8,Monday
1641209340,2022-01-03 11:29:00,0,11,Monday
1641554760,2022-01-07 11:26:00,4,11,Friday
1641555000,2022-01-07 11:30:00,4,11,Friday
1641623760,2022-01-08 06:36:00,5,6,Saturday
1641623760,2022-01-08 06:36:00,5,6,Saturday
1641283980,2022-01-04 08:13:00,1,8,Tuesday
1641285360,2022-01-04 08:36:00,1,8,Tuesday
1641303720,2022-01-04 13:42:00,1,13,Tuesday
1641367560,2022-01-05 07:26:00,2,7,Wednesday
1641368100,2022-01-05 07:35:00,2,7,Wednesday
1641368100,2022-01-05 07:35:00,2,7,Wednesday
1641457260,2022-01-06 08:21:00,3,8,Thursday
1641192540,2022-01-03 06:49:00,0,6,Monday
1641364440,2022-01-05 06:34:00,2,6,Wednesday
1641538440,2022-01-07 06:54:00,4,6,Friday
1641306000,2022-01-04 14:20:00,1,14,Tuesday
1641306000,2022-01-04 14:20:00,1,14,Tuesday
1641365880,2022-01-05 06:58:00,2,6,Wednesday
1641379620,2022-01-05 10:47:00,2,10,Wednesday
1641392160,2022-01-05 14:16:00,2,14,Wednesday
1641392160,2022-01-05 14:16:00,2,14,Wednesday
1641545760,2022-01-07 08:56:00,4,8,Friday
1641545760,2022-01-07 08:56:00,4,8,Friday
1641190620,2022-01-03 06:17:00,0,6,Monday
1641306240,2022-01-04 14:24:00,1,14,Tuesday
1641308460,2022-01-04 15:01:00,1,15,Tuesday
1641546960,2022-01-07 09:16:00,4,9,Friday
1641579720,2022-01-07 18:22:00,4,18,Friday
1641483120,2022-01-06 15:32:00,3,15,Thursday
1641282480,2022-01-04 07:48:00,1,7,Tuesday
1641283620,2022-01-04 08:07:00,1,8,Tuesday
1641283620,2022-01-04 08:07:00,1,8,Tuesday
1641284820,2022-01-04 08:27:00,1,8,Tuesday
1641559320,2022-01-07 12:42:00,4,12,Friday
1641559320,2022-01-07 12:42:00,4,12,Friday
1641559320,2022-01-07 12:42:00,4,12,Friday
1641214320,2022-01-03 12:52:00,0,12,Monday
1641472980,2022-01-06 12:43:00,3,12,Thursday
1641195240,2022-01-03 07:34:00,0,7,Monday
1641195240,2022-01-03 07:34:00,0,7,Monday
1641641400,2022-01-08 11:30:00,5,11,Saturday
1641641400,2022-01-08 11:30:00,5,11,Saturday
1641201360,2022-01-03 09:16:00,0,9,Monday
1641223560,2022-01-03 15:26:00,0,15,Monday
1641223620,2022-01-03 15:27:00,0,15,Monday
1641223620,2022-01-03 15:27:00,0,15,Monday
1641223800,2022-01-03 15:30:00,0,15,Monday
1641290580,2022-01-04 10:03:00,1,10,Tuesday
1641302880,2022-01-04 13:28:00,1,13,Tuesday
1641302880,2022-01-04 13:28:00,1,13,Tuesday
1641302880,2022-01-04 13:28:00,1,13,Tuesday
1641313860,2022-01-04 16:31:00,1,16,Tuesday
1641313860,2022-01-04 16:31:00,1,16,Tuesday
1641283860,2022-01-04 08:11:00,1,8,Tuesday
1641292500,2022-01-04 10:35:00,1,10,Tuesday
1641302220,2022-01-04 13:17:00,1,13,Tuesday
1641302580,2022-01-04 13:23:00,1,13,Tuesday
1641396660,2022-01-05 15:31:00,2,15,Wednesday
1641459720,2022-01-06 09:02:00,3,9,Thursday
1641472320,2022-01-06 12:32:00,3,12,Thursday
1641472920,2022-01-06 12:42:00,3,12,Thursday
1641473580,2022-01-06 12:53:00,3,12,Thursday
1641480720,2022-01-06 14:52:00,3,14,Thursday
1641481980,2022-01-06 15:13:00,3,15,Thursday
1641486720,2022-01-06 16:32:00,3,16,Thursday
1641486720,2022-01-06 16:32:00,3,16,Thursday
1641532740,2022-01-07 05:19:00,4,5,Friday
1641558420,2022-01-07 12:27:00,4,12,Friday
1641561360,2022-01-07 13:16:00,4,13,Friday
1641565620,2022-01-07 14:27:00,4,14,Friday
1641298800,2022-01-04 12:20:00,1,12,Tuesday
1641298800,2022-01-04 12:20:00,1,12,Tuesday
1641306000,2022-01-04 14:20:00,1,14,Tuesday
1641375540,2022-01-05 09:39:00,2,9,Wednesday
1641382140,2022-01-05 11:29:00,2,11,Wednesday
1641450840,2022-01-06 06:34:00,3,6,Thursday
1641461580,2022-01-06 09:33:00,3,9,Thursday
1641468120,2022-01-06 11:22:00,3,11,Thursday
1641551880,2022-01-07 10:38:00,4,10,Friday
1641556800,2022-01-07 12:00:00,4,12,Friday
1641278520,2022-01-04 06:42:00,1,6,Tuesday
1641278640,2022-01-04 06:44:00,1,6,Tuesday
1641311820,2022-01-04 15:57:00,1,15,Tuesday
1641451260,2022-01-06 06:41:00,3,6,Thursday
1641452340,2022-01-06 06:59:00,3,6,Thursday
1641453180,2022-01-06 07:13:00,3,7,Thursday
1641454380,2022-01-06 07:33:00,3,7,Thursday
1641454380,2022-01-06 07:33:00,3,7,Thursday
1641479220,2022-01-06 14:27:00,3,14,Thursday
1641540240,2022-01-07 07:24:00,4,7,Friday
1641541260,2022-01-07 07:41:00,4,7,Friday
1641299760,2022-01-04 12:36:00,1,12,Tuesday
1641302100,2022-01-04 13:15:00,1,13,Tuesday
1641365040,2022-01-05 06:44:00,2,6,Wednesday
1641472080,2022-01-06 12:28:00,3,12,Thursday
1641216300,2022-01-03 13:25:00,0,13,Monday
1641216300,2022-01-03 13:25:00,0,13,Monday
1641216300,2022-01-03 13:25:00,0,13,Monday
1641273540,2022-01-04 05:19:00,1,5,Tuesday
1641364740,2022-01-05 06:39:00,2,6,Wednesday
1641478380,2022-01-06 14:13:00,3,14,Thursday
1641478440,2022-01-06 14:14:00,3,14,Thursday
1641191580,2022-01-03 06:33:00,0,6,Monday
1641364980,2022-01-05 06:43:00,2,6,Wednesday
1641397440,2022-01-05 15:44:00,2,15,Wednesday
1641476940,2022-01-06 13:49:00,3,13,Thursday
1641544140,2022-01-07 08:29:00,4,8,Friday
1641219720,2022-01-03 14:22:00,0,14,Monday
1641399480,2022-01-05 16:18:00,2,16,Wednesday
1641399540,2022-01-05 16:19:00,2,16,Wednesday
1641483240,2022-01-06 15:34:00,3,15,Thursday
1641199500,2022-01-03 08:45:00,0,8,Monday
1641219480,2022-01-03 14:18:00,0,14,Monday
1641476460,2022-01-06 13:41:00,3,13,Thursday
1641562800,2022-01-07 13:40:00,4,13,Friday
1641563160,2022-01-07 13:46:00,4,13,Friday
1641194040,2022-01-03 07:14:00,0,7,Monday
1641218520,2022-01-03 14:02:00,0,14,Monday
1641380220,2022-01-05 10:57:00,2,10,Wednesday
1641391740,2022-01-05 14:09:00,2,14,Wednesday
1641392460,2022-01-05 14:21:00,2,14,Wednesday
1641392820,2022-01-05 14:27:00,2,14,Wednesday
1641552780,2022-01-07 10:53:00,4,10,Friday
1641194340,2022-01-03 07:19:00,0,7,Monday
1641216000,2022-01-03 13:20:00,0,13,Monday
1641226860,2022-01-03 16:21:00,0,16,Monday
1641307680,2022-01-04 14:48:00,1,14,Tuesday
1641394860,2022-01-05 15:01:00,2,15,Wednesday
1641395040,2022-01-05 15:04:00,2,15,Wednesday
1641395460,2022-01-05 15:11:00,2,15,Wednesday
1641476820,2022-01-06 13:47:00,3,13,Thursday
1641536640,2022-01-07 06:24:00,4,6,Friday
1641564420,2022-01-07 14:07:00,4,14,Friday
1641568500,2022-01-07 15:15:00,4,15,Friday
1641395340,2022-01-05 15:09:00,2,15,Wednesday
1641472020,2022-01-06 12:27:00,3,12,Thursday
1641472200,2022-01-06 12:30:00,3,12,Thursday
1641472260,2022-01-06 12:31:00,3,12,Thursday
1641478920,2022-01-06 14:22:00,3,14,Thursday
1641539760,2022-01-07 07:16:00,4,7,Friday
1641565800,2022-01-07 14:30:00,4,14,Friday
1641307320,2022-01-04 14:42:00,1,14,Tuesday
1641396420,2022-01-05 15:27:00,2,15,Wednesday
1641396420,2022-01-05 15:27:00,2,15,Wednesday
1641450540,2022-01-06 06:29:00,3,6,Thursday
1641479280,2022-01-06 14:28:00,3,14,Thursday
1641557340,2022-01-07 12:09:00,4,12,Friday
1641195540,2022-01-03 07:39:00,0,7,Monday
1641219840,2022-01-03 14:24:00,0,14,Monday
1641306360,2022-01-04 14:26:00,1,14,Tuesday
1641377160,2022-01-05 10:06:00,2,10,Wednesday
1641386280,2022-01-05 12:38:00,2,12,Wednesday
1641394620,2022-01-05 14:57:00,2,14,Wednesday
1641395340,2022-01-05 15:09:00,2,15,Wednesday
1641451380,2022-01-06 06:43:00,3,6,Thursday
1641463620,2022-01-06 10:07:00,3,10,Thursday
1641465180,2022-01-06 10:33:00,3,10,Thursday
1641475140,2022-01-06 13:19:00,3,13,Thursday
1641220740,2022-01-03 14:39:00,0,14,Monday
1641394560,2022-01-05 14:56:00,2,14,Wednesday
1641481080,2022-01-06 14:58:00,3,14,Thursday
1641564060,2022-01-07 14:01:00,4,14,Friday
1641653700,2022-01-08 14:55:00,5,14,Saturday
1641218640,2022-01-03 14:04:00,0,14,Monday
1641299580,2022-01-04 12:33:00,1,12,Tuesday
1641307320,2022-01-04 14:42:00,1,14,Tuesday
1641389160,2022-01-05 13:26:00,2,13,Wednesday
1641392700,2022-01-05 14:25:00,2,14,Wednesday
1641392820,2022-01-05 14:27:00,2,14,Wednesday
1641394980,2022-01-05 15:03:00,2,15,Wednesday
1641395520,2022-01-05 15:12:00,2,15,Wednesday
1641395700,2022-01-05 15:15:00,2,15,Wednesday
1641483180,2022-01-06 15:33:00,3,15,Thursday
1641564840,2022-01-07 14:14:00,4,14,Friday
1641565140,2022-01-07 14:19:00,4,14,Friday
1641218820,2022-01-03 14:07:00,0,14,Monday
1641385380,2022-01-05 12:23:00,2,12,Wednesday
1641394320,2022-01-05 14:52:00,2,14,Wednesday
1641461220,2022-01-06 09:27:00,3,9,Thursday
1641473160,2022-01-06 12:46:00,3,12,Thursday
1641479160,2022-01-06 14:26:00,3,14,Thursday
1641479340,2022-01-06 14:29:00,3,14,Thursday
1641393600,2022-01-05 14:40:00,2,14,Wednesday
1641465360,2022-01-06 10:36:00,3,10,Thursday
1641391020,2022-01-05 13:57:00,2,13,Wednesday
1641391020,2022-01-05 13:57:00,2,13,Wednesday
1641391020,2022-01-05 13:57:00,2,13,Wednesday
1641392160,2022-01-05 14:16:00,2,14,Wednesday
1641546180,2022-01-07 09:03:00,4,9,Friday
1641551100,2022-01-07 10:25:00,4,10,Friday
1641551520,2022-01-07 10:32:00,4,10,Friday
1641191220,2022-01-03 06:27:00,0,6,Monday
1641217500,2022-01-03 13:45:00,0,13,Monday
1641305280,2022-01-04 14:08:00,1,14,Tuesday
1641306060,2022-01-04 14:21:00,1,14,Tuesday
1641306360,2022-01-04 14:26:00,1,14,Tuesday
1641369480,2022-01-05 07:58:00,2,7,Wednesday
1641378000,2022-01-05 10:20:00,2,10,Wednesday
1641384360,2022-01-05 12:06:00,2,12,Wednesday
1641385380,2022-01-05 12:23:00,2,12,Wednesday
1641385380,2022-01-05 12:23:00,2,12,Wednesday
1641387000,2022-01-05 12:50:00,2,12,Wednesday
1641391620,2022-01-05 14:07:00,2,14,Wednesday
1641395700,2022-01-05 15:15:00,2,15,Wednesday
1641395760,2022-01-05 15:16:00,2,15,Wednesday
1641450360,2022-01-06 06:26:00,3,6,Thursday
1641535740,2022-01-07 06:09:00,4,6,Friday
1641535740,2022-01-07 06:09:00,4,6,Friday
1641553740,2022-01-07 11:09:00,4,11,Friday
1641562980,2022-01-07 13:43:00,4,13,Friday
1641563160,2022-01-07 13:46:00,4,13,Friday
1641564240,2022-01-07 14:04:00,4,14,Friday
1641218220,2022-01-03 13:57:00,0,13,Monday
1641283800,2022-01-04 08:10:00,1,8,Tuesday
1641284460,2022-01-04 08:21:00,1,8,Tuesday
1641292020,2022-01-04 10:27:00,1,10,Tuesday
1641373620,2022-01-05 09:07:00,2,9,Wednesday
1641393780,2022-01-05 14:43:00,2,14,Wednesday
1641463560,2022-01-06 10:06:00,3,10,Thursday
1641478200,2022-01-06 14:10:00,3,14,Thursday
1641537780,2022-01-07 06:43:00,4,6,Friday
1641564540,2022-01-07 14:09:00,4,14,Friday
1641218040,2022-01-03 13:54:00,0,13,Monday
1641218040,2022-01-03 13:54:00,0,13,Monday
1641277380,2022-01-04 06:23:00,1,6,Tuesday
1641304740,2022-01-04 13:59:00,1,13,Tuesday
1641396540,2022-01-05 15:29:00,2,15,Wednesday
1641396660,2022-01-05 15:31:00,2,15,Wednesday
1641396720,2022-01-05 15:32:00,2,15,Wednesday
1641460680,2022-01-06 09:18:00,3,9,Thursday
1641463320,2022-01-06 10:02:00,3,10,Thursday
1641478440,2022-01-06 14:14:00,3,14,Thursday
1641565560,2022-01-07 14:26:00,4,14,Friday
1641194100,2022-01-03 07:15:00,0,7,Monday
1641209820,2022-01-03 11:37:00,0,11,Monday
1641218940,2022-01-03 14:09:00,0,14,Monday
1641220320,2022-01-03 14:32:00,0,14,Monday
1641220320,2022-01-03 14:32:00,0,14,Monday
1641220380,2022-01-03 14:33:00,0,14,Monday
1641279660,2022-01-04 07:01:00,1,7,Tuesday
1641305280,2022-01-04 14:08:00,1,14,Tuesday
1641309120,2022-01-04 15:12:00,1,15,Tuesday
1641310020,2022-01-04 15:27:00,1,15,Tuesday
1641310020,2022-01-04 15:27:00,1,15,Tuesday
1641381180,2022-01-05 11:13:00,2,11,Wednesday
1641381180,2022-01-05 11:13:00,2,11,Wednesday
1641388380,2022-01-05 13:13:00,2,13,Wednesday
1641396660,2022-01-05 15:31:00,2,15,Wednesday
1641460140,2022-01-06 09:09:00,3,9,Thursday
1641460200,2022-01-06 09:10:00,3,9,Thursday
1641460260,2022-01-06 09:11:00,3,9,Thursday
1641460260,2022-01-06 09:11:00,3,9,Thursday
1641460560,2022-01-06 09:16:00,3,9,Thursday
1641460980,2022-01-06 09:23:00,3,9,Thursday
1641466380,2022-01-06 10:53:00,3,10,Thursday
1641468240,2022-01-06 11:24:00,3,11,Thursday
1641469680,2022-01-06 11:48:00,3,11,Thursday
1641470160,2022-01-06 11:56:00,3,11,Thursday
1641470280,2022-01-06 11:58:00,3,11,Thursday
1641470280,2022-01-06 11:58:00,3,11,Thursday
1641470400,2022-01-06 12:00:00,3,12,Thursday
1641470700,2022-01-06 12:05:00,3,12,Thursday
1641477720,2022-01-06 14:02:00,3,14,Thursday
1641478860,2022-01-06 14:21:00,3,14,Thursday
1641478860,2022-01-06 14:21:00,3,14,Thursday
1641537600,2022-01-07 06:40:00,4,6,Friday
1641546840,2022-01-07 09:14:00,4,9,Friday
1641563520,2022-01-07 13:52:00,4,13,Friday
1641199320,2022-01-03 08:42:00,0,8,Monday
1641218820,2022-01-03 14:07:00,0,14,Monday
1641218820,2022-01-03 14:07:00,0,14,Monday
1641304500,2022-01-04 13:55:00,1,13,Tuesday
1641372540,2022-01-05 08:49:00,2,8,Wednesday
1641374280,2022-01-05 09:18:00,2,9,Wednesday
1641375360,2022-01-05 09:36:00,2,9,Wednesday
1641381120,2022-01-05 11:12:00,2,11,Wednesday
1641381120,2022-01-05 11:12:00,2,11,Wednesday
1641388260,2022-01-05 13:11:00,2,13,Wednesday
1641388380,2022-01-05 13:13:00,2,13,Wednesday
1641389160,2022-01-05 13:26:00,2,13,Wednesday
1641466440,2022-01-06 10:54:00,3,10,Thursday
1641479280,2022-01-06 14:28:00,3,14,Thursday
1641552000,2022-01-07 10:40:00,4,10,Friday
1641552000,2022-01-07 10:40:00,4,10,Friday
1641552000,2022-01-07 10:40:00,4,10,Friday
1641552000,2022-01-07 10:40:00,4,10,Friday
1641552060,2022-01-07 10:41:00,4,10,Friday
1641552060,2022-01-07 10:41:00,4,10,Friday
1641552060,2022-01-07 10:41:00,4,10,Friday
1641564360,2022-01-07 14:06:00,4,14,Friday
1641221400,2022-01-03 14:50:00,0,14,Monday
1641221400,2022-01-03 14:50:00,0,14,Monday
1641374820,2022-01-05 09:27:00,2,9,Wednesday
1641379440,2022-01-05 10:44:00,2,10,Wednesday
1641379440,2022-01-05 10:44:00,2,10,Wednesday
1641379680,2022-01-05 10:48:00,2,10,Wednesday
1641380040,2022-01-05 10:54:00,2,10,Wednesday
1641381660,2022-01-05 11:21:00,2,11,Wednesday
1641382080,2022-01-05 11:28:00,2,11,Wednesday
1641382080,2022-01-05 11:28:00,2,11,Wednesday
1641393660,2022-01-05 14:41:00,2,14,Wednesday
1641393720,2022-01-05 14:42:00,2,14,Wednesday
1641393780,2022-01-05 14:43:00,2,14,Wednesday
1641459420,2022-01-06 08:57:00,3,8,Thursday
1641478200,2022-01-06 14:10:00,3,14,Thursday
1641478200,2022-01-06 14:10:00,3,14,Thursday
1641540180,2022-01-07 07:23:00,4,7,Friday
1641541500,2022-01-07 07:45:00,4,7,Friday
1641545940,2022-01-07 08:59:00,4,8,Friday
1641555660,2022-01-07 11:41:00,4,11,Friday
1641555960,2022-01-07 11:46:00,4,11,Friday
1641556080,2022-01-07 11:48:00,4,11,Friday
1641556380,2022-01-07 11:53:00,4,11,Friday
1641556620,2022-01-07 11:57:00,4,11,Friday
1641557280,2022-01-07 12:08:00,4,12,Friday
1641564780,2022-01-07 14:13:00,4,14,Friday
1641564840,2022-01-07 14:14:00,4,14,Friday
1641564900,2022-01-07 14:15:00,4,14,Friday
1641564960,2022-01-07 14:16:00,4,14,Friday
1641565020,2022-01-07 14:17:00,4,14,Friday
1641192540,2022-01-03 06:49:00,0,6,Monday
1641192600,2022-01-03 06:50:00,0,6,Monday
1641192600,2022-01-03 06:50:00,0,6,Monday
1641192660,2022-01-03 06:51:00,0,6,Monday
1641195060,2022-01-03 07:31:00,0,7,Monday
1641195780,2022-01-03 07:43:00,0,7,Monday
1641197100,2022-01-03 08:05:00,0,8,Monday
1641197160,2022-01-03 08:06:00,0,8,Monday
1641210660,2022-01-03 11:51:00,0,11,Monday
1641212520,2022-01-03 12:22:00,0,12,Monday
1641219000,2022-01-03 14:10:00,0,14,Monday
1641219000,2022-01-03 14:10:00,0,14,Monday
1641306960,2022-01-04 14:36:00,1,14,Tuesday
1641381180,2022-01-05 11:13:00,2,11,Wednesday
1641381240,2022-01-05 11:14:00,2,11,Wednesday
1641384480,2022-01-05 12:08:00,2,12,Wednesday
1641396180,2022-01-05 15:23:00,2,15,Wednesday
1641396240,2022-01-05 15:24:00,2,15,Wednesday
1641396300,2022-01-05 15:25:00,2,15,Wednesday
1641396360,2022-01-05 15:26:00,2,15,Wednesday
1641397080,2022-01-05 15:38:00,2,15,Wednesday
1641449700,2022-01-06 06:15:00,3,6,Thursday
1641450600,2022-01-06 06:30:00,3,6,Thursday
1641452220,2022-01-06 06:57:00,3,6,Thursday
1641456060,2022-01-06 08:01:00,3,8,Thursday
1641460080,2022-01-06 09:08:00,3,9,Thursday
1641472560,2022-01-06 12:36:00,3,12,Thursday
1641472560,2022-01-06 12:36:00,3,12,Thursday
1641472620,2022-01-06 12:37:00,3,12,Thursday
1641478920,2022-01-06 14:22:00,3,14,Thursday
1641564660,2022-01-07 14:11:00,4,14,Friday
1641719700,2022-01-09 09:15:00,6,9,Sunday
1641201300,2022-01-03 09:15:00,0,9,Monday
1641215280,2022-01-03 13:08:00,0,13,Monday
1641219900,2022-01-03 14:25:00,0,14,Monday
1641220140,2022-01-03 14:29:00,0,14,Monday
1641220140,2022-01-03 14:29:00,0,14,Monday
1641275460,2022-01-04 05:51:00,1,5,Tuesday
1641306240,2022-01-04 14:24:00,1,14,Tuesday
1641361920,2022-01-05 05:52:00,2,5,Wednesday
1641378600,2022-01-05 10:30:00,2,10,Wednesday
1641380880,2022-01-05 11:08:00,2,11,Wednesday
1641386880,2022-01-05 12:48:00,2,12,Wednesday
1641394020,2022-01-05 14:47:00,2,14,Wednesday
1641394140,2022-01-05 14:49:00,2,14,Wednesday
1641394260,2022-01-05 14:51:00,2,14,Wednesday
1641396000,2022-01-05 15:20:00,2,15,Wednesday
1641467340,2022-01-06 11:09:00,3,11,Thursday
1641467520,2022-01-06 11:12:00,3,11,Thursday
1641473580,2022-01-06 12:53:00,3,12,Thursday
1641477780,2022-01-06 14:03:00,3,14,Thursday
1641477780,2022-01-06 14:03:00,3,14,Thursday
1641477780,2022-01-06 14:03:00,3,14,Thursday
1641479040,2022-01-06 14:24:00,3,14,Thursday
1641535260,2022-01-07 06:01:00,4,6,Friday
1641535680,2022-01-07 06:08:00,4,6,Friday
1641537000,2022-01-07 06:30:00,4,6,Friday
1641537840,2022-01-07 06:44:00,4,6,Friday
1641538920,2022-01-07 07:02:00,4,7,Friday
1641539040,2022-01-07 07:04:00,4,7,Friday
1641539160,2022-01-07 07:06:00,4,7,Friday
1641539400,2022-01-07 07:10:00,4,7,Friday
1641544740,2022-01-07 08:39:00,4,8,Friday
1641554820,2022-01-07 11:27:00,4,11,Friday
1641564300,2022-01-07 14:05:00,4,14,Friday
1641298860,2022-01-04 12:21:00,1,12,Tuesday
1641300180,2022-01-04 12:43:00,1,12,Tuesday
1641565920,2022-01-07 14:32:00,4,14,Friday
1641566100,2022-01-07 14:35:00,4,14,Friday
1641308760,2022-01-04 15:06:00,1,15,Tuesday
1641308760,2022-01-04 15:06:00,1,15,Tuesday
1641308760,2022-01-04 15:06:00,1,15,Tuesday
1641308760,2022-01-04 15:06:00,1,15,Tuesday
1641369600,2022-01-05 08:00:00,2,8,Wednesday
1641372540,2022-01-05 08:49:00,2,8,Wednesday
1641372540,2022-01-05 08:49:00,2,8,Wednesday
1641377040,2022-01-05 10:04:00,2,10,Wednesday
1641452280,2022-01-06 06:58:00,3,6,Thursday
1641457740,2022-01-06 08:29:00,3,8,Thursday
1641457740,2022-01-06 08:29:00,3,8,Thursday
1641472260,2022-01-06 12:31:00,3,12,Thursday
1641472740,2022-01-06 12:39:00,3,12,Thursday
1641472800,2022-01-06 12:40:00,3,12,Thursday
1641478380,2022-01-06 14:13:00,3,14,Thursday
1641538500,2022-01-07 06:55:00,4,6,Friday
1641304320,2022-01-04 13:52:00,1,13,Tuesday
1641379620,2022-01-05 10:47:00,2,10,Wednesday
1641379800,2022-01-05 10:50:00,2,10,Wednesday
1641379800,2022-01-05 10:50:00,2,10,Wednesday
1641392280,2022-01-05 14:18:00,2,14,Wednesday
1641392760,2022-01-05 14:26:00,2,14,Wednesday
1641447720,2022-01-06 05:42:00,3,5,Thursday
1641449400,2022-01-06 06:10:00,3,6,Thursday
1641449640,2022-01-06 06:14:00,3,6,Thursday
1641450840,2022-01-06 06:34:00,3,6,Thursday
1641450900,2022-01-06 06:35:00,3,6,Thursday
1641454440,2022-01-06 07:34:00,3,7,Thursday
1641473880,2022-01-06 12:58:00,3,12,Thursday
1641477840,2022-01-06 14:04:00,3,14,Thursday
1641478620,2022-01-06 14:17:00,3,14,Thursday
1641554460,2022-01-07 11:21:00,4,11,Friday
1641559560,2022-01-07 12:46:00,4,12,Friday
1641565200,2022-01-07 14:20:00,4,14,Friday
1641218280,2022-01-03 13:58:00,0,13,Monday
1641306000,2022-01-04 14:20:00,1,14,Tuesday
1641394740,2022-01-05 14:59:00,2,14,Wednesday
1641395160,2022-01-05 15:06:00,2,15,Wednesday
1641395940,2022-01-05 15:19:00,2,15,Wednesday
1641464820,2022-01-06 10:27:00,3,10,Thursday
1641483900,2022-01-06 15:45:00,3,15,Thursday
1641483900,2022-01-06 15:45:00,3,15,Thursday
1641483900,2022-01-06 15:45:00,3,15,Thursday
1641484080,2022-01-06 15:48:00,3,15,Thursday
1641538200,2022-01-07 06:50:00,4,6,Friday
1641538200,2022-01-07 06:50:00,4,6,Friday
1641538380,2022-01-07 06:53:00,4,6,Friday
1641538380,2022-01-07 06:53:00,4,6,Friday
1641541620,2022-01-07 07:47:00,4,7,Friday
1641550020,2022-01-07 10:07:00,4,10,Friday
1641550200,2022-01-07 10:10:00,4,10,Friday
1641550200,2022-01-07 10:10:00,4,10,Friday
1641557820,2022-01-07 12:17:00,4,12,Friday
1641562740,2022-01-07 13:39:00,4,13,Friday
1641562800,2022-01-07 13:40:00,4,13,Friday
1641192780,2022-01-03 06:53:00,0,6,Monday
1641192780,2022-01-03 06:53:00,0,6,Monday
1641217440,2022-01-03 13:44:00,0,13,Monday
1641219420,2022-01-03 14:17:00,0,14,Monday
1641384900,2022-01-05 12:15:00,2,12,Wednesday
1641395700,2022-01-05 15:15:00,2,15,Wednesday
1641396000,2022-01-05 15:20:00,2,15,Wednesday
1641451620,2022-01-06 06:47:00,3,6,Thursday
1641452460,2022-01-06 07:01:00,3,7,Thursday
1641457380,2022-01-06 08:23:00,3,8,Thursday
1641464580,2022-01-06 10:23:00,3,10,Thursday
1641479160,2022-01-06 14:26:00,3,14,Thursday
1641537300,2022-01-07 06:35:00,4,6,Friday
1641219900,2022-01-03 14:25:00,0,14,Monday
1641295020,2022-01-04 11:17:00,1,11,Tuesday
1641398220,2022-01-05 15:57:00,2,15,Wednesday
1641398940,2022-01-05 16:09:00,2,16,Wednesday
1641398940,2022-01-05 16:09:00,2,16,Wednesday
1641285240,2022-01-04 08:34:00,1,8,Tuesday
1641289920,2022-01-04 09:52:00,1,9,Tuesday
1641307740,2022-01-04 14:49:00,1,14,Tuesday
1641454260,2022-01-06 07:31:00,3,7,Thursday
1641562920,2022-01-07 13:42:00,4,13,Friday
1641308280,2022-01-04 14:58:00,1,14,Tuesday
1641401040,2022-01-05 16:44:00,2,16,Wednesday
1641401040,2022-01-05 16:44:00,2,16,Wednesday
1641401160,2022-01-05 16:46:00,2,16,Wednesday
1641401340,2022-01-05 16:49:00,2,16,Wednesday
1641401760,2022-01-05 16:56:00,2,16,Wednesday
1641401760,2022-01-05 16:56:00,2,16,Wednesday
1641402420,2022-01-05 17:07:00,2,17,Wednesday
1641568140,2022-01-07 15:09:00,4,15,Friday
1641208500,2022-01-03 11:15:00,0,11,Monday
1641307440,2022-01-04 14:44:00,1,14,Tuesday
1641307500,2022-01-04 14:45:00,1,14,Tuesday
1641393120,2022-01-05 14:32:00,2,14,Wednesday
1641555780,2022-01-07 11:43:00,4,11,Friday
1641567900,2022-01-07 15:05:00,4,15,Friday
1641307980,2022-01-04 14:53:00,1,14,Tuesday
1641378960,2022-01-05 10:36:00,2,10,Wednesday
1641399180,2022-01-05 16:13:00,2,16,Wednesday
1641399180,2022-01-05 16:13:00,2,16,Wednesday
1641399480,2022-01-05 16:18:00,2,16,Wednesday
1641478800,2022-01-06 14:20:00,3,14,Thursday
1641568920,2022-01-07 15:22:00,4,15,Friday
1641222420,2022-01-03 15:07:00,0,15,Monday
1641308760,2022-01-04 15:06:00,1,15,Tuesday
1641309000,2022-01-04 15:10:00,1,15,Tuesday
1641368580,2022-01-05 07:43:00,2,7,Wednesday
1641368700,2022-01-05 07:45:00,2,7,Wednesday
1641368820,2022-01-05 07:47:00,2,7,Wednesday
1641368880,2022-01-05 07:48:00,2,7,Wednesday
1641375660,2022-01-05 09:41:00,2,9,Wednesday
1641375660,2022-01-05 09:41:00,2,9,Wednesday
1641380160,2022-01-05 10:56:00,2,10,Wednesday
1641380160,2022-01-05 10:56:00,2,10,Wednesday
1641381900,2022-01-05 11:25:00,2,11,Wednesday
1641381900,2022-01-05 11:25:00,2,11,Wednesday
1641382200,2022-01-05 11:30:00,2,11,Wednesday
1641382920,2022-01-05 11:42:00,2,11,Wednesday
1641392340,2022-01-05 14:19:00,2,14,Wednesday
1641392340,2022-01-05 14:19:00,2,14,Wednesday
1641398220,2022-01-05 15:57:00,2,15,Wednesday
1641398220,2022-01-05 15:57:00,2,15,Wednesday
1641398520,2022-01-05 16:02:00,2,16,Wednesday
1641398520,2022-01-05 16:02:00,2,16,Wednesday
1641398520,2022-01-05 16:02:00,2,16,Wednesday
1641399300,2022-01-05 16:15:00,2,16,Wednesday
1641456360,2022-01-06 08:06:00,3,8,Thursday
1641456420,2022-01-06 08:07:00,3,8,Thursday
1641461460,2022-01-06 09:31:00,3,9,Thursday
1641462540,2022-01-06 09:49:00,3,9,Thursday
1641567780,2022-01-07 15:03:00,4,15,Friday
1641567900,2022-01-07 15:05:00,4,15,Friday
1641395100,2022-01-05 15:05:00,2,15,Wednesday
1641395100,2022-01-05 15:05:00,2,15,Wednesday
1641473820,2022-01-06 12:57:00,3,12,Thursday
1641474180,2022-01-06 13:03:00,3,13,Thursday
1641475440,2022-01-06 13:24:00,3,13,Thursday
1641475440,2022-01-06 13:24:00,3,13,Thursday
1641479760,2022-01-06 14:36:00,3,14,Thursday
1641480240,2022-01-06 14:44:00,3,14,Thursday
1641481320,2022-01-06 15:02:00,3,15,Thursday
1641481380,2022-01-06 15:03:00,3,15,Thursday
1641481440,2022-01-06 15:04:00,3,15,Thursday
1641537780,2022-01-07 06:43:00,4,6,Friday
1641549720,2022-01-07 10:02:00,4,10,Friday
1641549960,2022-01-07 10:06:00,4,10,Friday
1641558240,2022-01-07 12:24:00,4,12,Friday
1641558300,2022-01-07 12:25:00,4,12,Friday
1641559320,2022-01-07 12:42:00,4,12,Friday
1641561960,2022-01-07 13:26:00,4,13,Friday
1641567240,2022-01-07 14:54:00,4,14,Friday
1641221580,2022-01-03 14:53:00,0,14,Monday
1641221580,2022-01-03 14:53:00,0,14,Monday
1641312420,2022-01-04 16:07:00,1,16,Tuesday
1641312480,2022-01-04 16:08:00,1,16,Tuesday
1641365400,2022-01-05 06:50:00,2,6,Wednesday
1641398820,2022-01-05 16:07:00,2,16,Wednesday
1641398880,2022-01-05 16:08:00,2,16,Wednesday
1641398940,2022-01-05 16:09:00,2,16,Wednesday
1641465300,2022-01-06 10:35:00,3,10,Thursday
1641473700,2022-01-06 12:55:00,3,12,Thursday
1641473700,2022-01-06 12:55:00,3,12,Thursday
1641474240,2022-01-06 13:04:00,3,13,Thursday
1641475740,2022-01-06 13:29:00,3,13,Thursday
1641479760,2022-01-06 14:36:00,3,14,Thursday
1641372240,2022-01-05 08:44:00,2,8,Wednesday
1641376560,2022-01-05 09:56:00,2,9,Wednesday
1641376920,2022-01-05 10:02:00,2,10,Wednesday
1641385440,2022-01-05 12:24:00,2,12,Wednesday
1641393360,2022-01-05 14:36:00,2,14,Wednesday
1641393420,2022-01-05 14:37:00,2,14,Wednesday
1641393480,2022-01-05 14:38:00,2,14,Wednesday
1641393540,2022-01-05 14:39:00,2,14,Wednesday
1641393540,2022-01-05 14:39:00,2,14,Wednesday
1641393660,2022-01-05 14:41:00,2,14,Wednesday
1641393900,2022-01-05 14:45:00,2,14,Wednesday
1641474120,2022-01-06 13:02:00,3,13,Thursday
1641474120,2022-01-06 13:02:00,3,13,Thursday
1641481860,2022-01-06 15:11:00,3,15,Thursday
1641485160,2022-01-06 16:06:00,3,16,Thursday
1641281160,2022-01-04 07:26:00,1,7,Tuesday
1641309240,2022-01-04 15:14:00,1,15,Tuesday
1641397380,2022-01-05 15:43:00,2,15,Wednesday
1641479400,2022-01-06 14:30:00,3,14,Thursday
1641553320,2022-01-07 11:02:00,4,11,Friday
1641567900,2022-01-07 15:05:00,4,15,Friday
1641309300,2022-01-04 15:15:00,1,15,Tuesday
1641388320,2022-01-05 13:12:00,2,13,Wednesday
1641545760,2022-01-07 08:56:00,4,8,Friday
1641545760,2022-01-07 08:56:00,4,8,Friday
1641190560,2022-01-03 06:16:00,0,6,Monday
1641199800,2022-01-03 08:50:00,0,8,Monday
1641559320,2022-01-07 12:42:00,4,12,Friday
1641195420,2022-01-03 07:37:00,0,7,Monday
1641195420,2022-01-03 07:37:00,0,7,Monday
1641196380,2022-01-03 07:53:00,0,7,Monday
1641196380,2022-01-03 07:53:00,0,7,Monday
1641199020,2022-01-03 08:37:00,0,8,Monday
1641200700,2022-01-03 09:05:00,0,9,Monday
1641282180,2022-01-04 07:43:00,1,7,Tuesday
1641289020,2022-01-04 09:37:00,1,9,Tuesday
1641380580,2022-01-05 11:03:00,2,11,Wednesday
1641627360,2022-01-08 07:36:00,5,7,Saturday
1641547080,2022-01-07 09:18:00,4,9,Friday
1641475020,2022-01-06 13:17:00,3,13,Thursday
1641475020,2022-01-06 13:17:00,3,13,Thursday
1641475200,2022-01-06 13:20:00,3,13,Thursday
1641475200,2022-01-06 13:20:00,3,13,Thursday
1641475200,2022-01-06 13:20:00,3,13,Thursday
1641475200,2022-01-06 13:20:00,3,13,Thursday
1641475740,2022-01-06 13:29:00,3,13,Thursday
1641558060,2022-01-07 12:21:00,4,12,Friday
1641397020,2022-01-05 15:37:00,2,15,Wednesday
1641546480,2022-01-07 09:08:00,4,9,Friday
1641470340,2022-01-06 11:59:00,3,11,Thursday
1641470400,2022-01-06 12:00:00,3,12,Thursday
1641283620,2022-01-04 08:07:00,1,8,Tuesday
1641292560,2022-01-04 10:36:00,1,10,Tuesday
1641402720,2022-01-05 17:12:00,2,17,Wednesday
1641546120,2022-01-07 09:02:00,4,9,Friday
1641199320,2022-01-03 08:42:00,0,8,Monday
1641277320,2022-01-04 06:22:00,1,6,Tuesday
1641392760,2022-01-05 14:26:00,2,14,Wednesday
1641392760,2022-01-05 14:26:00,2,14,Wednesday
1641392760,2022-01-05 14:26:00,2,14,Wednesday
1641393300,2022-01-05 14:35:00,2,14,Wednesday
1641393300,2022-01-05 14:35:00,2,14,Wednesday
1641538560,2022-01-07 06:56:00,4,6,Friday
1641468600,2022-01-06 11:30:00,3,11,Thursday
1641468600,2022-01-06 11:30:00,3,11,Thursday
1641472020,2022-01-06 12:27:00,3,12,Thursday
1641390000,2022-01-05 13:40:00,2,13,Wednesday
1641469800,2022-01-06 11:50:00,3,11,Thursday
1641365340,2022-01-05 06:49:00,2,6,Wednesday
1641365340,2022-01-05 06:49:00,2,6,Wednesday
1641365340,2022-01-05 06:49:00,2,6,Wednesday
1641368160,2022-01-05 07:36:00,2,7,Wednesday
1641556380,2022-01-07 11:53:00,4,11,Friday
1641556440,2022-01-07 11:54:00,4,11,Friday
1641556620,2022-01-07 11:57:00,4,11,Friday
1641402060,2022-01-05 17:01:00,2,17,Wednesday
1641716280,2022-01-09 08:18:00,6,8,Sunday
1641716280,2022-01-09 08:18:00,6,8,Sunday
1641716280,2022-01-09 08:18:00,6,8,Sunday
1641716280,2022-01-09 08:18:00,6,8,Sunday
1641284820,2022-01-04 08:27:00,1,8,Tuesday
1641287040,2022-01-04 09:04:00,1,9,Tuesday
1641287580,2022-01-04 09:13:00,1,9,Tuesday
1641287760,2022-01-04 09:16:00,1,9,Tuesday
1641289260,2022-01-04 09:41:00,1,9,Tuesday
1641289260,2022-01-04 09:41:00,1,9,Tuesday
1641296640,2022-01-04 11:44:00,1,11,Tuesday
1641562380,2022-01-07 13:33:00,4,13,Friday
1641562380,2022-01-07 13:33:00,4,13,Friday
1641562680,2022-01-07 13:38:00,4,13,Friday
1641460680,2022-01-06 09:18:00,3,9,Thursday
1641460680,2022-01-06 09:18:00,3,9,Thursday
1641286980,2022-01-04 09:03:00,1,9,Tuesday
1641211020,2022-01-03 11:57:00,0,11,Monday
1641221160,2022-01-03 14:46:00,0,14,Monday
1641297480,2022-01-04 11:58:00,1,11,Tuesday
1641297480,2022-01-04 11:58:00,1,11,Tuesday
1641391380,2022-01-05 14:03:00,2,14,Wednesday
1641549720,2022-01-07 10:02:00,4,10,Friday
1641556860,2022-01-07 12:01:00,4,12,Friday
1641558540,2022-01-07 12:29:00,4,12,Friday
1641478740,2022-01-06 14:19:00,3,14,Thursday
1641478860,2022-01-06 14:21:00,3,14,Thursday
1641461040,2022-01-06 09:24:00,3,9,Thursday
1641461100,2022-01-06 09:25:00,3,9,Thursday
1641465300,2022-01-06 10:35:00,3,10,Thursday
1641195240,2022-01-03 07:34:00,0,7,Monday
1641205020,2022-01-03 10:17:00,0,10,Monday
1641195420,2022-01-03 07:37:00,0,7,Monday
1641197340,2022-01-03 08:09:00,0,8,Monday
1641197460,2022-01-03 08:11:00,0,8,Monday
1641197580,2022-01-03 08:13:00,0,8,Monday
1641215700,2022-01-03 13:15:00,0,13,Monday
1641393900,2022-01-05 14:45:00,2,14,Wednesday
1641401400,2022-01-05 16:50:00,2,16,Wednesday
1641535440,2022-01-07 06:04:00,4,6,Friday
1641463680,2022-01-06 10:08:00,3,10,Thursday
1641545340,2022-01-07 08:49:00,4,8,Friday
1641199200,2022-01-03 08:40:00,0,8,Monday
1641460860,2022-01-06 09:21:00,3,9,Thursday
1641461880,2022-01-06 09:38:00,3,9,Thursday
1641211440,2022-01-03 12:04:00,0,12,Monday
1641212520,2022-01-03 12:22:00,0,12,Monday
1641373140,2022-01-05 08:59:00,2,8,Wednesday
1641542220,2022-01-07 07:57:00,4,7,Friday
1641544380,2022-01-07 08:33:00,4,8,Friday
1641202260,2022-01-03 09:31:00,0,9,Monday
1641294840,2022-01-04 11:14:00,1,11,Tuesday
1641373800,2022-01-05 09:10:00,2,9,Wednesday
1641393180,2022-01-05 14:33:00,2,14,Wednesday
1641371700,2022-01-05 08:35:00,2,8,Wednesday
1641371880,2022-01-05 08:38:00,2,8,Wednesday
1641372600,2022-01-05 08:50:00,2,8,Wednesday
1641373020,2022-01-05 08:57:00,2,8,Wednesday
1641373020,2022-01-05 08:57:00,2,8,Wednesday
1641365100,2022-01-05 06:45:00,2,6,Wednesday
1641365340,2022-01-05 06:49:00,2,6,Wednesday
1641365700,2022-01-05 06:55:00,2,6,Wednesday
1641372540,2022-01-05 08:49:00,2,8,Wednesday
1641482400,2022-01-06 15:20:00,3,15,Thursday
1641561660,2022-01-07 13:21:00,4,13,Friday
1641561900,2022-01-07 13:25:00,4,13,Friday
1641637440,2022-01-08 10:24:00,5,10,Saturday
1641474120,2022-01-06 13:02:00,3,13,Thursday
1641479580,2022-01-06 14:33:00,3,14,Thursday
1641207420,2022-01-03 10:57:00,0,10,Monday
1641190440,2022-01-03 06:14:00,0,6,Monday
1641192360,2022-01-03 06:46:00,0,6,Monday
1641208800,2022-01-03 11:20:00,0,11,Monday
1641467820,2022-01-06 11:17:00,3,11,Thursday
1641468000,2022-01-06 11:20:00,3,11,Thursday
1641468420,2022-01-06 11:27:00,3,11,Thursday
1641469200,2022-01-06 11:40:00,3,11,Thursday
1641485640,2022-01-06 16:14:00,3,16,Thursday
1641534060,2022-01-07 05:41:00,4,5,Friday
1641196320,2022-01-03 07:52:00,0,7,Monday
1641455640,2022-01-06 07:54:00,3,7,Thursday
1641455760,2022-01-06 07:56:00,3,7,Thursday
1641456000,2022-01-06 08:00:00,3,8,Thursday
1641456000,2022-01-06 08:00:00,3,8,Thursday
1641627360,2022-01-08 07:36:00,5,7,Saturday
1641627360,2022-01-08 07:36:00,5,7,Saturday
1641290400,2022-01-04 10:00:00,1,10,Tuesday
1641200400,2022-01-03 09:00:00,0,9,Monday
1641208620,2022-01-03 11:17:00,0,11,Monday
1641208620,2022-01-03 11:17:00,0,11,Monday
1641208620,2022-01-03 11:17:00,0,11,Monday
1641208620,2022-01-03 11:17:00,0,11,Monday
1641208680,2022-01-03 11:18:00,0,11,Monday
1641208680,2022-01-03 11:18:00,0,11,Monday
1641208680,2022-01-03 11:18:00,0,11,Monday
1641282720,2022-01-04 07:52:00,1,7,Tuesday
1641282720,2022-01-04 07:52:00,1,7,Tuesday
1641397440,2022-01-05 15:44:00,2,15,Wednesday
1641481620,2022-01-06 15:07:00,3,15,Thursday
1641486840,2022-01-06 16:34:00,3,16,Thursday
1641532860,2022-01-07 05:21:00,4,5,Friday
1641565620,2022-01-07 14:27:00,4,14,Friday
1641565620,2022-01-07 14:27:00,4,14,Friday
1641565620,2022-01-07 14:27:00,4,14,Friday
1641565620,2022-01-07 14:27:00,4,14,Friday
1641635700,2022-01-08 09:55:00,5,9,Saturday
1641635700,2022-01-08 09:55:00,5,9,Saturday
1641635760,2022-01-08 09:56:00,5,9,Saturday
1641312540,2022-01-04 16:09:00,1,16,Tuesday
1641312540,2022-01-04 16:09:00,1,16,Tuesday
1641361920,2022-01-05 05:52:00,2,5,Wednesday
1641383820,2022-01-05 11:57:00,2,11,Wednesday
1641390300,2022-01-05 13:45:00,2,13,Wednesday
1641395220,2022-01-05 15:07:00,2,15,Wednesday
1641450720,2022-01-06 06:32:00,3,6,Thursday
1641470040,2022-01-06 11:54:00,3,11,Thursday
1641476460,2022-01-06 13:41:00,3,13,Thursday
1641476460,2022-01-06 13:41:00,3,13,Thursday
1641476460,2022-01-06 13:41:00,3,13,Thursday
1641480240,2022-01-06 14:44:00,3,14,Thursday
1641480420,2022-01-06 14:47:00,3,14,Thursday
1641480420,2022-01-06 14:47:00,3,14,Thursday
1641480480,2022-01-06 14:48:00,3,14,Thursday
1641641220,2022-01-08 11:27:00,5,11,Saturday
1641723240,2022-01-09 10:14:00,6,10,Sunday
1641402900,2022-01-05 17:15:00,2,17,Wednesday
1641402900,2022-01-05 17:15:00,2,17,Wednesday
1641561540,2022-01-07 13:19:00,4,13,Friday
1641569400,2022-01-07 15:30:00,4,15,Friday
1641574200,2022-01-07 16:50:00,4,16,Friday
1641574260,2022-01-07 16:51:00,4,16,Friday
1641580260,2022-01-07 18:31:00,4,18,Friday
1641295200,2022-01-04 11:20:00,1,11,Tuesday
1641301320,2022-01-04 13:02:00,1,13,Tuesday
1641468000,2022-01-06 11:20:00,3,11,Thursday
1641475260,2022-01-06 13:21:00,3,13,Thursday
1641475320,2022-01-06 13:22:00,3,13,Thursday
1641475320,2022-01-06 13:22:00,3,13,Thursday
1641475320,2022-01-06 13:22:00,3,13,Thursday
1641475380,2022-01-06 13:23:00,3,13,Thursday
1641475380,2022-01-06 13:23:00,3,13,Thursday
1641475380,2022-01-06 13:23:00,3,13,Thursday
1641475440,2022-01-06 13:24:00,3,13,Thursday
1641475500,2022-01-06 13:25:00,3,13,Thursday
1641475620,2022-01-06 13:27:00,3,13,Thursday
1641475800,2022-01-06 13:30:00,3,13,Thursday
1641475920,2022-01-06 13:32:00,3,13,Thursday
1641475980,2022-01-06 13:33:00,3,13,Thursday
1641478500,2022-01-06 14:15:00,3,14,Thursday
1641478500,2022-01-06 14:15:00,3,14,Thursday
1641479760,2022-01-06 14:36:00,3,14,Thursday
1641482400,2022-01-06 15:20:00,3,15,Thursday
1641562800,2022-01-07 13:40:00,4,13,Friday
1641562800,2022-01-07 13:40:00,4,13,Friday
1641562800,2022-01-07 13:40:00,4,13,Friday
1641562860,2022-01-07 13:41:00,4,13,Friday
1641405720,2022-01-05 18:02:00,2,18,Wednesday
1641467880,2022-01-06 11:18:00,3,11,Thursday
1641476580,2022-01-06 13:43:00,3,13,Thursday
1641569280,2022-01-07 15:28:00,4,15,Friday
1641569340,2022-01-07 15:29:00,4,15,Friday
1641569340,2022-01-07 15:29:00,4,15,Friday
1641569340,2022-01-07 15:29:00,4,15,Friday
1641569400,2022-01-07 15:30:00,4,15,Friday
1641569520,2022-01-07 15:32:00,4,15,Friday
1641633960,2022-01-08 09:26:00,5,9,Saturday
1641560760,2022-01-07 13:06:00,4,13,Friday
1641560940,2022-01-07 13:09:00,4,13,Friday
1641575280,2022-01-07 17:08:00,4,17,Friday
1641575280,2022-01-07 17:08:00,4,17,Friday
1641721980,2022-01-09 09:53:00,6,9,Sunday
1641293580,2022-01-04 10:53:00,1,10,Tuesday
1641490920,2022-01-06 17:42:00,3,17,Thursday
1641544200,2022-01-07 08:30:00,4,8,Friday
1641564180,2022-01-07 14:03:00,4,14,Friday
1641574980,2022-01-07 17:03:00,4,17,Friday
1641574980,2022-01-07 17:03:00,4,17,Friday
1641398640,2022-01-05 16:04:00,2,16,Wednesday
1641398820,2022-01-05 16:07:00,2,16,Wednesday
1641487860,2022-01-06 16:51:00,3,16,Thursday
1641555420,2022-01-07 11:37:00,4,11,Friday
1641555420,2022-01-07 11:37:00,4,11,Friday
1641555480,2022-01-07 11:38:00,4,11,Friday
1641555480,2022-01-07 11:38:00,4,11,Friday
1641555480,2022-01-07 11:38:00,4,11,Friday
1641555480,2022-01-07 11:38:00,4,11,Friday
1641555480,2022-01-07 11:38:00,4,11,Friday
1641555540,2022-01-07 11:39:00,4,11,Friday
1641555540,2022-01-07 11:39:00,4,11,Friday
1641555540,2022-01-07 11:39:00,4,11,Friday
1641555540,2022-01-07 11:39:00,4,11,Friday
1641563280,2022-01-07 13:48:00,4,13,Friday
1641636240,2022-01-08 10:04:00,5,10,Saturday
1641636360,2022-01-08 10:06:00,5,10,Saturday
1641636420,2022-01-08 10:07:00,5,10,Saturday
1641396240,2022-01-05 15:24:00,2,15,Wednesday
1641401820,2022-01-05 16:57:00,2,16,Wednesday
1641402420,2022-01-05 17:07:00,2,17,Wednesday
1641402780,2022-01-05 17:13:00,2,17,Wednesday
1641402840,2022-01-05 17:14:00,2,17,Wednesday
1641403080,2022-01-05 17:18:00,2,17,Wednesday
1641403140,2022-01-05 17:19:00,2,17,Wednesday
1641448680,2022-01-06 05:58:00,3,5,Thursday
1641470580,2022-01-06 12:03:00,3,12,Thursday
1641564540,2022-01-07 14:09:00,4,14,Friday
1641564540,2022-01-07 14:09:00,4,14,Friday
1641564540,2022-01-07 14:09:00,4,14,Friday
1641564540,2022-01-07 14:09:00,4,14,Friday
1641564540,2022-01-07 14:09:00,4,14,Friday
1641564780,2022-01-07 14:13:00,4,14,Friday
1641569340,2022-01-07 15:29:00,4,15,Friday
1641635640,2022-01-08 09:54:00,5,9,Saturday
1641635640,2022-01-08 09:54:00,5,9,Saturday
1641635640,2022-01-08 09:54:00,5,9,Saturday
1641635820,2022-01-08 09:57:00,5,9,Saturday
1641721440,2022-01-09 09:44:00,6,9,Sunday
1641297960,2022-01-04 12:06:00,1,12,Tuesday
1641301440,2022-01-04 13:04:00,1,13,Tuesday
1641304920,2022-01-04 14:02:00,1,14,Tuesday
1641400140,2022-01-05 16:29:00,2,16,Wednesday
1641400380,2022-01-05 16:33:00,2,16,Wednesday
1641400380,2022-01-05 16:33:00,2,16,Wednesday
1641400560,2022-01-05 16:36:00,2,16,Wednesday
1641400680,2022-01-05 16:38:00,2,16,Wednesday
1641401580,2022-01-05 16:53:00,2,16,Wednesday
1641412320,2022-01-05 19:52:00,2,19,Wednesday
1641412320,2022-01-05 19:52:00,2,19,Wednesday
1641412320,2022-01-05 19:52:00,2,19,Wednesday
1641412320,2022-01-05 19:52:00,2,19,Wednesday
1641559080,2022-01-07 12:38:00,4,12,Friday
1641559380,2022-01-07 12:43:00,4,12,Friday
1641636360,2022-01-08 10:06:00,5,10,Saturday
1641215400,2022-01-03 13:10:00,0,13,Monday
1641215580,2022-01-03 13:13:00,0,13,Monday
1641216000,2022-01-03 13:20:00,0,13,Monday
1641290940,2022-01-04 10:09:00,1,10,Tuesday
1641291720,2022-01-04 10:22:00,1,10,Tuesday
1641306300,2022-01-04 14:25:00,1,14,Tuesday
1641395160,2022-01-05 15:06:00,2,15,Wednesday
1641395880,2022-01-05 15:18:00,2,15,Wednesday
1641465780,2022-01-06 10:43:00,3,10,Thursday
1641481020,2022-01-06 14:57:00,3,14,Thursday
1641489120,2022-01-06 17:12:00,3,17,Thursday
1641489120,2022-01-06 17:12:00,3,17,Thursday
1641489120,2022-01-06 17:12:00,3,17,Thursday
1641539220,2022-01-07 07:07:00,4,7,Friday
1641555000,2022-01-07 11:30:00,4,11,Friday
1641555660,2022-01-07 11:41:00,4,11,Friday
1641565620,2022-01-07 14:27:00,4,14,Friday
1641568620,2022-01-07 15:17:00,4,15,Friday
1641578040,2022-01-07 17:54:00,4,17,Friday
1641578160,2022-01-07 17:56:00,4,17,Friday
1641578220,2022-01-07 17:57:00,4,17,Friday
1641578280,2022-01-07 17:58:00,4,17,Friday
1641278040,2022-01-04 06:34:00,1,6,Tuesday
1641279960,2022-01-04 07:06:00,1,7,Tuesday
1641290460,2022-01-04 10:01:00,1,10,Tuesday
1641396300,2022-01-05 15:25:00,2,15,Wednesday
1641545160,2022-01-07 08:46:00,4,8,Friday
1641564720,2022-01-07 14:12:00,4,14,Friday
1641569400,2022-01-07 15:30:00,4,15,Friday
1641569460,2022-01-07 15:31:00,4,15,Friday
1641569460,2022-01-07 15:31:00,4,15,Friday
1641569460,2022-01-07 15:31:00,4,15,Friday
1641569520,2022-01-07 15:32:00,4,15,Friday
1641569520,2022-01-07 15:32:00,4,15,Friday
1641569520,2022-01-07 15:32:00,4,15,Friday
1641569580,2022-01-07 15:33:00,4,15,Friday
1641569820,2022-01-07 15:37:00,4,15,Friday
1641569940,2022-01-07 15:39:00,4,15,Friday
1641569940,2022-01-07 15:39:00,4,15,Friday
1641574800,2022-01-07 17:00:00,4,17,Friday
1641724260,2022-01-09 10:31:00,6,10,Sunday
1641724380,2022-01-09 10:33:00,6,10,Sunday
1641307560,2022-01-04 14:46:00,1,14,Tuesday
1641396720,2022-01-05 15:32:00,2,15,Wednesday
1641396840,2022-01-05 15:34:00,2,15,Wednesday
1641396840,2022-01-05 15:34:00,2,15,Wednesday
1641450720,2022-01-06 06:32:00,3,6,Thursday
1641465360,2022-01-06 10:36:00,3,10,Thursday
1641467280,2022-01-06 11:08:00,3,11,Thursday
1641473460,2022-01-06 12:51:00,3,12,Thursday
1641478860,2022-01-06 14:21:00,3,14,Thursday
1641550320,2022-01-07 10:12:00,4,10,Friday
1641561540,2022-01-07 13:19:00,4,13,Friday
1641562440,2022-01-07 13:34:00,4,13,Friday
1641562500,2022-01-07 13:35:00,4,13,Friday
1641562500,2022-01-07 13:35:00,4,13,Friday
1641562500,2022-01-07 13:35:00,4,13,Friday
1641562500,2022-01-07 13:35:00,4,13,Friday
1641562500,2022-01-07 13:35:00,4,13,Friday
1641562500,2022-01-07 13:35:00,4,13,Friday
1641562560,2022-01-07 13:36:00,4,13,Friday
1641562620,2022-01-07 13:37:00,4,13,Friday
1641636840,2022-01-08 10:14:00,5,10,Saturday
1641637680,2022-01-08 10:28:00,5,10,Saturday
1641222900,2022-01-03 15:15:00,0,15,Monday
1641306120,2022-01-04 14:22:00,1,14,Tuesday
1641365220,2022-01-05 06:47:00,2,6,Wednesday
1641463560,2022-01-06 10:06:00,3,10,Thursday
1641488700,2022-01-06 17:05:00,3,17,Thursday
1641564180,2022-01-07 14:03:00,4,14,Friday
1641573420,2022-01-07 16:37:00,4,16,Friday
1641573420,2022-01-07 16:37:00,4,16,Friday
1641573480,2022-01-07 16:38:00,4,16,Friday
1641573480,2022-01-07 16:38:00,4,16,Friday
1641573480,2022-01-07 16:38:00,4,16,Friday
1641573480,2022-01-07 16:38:00,4,16,Friday
1641573900,2022-01-07 16:45:00,4,16,Friday
1641555600,2022-01-07 11:40:00,4,11,Friday
1641562320,2022-01-07 13:32:00,4,13,Friday
1641562320,2022-01-07 13:32:00,4,13,Friday
1641562380,2022-01-07 13:33:00,4,13,Friday
1641562380,2022-01-07 13:33:00,4,13,Friday
1641562380,2022-01-07 13:33:00,4,13,Friday
1641562380,2022-01-07 13:33:00,4,13,Friday
1641562380,2022-01-07 13:33:00,4,13,Friday
1641562380,2022-01-07 13:33:00,4,13,Friday
1641562440,2022-01-07 13:34:00,4,13,Friday
1641562440,2022-01-07 13:34:00,4,13,Friday
1641562500,2022-01-07 13:35:00,4,13,Friday
1641564420,2022-01-07 14:07:00,4,14,Friday
1641631560,2022-01-08 08:46:00,5,8,Saturday
1641721440,2022-01-09 09:44:00,6,9,Sunday
1641721440,2022-01-09 09:44:00,6,9,Sunday
1641394020,2022-01-05 14:47:00,2,14,Wednesday
1641398160,2022-01-05 15:56:00,2,15,Wednesday
1641576600,2022-01-07 17:30:00,4,17,Friday
1641576600,2022-01-07 17:30:00,4,17,Friday
1641565740,2022-01-07 14:29:00,4,14,Friday
1641565860,2022-01-07 14:31:00,4,14,Friday
1641565920,2022-01-07 14:32:00,4,14,Friday
1641573960,2022-01-07 16:46:00,4,16,Friday
1641574080,2022-01-07 16:48:00,4,16,Friday
1641574200,2022-01-07 16:50:00,4,16,Friday
1641574260,2022-01-07 16:51:00,4,16,Friday
1641574260,2022-01-07 16:51:00,4,16,Friday
1641574320,2022-01-07 16:52:00,4,16,Friday
1641574380,2022-01-07 16:53:00,4,16,Friday
1641574380,2022-01-07 16:53:00,4,16,Friday
1641574440,2022-01-07 16:54:00,4,16,Friday
1641574440,2022-01-07 16:54:00,4,16,Friday
1641574500,2022-01-07 16:55:00,4,16,Friday
1641574500,2022-01-07 16:55:00,4,16,Friday
1641574740,2022-01-07 16:59:00,4,16,Friday
1641574740,2022-01-07 16:59:00,4,16,Friday
1641574920,2022-01-07 17:02:00,4,17,Friday
1641371940,2022-01-05 08:39:00,2,8,Wednesday
1641372000,2022-01-05 08:40:00,2,8,Wednesday
1641565980,2022-01-07 14:33:00,4,14,Friday
1641566400,2022-01-07 14:40:00,4,14,Friday
1641573540,2022-01-07 16:39:00,4,16,Friday
1641573600,2022-01-07 16:40:00,4,16,Friday
1641573660,2022-01-07 16:41:00,4,16,Friday
1641573660,2022-01-07 16:41:00,4,16,Friday
1641573660,2022-01-07 16:41:00,4,16,Friday
1641573660,2022-01-07 16:41:00,4,16,Friday
1641573660,2022-01-07 16:41:00,4,16,Friday
1641573660,2022-01-07 16:41:00,4,16,Friday
1641573660,2022-01-07 16:41:00,4,16,Friday
1641573720,2022-01-07 16:42:00,4,16,Friday
1641573780,2022-01-07 16:43:00,4,16,Friday
1641573780,2022-01-07 16:43:00,4,16,Friday
1641573780,2022-01-07 16:43:00,4,16,Friday
1641573780,2022-01-07 16:43:00,4,16,Friday
1641573960,2022-01-07 16:46:00,4,16,Friday
1641573960,2022-01-07 16:46:00,4,16,Friday
1641574080,2022-01-07 16:48:00,4,16,Friday
1641470760,2022-01-06 12:06:00,3,12,Thursday
1641471420,2022-01-06 12:17:00,3,12,Thursday
1641471420,2022-01-06 12:17:00,3,12,Thursday
1641478260,2022-01-06 14:11:00,3,14,Thursday
1641551040,2022-01-07 10:24:00,4,10,Friday
1641558480,2022-01-07 12:28:00,4,12,Friday
1641558480,2022-01-07 12:28:00,4,12,Friday
1641558480,2022-01-07 12:28:00,4,12,Friday
1641558480,2022-01-07 12:28:00,4,12,Friday
1641558480,2022-01-07 12:28:00,4,12,Friday
1641558480,2022-01-07 12:28:00,4,12,Friday
1641558540,2022-01-07 12:29:00,4,12,Friday
1641558540,2022-01-07 12:29:00,4,12,Friday
1641558540,2022-01-07 12:29:00,4,12,Friday
1641558540,2022-01-07 12:29:00,4,12,Friday
1641558540,2022-01-07 12:29:00,4,12,Friday
1641558540,2022-01-07 12:29:00,4,12,Friday
1641558540,2022-01-07 12:29:00,4,12,Friday
1641558540,2022-01-07 12:29:00,4,12,Friday
1641568020,2022-01-07 15:07:00,4,15,Friday
1641568080,2022-01-07 15:08:00,4,15,Friday
1641192600,2022-01-03 06:50:00,0,6,Monday
1641192600,2022-01-03 06:50:00,0,6,Monday
1641562560,2022-01-07 13:36:00,4,13,Friday
1641564120,2022-01-07 14:02:00,4,14,Friday
1641568740,2022-01-07 15:19:00,4,15,Friday
1641225660,2022-01-03 16:01:00,0,16,Monday
1641282300,2022-01-04 07:45:00,1,7,Tuesday
1641306060,2022-01-04 14:21:00,1,14,Tuesday
1641565560,2022-01-07 14:26:00,4,14,Friday
1641565680,2022-01-07 14:28:00,4,14,Friday
1641579060,2022-01-07 18:11:00,4,18,Friday
1641304620,2022-01-04 13:57:00,1,13,Tuesday
1641551040,2022-01-07 10:24:00,4,10,Friday
1641558720,2022-01-07 12:32:00,4,12,Friday
1641558840,2022-01-07 12:34:00,4,12,Friday
1641558960,2022-01-07 12:36:00,4,12,Friday
1641559080,2022-01-07 12:38:00,4,12,Friday
1641559200,2022-01-07 12:40:00,4,12,Friday
1641559260,2022-01-07 12:41:00,4,12,Friday
1641561240,2022-01-07 13:14:00,4,13,Friday
1641538140,2022-01-07 06:49:00,4,6,Friday
1641283500,2022-01-04 08:05:00,1,8,Tuesday
1641284280,2022-01-04 08:18:00,1,8,Tuesday
1641459180,2022-01-06 08:53:00,3,8,Thursday
1641459180,2022-01-06 08:53:00,3,8,Thursday
1641556500,2022-01-07 11:55:00,4,11,Friday
1641556500,2022-01-07 11:55:00,4,11,Friday
1641556560,2022-01-07 11:56:00,4,11,Friday
1641556560,2022-01-07 11:56:00,4,11,Friday
1641556560,2022-01-07 11:56:00,4,11,Friday
1641556560,2022-01-07 11:56:00,4,11,Friday
1641556620,2022-01-07 11:57:00,4,11,Friday
1641556680,2022-01-07 11:58:00,4,11,Friday
1641556680,2022-01-07 11:58:00,4,11,Friday
1641556680,2022-01-07 11:58:00,4,11,Friday
1641560760,2022-01-07 13:06:00,4,13,Friday
1641632100,2022-01-08 08:55:00,5,8,Saturday
1641488280,2022-01-06 16:58:00,3,16,Thursday
1641544980,2022-01-07 08:43:00,4,8,Friday
1641549120,2022-01-07 09:52:00,4,9,Friday
1641559080,2022-01-07 12:38:00,4,12,Friday
1641568980,2022-01-07 15:23:00,4,15,Friday
1641535680,2022-01-07 06:08:00,4,6,Friday
1641543180,2022-01-07 08:13:00,4,8,Friday
1641544080,2022-01-07 08:28:00,4,8,Friday
1641553200,2022-01-07 11:00:00,4,11,Friday
1641555300,2022-01-07 11:35:00,4,11,Friday
1641563400,2022-01-07 13:50:00,4,13,Friday
1641571020,2022-01-07 15:57:00,4,15,Friday
1641575940,2022-01-07 17:19:00,4,17,Friday
1641640740,2022-01-08 11:19:00,5,11,Saturday
1641640740,2022-01-08 11:19:00,5,11,Saturday
1641640860,2022-01-08 11:21:00,5,11,Saturday
1641640860,2022-01-08 11:21:00,5,11,Saturday
1641640860,2022-01-08 11:21:00,5,11,Saturday
1641641040,2022-01-08 11:24:00,5,11,Saturday
1641562200,2022-01-07 13:30:00,4,13,Friday
1641577500,2022-01-07 17:45:00,4,17,Friday
1641380700,2022-01-05 11:05:00,2,11,Wednesday
1641389040,2022-01-05 13:24:00,2,13,Wednesday
1641389040,2022-01-05 13:24:00,2,13,Wednesday
1641469320,2022-01-06 11:42:00,3,11,Thursday
1641561540,2022-01-07 13:19:00,4,13,Friday
1641571620,2022-01-07 16:07:00,4,16,Friday
1641572040,2022-01-07 16:14:00,4,16,Friday
1641374880,2022-01-05 09:28:00,2,9,Wednesday
1641379020,2022-01-05 10:37:00,2,10,Wednesday
1641559020,2022-01-07 12:37:00,4,12,Friday
1641562560,2022-01-07 13:36:00,4,13,Friday
1641564480,2022-01-07 14:08:00,4,14,Friday
1641576000,2022-01-07 17:20:00,4,17,Friday
1641558840,2022-01-07 12:34:00,4,12,Friday
1641558840,2022-01-07 12:34:00,4,12,Friday
1641558900,2022-01-07 12:35:00,4,12,Friday
1641558900,2022-01-07 12:35:00,4,12,Friday
1641558900,2022-01-07 12:35:00,4,12,Friday
1641558900,2022-01-07 12:35:00,4,12,Friday
1641558960,2022-01-07 12:36:00,4,12,Friday
1641558960,2022-01-07 12:36:00,4,12,Friday
1641558960,2022-01-07 12:36:00,4,12,Friday
1641560280,2022-01-07 12:58:00,4,12,Friday
1641560280,2022-01-07 12:58:00,4,12,Friday
1641638220,2022-01-08 10:37:00,5,10,Saturday
1641638220,2022-01-08 10:37:00,5,10,Saturday
1641638280,2022-01-08 10:38:00,5,10,Saturday
1641558840,2022-01-07 12:34:00,4,12,Friday
1641559860,2022-01-07 12:51:00,4,12,Friday
1641559920,2022-01-07 12:52:00,4,12,Friday
1641559980,2022-01-07 12:53:00,4,12,Friday
1641560040,2022-01-07 12:54:00,4,12,Friday
1641560040,2022-01-07 12:54:00,4,12,Friday
1641575160,2022-01-07 17:06:00,4,17,Friday
1641562380,2022-01-07 13:33:00,4,13,Friday
1641563820,2022-01-07 13:57:00,4,13,Friday
1641577140,2022-01-07 17:39:00,4,17,Friday
1641565020,2022-01-07 14:17:00,4,14,Friday
1641567060,2022-01-07 14:51:00,4,14,Friday
1641572160,2022-01-07 16:16:00,4,16,Friday
1641582240,2022-01-07 19:04:00,4,19,Friday
1641582300,2022-01-07 19:05:00,4,19,Friday
1641582300,2022-01-07 19:05:00,4,19,Friday
1641635160,2022-01-08 09:46:00,5,9,Saturday
1641635160,2022-01-08 09:46:00,5,9,Saturday
1641639360,2022-01-08 10:56:00,5,10,Saturday
1641561360,2022-01-07 13:16:00,4,13,Friday
1641566760,2022-01-07 14:46:00,4,14,Friday
1641566760,2022-01-07 14:46:00,4,14,Friday
1641581460,2022-01-07 18:51:00,4,18,Friday
1641642180,2022-01-08 11:43:00,5,11,Saturday
1641643680,2022-01-08 12:08:00,5,12,Saturday
1641644940,2022-01-08 12:29:00,5,12,Saturday
1641231780,2022-01-03 17:43:00,0,17,Monday
1641304080,2022-01-04 13:48:00,1,13,Tuesday
1641305760,2022-01-04 14:16:00,1,14,Tuesday
1641565980,2022-01-07 14:33:00,4,14,Friday
1641565980,2022-01-07 14:33:00,4,14,Friday
1641565980,2022-01-07 14:33:00,4,14,Friday
1641565980,2022-01-07 14:33:00,4,14,Friday
1641565980,2022-01-07 14:33:00,4,14,Friday
1641568920,2022-01-07 15:22:00,4,15,Friday
1641574500,2022-01-07 16:55:00,4,16,Friday
1641574620,2022-01-07 16:57:00,4,16,Friday
1641574620,2022-01-07 16:57:00,4,16,Friday
1641574740,2022-01-07 16:59:00,4,16,Friday
1641574740,2022-01-07 16:59:00,4,16,Friday
1641574800,2022-01-07 17:00:00,4,17,Friday
1641574860,2022-01-07 17:01:00,4,17,Friday
1641574920,2022-01-07 17:02:00,4,17,Friday
1641575040,2022-01-07 17:04:00,4,17,Friday
1641575040,2022-01-07 17:04:00,4,17,Friday
1641392280,2022-01-05 14:18:00,2,14,Wednesday
1641392460,2022-01-05 14:21:00,2,14,Wednesday
1641392580,2022-01-05 14:23:00,2,14,Wednesday
1641392760,2022-01-05 14:26:00,2,14,Wednesday
1641392940,2022-01-05 14:29:00,2,14,Wednesday
1641393120,2022-01-05 14:32:00,2,14,Wednesday
1641393240,2022-01-05 14:34:00,2,14,Wednesday
1641393240,2022-01-05 14:34:00,2,14,Wednesday
1641393360,2022-01-05 14:36:00,2,14,Wednesday
1641393540,2022-01-05 14:39:00,2,14,Wednesday
1641393780,2022-01-05 14:43:00,2,14,Wednesday
1641394080,2022-01-05 14:48:00,2,14,Wednesday
1641565740,2022-01-07 14:29:00,4,14,Friday
1641566940,2022-01-07 14:49:00,4,14,Friday
1641572220,2022-01-07 16:17:00,4,16,Friday
1641574200,2022-01-07 16:50:00,4,16,Friday
1641579420,2022-01-07 18:17:00,4,18,Friday
1641639360,2022-01-08 10:56:00,5,10,Saturday
1641639360,2022-01-08 10:56:00,5,10,Saturday
1641639360,2022-01-08 10:56:00,5,10,Saturday
1641568800,2022-01-07 15:20:00,4,15,Friday
1641568800,2022-01-07 15:20:00,4,15,Friday
1641568800,2022-01-07 15:20:00,4,15,Friday
1641568800,2022-01-07 15:20:00,4,15,Friday
1641570060,2022-01-07 15:41:00,4,15,Friday
1641579540,2022-01-07 18:19:00,4,18,Friday
1641579540,2022-01-07 18:19:00,4,18,Friday
1641636600,2022-01-08 10:10:00,5,10,Saturday
1641551400,2022-01-07 10:30:00,4,10,Friday
1641564300,2022-01-07 14:05:00,4,14,Friday
1641575880,2022-01-07 17:18:00,4,17,Friday
1641576360,2022-01-07 17:26:00,4,17,Friday
1641576360,2022-01-07 17:26:00,4,17,Friday
1641576420,2022-01-07 17:27:00,4,17,Friday
1641576420,2022-01-07 17:27:00,4,17,Friday
1641576420,2022-01-07 17:27:00,4,17,Friday
1641579720,2022-01-07 18:22:00,4,18,Friday
1641304140,2022-01-04 13:49:00,1,13,Tuesday
1641378060,2022-01-05 10:21:00,2,10,Wednesday
1641381840,2022-01-05 11:24:00,2,11,Wednesday
1641381960,2022-01-05 11:26:00,2,11,Wednesday
1641383640,2022-01-05 11:54:00,2,11,Wednesday
1641567420,2022-01-07 14:57:00,4,14,Friday
1641571920,2022-01-07 16:12:00,4,16,Friday
1641638340,2022-01-08 10:39:00,5,10,Saturday
1641638400,2022-01-08 10:40:00,5,10,Saturday
1641563580,2022-01-07 13:53:00,4,13,Friday
1641563580,2022-01-07 13:53:00,4,13,Friday
1641567540,2022-01-07 14:59:00,4,14,Friday
1641567540,2022-01-07 14:59:00,4,14,Friday
1641567540,2022-01-07 14:59:00,4,14,Friday
1641567540,2022-01-07 14:59:00,4,14,Friday
1641567540,2022-01-07 14:59:00,4,14,Friday
1641567540,2022-01-07 14:59:00,4,14,Friday
1641567540,2022-01-07 14:59:00,4,14,Friday
1641567540,2022-01-07 14:59:00,4,14,Friday
1641574260,2022-01-07 16:51:00,4,16,Friday
1641574740,2022-01-07 16:59:00,4,16,Friday
1641574740,2022-01-07 16:59:00,4,16,Friday
1641574800,2022-01-07 17:00:00,4,17,Friday
1641574920,2022-01-07 17:02:00,4,17,Friday
1641637740,2022-01-08 10:29:00,5,10,Saturday
1641637740,2022-01-08 10:29:00,5,10,Saturday
1641637740,2022-01-08 10:29:00,5,10,Saturday
1641726180,2022-01-09 11:03:00,6,11,Sunday
1641211440,2022-01-03 12:04:00,0,12,Monday
1641211440,2022-01-03 12:04:00,0,12,Monday
1641211440,2022-01-03 12:04:00,0,12,Monday
1641211620,2022-01-03 12:07:00,0,12,Monday
1641281520,2022-01-04 07:32:00,1,7,Tuesday
1641281820,2022-01-04 07:37:00,1,7,Tuesday
1641283740,2022-01-04 08:09:00,1,8,Tuesday
1641284160,2022-01-04 08:16:00,1,8,Tuesday
1641291720,2022-01-04 10:22:00,1,10,Tuesday
1641400320,2022-01-05 16:32:00,2,16,Wednesday
1641477780,2022-01-06 14:03:00,3,14,Thursday
1641478020,2022-01-06 14:07:00,3,14,Thursday
1641562320,2022-01-07 13:32:00,4,13,Friday
1641565980,2022-01-07 14:33:00,4,14,Friday
1641640560,2022-01-08 11:16:00,5,11,Saturday
1641640680,2022-01-08 11:18:00,5,11,Saturday
1641640680,2022-01-08 11:18:00,5,11,Saturday
1641574080,2022-01-07 16:48:00,4,16,Friday
1641574200,2022-01-07 16:50:00,4,16,Friday
1641579000,2022-01-07 18:10:00,4,18,Friday
1641641640,2022-01-08 11:34:00,5,11,Saturday
1641726180,2022-01-09 11:03:00,6,11,Sunday
1641470460,2022-01-06 12:01:00,3,12,Thursday
1641278220,2022-01-04 06:37:00,1,6,Tuesday
1641458340,2022-01-06 08:39:00,3,8,Thursday
1641545700,2022-01-07 08:55:00,4,8,Friday
1641545760,2022-01-07 08:56:00,4,8,Friday
1641545760,2022-01-07 08:56:00,4,8,Friday
1641545760,2022-01-07 08:56:00,4,8,Friday
1641545760,2022-01-07 08:56:00,4,8,Friday
1641563280,2022-01-07 13:48:00,4,13,Friday
1641190560,2022-01-03 06:16:00,0,6,Monday
1641387420,2022-01-05 12:57:00,2,12,Wednesday
1641490140,2022-01-06 17:29:00,3,17,Thursday
1641198600,2022-01-03 08:30:00,0,8,Monday
1641288660,2022-01-04 09:31:00,1,9,Tuesday
1641291720,2022-01-04 10:22:00,1,10,Tuesday
1641291840,2022-01-04 10:24:00,1,10,Tuesday
1641300660,2022-01-04 12:51:00,1,12,Tuesday
1641559260,2022-01-07 12:41:00,4,12,Friday
1641195480,2022-01-03 07:38:00,0,7,Monday
1641195480,2022-01-03 07:38:00,0,7,Monday
1641384000,2022-01-05 12:00:00,2,12,Wednesday
1641475440,2022-01-06 13:24:00,3,13,Thursday
1641477660,2022-01-06 14:01:00,3,14,Thursday
1641537360,2022-01-07 06:36:00,4,6,Friday
1641540240,2022-01-07 07:24:00,4,7,Friday
1641540780,2022-01-07 07:33:00,4,7,Friday
1641538860,2022-01-07 07:01:00,4,7,Friday
1641539580,2022-01-07 07:13:00,4,7,Friday
1641552480,2022-01-07 10:48:00,4,10,Friday
1641469320,2022-01-06 11:42:00,3,11,Thursday
1641469320,2022-01-06 11:42:00,3,11,Thursday
1641469440,2022-01-06 11:44:00,3,11,Thursday
1641475020,2022-01-06 13:17:00,3,13,Thursday
1641475380,2022-01-06 13:23:00,3,13,Thursday
1641475380,2022-01-06 13:23:00,3,13,Thursday
1641398940,2022-01-05 16:09:00,2,16,Wednesday
1641474840,2022-01-06 13:14:00,3,13,Thursday
1641540840,2022-01-07 07:34:00,4,7,Friday
1641540840,2022-01-07 07:34:00,4,7,Friday
1641231600,2022-01-03 17:40:00,0,17,Monday
1641471060,2022-01-06 12:11:00,3,12,Thursday
1641220200,2022-01-03 14:30:00,0,14,Monday
1641220560,2022-01-03 14:36:00,0,14,Monday
1641220620,2022-01-03 14:37:00,0,14,Monday
1641221160,2022-01-03 14:46:00,0,14,Monday
1641221160,2022-01-03 14:46:00,0,14,Monday
1641221160,2022-01-03 14:46:00,0,14,Monday
1641221220,2022-01-03 14:47:00,0,14,Monday
1641221280,2022-01-03 14:48:00,0,14,Monday
1641222660,2022-01-03 15:11:00,0,15,Monday
1641276000,2022-01-04 06:00:00,1,6,Tuesday
1641361620,2022-01-05 05:47:00,2,5,Wednesday
1641361920,2022-01-05 05:52:00,2,5,Wednesday
1641365220,2022-01-05 06:47:00,2,6,Wednesday
1641365280,2022-01-05 06:48:00,2,6,Wednesday
1641368760,2022-01-05 07:46:00,2,7,Wednesday
1641368820,2022-01-05 07:47:00,2,7,Wednesday
1641368820,2022-01-05 07:47:00,2,7,Wednesday
1641369360,2022-01-05 07:56:00,2,7,Wednesday
1641369600,2022-01-05 08:00:00,2,8,Wednesday
1641370020,2022-01-05 08:07:00,2,8,Wednesday
1641371280,2022-01-05 08:28:00,2,8,Wednesday
1641371340,2022-01-05 08:29:00,2,8,Wednesday
1641371640,2022-01-05 08:34:00,2,8,Wednesday
1641371640,2022-01-05 08:34:00,2,8,Wednesday
1641371700,2022-01-05 08:35:00,2,8,Wednesday
1641371700,2022-01-05 08:35:00,2,8,Wednesday
1641371700,2022-01-05 08:35:00,2,8,Wednesday
1641373320,2022-01-05 09:02:00,2,9,Wednesday
1641373500,2022-01-05 09:05:00,2,9,Wednesday
1641190500,2022-01-03 06:15:00,0,6,Monday
1641190980,2022-01-03 06:23:00,0,6,Monday
1641303240,2022-01-04 13:34:00,1,13,Tuesday
1641391680,2022-01-05 14:08:00,2,14,Wednesday
1641391920,2022-01-05 14:12:00,2,14,Wednesday
1641393180,2022-01-05 14:33:00,2,14,Wednesday
1641393300,2022-01-05 14:35:00,2,14,Wednesday
1641393420,2022-01-05 14:37:00,2,14,Wednesday
1641395100,2022-01-05 15:05:00,2,15,Wednesday
1641276660,2022-01-04 06:11:00,1,6,Tuesday
1641279300,2022-01-04 06:55:00,1,6,Tuesday
1641285720,2022-01-04 08:42:00,1,8,Tuesday
1641281100,2022-01-04 07:25:00,1,7,Tuesday
1641301140,2022-01-04 12:59:00,1,12,Tuesday
1641304680,2022-01-04 13:58:00,1,13,Tuesday
1641304680,2022-01-04 13:58:00,1,13,Tuesday
1641307380,2022-01-04 14:43:00,1,14,Tuesday
1641193080,2022-01-03 06:58:00,0,6,Monday
1641193080,2022-01-03 06:58:00,0,6,Monday
1641193320,2022-01-03 07:02:00,0,7,Monday
1641291900,2022-01-04 10:25:00,1,10,Tuesday
1641383100,2022-01-05 11:45:00,2,11,Wednesday
1641383700,2022-01-05 11:55:00,2,11,Wednesday
1641392640,2022-01-05 14:24:00,2,14,Wednesday
1641198600,2022-01-03 08:30:00,0,8,Monday
1641198600,2022-01-03 08:30:00,0,8,Monday
1641205800,2022-01-03 10:30:00,0,10,Monday
1641210840,2022-01-03 11:54:00,0,11,Monday
1641469920,2022-01-06 11:52:00,3,11,Thursday
1641279540,2022-01-04 06:59:00,1,6,Tuesday
1641548700,2022-01-07 09:45:00,4,9,Friday
1641559200,2022-01-07 12:40:00,4,12,Friday
1641368940,2022-01-05 07:49:00,2,7,Wednesday
1641369000,2022-01-05 07:50:00,2,7,Wednesday
1641380220,2022-01-05 10:57:00,2,10,Wednesday
1641545760,2022-01-07 08:56:00,4,8,Friday
1641545880,2022-01-07 08:58:00,4,8,Friday
1641545880,2022-01-07 08:58:00,4,8,Friday
1641464460,2022-01-06 10:21:00,3,10,Thursday
1641464580,2022-01-06 10:23:00,3,10,Thursday
1641464580,2022-01-06 10:23:00,3,10,Thursday
