comparison,item,direct_count,group_count,combined_count,direct_per_1000_tokens,group_per_1000_tokens,difference_direct_minus_group_per_1000,log_ratio_direct_vs_group,log_likelihood_g2,dominant_modality,direct_tokens_denominator,group_tokens_denominator
direct_vs_group_psychosomatic,Hashtag_PatName,697,3234,3931,7.9006,41.0141,-33.1135,-2.3753,2072.9582,group,88221,78851
direct_vs_group_psychosomatic,kein_Todo,11,651,662,0.1247,8.2561,-8.1314,-5.9861,879.7165,group,88221,78851
direct_vs_group_psychosomatic,du,931,86,1017,10.553,1.0907,9.4624,3.2668,728.7853,direct,88221,78851
direct_vs_group_psychosomatic,ich,1768,558,2326,20.0406,7.0766,12.9639,1.5009,532.9131,direct,88221,78851
direct_vs_group_psychosomatic,QuestionMark,1522,482,2004,17.2521,6.1128,11.1393,1.4958,456.5478,direct,88221,78851
direct_vs_group_psychosomatic,Mention_KolName,86,546,632,0.9748,6.9245,-5.9496,-2.8214,426.9916,group,88221,78851
direct_vs_group_psychosomatic,KolName,1333,512,1845,15.1098,6.4933,8.6165,1.2176,292.0877,direct,88221,78851
direct_vs_group_psychosomatic,dir,308,26,334,3.4912,0.3297,3.1615,3.3792,249.7304,direct,88221,78851
direct_vs_group_psychosomatic,anwesend,6,179,185,0.068,2.2701,-2.2021,-4.9494,223.5262,group,88221,78851
direct_vs_group_psychosomatic,Gruppe,98,392,490,1.1108,4.9714,-3.8606,-2.1565,223.4453,group,88221,78851
direct_vs_group_psychosomatic,PatName,1167,501,1668,13.2281,6.3538,6.8744,1.0571,203.9529,direct,88221,78851
direct_vs_group_psychosomatic,sich,297,665,962,3.3665,8.4336,-5.0671,-1.3235,188.7765,group,88221,78851
direct_vs_group_psychosomatic,ja,463,117,580,5.2482,1.4838,3.7644,1.8179,183.7987,direct,88221,78851
direct_vs_group_psychosomatic,Rückmeldung,29,212,241,0.3287,2.6886,-2.3599,-3.0107,178.2279,group,88221,78851
direct_vs_group_psychosomatic,Du,272,39,311,3.0832,0.4946,2.5886,2.6243,171.1178,direct,88221,78851
direct_vs_group_psychosomatic,Datum,223,526,749,2.5277,6.6708,-4.1431,-1.3982,162.5409,group,88221,78851
direct_vs_group_psychosomatic,hast,178,12,190,2.0177,0.1522,1.8655,3.6739,155.8387,direct,88221,78851
direct_vs_group_psychosomatic,Hi,144,4,148,1.6323,0.0507,1.5815,4.843,153.1397,direct,88221,78851
direct_vs_group_psychosomatic,MT,0,96,96,0.0,1.2175,-1.2175,-7.7545,144.1661,group,88221,78851
direct_vs_group_psychosomatic,WE,6,121,127,0.068,1.5345,-1.4665,-4.3864,141.0312,group,88221,78851
direct_vs_group_psychosomatic,Thema,38,194,232,0.4307,2.4603,-2.0296,-2.4988,132.967,group,88221,78851
direct_vs_group_psychosomatic,mal,381,109,490,4.3187,1.3824,2.9363,1.6388,130.896,direct,88221,78851
direct_vs_group_psychosomatic,ok,227,38,265,2.5731,0.4819,2.0912,2.4009,129.108,direct,88221,78851
direct_vs_group_psychosomatic,wir,554,206,760,6.2797,2.6125,3.6672,1.2631,128.7622,direct,88221,78851
direct_vs_group_psychosomatic,waren,37,183,220,0.4194,2.3208,-1.9014,-2.4528,122.7552,group,88221,78851
direct_vs_group_psychosomatic,noch,880,426,1306,9.9749,5.4026,4.5724,0.8838,114.3023,direct,88221,78851
direct_vs_group_psychosomatic,Ausgang,7,104,111,0.0793,1.3189,-1.2396,-3.9625,112.8804,group,88221,78851
direct_vs_group_psychosomatic,Ich,548,223,771,6.2117,2.8281,3.3836,1.1332,107.3101,direct,88221,78851
direct_vs_group_psychosomatic,dich,125,9,134,1.4169,0.1141,1.3028,3.5616,107.1679,direct,88221,78851
direct_vs_group_psychosomatic,das,1007,528,1535,11.4145,6.6962,4.7183,0.7688,103.0498,direct,88221,78851
direct_vs_group_psychosomatic,schon,400,142,542,4.5341,1.8009,2.7332,1.3288,100.6677,direct,88221,78851
direct_vs_group_psychosomatic,danke,193,37,230,2.1877,0.4692,1.7184,2.2054,99.1457,direct,88221,78851
direct_vs_group_psychosomatic,Hallo,215,49,264,2.4371,0.6214,1.8156,1.9602,94.8457,direct,88221,78851
direct_vs_group_psychosomatic,Hey,72,0,72,0.8161,0.0,0.8161,7.0179,91.9555,direct,88221,78851
direct_vs_group_psychosomatic,mir,315,103,418,3.5706,1.3063,2.2643,1.446,90.1959,direct,88221,78851
direct_vs_group_psychosomatic,BE,17,109,126,0.1927,1.3824,-1.1897,-2.8075,85.7003,group,88221,78851
direct_vs_group_psychosomatic,Mention_All,0,54,54,0.0,0.6848,-0.6848,-6.9302,81.0934,group,88221,78851
direct_vs_group_psychosomatic,n,5,74,79,0.0567,0.9385,-0.8818,-3.9217,80.2371,group,88221,78851
direct_vs_group_psychosomatic,KT,4,69,73,0.0453,0.8751,-0.8297,-4.111,77.718,group,88221,78851
direct_vs_group_psychosomatic,kannst,135,23,158,1.5302,0.2917,1.2386,2.3656,75.8332,direct,88221,78851
direct_vs_group_psychosomatic,konnte,37,139,176,0.4194,1.7628,-1.3434,-2.0573,74.9767,group,88221,78851
direct_vs_group_psychosomatic,Übergabe,67,188,255,0.7595,2.3842,-1.6248,-1.6436,74.1815,group,88221,78851
direct_vs_group_psychosomatic,bitte,173,337,510,1.961,4.2739,-2.3129,-1.1219,73.7074,group,88221,78851
direct_vs_group_psychosomatic,GT,23,111,134,0.2607,1.4077,-1.147,-2.4083,73.194,group,88221,78851
direct_vs_group_psychosomatic,Themen,7,73,80,0.0793,0.9258,-0.8465,-3.4548,71.0919,group,88221,78851
direct_vs_group_psychosomatic,20,9,76,85,0.102,0.9638,-0.8618,-3.1715,68.1967,group,88221,78851
direct_vs_group_psychosomatic,gerade,193,55,248,2.1877,0.6975,1.4902,1.6398,66.6314,direct,88221,78851
direct_vs_group_psychosomatic,eben,79,6,85,0.8955,0.0761,0.8194,3.4505,66.5292,direct,88221,78851
direct_vs_group_psychosomatic,gleich,97,12,109,1.0995,0.1522,0.9473,2.8015,66.3231,direct,88221,78851
direct_vs_group_psychosomatic,mich,271,98,369,3.0718,1.2429,1.829,1.3008,66.1139,direct,88221,78851
direct_vs_group_psychosomatic,Brief,168,43,211,1.9043,0.5453,1.359,1.7917,65.7682,direct,88221,78851
direct_vs_group_psychosomatic,Z,8,71,79,0.0907,0.9004,-0.8098,-3.2344,65.0389,group,88221,78851
direct_vs_group_psychosomatic,bist,80,7,87,0.9068,0.0888,0.818,3.262,63.9839,direct,88221,78851
direct_vs_group_psychosomatic,aktives,1,48,49,0.0113,0.6087,-0.5974,-5.1769,63.5971,group,88221,78851
direct_vs_group_psychosomatic,so,301,118,419,3.4119,1.4965,1.9154,1.1853,63.4553,direct,88221,78851
direct_vs_group_psychosomatic,es,784,440,1224,8.8868,5.5801,3.3066,0.6706,63.2244,direct,88221,78851
direct_vs_group_psychosomatic,Patient,397,590,987,4.5001,7.4825,-2.9824,-0.733,62.7643,group,88221,78851
direct_vs_group_psychosomatic,Morgen,113,21,134,1.2809,0.2663,1.0145,2.2383,59.4939,direct,88221,78851
direct_vs_group_psychosomatic,Link,117,23,140,1.3262,0.2917,1.0345,2.1599,58.889,direct,88221,78851
direct_vs_group_psychosomatic,am,366,546,912,4.1487,6.9245,-2.7758,-0.7384,58.845,group,88221,78851
direct_vs_group_psychosomatic,Ja,101,17,118,1.1449,0.2156,0.9293,2.3741,57.2246,direct,88221,78851
direct_vs_group_psychosomatic,Umgang,5,57,62,0.0567,0.7229,-0.6662,-3.5481,57.222,group,88221,78851
direct_vs_group_psychosomatic,auch,690,385,1075,7.8213,4.8826,2.9386,0.6789,56.8746,direct,88221,78851
direct_vs_group_psychosomatic,jetzt,283,114,397,3.2079,1.4458,1.7621,1.146,56.5642,direct,88221,78851
direct_vs_group_psychosomatic,gerne,177,54,231,2.0063,0.6848,1.3215,1.5415,55.921,direct,88221,78851
direct_vs_group_psychosomatic,00,58,152,210,0.6574,1.9277,-1.2702,-1.5443,54.8241,group,88221,78851
direct_vs_group_psychosomatic,Guten,96,16,112,1.0882,0.2029,0.8853,2.3861,54.7689,direct,88221,78851
direct_vs_group_psychosomatic,ist,853,507,1360,9.6689,6.4298,3.2391,0.588,54.4354,direct,88221,78851
direct_vs_group_psychosomatic,Depression,6,57,63,0.068,0.7229,-0.6549,-3.307,53.6355,group,88221,78851
direct_vs_group_psychosomatic,einfach,79,10,89,0.8955,0.1268,0.7687,2.7586,53.3601,direct,88221,78851
direct_vs_group_psychosomatic,hab,104,20,124,1.1789,0.2536,0.9252,2.1878,53.292,direct,88221,78851
direct_vs_group_psychosomatic,alle,62,156,218,0.7028,1.9784,-1.2756,-1.4862,53.1336,group,88221,78851
direct_vs_group_psychosomatic,Danke,211,75,286,2.3917,0.9512,1.4406,1.3241,52.9904,direct,88221,78851
direct_vs_group_psychosomatic,Kannst,63,5,68,0.7141,0.0634,0.6507,3.3673,52.246,direct,88221,78851
direct_vs_group_psychosomatic,würde,234,89,323,2.6524,1.1287,1.5237,1.2276,52.2135,direct,88221,78851
direct_vs_group_psychosomatic,bB,3,47,50,0.034,0.5961,-0.5621,-3.9245,51.716,group,88221,78851
direct_vs_group_psychosomatic,Alle,4,50,54,0.0453,0.6341,-0.5888,-3.6503,51.6775,group,88221,78851
direct_vs_group_psychosomatic,Und,71,8,79,0.8048,0.1015,0.7033,2.9104,50.891,direct,88221,78851
direct_vs_group_psychosomatic,Mo,21,86,107,0.238,1.0907,-0.8526,-2.1704,50.0014,group,88221,78851
direct_vs_group_psychosomatic,dann,541,293,834,6.1323,3.7159,2.4165,0.7216,49.6537,direct,88221,78851
direct_vs_group_psychosomatic,Samstag,15,74,89,0.17,0.9385,-0.7685,-2.427,49.5513,group,88221,78851
direct_vs_group_psychosomatic,Kalinor,2,42,44,0.0227,0.5327,-0.51,-4.2495,49.3551,group,88221,78851
direct_vs_group_psychosomatic,Hast,45,1,46,0.5101,0.0127,0.4974,4.7608,49.3385,direct,88221,78851
direct_vs_group_psychosomatic,stabil,4,48,52,0.0453,0.6087,-0.5634,-3.592,48.988,group,88221,78851
direct_vs_group_psychosomatic,machen,176,59,235,1.995,0.7482,1.2467,1.4067,48.5367,direct,88221,78851
direct_vs_group_psychosomatic,fertig,94,18,112,1.0655,0.2283,0.8372,2.1908,48.3332,direct,88221,78851
direct_vs_group_psychosomatic,deine,44,1,45,0.4987,0.0127,0.4861,4.7288,48.1058,direct,88221,78851
direct_vs_group_psychosomatic,vom,36,110,146,0.4081,1.395,-0.987,-1.7601,48.0739,group,88221,78851
direct_vs_group_psychosomatic,Typ,1,37,38,0.0113,0.4692,-0.4579,-4.8058,47.5925,group,88221,78851
direct_vs_group_psychosomatic,eingebracht,1,37,38,0.0113,0.4692,-0.4579,-4.8058,47.5925,group,88221,78851
direct_vs_group_psychosomatic,weißt,37,0,37,0.4194,0.0,0.4194,6.0668,47.2549,direct,88221,78851
direct_vs_group_psychosomatic,Dir,66,8,74,0.7481,0.1015,0.6467,2.8058,45.6102,direct,88221,78851
direct_vs_group_psychosomatic,also,99,22,121,1.1222,0.279,0.8432,1.9828,44.7351,direct,88221,78851
direct_vs_group_psychosomatic,Moin,35,0,35,0.3967,0.0,0.3967,5.9878,44.7006,direct,88221,78851
direct_vs_group_psychosomatic,Klinik,47,123,170,0.5328,1.5599,-1.0272,-1.5405,44.279,group,88221,78851
direct_vs_group_psychosomatic,Bitte,28,92,120,0.3174,1.1668,-0.8494,-1.8605,43.5341,group,88221,78851
direct_vs_group_psychosomatic,klar,112,29,141,1.2695,0.3678,0.9018,1.7691,43.2887,direct,88221,78851
direct_vs_group_psychosomatic,Todo,10,58,68,0.1134,0.7356,-0.6222,-2.64,43.082,group,88221,78851
direct_vs_group_psychosomatic,Fach,33,0,33,0.3741,0.0,0.3741,5.9041,42.1463,direct,88221,78851
direct_vs_group_psychosomatic,RS,7,50,57,0.0793,0.6341,-0.5548,-2.9133,41.5638,group,88221,78851
direct_vs_group_psychosomatic,super,85,18,103,0.9635,0.2283,0.7352,2.0464,40.1396,direct,88221,78851
direct_vs_group_psychosomatic,kurz,133,42,175,1.5076,0.5327,0.9749,1.4893,40.0569,direct,88221,78851
direct_vs_group_psychosomatic,passt,55,6,61,0.6234,0.0761,0.5473,2.932,40.0353,direct,88221,78851
direct_vs_group_psychosomatic,werden,123,220,343,1.3942,2.7901,-1.3958,-0.9983,39.7816,group,88221,78851
direct_vs_group_psychosomatic,Torem,4,41,45,0.0453,0.52,-0.4746,-3.3671,39.6832,group,88221,78851
direct_vs_group_psychosomatic,deinen,31,0,31,0.3514,0.0,0.3514,5.8153,39.5919,direct,88221,78851
direct_vs_group_psychosomatic,hallo,31,0,31,0.3514,0.0,0.3514,5.8153,39.5919,direct,88221,78851
direct_vs_group_psychosomatic,jedoch,14,63,77,0.1587,0.799,-0.6403,-2.2927,39.4718,group,88221,78851
direct_vs_group_psychosomatic,restriktiven,0,26,26,0.0,0.3297,-0.3297,-5.8899,39.045,group,88221,78851
direct_vs_group_psychosomatic,morgen,371,193,564,4.2053,2.4477,1.7577,0.779,38.9392,direct,88221,78851
direct_vs_group_psychosomatic,und,1636,1808,3444,18.5443,22.9293,-4.385,-0.3062,38.7563,group,88221,78851
direct_vs_group_psychosomatic,Könntest,47,4,51,0.5328,0.0507,0.482,3.2379,37.9914,direct,88221,78851
direct_vs_group_psychosomatic,doch,91,22,113,1.0315,0.279,0.7525,1.8619,37.8522,direct,88221,78851
direct_vs_group_psychosomatic,Teil,63,10,73,0.7141,0.1268,0.5873,2.4344,37.158,direct,88221,78851
direct_vs_group_psychosomatic,hattest,35,1,36,0.3967,0.0127,0.384,4.4028,37.0633,direct,88221,78851
direct_vs_group_psychosomatic,M,2,33,35,0.0227,0.4185,-0.3958,-3.9062,36.7791,group,88221,78851
direct_vs_group_psychosomatic,sichten,2,33,35,0.0227,0.4185,-0.3958,-3.9062,36.7791,group,88221,78851
direct_vs_group_psychosomatic,vielleicht,119,37,156,1.3489,0.4692,0.8796,1.5101,36.6302,direct,88221,78851
direct_vs_group_psychosomatic,auf,392,523,915,4.4434,6.6328,-2.1894,-0.5775,36.4117,group,88221,78851
direct_vs_group_psychosomatic,Schmerzen,13,58,71,0.1474,0.7356,-0.5882,-2.2775,36.1029,group,88221,78851
direct_vs_group_psychosomatic,IIÂ°,0,24,24,0.0,0.3044,-0.3044,-5.7767,36.0415,group,88221,78851
direct_vs_group_psychosomatic,Tacrolimus,0,24,24,0.0,0.3044,-0.3044,-5.7767,36.0415,group,88221,78851
direct_vs_group_psychosomatic,bin,205,88,293,2.3237,1.116,1.2077,1.0534,35.8342,direct,88221,78851
direct_vs_group_psychosomatic,sehen,98,27,125,1.1108,0.3424,0.7684,1.6787,35.2587,direct,88221,78851
direct_vs_group_psychosomatic,beteiligt,0,23,23,0.0,0.2917,-0.2917,-5.7166,34.5398,group,88221,78851
direct_vs_group_psychosomatic,magst,27,0,27,0.306,0.0,0.306,5.6194,34.4833,direct,88221,78851
direct_vs_group_psychosomatic,Beschwerden,4,37,41,0.0453,0.4692,-0.4239,-3.2209,34.458,group,88221,78851
direct_vs_group_psychosomatic,habe,722,456,1178,8.184,5.7831,2.4009,0.5004,34.4289,direct,88221,78851
direct_vs_group_psychosomatic,zurückhaltend,2,31,33,0.0227,0.3931,-0.3705,-3.8173,34.0182,group,88221,78851
direct_vs_group_psychosomatic,hatte,222,101,323,2.5164,1.2809,1.2355,0.9703,33.8838,direct,88221,78851
direct_vs_group_psychosomatic,klinisch,0,22,22,0.0,0.279,-0.279,-5.6538,33.0381,group,88221,78851
direct_vs_group_psychosomatic,lg,31,1,32,0.3514,0.0127,0.3387,4.2303,32.1938,direct,88221,78851
direct_vs_group_psychosomatic,eigentlich,78,19,97,0.8841,0.241,0.6432,1.8472,32.1926,direct,88221,78851
direct_vs_group_psychosomatic,nachher,35,2,37,0.3967,0.0254,0.3714,3.6658,32.1431,direct,88221,78851
direct_vs_group_psychosomatic,außer,8,44,52,0.0907,0.558,-0.4673,-2.5503,31.6438,group,88221,78851
direct_vs_group_psychosomatic,könne,8,44,52,0.0907,0.558,-0.4673,-2.5503,31.6438,group,88221,78851
direct_vs_group_psychosomatic,glaube,64,13,77,0.7255,0.1649,0.5606,2.0943,31.3404,direct,88221,78851
direct_vs_group_psychosomatic,gar,52,8,60,0.5894,0.1015,0.488,2.4648,31.3052,direct,88221,78851
direct_vs_group_psychosomatic,oder,299,156,455,3.3892,1.9784,1.4108,0.7744,31.0903,direct,88221,78851
direct_vs_group_psychosomatic,könntest,100,31,131,1.1335,0.3931,0.7404,1.5118,30.9091,direct,88221,78851
direct_vs_group_psychosomatic,nochmal,291,151,442,3.2985,1.915,1.3835,0.7822,30.7894,direct,88221,78851
direct_vs_group_psychosomatic,2,95,170,265,1.0768,2.156,-1.0791,-0.9982,30.7755,group,88221,78851
direct_vs_group_psychosomatic,sei,78,148,226,0.8841,1.877,-0.9928,-1.0817,30.614,group,88221,78851
direct_vs_group_psychosomatic,Kontrolle,17,60,77,0.1927,0.7609,-0.5682,-1.9516,30.5201,group,88221,78851
direct_vs_group_psychosomatic,distanziert,1,25,26,0.0113,0.3171,-0.3057,-4.2495,30.3432,group,88221,78851
direct_vs_group_psychosomatic,&,5,36,41,0.0567,0.4566,-0.3999,-2.8924,30.0429,group,88221,78851
direct_vs_group_psychosomatic,Austausch,5,36,41,0.0567,0.4566,-0.3999,-2.8924,30.0429,group,88221,78851
direct_vs_group_psychosomatic,Anwesenheit,2,28,30,0.0227,0.3551,-0.3324,-3.673,29.9069,group,88221,78851
direct_vs_group_psychosomatic,schreiben,55,10,65,0.6234,0.1268,0.4966,2.2401,29.4491,direct,88221,78851
direct_vs_group_psychosomatic,kein,68,132,200,0.7708,1.674,-0.9033,-1.1138,28.661,group,88221,78851
direct_vs_group_psychosomatic,irgendwie,32,2,34,0.3627,0.0254,0.3374,3.5384,28.6597,direct,88221,78851
direct_vs_group_psychosomatic,VP,0,19,19,0.0,0.241,-0.241,-5.4474,28.5329,group,88221,78851
direct_vs_group_psychosomatic,Sa,7,39,46,0.0793,0.4946,-0.4153,-2.5589,28.2731,group,88221,78851
direct_vs_group_psychosomatic,wolle,7,39,46,0.0793,0.4946,-0.4153,-2.5589,28.2731,group,88221,78851
direct_vs_group_psychosomatic,alles,117,43,160,1.3262,0.5453,0.7809,1.2716,27.7583,direct,88221,78851
direct_vs_group_psychosomatic,Aber,53,10,63,0.6008,0.1268,0.4739,2.1872,27.5744,direct,88221,78851
direct_vs_group_psychosomatic,große,5,34,39,0.0567,0.4312,-0.3745,-2.8111,27.5737,group,88221,78851
direct_vs_group_psychosomatic,Ah,34,3,37,0.3854,0.038,0.3473,3.1392,27.1049,direct,88221,78851
direct_vs_group_psychosomatic,Anwesend,0,18,18,0.0,0.2283,-0.2283,-5.3714,27.0311,group,88221,78851
direct_vs_group_psychosomatic,von,495,605,1100,5.6109,7.6727,-2.0618,-0.4512,26.8351,group,88221,78851
direct_vs_group_psychosomatic,Dich,21,0,21,0.238,0.0,0.238,5.2643,26.8204,direct,88221,78851
direct_vs_group_psychosomatic,ne,21,0,21,0.238,0.0,0.238,5.2643,26.8204,direct,88221,78851
direct_vs_group_psychosomatic,Briefe,30,2,32,0.3401,0.0254,0.3147,3.4468,26.3556,direct,88221,78851
direct_vs_group_psychosomatic,PCR,28,73,101,0.3174,0.9258,-0.6084,-1.5288,26.1429,group,88221,78851
direct_vs_group_psychosomatic,Studie,49,9,58,0.5554,0.1141,0.4413,2.2194,26.0334,direct,88221,78851
direct_vs_group_psychosomatic,wollte,107,39,146,1.2129,0.4946,0.7183,1.2824,25.7536,direct,88221,78851
direct_vs_group_psychosomatic,okay,20,0,20,0.2267,0.0,0.2267,5.1956,25.5432,direct,88221,78851
direct_vs_group_psychosomatic,kaum,4,30,34,0.0453,0.3805,-0.3351,-2.9228,25.5302,group,88221,78851
direct_vs_group_psychosomatic,L,0,17,17,0.0,0.2156,-0.2156,-5.2913,25.5294,group,88221,78851
direct_vs_group_psychosomatic,brachte,0,17,17,0.0,0.2156,-0.2156,-5.2913,25.5294,group,88221,78851
direct_vs_group_psychosomatic,Angst,16,53,69,0.1814,0.6722,-0.4908,-1.8591,25.2933,group,88221,78851
direct_vs_group_psychosomatic,starke,5,32,37,0.0567,0.4058,-0.3492,-2.7249,25.1347,group,88221,78851
direct_vs_group_psychosomatic,Schmerz,1,21,22,0.0113,0.2663,-0.255,-4.0033,24.6776,group,88221,78851
direct_vs_group_psychosomatic,1,145,219,364,1.6436,2.7774,-1.1338,-0.7552,24.6051,group,88221,78851
direct_vs_group_psychosomatic,verlassen,2,24,26,0.0227,0.3044,-0.2817,-3.4548,24.494,group,88221,78851
direct_vs_group_psychosomatic,sag,19,0,19,0.2154,0.0,0.2154,5.1234,24.266,direct,88221,78851
direct_vs_group_psychosomatic,Alles,28,2,30,0.3174,0.0254,0.292,3.349,24.0681,direct,88221,78851
direct_vs_group_psychosomatic,Hashtag_Schmerzedukation,0,16,16,0.0,0.2029,-0.2029,-5.2064,24.0277,group,88221,78851
direct_vs_group_psychosomatic,LTX,0,16,16,0.0,0.2029,-0.2029,-5.2064,24.0277,group,88221,78851
direct_vs_group_psychosomatic,Tac,0,16,16,0.0,0.2029,-0.2029,-5.2064,24.0277,group,88221,78851
direct_vs_group_psychosomatic,vergessen,42,7,49,0.4761,0.0888,0.3873,2.3405,23.9614,direct,88221,78851
direct_vs_group_psychosomatic,Kalium,5,31,36,0.0567,0.3931,-0.3365,-2.6798,23.9276,group,88221,78851
direct_vs_group_psychosomatic,ah,31,3,34,0.3514,0.038,0.3133,3.0079,23.8035,direct,88221,78851
direct_vs_group_psychosomatic,Stimmung,9,39,48,0.102,0.4946,-0.3926,-2.2178,23.7344,group,88221,78851
direct_vs_group_psychosomatic,den,577,375,952,6.5404,4.7558,1.7846,0.459,23.5064,direct,88221,78851
direct_vs_group_psychosomatic,Bin,39,6,45,0.4421,0.0761,0.366,2.4413,23.4789,direct,88221,78851
direct_vs_group_psychosomatic,entschuldigt,1,20,21,0.0113,0.2536,-0.2423,-3.9346,23.2711,group,88221,78851
direct_vs_group_psychosomatic,über,144,215,359,1.6323,2.7267,-1.0944,-0.7386,23.238,group,88221,78851
direct_vs_group_psychosomatic,anrufen,61,16,77,0.6914,0.2029,0.4885,1.7361,23.2378,direct,88221,78851
direct_vs_group_psychosomatic,fühle,4,28,32,0.0453,0.3551,-0.3098,-2.825,23.0438,group,88221,78851
direct_vs_group_psychosomatic,Desktop,18,0,18,0.204,0.0,0.204,5.0475,22.9889,direct,88221,78851
direct_vs_group_psychosomatic,dein,18,0,18,0.204,0.0,0.204,5.0475,22.9889,direct,88221,78851
direct_vs_group_psychosomatic,hey,18,0,18,0.204,0.0,0.204,5.0475,22.9889,direct,88221,78851
direct_vs_group_psychosomatic,per,18,0,18,0.204,0.0,0.204,5.0475,22.9889,direct,88221,78851
direct_vs_group_psychosomatic,termin,18,0,18,0.204,0.0,0.204,5.0475,22.9889,direct,88221,78851
direct_vs_group_psychosomatic,geht,137,60,197,1.5529,0.7609,0.792,1.0224,22.8885,direct,88221,78851
direct_vs_group_psychosomatic,Spiegel,10,40,50,0.1134,0.5073,-0.3939,-2.1095,22.8005,group,88221,78851
direct_vs_group_psychosomatic,Zi,5,30,35,0.0567,0.3805,-0.3238,-2.6333,22.7295,group,88221,78851
direct_vs_group_psychosomatic,bisschen,30,3,33,0.3401,0.038,0.302,2.9614,22.714,direct,88221,78851
direct_vs_group_psychosomatic,12,97,36,133,1.0995,0.4566,0.643,1.2555,22.6212,direct,88221,78851
direct_vs_group_psychosomatic,eigenen,6,32,38,0.068,0.4058,-0.3378,-2.4839,22.57,group,88221,78851
direct_vs_group_psychosomatic,Termin,138,61,199,1.5643,0.7736,0.7906,1.0092,22.5669,direct,88221,78851
direct_vs_group_psychosomatic,offen,11,41,52,0.1247,0.52,-0.3953,-2.0135,21.9569,group,88221,78851
direct_vs_group_psychosomatic,gewesen,17,51,68,0.1927,0.6468,-0.4541,-1.7192,21.8224,group,88221,78851
direct_vs_group_psychosomatic,App,26,2,28,0.2947,0.0254,0.2694,3.244,21.7998,direct,88221,78851
direct_vs_group_psychosomatic,Hab,26,2,28,0.2947,0.0254,0.2694,3.244,21.7998,direct,88221,78851
direct_vs_group_psychosomatic,schau,17,0,17,0.1927,0.0,0.1927,4.9673,21.7117,direct,88221,78851
direct_vs_group_psychosomatic,liebe,61,17,78,0.6914,0.2156,0.4758,1.6512,21.6454,direct,88221,78851
direct_vs_group_psychosomatic,angesetzt,7,33,40,0.0793,0.4185,-0.3392,-2.3212,21.3991,group,88221,78851
direct_vs_group_psychosomatic,BIA,22,1,23,0.2494,0.0127,0.2367,3.7449,21.3724,direct,88221,78851
direct_vs_group_psychosomatic,Übelkeit,3,24,27,0.034,0.3044,-0.2704,-2.9693,21.0361,group,88221,78851
direct_vs_group_psychosomatic,PSYCHE,0,14,14,0.0,0.1776,-0.1776,-5.02,21.0242,group,88221,78851
direct_vs_group_psychosomatic,SOMA,0,14,14,0.0,0.1776,-0.1776,-5.02,21.0242,group,88221,78851
direct_vs_group_psychosomatic,aktiven,0,14,14,0.0,0.1776,-0.1776,-5.02,21.0242,group,88221,78851
direct_vs_group_psychosomatic,Ösophagusvarizen,0,14,14,0.0,0.1776,-0.1776,-5.02,21.0242,group,88221,78851
direct_vs_group_psychosomatic,Das,111,46,157,1.2582,0.5834,0.6748,1.0997,20.9338,direct,88221,78851
direct_vs_group_psychosomatic,wegen,127,56,183,1.4396,0.7102,0.7294,1.0122,20.8871,direct,88221,78851
direct_vs_group_psychosomatic,nur,209,111,320,2.3691,1.4077,0.9613,0.7479,20.5044,direct,88221,78851
direct_vs_group_psychosomatic,Entlassung,30,69,99,0.3401,0.8751,-0.535,-1.3502,20.479,group,88221,78851
direct_vs_group_psychosomatic,Atosil,1,18,19,0.0113,0.2283,-0.2169,-3.7865,20.473,group,88221,78851
direct_vs_group_psychosomatic,Hintergrund,1,18,19,0.0113,0.2283,-0.2169,-3.7865,20.473,group,88221,78851
direct_vs_group_psychosomatic,Bist,16,0,16,0.1814,0.0,0.1814,4.8824,20.4346,direct,88221,78851
direct_vs_group_psychosomatic,Können,16,0,16,0.1814,0.0,0.1814,4.8824,20.4346,direct,88221,78851
direct_vs_group_psychosomatic,deinem,16,0,16,0.1814,0.0,0.1814,4.8824,20.4346,direct,88221,78851
direct_vs_group_psychosomatic,hi,16,0,16,0.1814,0.0,0.1814,4.8824,20.4346,direct,88221,78851
direct_vs_group_psychosomatic,tgl,8,34,42,0.0907,0.4312,-0.3405,-2.1831,20.3754,group,88221,78851
direct_vs_group_psychosomatic,da,446,284,730,5.0555,3.6017,1.4538,0.4882,20.3613,direct,88221,78851
direct_vs_group_psychosomatic,a,44,88,132,0.4987,1.116,-0.6173,-1.1539,20.3075,group,88221,78851
direct_vs_group_psychosomatic,Vielleicht,47,11,58,0.5328,0.1395,0.3932,1.8843,20.2017,direct,88221,78851
direct_vs_group_psychosomatic,Ok,55,15,70,0.6234,0.1902,0.4332,1.6782,20.0285,direct,88221,78851
direct_vs_group_psychosomatic,weiterhin,16,47,63,0.1814,0.5961,-0.4147,-1.6875,19.6176,group,88221,78851
direct_vs_group_psychosomatic,geschrieben,35,6,41,0.3967,0.0761,0.3206,2.2873,19.5735,direct,88221,78851
direct_vs_group_psychosomatic,Atmosphäre,0,13,13,0.0,0.1649,-0.1649,-4.9169,19.5225,group,88221,78851
direct_vs_group_psychosomatic,Hashtag_PsychÜbergabe,0,13,13,0.0,0.1649,-0.1649,-4.9169,19.5225,group,88221,78851
direct_vs_group_psychosomatic,Wilson,0,13,13,0.0,0.1649,-0.1649,-4.9169,19.5225,group,88221,78851
direct_vs_group_psychosomatic,doâs,0,13,13,0.0,0.1649,-0.1649,-4.9169,19.5225,group,88221,78851
direct_vs_group_psychosomatic,viel,66,115,181,0.7481,1.4584,-0.7103,-0.9585,19.5043,group,88221,78851
direct_vs_group_psychosomatic,D,44,10,54,0.4987,0.1268,0.3719,1.9214,19.4624,direct,88221,78851
direct_vs_group_psychosomatic,aktiv,4,25,29,0.0453,0.3171,-0.2717,-2.6645,19.3829,group,88221,78851
direct_vs_group_psychosomatic,LG,48,12,60,0.5441,0.1522,0.3919,1.7941,19.2761,direct,88221,78851
direct_vs_group_psychosomatic,denn,48,12,60,0.5441,0.1522,0.3919,1.7941,19.2761,direct,88221,78851
direct_vs_group_psychosomatic,wirkte,5,27,32,0.0567,0.3424,-0.2857,-2.4839,19.195,group,88221,78851
direct_vs_group_psychosomatic,Reducto,2,20,22,0.0227,0.2536,-0.231,-3.1976,19.1849,group,88221,78851
direct_vs_group_psychosomatic,meinst,15,0,15,0.17,0.0,0.17,4.7922,19.1574,direct,88221,78851
direct_vs_group_psychosomatic,ruf,15,0,15,0.17,0.0,0.17,4.7922,19.1574,direct,88221,78851
direct_vs_group_psychosomatic,0,69,118,187,0.7821,1.4965,-0.7144,-0.9318,19.0818,group,88221,78851
direct_vs_group_psychosomatic,uhr,20,1,21,0.2267,0.0127,0.214,3.6106,19.0043,direct,88221,78851
direct_vs_group_psychosomatic,v,11,38,49,0.1247,0.4819,-0.3572,-1.9052,18.9263,group,88221,78851
direct_vs_group_psychosomatic,Mail,29,4,33,0.3287,0.0507,0.278,2.5507,18.6686,direct,88221,78851
direct_vs_group_psychosomatic,rein,29,4,33,0.3287,0.0507,0.278,2.5507,18.6686,direct,88221,78851
direct_vs_group_psychosomatic,dies,10,36,46,0.1134,0.4566,-0.3432,-1.9595,18.6639,group,88221,78851
direct_vs_group_psychosomatic,Gesprächstherapie,3,22,25,0.034,0.279,-0.245,-2.8465,18.5233,group,88221,78851
direct_vs_group_psychosomatic,finde,45,11,56,0.5101,0.1395,0.3706,1.8222,18.5051,direct,88221,78851
direct_vs_group_psychosomatic,grade,23,2,25,0.2607,0.0254,0.2353,3.0707,18.4397,direct,88221,78851
direct_vs_group_psychosomatic,Sonntag,8,32,40,0.0907,0.4058,-0.3151,-2.0969,18.2404,group,88221,78851
direct_vs_group_psychosomatic,kriegt,8,32,40,0.0907,0.4058,-0.3151,-2.0969,18.2404,group,88221,78851
direct_vs_group_psychosomatic,HCC,0,12,12,0.0,0.1522,-0.1522,-4.8058,18.0208,group,88221,78851
direct_vs_group_psychosomatic,Klärung,0,12,12,0.0,0.1522,-0.1522,-4.8058,18.0208,group,88221,78851
direct_vs_group_psychosomatic,Ligaturen,0,12,12,0.0,0.1522,-0.1522,-4.8058,18.0208,group,88221,78851
direct_vs_group_psychosomatic,Pfortaderthrombose,0,12,12,0.0,0.1522,-0.1522,-4.8058,18.0208,group,88221,78851
direct_vs_group_psychosomatic,Polytox,0,12,12,0.0,0.1522,-0.1522,-4.8058,18.0208,group,88221,78851
direct_vs_group_psychosomatic,Spiel,0,12,12,0.0,0.1522,-0.1522,-4.8058,18.0208,group,88221,78851
direct_vs_group_psychosomatic,Zusammen,0,12,12,0.0,0.1522,-0.1522,-4.8058,18.0208,group,88221,78851
direct_vs_group_psychosomatic,blutigem,0,12,12,0.0,0.1522,-0.1522,-4.8058,18.0208,group,88221,78851
direct_vs_group_psychosomatic,ethyltox,0,12,12,0.0,0.1522,-0.1522,-4.8058,18.0208,group,88221,78851
direct_vs_group_psychosomatic,Ösophagusvarizenblutung,0,12,12,0.0,0.1522,-0.1522,-4.8058,18.0208,group,88221,78851
direct_vs_group_psychosomatic,Hättest,14,0,14,0.1587,0.0,0.1587,4.696,17.8802,direct,88221,78851
direct_vs_group_psychosomatic,al,14,0,14,0.1587,0.0,0.1587,4.696,17.8802,direct,88221,78851
direct_vs_group_psychosomatic,et,14,0,14,0.1587,0.0,0.1587,4.696,17.8802,direct,88221,78851
direct_vs_group_psychosomatic,glaub,14,0,14,0.1587,0.0,0.1587,4.696,17.8802,direct,88221,78851
direct_vs_group_psychosomatic,rüber,14,0,14,0.1587,0.0,0.1587,4.696,17.8802,direct,88221,78851
direct_vs_group_psychosomatic,ggü,2,19,21,0.0227,0.241,-0.2183,-3.1255,17.8785,group,88221,78851
direct_vs_group_psychosomatic,meine,48,13,61,0.5441,0.1649,0.3792,1.683,17.6235,direct,88221,78851
direct_vs_group_psychosomatic,uns,139,68,207,1.5756,0.8624,0.7132,0.8641,17.534,direct,88221,78851
direct_vs_group_psychosomatic,Konsil,48,89,137,0.5441,1.1287,-0.5846,-1.0459,17.4954,group,88221,78851
direct_vs_group_psychosomatic,gelbe,15,43,58,0.17,0.5453,-0.3753,-1.6507,17.4251,group,88221,78851
direct_vs_group_psychosomatic,Karte,17,46,63,0.1927,0.5834,-0.3907,-1.5719,17.3206,group,88221,78851
direct_vs_group_psychosomatic,Grenzen,3,21,24,0.034,0.2663,-0.2323,-2.7809,17.2828,group,88221,78851
direct_vs_group_psychosomatic,einlassen,3,21,24,0.034,0.2663,-0.2323,-2.7809,17.2828,group,88221,78851
direct_vs_group_psychosomatic,geben,68,24,92,0.7708,0.3044,0.4664,1.3213,17.2789,direct,88221,78851
direct_vs_group_psychosomatic,11,73,27,100,0.8275,0.3424,0.485,1.2563,17.1276,direct,88221,78851
direct_vs_group_psychosomatic,Neuaufnahme,30,5,35,0.3401,0.0634,0.2766,2.3093,17.1153,direct,88221,78851
direct_vs_group_psychosomatic,Konflikt,4,23,27,0.0453,0.2917,-0.2463,-2.5467,16.9963,group,88221,78851
direct_vs_group_psychosomatic,behandelt,4,23,27,0.0453,0.2917,-0.2463,-2.5467,16.9963,group,88221,78851
direct_vs_group_psychosomatic,Phosphat,6,27,33,0.068,0.3424,-0.2744,-2.2429,16.9165,group,88221,78851
direct_vs_group_psychosomatic,wäre,180,97,277,2.0403,1.2302,0.8102,0.7265,16.8092,direct,88221,78851
direct_vs_group_psychosomatic,Da,60,20,80,0.6801,0.2536,0.4265,1.3993,16.6906,direct,88221,78851
direct_vs_group_psychosomatic,wenn,307,189,496,3.4799,2.3969,1.083,0.5364,16.6565,direct,88221,78851
direct_vs_group_psychosomatic,deiner,18,1,19,0.204,0.0127,0.1914,3.4625,16.6553,direct,88221,78851
direct_vs_group_psychosomatic,forticreme,18,1,19,0.204,0.0127,0.1914,3.4625,16.6553,direct,88221,78851
direct_vs_group_psychosomatic,siehst,18,1,19,0.204,0.0127,0.1914,3.4625,16.6553,direct,88221,78851
direct_vs_group_psychosomatic,verschieben,18,1,19,0.204,0.0127,0.1914,3.4625,16.6553,direct,88221,78851
direct_vs_group_psychosomatic,übrigens,18,1,19,0.204,0.0127,0.1914,3.4625,16.6553,direct,88221,78851
direct_vs_group_psychosomatic,weg,27,4,31,0.306,0.0507,0.2553,2.4494,16.6486,direct,88221,78851
direct_vs_group_psychosomatic,Weißt,13,0,13,0.1474,0.0,0.1474,4.5929,16.6031,direct,88221,78851
direct_vs_group_psychosomatic,Wollen,13,0,13,0.1474,0.0,0.1474,4.5929,16.6031,direct,88221,78851
direct_vs_group_psychosomatic,kommst,13,0,13,0.1474,0.0,0.1474,4.5929,16.6031,direct,88221,78851
direct_vs_group_psychosomatic,möchte,71,116,187,0.8048,1.4711,-0.6663,-0.8663,16.5778,group,88221,78851
direct_vs_group_psychosomatic,Hashtag_Übergabe,0,11,11,0.0,0.1395,-0.1395,-4.6856,16.519,group,88221,78851
direct_vs_group_psychosomatic,Selbstvertrauen,0,11,11,0.0,0.1395,-0.1395,-4.6856,16.519,group,88221,78851
direct_vs_group_psychosomatic,Ton,0,11,11,0.0,0.1395,-0.1395,-4.6856,16.519,group,88221,78851
direct_vs_group_psychosomatic,Werke,0,11,11,0.0,0.1395,-0.1395,-4.6856,16.519,group,88221,78851
direct_vs_group_psychosomatic,gemischte,0,11,11,0.0,0.1395,-0.1395,-4.6856,16.519,group,88221,78851
direct_vs_group_psychosomatic,teilgenommen,0,11,11,0.0,0.1395,-0.1395,-4.6856,16.519,group,88221,78851
direct_vs_group_psychosomatic,zuerst,0,11,11,0.0,0.1395,-0.1395,-4.6856,16.519,group,88221,78851
direct_vs_group_psychosomatic,gesehen,82,33,115,0.9295,0.4185,0.511,1.1382,16.4212,direct,88221,78851
direct_vs_group_psychosomatic,Liebes,1,15,16,0.0113,0.1902,-0.1789,-3.5312,16.3218,group,88221,78851
direct_vs_group_psychosomatic,Modul,1,15,16,0.0113,0.1902,-0.1789,-3.5312,16.3218,group,88221,78851
direct_vs_group_psychosomatic,hohe,1,15,16,0.0113,0.1902,-0.1789,-3.5312,16.3218,group,88221,78851
direct_vs_group_psychosomatic,mache,52,16,68,0.5894,0.2029,0.3865,1.5079,16.2391,direct,88221,78851
direct_vs_group_psychosomatic,einmal,101,45,146,1.1449,0.5707,0.5742,0.9955,16.2118,direct,88221,78851
direct_vs_group_psychosomatic,komme,40,10,50,0.4534,0.1268,0.3266,1.7855,16.0634,direct,88221,78851
direct_vs_group_psychosomatic,gesteigert,7,28,35,0.0793,0.3551,-0.2758,-2.088,15.9604,group,88221,78851
direct_vs_group_psychosomatic,mg,13,38,51,0.1474,0.4819,-0.3346,-1.6739,15.7678,group,88221,78851
direct_vs_group_psychosomatic,wurde,74,118,192,0.8388,1.4965,-0.6577,-0.8316,15.7189,group,88221,78851
direct_vs_group_psychosomatic,legen,26,4,30,0.2947,0.0507,0.244,2.396,15.6526,direct,88221,78851
direct_vs_group_psychosomatic,Raum,19,47,66,0.2154,0.5961,-0.3807,-1.4464,15.6155,group,88221,78851
direct_vs_group_psychosomatic,erst,109,51,160,1.2355,0.6468,0.5887,0.9263,15.5031,direct,88221,78851
direct_vs_group_psychosomatic,Na,17,1,18,0.1927,0.0127,0.18,3.3823,15.4893,direct,88221,78851
direct_vs_group_psychosomatic,angefangen,17,1,18,0.1927,0.0127,0.18,3.3823,15.4893,direct,88221,78851
direct_vs_group_psychosomatic,Fragebogen,12,0,12,0.136,0.0,0.136,4.4819,15.3259,direct,88221,78851
direct_vs_group_psychosomatic,Sag,12,0,12,0.136,0.0,0.136,4.4819,15.3259,direct,88221,78851
direct_vs_group_psychosomatic,brief,12,0,12,0.136,0.0,0.136,4.4819,15.3259,direct,88221,78851
direct_vs_group_psychosomatic,denkst,12,0,12,0.136,0.0,0.136,4.4819,15.3259,direct,88221,78851
direct_vs_group_psychosomatic,doctalk,12,0,12,0.136,0.0,0.136,4.4819,15.3259,direct,88221,78851
direct_vs_group_psychosomatic,gucken,12,0,12,0.136,0.0,0.136,4.4819,15.3259,direct,88221,78851
direct_vs_group_psychosomatic,irgendwann,12,0,12,0.136,0.0,0.136,4.4819,15.3259,direct,88221,78851
direct_vs_group_psychosomatic,/,39,74,113,0.4421,0.9385,-0.4964,-1.0774,15.307,group,88221,78851
direct_vs_group_psychosomatic,bringt,2,17,19,0.0227,0.2156,-0.1929,-2.9693,15.2969,group,88221,78851
direct_vs_group_psychosomatic,0ml,0,10,10,0.0,0.1268,-0.1268,-4.5543,15.0173,group,88221,78851
direct_vs_group_psychosomatic,Beteiligung,0,10,10,0.0,0.1268,-0.1268,-4.5543,15.0173,group,88221,78851
direct_vs_group_psychosomatic,Brausetbl,0,10,10,0.0,0.1268,-0.1268,-4.5543,15.0173,group,88221,78851
direct_vs_group_psychosomatic,Dilatation,0,10,10,0.0,0.1268,-0.1268,-4.5543,15.0173,group,88221,78851
direct_vs_group_psychosomatic,Entlastung,0,10,10,0.0,0.1268,-0.1268,-4.5543,15.0173,group,88221,78851
direct_vs_group_psychosomatic,Kritik,0,10,10,0.0,0.1268,-0.1268,-4.5543,15.0173,group,88221,78851
direct_vs_group_psychosomatic,Tramal,0,10,10,0.0,0.1268,-0.1268,-4.5543,15.0173,group,88221,78851
direct_vs_group_psychosomatic,unbeteiligt,0,10,10,0.0,0.1268,-0.1268,-4.5543,15.0173,group,88221,78851
direct_vs_group_psychosomatic,würdigen,0,10,10,0.0,0.1268,-0.1268,-4.5543,15.0173,group,88221,78851
direct_vs_group_psychosomatic,äußert,0,10,10,0.0,0.1268,-0.1268,-4.5543,15.0173,group,88221,78851
direct_vs_group_psychosomatic,Achtung,1,14,15,0.0113,0.1776,-0.1662,-3.435,14.9535,group,88221,78851
direct_vs_group_psychosomatic,Berichtet,1,14,15,0.0113,0.1776,-0.1662,-3.435,14.9535,group,88221,78851
direct_vs_group_psychosomatic,SKT,1,14,15,0.0113,0.1776,-0.1662,-3.435,14.9535,group,88221,78851
direct_vs_group_psychosomatic,muss,126,63,189,1.4282,0.799,0.6293,0.8323,14.9287,direct,88221,78851
direct_vs_group_psychosomatic,wirkt,7,27,34,0.0793,0.3424,-0.2631,-2.0365,14.9122,group,88221,78851
direct_vs_group_psychosomatic,Ergebnis,3,19,22,0.034,0.241,-0.207,-2.64,14.8388,group,88221,78851
direct_vs_group_psychosomatic,Schwierigkeiten,6,25,31,0.068,0.3171,-0.249,-2.134,14.7439,group,88221,78851
direct_vs_group_psychosomatic,allen,6,25,31,0.068,0.3171,-0.249,-2.134,14.7439,group,88221,78851
direct_vs_group_psychosomatic,ihr,422,282,704,4.7834,3.5764,1.2071,0.4187,14.5253,direct,88221,78851
direct_vs_group_psychosomatic,hoffe,42,12,54,0.4761,0.1522,0.3239,1.6035,14.4532,direct,88221,78851
direct_vs_group_psychosomatic,Gruß,16,1,17,0.1814,0.0127,0.1687,3.2974,14.3299,direct,88221,78851
direct_vs_group_psychosomatic,Namen,16,1,17,0.1814,0.0127,0.1687,3.2974,14.3299,direct,88221,78851
direct_vs_group_psychosomatic,freigegeben,16,1,17,0.1814,0.0127,0.1687,3.2974,14.3299,direct,88221,78851
direct_vs_group_psychosomatic,hoffentlich,16,1,17,0.1814,0.0127,0.1687,3.2974,14.3299,direct,88221,78851
direct_vs_group_psychosomatic,schönes,16,1,17,0.1814,0.0127,0.1687,3.2974,14.3299,direct,88221,78851
direct_vs_group_psychosomatic,woche,16,1,17,0.1814,0.0127,0.1687,3.2974,14.3299,direct,88221,78851
direct_vs_group_psychosomatic,ob,203,118,321,2.301,1.4965,0.8045,0.6181,14.2455,direct,88221,78851
direct_vs_group_psychosomatic,fehlt,19,2,21,0.2154,0.0254,0.19,2.8015,14.0608,direct,88221,78851
direct_vs_group_psychosomatic,gelesen,19,2,21,0.2154,0.0254,0.19,2.8015,14.0608,direct,88221,78851
direct_vs_group_psychosomatic,inkl,19,2,21,0.2154,0.0254,0.19,2.8015,14.0608,direct,88221,78851
direct_vs_group_psychosomatic,Download,11,0,11,0.1247,0.0,0.1247,4.3616,14.0488,direct,88221,78851
direct_vs_group_psychosomatic,Rufst,11,0,11,0.1247,0.0,0.1247,4.3616,14.0488,direct,88221,78851
direct_vs_group_psychosomatic,off,11,0,11,0.1247,0.0,0.1247,4.3616,14.0488,direct,88221,78851
direct_vs_group_psychosomatic,Insgesamt,2,16,18,0.0227,0.2029,-0.1802,-2.8845,14.024,group,88221,78851
direct_vs_group_psychosomatic,Leberzirrhose,2,16,18,0.0227,0.2029,-0.1802,-2.8845,14.024,group,88221,78851
direct_vs_group_psychosomatic,einbringen,2,16,18,0.0227,0.2029,-0.1802,-2.8845,14.024,group,88221,78851
direct_vs_group_psychosomatic,folgende,2,16,18,0.0227,0.2029,-0.1802,-2.8845,14.024,group,88221,78851
direct_vs_group_psychosomatic,BEX,7,26,33,0.0793,0.3297,-0.2504,-1.983,13.8794,group,88221,78851
direct_vs_group_psychosomatic,Uhr,167,93,260,1.893,1.1794,0.7135,0.6791,13.8655,direct,88221,78851
direct_vs_group_psychosomatic,meinen,31,7,38,0.3514,0.0888,0.2626,1.9084,13.7975,direct,88221,78851
direct_vs_group_psychosomatic,Hause,10,31,41,0.1134,0.3931,-0.2798,-1.747,13.7712,group,88221,78851
direct_vs_group_psychosomatic,Suizidalität,34,65,99,0.3854,0.8243,-0.4389,-1.0869,13.665,group,88221,78851
direct_vs_group_psychosomatic,was,211,125,336,2.3917,1.5853,0.8065,0.591,13.6608,direct,88221,78851
direct_vs_group_psychosomatic,Frustration,3,18,21,0.034,0.2283,-0.1943,-2.5641,13.6377,group,88221,78851
direct_vs_group_psychosomatic,fallend,3,18,21,0.034,0.2283,-0.1943,-2.5641,13.6377,group,88221,78851
direct_vs_group_psychosomatic,einen,234,142,376,2.6524,1.8009,0.8516,0.5566,13.5951,direct,88221,78851
direct_vs_group_psychosomatic,Gabe,1,13,14,0.0113,0.1649,-0.1535,-3.3319,13.5947,group,88221,78851
direct_vs_group_psychosomatic,Tachykardie,1,13,14,0.0113,0.1649,-0.1535,-3.3319,13.5947,group,88221,78851
direct_vs_group_psychosomatic,Werk,1,13,14,0.0113,0.1649,-0.1535,-3.3319,13.5947,group,88221,78851
direct_vs_group_psychosomatic,schien,1,13,14,0.0113,0.1649,-0.1535,-3.3319,13.5947,group,88221,78851
direct_vs_group_psychosomatic,konnten,5,22,27,0.0567,0.279,-0.2223,-2.1944,13.5489,group,88221,78851
direct_vs_group_psychosomatic,ebenfalls,4,20,24,0.0453,0.2536,-0.2083,-2.3496,13.5163,group,88221,78851
direct_vs_group_psychosomatic,Abendessen,0,9,9,0.0,0.1141,-0.1141,-4.4099,13.5156,group,88221,78851
direct_vs_group_psychosomatic,Eating,0,9,9,0.0,0.1141,-0.1141,-4.4099,13.5156,group,88221,78851
direct_vs_group_psychosomatic,Fraxiparin,0,9,9,0.0,0.1141,-0.1141,-4.4099,13.5156,group,88221,78851
direct_vs_group_psychosomatic,Kapseln,0,9,9,0.0,0.1141,-0.1141,-4.4099,13.5156,group,88221,78851
direct_vs_group_psychosomatic,Kultur,0,9,9,0.0,0.1141,-0.1141,-4.4099,13.5156,group,88221,78851
direct_vs_group_psychosomatic,Leberkapselschmerz,0,9,9,0.0,0.1141,-0.1141,-4.4099,13.5156,group,88221,78851
direct_vs_group_psychosomatic,Mitleid,0,9,9,0.0,0.1141,-0.1141,-4.4099,13.5156,group,88221,78851
direct_vs_group_psychosomatic,Myoklonien,0,9,9,0.0,0.1141,-0.1141,-4.4099,13.5156,group,88221,78851
direct_vs_group_psychosomatic,Persönlichkeitsstrg,0,9,9,0.0,0.1141,-0.1141,-4.4099,13.5156,group,88221,78851
direct_vs_group_psychosomatic,Refluxösophagitis,0,9,9,0.0,0.1141,-0.1141,-4.4099,13.5156,group,88221,78851
direct_vs_group_psychosomatic,Trpf,0,9,9,0.0,0.1141,-0.1141,-4.4099,13.5156,group,88221,78851
direct_vs_group_psychosomatic,abgemacht,0,9,9,0.0,0.1141,-0.1141,-4.4099,13.5156,group,88221,78851
direct_vs_group_psychosomatic,absprachefähig,0,9,9,0.0,0.1141,-0.1141,-4.4099,13.5156,group,88221,78851
direct_vs_group_psychosomatic,außerhalb,0,9,9,0.0,0.1141,-0.1141,-4.4099,13.5156,group,88221,78851
direct_vs_group_psychosomatic,depress,0,9,9,0.0,0.1141,-0.1141,-4.4099,13.5156,group,88221,78851
direct_vs_group_psychosomatic,festere,0,9,9,0.0,0.1141,-0.1141,-4.4099,13.5156,group,88221,78851
direct_vs_group_psychosomatic,hypokaliäm,0,9,9,0.0,0.1141,-0.1141,-4.4099,13.5156,group,88221,78851
direct_vs_group_psychosomatic,induz,0,9,9,0.0,0.1141,-0.1141,-4.4099,13.5156,group,88221,78851
direct_vs_group_psychosomatic,klinische,0,9,9,0.0,0.1141,-0.1141,-4.4099,13.5156,group,88221,78851
direct_vs_group_psychosomatic,li,0,9,9,0.0,0.1141,-0.1141,-4.4099,13.5156,group,88221,78851
direct_vs_group_psychosomatic,passiv,0,9,9,0.0,0.1141,-0.1141,-4.4099,13.5156,group,88221,78851
direct_vs_group_psychosomatic,samstag,0,9,9,0.0,0.1141,-0.1141,-4.4099,13.5156,group,88221,78851
direct_vs_group_psychosomatic,seither,0,9,9,0.0,0.1141,-0.1141,-4.4099,13.5156,group,88221,78851
direct_vs_group_psychosomatic,spüren,0,9,9,0.0,0.1141,-0.1141,-4.4099,13.5156,group,88221,78851
direct_vs_group_psychosomatic,verlässt,0,9,9,0.0,0.1141,-0.1141,-4.4099,13.5156,group,88221,78851
direct_vs_group_psychosomatic,ÖGDs,0,9,9,0.0,0.1141,-0.1141,-4.4099,13.5156,group,88221,78851
direct_vs_group_psychosomatic,Ösophagusstenose,0,9,9,0.0,0.1141,-0.1141,-4.4099,13.5156,group,88221,78851
direct_vs_group_psychosomatic,eine,441,300,741,4.9988,3.8046,1.1942,0.3931,13.4965,direct,88221,78851
direct_vs_group_psychosomatic,schauen,50,17,67,0.5668,0.2156,0.3512,1.3669,13.4901,direct,88221,78851
direct_vs_group_psychosomatic,anderen,47,81,128,0.5328,1.0273,-0.4945,-0.9409,13.3615,group,88221,78851
direct_vs_group_psychosomatic,drüber,21,3,24,0.238,0.038,0.2,2.4569,13.2406,direct,88221,78851
direct_vs_group_psychosomatic,Deine,15,1,16,0.17,0.0127,0.1573,3.2072,13.1778,direct,88221,78851
direct_vs_group_psychosomatic,ft3,15,1,16,0.17,0.0127,0.1573,3.2072,13.1778,direct,88221,78851
direct_vs_group_psychosomatic,ft4,15,1,16,0.17,0.0127,0.1573,3.2072,13.1778,direct,88221,78851
direct_vs_group_psychosomatic,oh,15,1,16,0.17,0.0127,0.1573,3.2072,13.1778,direct,88221,78851
direct_vs_group_psychosomatic,unsere,15,1,16,0.17,0.0127,0.1573,3.2072,13.1778,direct,88221,78851
direct_vs_group_psychosomatic,weiß,89,41,130,1.0088,0.52,0.4889,0.9468,13.1694,direct,88221,78851
direct_vs_group_psychosomatic,Prozess,8,27,35,0.0907,0.3424,-0.2517,-1.8559,13.1359,group,88221,78851
direct_vs_group_psychosomatic,seine,15,38,53,0.17,0.4819,-0.3119,-1.4746,13.0702,group,88221,78851
direct_vs_group_psychosomatic,hättest,18,2,20,0.204,0.0254,0.1787,2.7255,12.989,direct,88221,78851
direct_vs_group_psychosomatic,Super,40,12,52,0.4534,0.1522,0.3012,1.534,12.9259,direct,88221,78851
direct_vs_group_psychosomatic,Mirtazapin,10,30,40,0.1134,0.3805,-0.2671,-1.7004,12.8367,group,88221,78851
direct_vs_group_psychosomatic,denke,34,9,43,0.3854,0.1141,0.2713,1.6986,12.8183,direct,88221,78851
direct_vs_group_psychosomatic,Okay,10,0,10,0.1134,0.0,0.1134,4.2303,12.7716,direct,88221,78851
direct_vs_group_psychosomatic,eingescannt,10,0,10,0.1134,0.0,0.1134,4.2303,12.7716,direct,88221,78851
direct_vs_group_psychosomatic,vlt,10,0,10,0.1134,0.0,0.1134,4.2303,12.7716,direct,88221,78851
direct_vs_group_psychosomatic,wöchentlich,10,0,10,0.1134,0.0,0.1134,4.2303,12.7716,direct,88221,78851
direct_vs_group_psychosomatic,würdest,10,0,10,0.1134,0.0,0.1134,4.2303,12.7716,direct,88221,78851
direct_vs_group_psychosomatic,|,10,0,10,0.1134,0.0,0.1134,4.2303,12.7716,direct,88221,78851
direct_vs_group_psychosomatic,Oder,23,4,27,0.2607,0.0507,0.21,2.2227,12.7295,direct,88221,78851
direct_vs_group_psychosomatic,erhöht,12,33,45,0.136,0.4185,-0.2825,-1.5842,12.6906,group,88221,78851
direct_vs_group_psychosomatic,siehe,12,33,45,0.136,0.4185,-0.2825,-1.5842,12.6906,group,88221,78851
direct_vs_group_psychosomatic,Mitpatient,6,23,29,0.068,0.2917,-0.2237,-2.0161,12.6334,group,88221,78851
direct_vs_group_psychosomatic,V,19,43,62,0.2154,0.5453,-0.33,-1.3195,12.4276,group,88221,78851
direct_vs_group_psychosomatic,aber,416,284,700,4.7154,3.6017,1.1137,0.3879,12.4247,direct,88221,78851
direct_vs_group_psychosomatic,Wann,25,5,30,0.2834,0.0634,0.22,2.051,12.404,direct,88221,78851
direct_vs_group_psychosomatic,angespannt,4,19,23,0.0453,0.241,-0.1956,-2.2775,12.3878,group,88221,78851
direct_vs_group_psychosomatic,Telefonnummer,104,52,156,1.1789,0.6595,0.5194,0.8311,12.3221,direct,88221,78851
direct_vs_group_psychosomatic,möglich,42,73,115,0.4761,0.9258,-0.4497,-0.9523,12.3039,group,88221,78851
direct_vs_group_psychosomatic,AvD,1,12,13,0.0113,0.1522,-0.1409,-3.2209,12.247,group,88221,78851
direct_vs_group_psychosomatic,Evaluation,1,12,13,0.0113,0.1522,-0.1409,-3.2209,12.247,group,88221,78851
direct_vs_group_psychosomatic,Nr,1,12,13,0.0113,0.1522,-0.1409,-3.2209,12.247,group,88221,78851
direct_vs_group_psychosomatic,REA,1,12,13,0.0113,0.1522,-0.1409,-3.2209,12.247,group,88221,78851
direct_vs_group_psychosomatic,ausschweifend,1,12,13,0.0113,0.1522,-0.1409,-3.2209,12.247,group,88221,78851
direct_vs_group_psychosomatic,hängt,1,12,13,0.0113,0.1522,-0.1409,-3.2209,12.247,group,88221,78851
direct_vs_group_psychosomatic,jemand,15,37,52,0.17,0.4692,-0.2992,-1.4366,12.2415,group,88221,78851
direct_vs_group_psychosomatic,Idee,20,3,23,0.2267,0.038,0.1887,2.3882,12.2366,direct,88221,78851
direct_vs_group_psychosomatic,Befund,13,34,47,0.1474,0.4312,-0.2838,-1.5156,12.2292,group,88221,78851
direct_vs_group_psychosomatic,vllt,14,1,15,0.1587,0.0127,0.146,3.111,12.0341,direct,88221,78851
direct_vs_group_psychosomatic,2xtgl,0,8,8,0.0,0.1015,-0.1015,-4.2495,12.0138,group,88221,78851
direct_vs_group_psychosomatic,Bedürfnisse,0,8,8,0.0,0.1015,-0.1015,-4.2495,12.0138,group,88221,78851
direct_vs_group_psychosomatic,Bio,0,8,8,0.0,0.1015,-0.1015,-4.2495,12.0138,group,88221,78851
direct_vs_group_psychosomatic,Crohn,0,8,8,0.0,0.1015,-0.1015,-4.2495,12.0138,group,88221,78851
direct_vs_group_psychosomatic,Entwicklungen,0,8,8,0.0,0.1015,-0.1015,-4.2495,12.0138,group,88221,78851
direct_vs_group_psychosomatic,Ermüdungszustand,0,8,8,0.0,0.1015,-0.1015,-4.2495,12.0138,group,88221,78851
direct_vs_group_psychosomatic,Erschöpfungs,0,8,8,0.0,0.1015,-0.1015,-4.2495,12.0138,group,88221,78851
direct_vs_group_psychosomatic,Fenster,0,8,8,0.0,0.1015,-0.1015,-4.2495,12.0138,group,88221,78851
direct_vs_group_psychosomatic,Freude,0,8,8,0.0,0.1015,-0.1015,-4.2495,12.0138,group,88221,78851
direct_vs_group_psychosomatic,Hashtag_GT_,0,8,8,0.0,0.1015,-0.1015,-4.2495,12.0138,group,88221,78851
direct_vs_group_psychosomatic,Heiligen,0,8,8,0.0,0.1015,-0.1015,-4.2495,12.0138,group,88221,78851
direct_vs_group_psychosomatic,Infusionen,0,8,8,0.0,0.1015,-0.1015,-4.2495,12.0138,group,88221,78851
direct_vs_group_psychosomatic,M21,0,8,8,0.0,0.1015,-0.1015,-4.2495,12.0138,group,88221,78851
direct_vs_group_psychosomatic,Meropenem,0,8,8,0.0,0.1015,-0.1015,-4.2495,12.0138,group,88221,78851
direct_vs_group_psychosomatic,Messe,0,8,8,0.0,0.1015,-0.1015,-4.2495,12.0138,group,88221,78851
direct_vs_group_psychosomatic,Obstipation,0,8,8,0.0,0.1015,-0.1015,-4.2495,12.0138,group,88221,78851
direct_vs_group_psychosomatic,Pen,0,8,8,0.0,0.1015,-0.1015,-4.2495,12.0138,group,88221,78851
direct_vs_group_psychosomatic,Sa+So,0,8,8,0.0,0.1015,-0.1015,-4.2495,12.0138,group,88221,78851
direct_vs_group_psychosomatic,Sirdalud,0,8,8,0.0,0.1015,-0.1015,-4.2495,12.0138,group,88221,78851
direct_vs_group_psychosomatic,Unsicherheiten,0,8,8,0.0,0.1015,-0.1015,-4.2495,12.0138,group,88221,78851
direct_vs_group_psychosomatic,Vanco,0,8,8,0.0,0.1015,-0.1015,-4.2495,12.0138,group,88221,78851
direct_vs_group_psychosomatic,begleitet,0,8,8,0.0,0.1015,-0.1015,-4.2495,12.0138,group,88221,78851
direct_vs_group_psychosomatic,beteiligte,0,8,8,0.0,0.1015,-0.1015,-4.2495,12.0138,group,88221,78851
direct_vs_group_psychosomatic,eigener,0,8,8,0.0,0.1015,-0.1015,-4.2495,12.0138,group,88221,78851
direct_vs_group_psychosomatic,kreativen,0,8,8,0.0,0.1015,-0.1015,-4.2495,12.0138,group,88221,78851
direct_vs_group_psychosomatic,malt,0,8,8,0.0,0.1015,-0.1015,-4.2495,12.0138,group,88221,78851
direct_vs_group_psychosomatic,relevanter,0,8,8,0.0,0.1015,-0.1015,-4.2495,12.0138,group,88221,78851
direct_vs_group_psychosomatic,mindestens,17,2,19,0.1927,0.0254,0.1673,2.6454,11.9283,direct,88221,78851
direct_vs_group_psychosomatic,abgenommen,10,29,39,0.1134,0.3678,-0.2544,-1.6523,11.9188,group,88221,78851
direct_vs_group_psychosomatic,eigene,7,24,31,0.0793,0.3044,-0.225,-1.8698,11.8638,group,88221,78851
direct_vs_group_psychosomatic,nach,239,288,527,2.7091,3.6525,-0.9434,-0.4305,11.7248,group,88221,78851
direct_vs_group_psychosomatic,soll,126,68,194,1.4282,0.8624,0.5658,0.723,11.7069,direct,88221,78851
direct_vs_group_psychosomatic,niedrig,6,22,28,0.068,0.279,-0.211,-1.9534,11.6045,group,88221,78851
direct_vs_group_psychosomatic,erfolgt,25,50,75,0.2834,0.6341,-0.3507,-1.1478,11.5384,group,88221,78851
direct_vs_group_psychosomatic,akuter,2,14,16,0.0227,0.1776,-0.1549,-2.698,11.5219,group,88221,78851
direct_vs_group_psychosomatic,genug,2,14,16,0.0227,0.1776,-0.1549,-2.698,11.5219,group,88221,78851
direct_vs_group_psychosomatic,Projekt,24,5,29,0.272,0.0634,0.2086,1.9933,11.4983,direct,88221,78851
direct_vs_group_psychosomatic,Chat,9,0,9,0.102,0.0,0.102,4.0859,11.4944,direct,88221,78851
direct_vs_group_psychosomatic,Vereinbarungen,9,0,9,0.102,0.0,0.102,4.0859,11.4944,direct,88221,78851
direct_vs_group_psychosomatic,ausgefüllt,9,0,9,0.102,0.0,0.102,4.0859,11.4944,direct,88221,78851
direct_vs_group_psychosomatic,gehst,9,0,9,0.102,0.0,0.102,4.0859,11.4944,direct,88221,78851
direct_vs_group_psychosomatic,hinzugefügt,9,0,9,0.102,0.0,0.102,4.0859,11.4944,direct,88221,78851
direct_vs_group_psychosomatic,Ärger,9,0,9,0.102,0.0,0.102,4.0859,11.4944,direct,88221,78851
direct_vs_group_psychosomatic,deutlich,13,33,46,0.1474,0.4185,-0.2712,-1.4732,11.3833,group,88221,78851
direct_vs_group_psychosomatic,BMI,36,11,47,0.4081,0.1395,0.2686,1.5043,11.35,direct,88221,78851
direct_vs_group_psychosomatic,meinem,26,6,32,0.2947,0.0761,0.2186,1.8655,11.3316,direct,88221,78851
direct_vs_group_psychosomatic,zudem,3,16,19,0.034,0.2029,-0.1689,-2.399,11.285,group,88221,78851
direct_vs_group_psychosomatic,erreichbar,28,7,35,0.3174,0.0888,0.2286,1.764,11.2444,direct,88221,78851
direct_vs_group_psychosomatic,Bescheid,68,30,98,0.7708,0.3805,0.3903,1.0053,11.17,direct,88221,78851
direct_vs_group_psychosomatic,Anorexie,21,44,65,0.238,0.558,-0.32,-1.2115,11.1047,group,88221,78851
direct_vs_group_psychosomatic,statt,14,34,48,0.1587,0.4312,-0.2725,-1.4125,10.9899,group,88221,78851
direct_vs_group_psychosomatic,Bzgl,1,11,12,0.0113,0.1395,-0.1282,-3.1006,10.9121,group,88221,78851
direct_vs_group_psychosomatic,Schweigen,1,11,12,0.0113,0.1395,-0.1282,-3.1006,10.9121,group,88221,78851
direct_vs_group_psychosomatic,schlafen,1,11,12,0.0113,0.1395,-0.1282,-3.1006,10.9121,group,88221,78851
direct_vs_group_psychosomatic,nachgemeldet,13,1,14,0.1474,0.0127,0.1347,3.0079,10.8999,direct,88221,78851
direct_vs_group_psychosomatic,Sitzung,7,23,30,0.0793,0.2917,-0.2123,-1.8097,10.8835,group,88221,78851
direct_vs_group_psychosomatic,Nein,16,2,18,0.1814,0.0254,0.156,2.5605,10.8801,direct,88221,78851
direct_vs_group_psychosomatic,immer,108,57,165,1.2242,0.7229,0.5013,0.7541,10.818,direct,88221,78851
direct_vs_group_psychosomatic,Dann,51,20,71,0.5781,0.2536,0.3245,1.167,10.7447,direct,88221,78851
direct_vs_group_psychosomatic,die,1363,1066,2429,15.4498,13.5192,1.9307,0.1924,10.7095,direct,88221,78851
direct_vs_group_psychosomatic,ambulante,9,26,35,0.102,0.3297,-0.2277,-1.642,10.6361,group,88221,78851
direct_vs_group_psychosomatic,RR,15,35,50,0.17,0.4439,-0.2738,-1.3575,10.6315,group,88221,78851
direct_vs_group_psychosomatic,vor,112,150,262,1.2695,1.9023,-0.6328,-0.5818,10.6232,group,88221,78851
direct_vs_group_psychosomatic,+1,23,5,28,0.2607,0.0634,0.1973,1.9332,10.607,direct,88221,78851
direct_vs_group_psychosomatic,Anamnese,23,5,28,0.2607,0.0634,0.1973,1.9332,10.607,direct,88221,78851
direct_vs_group_psychosomatic,fand,23,5,28,0.2607,0.0634,0.1973,1.9332,10.607,direct,88221,78851
direct_vs_group_psychosomatic,Gefühl,13,32,45,0.1474,0.4058,-0.2585,-1.4295,10.5546,group,88221,78851
direct_vs_group_psychosomatic,zeigte,13,32,45,0.1474,0.4058,-0.2585,-1.4295,10.5546,group,88221,78851
direct_vs_group_psychosomatic,Abwesend,0,7,7,0.0,0.0888,-0.0888,-4.0689,10.5121,group,88221,78851
direct_vs_group_psychosomatic,Atorva,0,7,7,0.0,0.0888,-0.0888,-4.0689,10.5121,group,88221,78851
direct_vs_group_psychosomatic,Begrüßung,0,7,7,0.0,0.0888,-0.0888,-4.0689,10.5121,group,88221,78851
direct_vs_group_psychosomatic,Bifiteral,0,7,7,0.0,0.0888,-0.0888,-4.0689,10.5121,group,88221,78851
direct_vs_group_psychosomatic,Brause,0,7,7,0.0,0.0888,-0.0888,-4.0689,10.5121,group,88221,78851
direct_vs_group_psychosomatic,Erysipel,0,7,7,0.0,0.0888,-0.0888,-4.0689,10.5121,group,88221,78851
direct_vs_group_psychosomatic,Harmonie,0,7,7,0.0,0.0888,-0.0888,-4.0689,10.5121,group,88221,78851
direct_vs_group_psychosomatic,Hb,0,7,7,0.0,0.0888,-0.0888,-4.0689,10.5121,group,88221,78851
direct_vs_group_psychosomatic,Ibuprofen,0,7,7,0.0,0.0888,-0.0888,-4.0689,10.5121,group,88221,78851
direct_vs_group_psychosomatic,Jahreswechsel,0,7,7,0.0,0.0888,-0.0888,-4.0689,10.5121,group,88221,78851
direct_vs_group_psychosomatic,Komponente,0,7,7,0.0,0.0888,-0.0888,-4.0689,10.5121,group,88221,78851
direct_vs_group_psychosomatic,Lunge,0,7,7,0.0,0.0888,-0.0888,-4.0689,10.5121,group,88221,78851
direct_vs_group_psychosomatic,Ortoton,0,7,7,0.0,0.0888,-0.0888,-4.0689,10.5121,group,88221,78851
direct_vs_group_psychosomatic,ProstataCA,0,7,7,0.0,0.0888,-0.0888,-4.0689,10.5121,group,88221,78851
direct_vs_group_psychosomatic,SozD,0,7,7,0.0,0.0888,-0.0888,-4.0689,10.5121,group,88221,78851
direct_vs_group_psychosomatic,Speckstein,0,7,7,0.0,0.0888,-0.0888,-4.0689,10.5121,group,88221,78851
direct_vs_group_psychosomatic,Termins,0,7,7,0.0,0.0888,-0.0888,-4.0689,10.5121,group,88221,78851
direct_vs_group_psychosomatic,VHF,0,7,7,0.0,0.0888,-0.0888,-4.0689,10.5121,group,88221,78851
direct_vs_group_psychosomatic,ablenken,0,7,7,0.0,0.0888,-0.0888,-4.0689,10.5121,group,88221,78851
direct_vs_group_psychosomatic,abwesend,0,7,7,0.0,0.0888,-0.0888,-4.0689,10.5121,group,88221,78851
direct_vs_group_psychosomatic,bedrückt,0,7,7,0.0,0.0888,-0.0888,-4.0689,10.5121,group,88221,78851
direct_vs_group_psychosomatic,belastenden,0,7,7,0.0,0.0888,-0.0888,-4.0689,10.5121,group,88221,78851
direct_vs_group_psychosomatic,betätigt,0,7,7,0.0,0.0888,-0.0888,-4.0689,10.5121,group,88221,78851
direct_vs_group_psychosomatic,blieb,0,7,7,0.0,0.0888,-0.0888,-4.0689,10.5121,group,88221,78851
direct_vs_group_psychosomatic,erfolgte,0,7,7,0.0,0.0888,-0.0888,-4.0689,10.5121,group,88221,78851
direct_vs_group_psychosomatic,frustriert,0,7,7,0.0,0.0888,-0.0888,-4.0689,10.5121,group,88221,78851
direct_vs_group_psychosomatic,gesamte,0,7,7,0.0,0.0888,-0.0888,-4.0689,10.5121,group,88221,78851
direct_vs_group_psychosomatic,häuslichen,0,7,7,0.0,0.0888,-0.0888,-4.0689,10.5121,group,88221,78851
direct_vs_group_psychosomatic,redet,0,7,7,0.0,0.0888,-0.0888,-4.0689,10.5121,group,88221,78851
direct_vs_group_psychosomatic,spielt,0,7,7,0.0,0.0888,-0.0888,-4.0689,10.5121,group,88221,78851
direct_vs_group_psychosomatic,still,0,7,7,0.0,0.0888,-0.0888,-4.0689,10.5121,group,88221,78851
direct_vs_group_psychosomatic,teilt,0,7,7,0.0,0.0888,-0.0888,-4.0689,10.5121,group,88221,78851
direct_vs_group_psychosomatic,vakant,0,7,7,0.0,0.0888,-0.0888,-4.0689,10.5121,group,88221,78851
direct_vs_group_psychosomatic,verbalisieren,0,7,7,0.0,0.0888,-0.0888,-4.0689,10.5121,group,88221,78851
direct_vs_group_psychosomatic,verstärkt,0,7,7,0.0,0.0888,-0.0888,-4.0689,10.5121,group,88221,78851
direct_vs_group_psychosomatic,vertragen,0,7,7,0.0,0.0888,-0.0888,-4.0689,10.5121,group,88221,78851
direct_vs_group_psychosomatic,ganz,73,34,107,0.8275,0.4312,0.3963,0.9292,10.5057,direct,88221,78851
direct_vs_group_psychosomatic,gebe,25,6,31,0.2834,0.0761,0.2073,1.81,10.4771,direct,88221,78851
direct_vs_group_psychosomatic,schön,31,9,40,0.3514,0.1141,0.2373,1.5674,10.4544,direct,88221,78851
direct_vs_group_psychosomatic,darf,21,43,64,0.238,0.5453,-0.3073,-1.1787,10.3908,group,88221,78851
direct_vs_group_psychosomatic,Gastro,5,19,24,0.0567,0.241,-0.1843,-1.988,10.3551,group,88221,78851
direct_vs_group_psychosomatic,Suizidgedanken,5,19,24,0.0567,0.241,-0.1843,-1.988,10.3551,group,88221,78851
direct_vs_group_psychosomatic,Infliximab,2,13,15,0.0227,0.1649,-0.1422,-2.595,10.2966,group,88221,78851
direct_vs_group_psychosomatic,schwere,2,13,15,0.0227,0.1649,-0.1422,-2.595,10.2966,group,88221,78851
direct_vs_group_psychosomatic,starker,2,13,15,0.0227,0.1649,-0.1422,-2.595,10.2966,group,88221,78851
direct_vs_group_psychosomatic,verstehen,2,13,15,0.0227,0.1649,-0.1422,-2.595,10.2966,group,88221,78851
direct_vs_group_psychosomatic,Umstellung,8,24,32,0.0907,0.3044,-0.2137,-1.6892,10.2693,group,88221,78851
direct_vs_group_psychosomatic,während,8,24,32,0.0907,0.3044,-0.2137,-1.6892,10.2693,group,88221,78851
direct_vs_group_psychosomatic,Anamnesebogen,8,0,8,0.0907,0.0,0.0907,3.9255,10.2173,direct,88221,78851
direct_vs_group_psychosomatic,Dein,8,0,8,0.0907,0.0,0.0907,3.9255,10.2173,direct,88221,78851
direct_vs_group_psychosomatic,Geburtsdatum,8,0,8,0.0907,0.0,0.0907,3.9255,10.2173,direct,88221,78851
direct_vs_group_psychosomatic,Huhu,8,0,8,0.0907,0.0,0.0907,3.9255,10.2173,direct,88221,78851
direct_vs_group_psychosomatic,Sollten,8,0,8,0.0907,0.0,0.0907,3.9255,10.2173,direct,88221,78851
direct_vs_group_psychosomatic,T2,8,0,8,0.0907,0.0,0.0907,3.9255,10.2173,direct,88221,78851
direct_vs_group_psychosomatic,Unterschrift,8,0,8,0.0907,0.0,0.0907,3.9255,10.2173,direct,88221,78851
direct_vs_group_psychosomatic,cut,8,0,8,0.0907,0.0,0.0907,3.9255,10.2173,direct,88221,78851
direct_vs_group_psychosomatic,eig,8,0,8,0.0907,0.0,0.0907,3.9255,10.2173,direct,88221,78851
direct_vs_group_psychosomatic,irgendwas,8,0,8,0.0907,0.0,0.0907,3.9255,10.2173,direct,88221,78851
direct_vs_group_psychosomatic,komisch,8,0,8,0.0907,0.0,0.0907,3.9255,10.2173,direct,88221,78851
direct_vs_group_psychosomatic,dieser,10,27,37,0.1134,0.3424,-0.2291,-1.551,10.1373,group,88221,78851
direct_vs_group_psychosomatic,Arztzimmer,3,15,18,0.034,0.1902,-0.1562,-2.3088,10.1372,group,88221,78851
direct_vs_group_psychosomatic,Emotionen,3,15,18,0.034,0.1902,-0.1562,-2.3088,10.1372,group,88221,78851
direct_vs_group_psychosomatic,gesagt,72,34,106,0.8161,0.4312,0.3849,0.9094,9.9977,direct,88221,78851
direct_vs_group_psychosomatic,laut,20,41,61,0.2267,0.52,-0.2933,-1.1795,9.9297,group,88221,78851
direct_vs_group_psychosomatic,Empfehlung,7,22,29,0.0793,0.279,-0.1997,-1.747,9.9236,group,88221,78851
direct_vs_group_psychosomatic,Neuaufnahmen,20,4,24,0.2267,0.0507,0.176,2.0256,9.9232,direct,88221,78851
direct_vs_group_psychosomatic,bei,645,477,1122,7.3112,6.0494,1.2618,0.2729,9.9207,direct,88221,78851
direct_vs_group_psychosomatic,aus,172,212,384,1.9496,2.6886,-0.739,-0.4629,9.8754,group,88221,78851
direct_vs_group_psychosomatic,heißt,15,2,17,0.17,0.0254,0.1447,2.4703,9.8457,direct,88221,78851
direct_vs_group_psychosomatic,Die,131,75,206,1.4849,0.9512,0.5337,0.6385,9.7776,direct,88221,78851
direct_vs_group_psychosomatic,Dermakonsil,12,1,13,0.136,0.0127,0.1233,2.8969,9.7767,direct,88221,78851
direct_vs_group_psychosomatic,Hello,12,1,13,0.136,0.0127,0.1233,2.8969,9.7767,direct,88221,78851
direct_vs_group_psychosomatic,Mestinon,12,1,13,0.136,0.0127,0.1233,2.8969,9.7767,direct,88221,78851
direct_vs_group_psychosomatic,Muskelschmerzen,12,1,13,0.136,0.0127,0.1233,2.8969,9.7767,direct,88221,78851
direct_vs_group_psychosomatic,brauchst,12,1,13,0.136,0.0127,0.1233,2.8969,9.7767,direct,88221,78851
direct_vs_group_psychosomatic,erniedrigtem,12,1,13,0.136,0.0127,0.1233,2.8969,9.7767,direct,88221,78851
direct_vs_group_psychosomatic,melde,12,1,13,0.136,0.0127,0.1233,2.8969,9.7767,direct,88221,78851
direct_vs_group_psychosomatic,berichtet,13,31,44,0.1474,0.3931,-0.2458,-1.3844,9.7439,group,88221,78851
direct_vs_group_psychosomatic,Supervision,22,5,27,0.2494,0.0634,0.186,1.8704,9.7312,direct,88221,78851
direct_vs_group_psychosomatic,Tag,24,46,70,0.272,0.5834,-0.3113,-1.0864,9.7237,group,88221,78851
direct_vs_group_psychosomatic,anschauen,24,6,30,0.272,0.0761,0.196,1.7523,9.6381,direct,88221,78851
direct_vs_group_psychosomatic,gedacht,24,6,30,0.272,0.0761,0.196,1.7523,9.6381,direct,88221,78851
direct_vs_group_psychosomatic,Nachricht,28,8,36,0.3174,0.1015,0.2159,1.5834,9.6355,direct,88221,78851
direct_vs_group_psychosomatic,angepasst,6,20,26,0.068,0.2536,-0.1856,-1.8191,9.6069,group,88221,78851
direct_vs_group_psychosomatic,inzwischen,6,20,26,0.068,0.2536,-0.1856,-1.8191,9.6069,group,88221,78851
direct_vs_group_psychosomatic,6h,1,10,11,0.0113,0.1268,-0.1155,-2.9693,9.5925,group,88221,78851
direct_vs_group_psychosomatic,Besuch,1,10,11,0.0113,0.1268,-0.1155,-2.9693,9.5925,group,88221,78851
direct_vs_group_psychosomatic,HG,1,10,11,0.0113,0.1268,-0.1155,-2.9693,9.5925,group,88221,78851
direct_vs_group_psychosomatic,Nachtrag,1,10,11,0.0113,0.1268,-0.1155,-2.9693,9.5925,group,88221,78851
direct_vs_group_psychosomatic,Selbstfürsorge,1,10,11,0.0113,0.1268,-0.1155,-2.9693,9.5925,group,88221,78851
direct_vs_group_psychosomatic,festen,1,10,11,0.0113,0.1268,-0.1155,-2.9693,9.5925,group,88221,78851
direct_vs_group_psychosomatic,öffnen,1,10,11,0.0113,0.1268,-0.1155,-2.9693,9.5925,group,88221,78851
direct_vs_group_psychosomatic,sehr,231,272,503,2.6184,3.4495,-0.8311,-0.3972,9.534,group,88221,78851
direct_vs_group_psychosomatic,Gruppentherapie,5,18,23,0.0567,0.2283,-0.1716,-1.912,9.332,group,88221,78851
direct_vs_group_psychosomatic,Nacht,5,18,23,0.0567,0.2283,-0.1716,-1.912,9.332,group,88221,78851
direct_vs_group_psychosomatic,schaue,17,3,20,0.1927,0.038,0.1547,2.1599,9.3085,direct,88221,78851
direct_vs_group_psychosomatic,in,760,793,1553,8.6147,10.0569,-1.4422,-0.2233,9.2991,group,88221,78851
direct_vs_group_psychosomatic,erneut,10,26,36,0.1134,0.3297,-0.2164,-1.4976,9.2759,group,88221,78851
direct_vs_group_psychosomatic,CT,2,12,14,0.0227,0.1522,-0.1295,-2.4839,9.0918,group,88221,78851
direct_vs_group_psychosomatic,Kopfschmerzen,2,12,14,0.0227,0.1522,-0.1295,-2.4839,9.0918,group,88221,78851
direct_vs_group_psychosomatic,Leberwerte,2,12,14,0.0227,0.1522,-0.1295,-2.4839,9.0918,group,88221,78851
direct_vs_group_psychosomatic,Ruf,2,12,14,0.0227,0.1522,-0.1295,-2.4839,9.0918,group,88221,78851
direct_vs_group_psychosomatic,Untersuchung,2,12,14,0.0227,0.1522,-0.1295,-2.4839,9.0918,group,88221,78851
direct_vs_group_psychosomatic,anzusprechen,2,12,14,0.0227,0.1522,-0.1295,-2.4839,9.0918,group,88221,78851
direct_vs_group_psychosomatic,habt,19,4,23,0.2154,0.0507,0.1646,1.9535,9.0193,direct,88221,78851
direct_vs_group_psychosomatic,25mg,3,14,17,0.034,0.1776,-0.1435,-2.2126,9.0117,group,88221,78851
direct_vs_group_psychosomatic,festgelegt,3,14,17,0.034,0.1776,-0.1435,-2.2126,9.0117,group,88221,78851
direct_vs_group_psychosomatic,15mg,0,6,6,0.0,0.0761,-0.0761,-3.8624,9.0104,group,88221,78851
direct_vs_group_psychosomatic,ABiose,0,6,6,0.0,0.0761,-0.0761,-3.8624,9.0104,group,88221,78851
direct_vs_group_psychosomatic,Antriebslosigkeit,0,6,6,0.0,0.0761,-0.0761,-3.8624,9.0104,group,88221,78851
direct_vs_group_psychosomatic,Antworten,0,6,6,0.0,0.0761,-0.0761,-3.8624,9.0104,group,88221,78851
direct_vs_group_psychosomatic,Begleitung,0,6,6,0.0,0.0761,-0.0761,-3.8624,9.0104,group,88221,78851
direct_vs_group_psychosomatic,Begrenzung,0,6,6,0.0,0.0761,-0.0761,-3.8624,9.0104,group,88221,78851
direct_vs_group_psychosomatic,Bex,0,6,6,0.0,0.0761,-0.0761,-3.8624,9.0104,group,88221,78851
direct_vs_group_psychosomatic,Bilder,0,6,6,0.0,0.0761,-0.0761,-3.8624,9.0104,group,88221,78851
direct_vs_group_psychosomatic,Blutgruppe,0,6,6,0.0,0.0761,-0.0761,-3.8624,9.0104,group,88221,78851
direct_vs_group_psychosomatic,Bringt,0,6,6,0.0,0.0761,-0.0761,-3.8624,9.0104,group,88221,78851
direct_vs_group_psychosomatic,Dienstags,0,6,6,0.0,0.0761,-0.0761,-3.8624,9.0104,group,88221,78851
direct_vs_group_psychosomatic,Elternhaus,0,6,6,0.0,0.0761,-0.0761,-3.8624,9.0104,group,88221,78851
direct_vs_group_psychosomatic,Entlasstermin,0,6,6,0.0,0.0761,-0.0761,-3.8624,9.0104,group,88221,78851
direct_vs_group_psychosomatic,Farbe,0,6,6,0.0,0.0761,-0.0761,-3.8624,9.0104,group,88221,78851
direct_vs_group_psychosomatic,Fosfomycin,0,6,6,0.0,0.0761,-0.0761,-3.8624,9.0104,group,88221,78851
direct_vs_group_psychosomatic,Gelände,0,6,6,0.0,0.0761,-0.0761,-3.8624,9.0104,group,88221,78851
direct_vs_group_psychosomatic,Hashtag_Erschöpfung,0,6,6,0.0,0.0761,-0.0761,-3.8624,9.0104,group,88221,78851
direct_vs_group_psychosomatic,Krankheitsverständnis,0,6,6,0.0,0.0761,-0.0761,-3.8624,9.0104,group,88221,78851
direct_vs_group_psychosomatic,LAE,0,6,6,0.0,0.0761,-0.0761,-3.8624,9.0104,group,88221,78851
direct_vs_group_psychosomatic,Meinungen,0,6,6,0.0,0.0761,-0.0761,-3.8624,9.0104,group,88221,78851
direct_vs_group_psychosomatic,Nierenwerte,0,6,6,0.0,0.0761,-0.0761,-3.8624,9.0104,group,88221,78851
direct_vs_group_psychosomatic,Nutzen,0,6,6,0.0,0.0761,-0.0761,-3.8624,9.0104,group,88221,78851
direct_vs_group_psychosomatic,Phase,0,6,6,0.0,0.0761,-0.0761,-3.8624,9.0104,group,88221,78851
direct_vs_group_psychosomatic,Schnarchen,0,6,6,0.0,0.0761,-0.0761,-3.8624,9.0104,group,88221,78851
direct_vs_group_psychosomatic,Song,0,6,6,0.0,0.0761,-0.0761,-3.8624,9.0104,group,88221,78851
direct_vs_group_psychosomatic,Therapeuten,0,6,6,0.0,0.0761,-0.0761,-3.8624,9.0104,group,88221,78851
direct_vs_group_psychosomatic,Therapieversuch,0,6,6,0.0,0.0761,-0.0761,-3.8624,9.0104,group,88221,78851
direct_vs_group_psychosomatic,Trop,0,6,6,0.0,0.0761,-0.0761,-3.8624,9.0104,group,88221,78851
direct_vs_group_psychosomatic,Tränen,0,6,6,0.0,0.0761,-0.0761,-3.8624,9.0104,group,88221,78851
direct_vs_group_psychosomatic,Verantwortung,0,6,6,0.0,0.0761,-0.0761,-3.8624,9.0104,group,88221,78851
direct_vs_group_psychosomatic,Wärme,0,6,6,0.0,0.0761,-0.0761,-3.8624,9.0104,group,88221,78851
direct_vs_group_psychosomatic,belasten,0,6,6,0.0,0.0761,-0.0761,-3.8624,9.0104,group,88221,78851
direct_vs_group_psychosomatic,betont,0,6,6,0.0,0.0761,-0.0761,-3.8624,9.0104,group,88221,78851
direct_vs_group_psychosomatic,deren,0,6,6,0.0,0.0761,-0.0761,-3.8624,9.0104,group,88221,78851
direct_vs_group_psychosomatic,eingehen,0,6,6,0.0,0.0761,-0.0761,-3.8624,9.0104,group,88221,78851
direct_vs_group_psychosomatic,entschuldigen,0,6,6,0.0,0.0761,-0.0761,-3.8624,9.0104,group,88221,78851
direct_vs_group_psychosomatic,erkennen,0,6,6,0.0,0.0761,-0.0761,-3.8624,9.0104,group,88221,78851
direct_vs_group_psychosomatic,erreichte,0,6,6,0.0,0.0761,-0.0761,-3.8624,9.0104,group,88221,78851
direct_vs_group_psychosomatic,erschöpft,0,6,6,0.0,0.0761,-0.0761,-3.8624,9.0104,group,88221,78851
direct_vs_group_psychosomatic,gebraucht,0,6,6,0.0,0.0761,-0.0761,-3.8624,9.0104,group,88221,78851
direct_vs_group_psychosomatic,gemeinsame,0,6,6,0.0,0.0761,-0.0761,-3.8624,9.0104,group,88221,78851
direct_vs_group_psychosomatic,möglicher,0,6,6,0.0,0.0761,-0.0761,-3.8624,9.0104,group,88221,78851
direct_vs_group_psychosomatic,niedrigem,0,6,6,0.0,0.0761,-0.0761,-3.8624,9.0104,group,88221,78851
direct_vs_group_psychosomatic,psychosomatischen,0,6,6,0.0,0.0761,-0.0761,-3.8624,9.0104,group,88221,78851
direct_vs_group_psychosomatic,schriftlichen,0,6,6,0.0,0.0761,-0.0761,-3.8624,9.0104,group,88221,78851
direct_vs_group_psychosomatic,schwierigen,0,6,6,0.0,0.0761,-0.0761,-3.8624,9.0104,group,88221,78851
direct_vs_group_psychosomatic,suizidal,0,6,6,0.0,0.0761,-0.0761,-3.8624,9.0104,group,88221,78851
direct_vs_group_psychosomatic,widersprochen,0,6,6,0.0,0.0761,-0.0761,-3.8624,9.0104,group,88221,78851
direct_vs_group_psychosomatic,Abdomen,7,21,28,0.0793,0.2663,-0.187,-1.6814,8.9857,group,88221,78851
direct_vs_group_psychosomatic,Weihnachten,7,21,28,0.0793,0.2663,-0.187,-1.6814,8.9857,group,88221,78851
direct_vs_group_psychosomatic,45,29,9,38,0.3287,0.1141,0.2146,1.4727,8.9498,direct,88221,78851
direct_vs_group_psychosomatic,zu,627,662,1289,7.1072,8.3956,-1.2884,-0.2403,8.9412,group,88221,78851
direct_vs_group_psychosomatic,Größe,7,0,7,0.0793,0.0,0.0793,3.7449,8.9401,direct,88221,78851
direct_vs_group_psychosomatic,I,7,0,7,0.0793,0.0,0.0793,3.7449,8.9401,direct,88221,78851
direct_vs_group_psychosomatic,Krankenkasse,7,0,7,0.0793,0.0,0.0793,3.7449,8.9401,direct,88221,78851
direct_vs_group_psychosomatic,LDH,7,0,7,0.0793,0.0,0.0793,3.7449,8.9401,direct,88221,78851
direct_vs_group_psychosomatic,Schweigepflichtsentbindung,7,0,7,0.0793,0.0,0.0793,3.7449,8.9401,direct,88221,78851
direct_vs_group_psychosomatic,Studienfach,7,0,7,0.0793,0.0,0.0793,3.7449,8.9401,direct,88221,78851
direct_vs_group_psychosomatic,Website,7,0,7,0.0793,0.0,0.0793,3.7449,8.9401,direct,88221,78851
direct_vs_group_psychosomatic,Windows,7,0,7,0.0793,0.0,0.0793,3.7449,8.9401,direct,88221,78851
direct_vs_group_psychosomatic,abnimmt,7,0,7,0.0793,0.0,0.0793,3.7449,8.9401,direct,88221,78851
direct_vs_group_psychosomatic,eingerichtet,7,0,7,0.0793,0.0,0.0793,3.7449,8.9401,direct,88221,78851
direct_vs_group_psychosomatic,entschuldige,7,0,7,0.0793,0.0,0.0793,3.7449,8.9401,direct,88221,78851
direct_vs_group_psychosomatic,fragst,7,0,7,0.0793,0.0,0.0793,3.7449,8.9401,direct,88221,78851
direct_vs_group_psychosomatic,fresubin,7,0,7,0.0793,0.0,0.0793,3.7449,8.9401,direct,88221,78851
direct_vs_group_psychosomatic,geb,7,0,7,0.0793,0.0,0.0793,3.7449,8.9401,direct,88221,78851
direct_vs_group_psychosomatic,heruntergeladen,7,0,7,0.0793,0.0,0.0793,3.7449,8.9401,direct,88221,78851
direct_vs_group_psychosomatic,rufe,7,0,7,0.0793,0.0,0.0793,3.7449,8.9401,direct,88221,78851
direct_vs_group_psychosomatic,slightly_smiling_face,7,0,7,0.0793,0.0,0.0793,3.7449,8.9401,direct,88221,78851
direct_vs_group_psychosomatic,vorne,7,0,7,0.0793,0.0,0.0793,3.7449,8.9401,direct,88221,78851
direct_vs_group_psychosomatic,Also,27,8,35,0.306,0.1015,0.2046,1.5319,8.869,direct,88221,78851
direct_vs_group_psychosomatic,Liste,14,2,16,0.1587,0.0254,0.1333,2.3741,8.827,direct,88221,78851
direct_vs_group_psychosomatic,OGTT,14,2,16,0.1587,0.0254,0.1333,2.3741,8.827,direct,88221,78851
direct_vs_group_psychosomatic,Schirm,14,2,16,0.1587,0.0254,0.1333,2.3741,8.827,direct,88221,78851
direct_vs_group_psychosomatic,ergänzen,14,2,16,0.1587,0.0254,0.1333,2.3741,8.827,direct,88221,78851
direct_vs_group_psychosomatic,sagen,62,29,91,0.7028,0.3678,0.335,0.9211,8.8255,direct,88221,78851
direct_vs_group_psychosomatic,Aufnahmen,11,1,12,0.1247,0.0127,0.112,2.7766,8.6664,direct,88221,78851
direct_vs_group_psychosomatic,Keratosen,11,1,12,0.1247,0.0127,0.112,2.7766,8.6664,direct,88221,78851
direct_vs_group_psychosomatic,Nummer,11,1,12,0.1247,0.0127,0.112,2.7766,8.6664,direct,88221,78851
direct_vs_group_psychosomatic,Seb,11,1,12,0.1247,0.0127,0.112,2.7766,8.6664,direct,88221,78851
direct_vs_group_psychosomatic,echt,11,1,12,0.1247,0.0127,0.112,2.7766,8.6664,direct,88221,78851
direct_vs_group_psychosomatic,müsstest,11,1,12,0.1247,0.0127,0.112,2.7766,8.6664,direct,88221,78851
direct_vs_group_psychosomatic,willst,11,1,12,0.1247,0.0127,0.112,2.7766,8.6664,direct,88221,78851
direct_vs_group_psychosomatic,berichtete,6,19,25,0.068,0.241,-0.1729,-1.747,8.6418,group,88221,78851
direct_vs_group_psychosomatic,seiner,6,19,25,0.068,0.241,-0.1729,-1.747,8.6418,group,88221,78851
direct_vs_group_psychosomatic,Situation,12,28,40,0.136,0.3551,-0.2191,-1.351,8.5052,group,88221,78851
direct_vs_group_psychosomatic,Sono,12,28,40,0.136,0.3551,-0.2191,-1.351,8.5052,group,88221,78851
direct_vs_group_psychosomatic,Steigerung,8,22,30,0.0907,0.279,-0.1883,-1.5664,8.4604,group,88221,78851
direct_vs_group_psychosomatic,Gruppen,10,25,35,0.1134,0.3171,-0.2037,-1.4421,8.436,group,88221,78851
direct_vs_group_psychosomatic,stimmt,16,3,19,0.1814,0.038,0.1433,2.075,8.3656,direct,88221,78851
direct_vs_group_psychosomatic,total,16,3,19,0.1814,0.038,0.1433,2.075,8.3656,direct,88221,78851
direct_vs_group_psychosomatic,sie,1059,828,1887,12.0039,10.5008,1.5031,0.1928,8.3561,direct,88221,78851
direct_vs_group_psychosomatic,besten,30,10,40,0.3401,0.1268,0.2132,1.3764,8.3453,direct,88221,78851
direct_vs_group_psychosomatic,gemacht,70,35,105,0.7935,0.4439,0.3496,0.8278,8.2937,direct,88221,78851
direct_vs_group_psychosomatic,1h,1,9,10,0.0113,0.1141,-0.1028,-2.825,8.2911,group,88221,78851
direct_vs_group_psychosomatic,Abgrenzung,1,9,10,0.0113,0.1141,-0.1028,-2.825,8.2911,group,88221,78851
direct_vs_group_psychosomatic,Binge,1,9,10,0.0113,0.1141,-0.1028,-2.825,8.2911,group,88221,78851
direct_vs_group_psychosomatic,Bruder,1,9,10,0.0113,0.1141,-0.1028,-2.825,8.2911,group,88221,78851
direct_vs_group_psychosomatic,Entscheidungen,1,9,10,0.0113,0.1141,-0.1028,-2.825,8.2911,group,88221,78851
direct_vs_group_psychosomatic,Stuhlgang,1,9,10,0.0113,0.1141,-0.1028,-2.825,8.2911,group,88221,78851
direct_vs_group_psychosomatic,akuten,1,9,10,0.0113,0.1141,-0.1028,-2.825,8.2911,group,88221,78851
direct_vs_group_psychosomatic,geplante,1,9,10,0.0113,0.1141,-0.1028,-2.825,8.2911,group,88221,78851
direct_vs_group_psychosomatic,geöffnet,1,9,10,0.0113,0.1141,-0.1028,-2.825,8.2911,group,88221,78851
direct_vs_group_psychosomatic,kamen,1,9,10,0.0113,0.1141,-0.1028,-2.825,8.2911,group,88221,78851
direct_vs_group_psychosomatic,klagt,1,9,10,0.0113,0.1141,-0.1028,-2.825,8.2911,group,88221,78851
direct_vs_group_psychosomatic,medikamentös,1,9,10,0.0113,0.1141,-0.1028,-2.825,8.2911,group,88221,78851
direct_vs_group_psychosomatic,ruhiger,1,9,10,0.0113,0.1141,-0.1028,-2.825,8.2911,group,88221,78851
direct_vs_group_psychosomatic,Überblick,1,9,10,0.0113,0.1141,-0.1028,-2.825,8.2911,group,88221,78851
direct_vs_group_psychosomatic,genau,45,19,64,0.5101,0.241,0.2691,1.0604,8.1563,direct,88221,78851
direct_vs_group_psychosomatic,BZ,7,20,27,0.0793,0.2536,-0.1743,-1.6127,8.0716,group,88221,78851
direct_vs_group_psychosomatic,belastet,7,20,27,0.0793,0.2536,-0.1743,-1.6127,8.0716,group,88221,78851
direct_vs_group_psychosomatic,bescheid,24,7,31,0.272,0.0888,0.1833,1.5458,8.0461,direct,88221,78851
direct_vs_group_psychosomatic,100ml,20,5,25,0.2267,0.0634,0.1633,1.7361,8.0317,direct,88221,78851
direct_vs_group_psychosomatic,iPad,20,5,25,0.2267,0.0634,0.1633,1.7361,8.0317,direct,88221,78851
direct_vs_group_psychosomatic,mach,20,5,25,0.2267,0.0634,0.1633,1.7361,8.0317,direct,88221,78851
direct_vs_group_psychosomatic,Leben,3,13,16,0.034,0.1649,-0.1309,-2.1095,7.9115,group,88221,78851
direct_vs_group_psychosomatic,Studentenunterricht,3,13,16,0.034,0.1649,-0.1309,-2.1095,7.9115,group,88221,78851
direct_vs_group_psychosomatic,einnehmen,3,13,16,0.034,0.1649,-0.1309,-2.1095,7.9115,group,88221,78851
direct_vs_group_psychosomatic,gefühlt,3,13,16,0.034,0.1649,-0.1309,-2.1095,7.9115,group,88221,78851
direct_vs_group_psychosomatic,Abschied,2,11,13,0.0227,0.1395,-0.1168,-2.3636,7.9109,group,88221,78851
direct_vs_group_psychosomatic,Beratung,2,11,13,0.0227,0.1395,-0.1168,-2.3636,7.9109,group,88221,78851
direct_vs_group_psychosomatic,Hashtag_Fr,2,11,13,0.0227,0.1395,-0.1168,-2.3636,7.9109,group,88221,78851
direct_vs_group_psychosomatic,Tafel,2,11,13,0.0227,0.1395,-0.1168,-2.3636,7.9109,group,88221,78851
direct_vs_group_psychosomatic,Verhalten,2,11,13,0.0227,0.1395,-0.1168,-2.3636,7.9109,group,88221,78851
direct_vs_group_psychosomatic,Versuch,2,11,13,0.0227,0.1395,-0.1168,-2.3636,7.9109,group,88221,78851
direct_vs_group_psychosomatic,mobil,2,11,13,0.0227,0.1395,-0.1168,-2.3636,7.9109,group,88221,78851
direct_vs_group_psychosomatic,offene,2,11,13,0.0227,0.1395,-0.1168,-2.3636,7.9109,group,88221,78851
direct_vs_group_psychosomatic,Ach,13,2,15,0.1474,0.0254,0.122,2.271,7.8263,direct,88221,78851
direct_vs_group_psychosomatic,Kriterien,13,2,15,0.1474,0.0254,0.122,2.271,7.8263,direct,88221,78851
direct_vs_group_psychosomatic,dachte,13,2,15,0.1474,0.0254,0.122,2.271,7.8263,direct,88221,78851
direct_vs_group_psychosomatic,hinzufügen,13,2,15,0.1474,0.0254,0.122,2.271,7.8263,direct,88221,78851
direct_vs_group_psychosomatic,ggf,57,82,139,0.6461,1.0399,-0.3938,-0.6828,7.766,group,88221,78851
direct_vs_group_psychosomatic,erste,6,18,24,0.068,0.2283,-0.1603,-1.671,7.702,group,88221,78851
direct_vs_group_psychosomatic,Achso,6,0,6,0.068,0.0,0.068,3.5384,7.663,direct,88221,78851
direct_vs_group_psychosomatic,Anleitung,6,0,6,0.068,0.0,0.068,3.5384,7.663,direct,88221,78851
direct_vs_group_psychosomatic,Ausbildung,6,0,6,0.068,0.0,0.068,3.5384,7.663,direct,88221,78851
direct_vs_group_psychosomatic,BA,6,0,6,0.068,0.0,0.068,3.5384,7.663,direct,88221,78851
direct_vs_group_psychosomatic,Beste,6,0,6,0.068,0.0,0.068,3.5384,7.663,direct,88221,78851
direct_vs_group_psychosomatic,Deinen,6,0,6,0.068,0.0,0.068,3.5384,7.663,direct,88221,78851
direct_vs_group_psychosomatic,Gewichtshaltevertrag,6,0,6,0.068,0.0,0.068,3.5384,7.663,direct,88221,78851
direct_vs_group_psychosomatic,Glühwein,6,0,6,0.068,0.0,0.068,3.5384,7.663,direct,88221,78851
direct_vs_group_psychosomatic,Mache,6,0,6,0.068,0.0,0.068,3.5384,7.663,direct,88221,78851
direct_vs_group_psychosomatic,Mensa,6,0,6,0.068,0.0,0.068,3.5384,7.663,direct,88221,78851
direct_vs_group_psychosomatic,Normbereich,6,0,6,0.068,0.0,0.068,3.5384,7.663,direct,88221,78851
direct_vs_group_psychosomatic,Rating,6,0,6,0.068,0.0,0.068,3.5384,7.663,direct,88221,78851
direct_vs_group_psychosomatic,Selbsterfahrung,6,0,6,0.068,0.0,0.068,3.5384,7.663,direct,88221,78851
direct_vs_group_psychosomatic,StudienID,6,0,6,0.068,0.0,0.068,3.5384,7.663,direct,88221,78851
direct_vs_group_psychosomatic,Treffen,6,0,6,0.068,0.0,0.068,3.5384,7.663,direct,88221,78851
direct_vs_group_psychosomatic,Wegen,6,0,6,0.068,0.0,0.068,3.5384,7.663,direct,88221,78851
direct_vs_group_psychosomatic,Wo,6,0,6,0.068,0.0,0.068,3.5384,7.663,direct,88221,78851
direct_vs_group_psychosomatic,abzusprechen,6,0,6,0.068,0.0,0.068,3.5384,7.663,direct,88221,78851
direct_vs_group_psychosomatic,bestehender,6,0,6,0.068,0.0,0.068,3.5384,7.663,direct,88221,78851
direct_vs_group_psychosomatic,erwarten,6,0,6,0.068,0.0,0.068,3.5384,7.663,direct,88221,78851
direct_vs_group_psychosomatic,eurem,6,0,6,0.068,0.0,0.068,3.5384,7.663,direct,88221,78851
direct_vs_group_psychosomatic,installieren,6,0,6,0.068,0.0,0.068,3.5384,7.663,direct,88221,78851
direct_vs_group_psychosomatic,jeweiligen,6,0,6,0.068,0.0,0.068,3.5384,7.663,direct,88221,78851
direct_vs_group_psychosomatic,kleines,6,0,6,0.068,0.0,0.068,3.5384,7.663,direct,88221,78851
direct_vs_group_psychosomatic,konsequenz,6,0,6,0.068,0.0,0.068,3.5384,7.663,direct,88221,78851
direct_vs_group_psychosomatic,nix,6,0,6,0.068,0.0,0.068,3.5384,7.663,direct,88221,78851
direct_vs_group_psychosomatic,no,6,0,6,0.068,0.0,0.068,3.5384,7.663,direct,88221,78851
direct_vs_group_psychosomatic,sagst,6,0,6,0.068,0.0,0.068,3.5384,7.663,direct,88221,78851
direct_vs_group_psychosomatic,sprich,6,0,6,0.068,0.0,0.068,3.5384,7.663,direct,88221,78851
direct_vs_group_psychosomatic,top,6,0,6,0.068,0.0,0.068,3.5384,7.663,direct,88221,78851
direct_vs_group_psychosomatic,vermeiden,6,0,6,0.068,0.0,0.068,3.5384,7.663,direct,88221,78851
direct_vs_group_psychosomatic,wen,6,0,6,0.068,0.0,0.068,3.5384,7.663,direct,88221,78851
direct_vs_group_psychosomatic,zurückrufen,6,0,6,0.068,0.0,0.068,3.5384,7.663,direct,88221,78851
direct_vs_group_psychosomatic,gern,52,24,76,0.5894,0.3044,0.2851,0.9375,7.6583,direct,88221,78851
direct_vs_group_psychosomatic,man,70,36,106,0.7935,0.4566,0.3369,0.7877,7.6171,direct,88221,78851
direct_vs_group_psychosomatic,Gelegenheit,10,1,11,0.1134,0.0127,0.1007,2.6454,7.5713,direct,88221,78851
direct_vs_group_psychosomatic,Messung,10,1,11,0.1134,0.0127,0.1007,2.6454,7.5713,direct,88221,78851
direct_vs_group_psychosomatic,Oh,10,1,11,0.1134,0.0127,0.1007,2.6454,7.5713,direct,88221,78851
direct_vs_group_psychosomatic,dringend,10,1,11,0.1134,0.0127,0.1007,2.6454,7.5713,direct,88221,78851
direct_vs_group_psychosomatic,findest,10,1,11,0.1134,0.0127,0.1007,2.6454,7.5713,direct,88221,78851
direct_vs_group_psychosomatic,musst,10,1,11,0.1134,0.0127,0.1007,2.6454,7.5713,direct,88221,78851
direct_vs_group_psychosomatic,reicht,10,1,11,0.1134,0.0127,0.1007,2.6454,7.5713,direct,88221,78851
direct_vs_group_psychosomatic,zeit,10,1,11,0.1134,0.0127,0.1007,2.6454,7.5713,direct,88221,78851
direct_vs_group_psychosomatic,3h,0,5,5,0.0,0.0634,-0.0634,-3.6214,7.5086,group,88221,78851
direct_vs_group_psychosomatic,AGS,0,5,5,0.0,0.0634,-0.0634,-3.6214,7.5086,group,88221,78851
direct_vs_group_psychosomatic,Abilify,0,5,5,0.0,0.0634,-0.0634,-3.6214,7.5086,group,88221,78851
direct_vs_group_psychosomatic,Agnus,0,5,5,0.0,0.0634,-0.0634,-3.6214,7.5086,group,88221,78851
direct_vs_group_psychosomatic,Akzeptanz,0,5,5,0.0,0.0634,-0.0634,-3.6214,7.5086,group,88221,78851
direct_vs_group_psychosomatic,Anhalt,0,5,5,0.0,0.0634,-0.0634,-3.6214,7.5086,group,88221,78851
direct_vs_group_psychosomatic,Ankunft,0,5,5,0.0,0.0634,-0.0634,-3.6214,7.5086,group,88221,78851
direct_vs_group_psychosomatic,Ansatzpunkte,0,5,5,0.0,0.0634,-0.0634,-3.6214,7.5086,group,88221,78851
direct_vs_group_psychosomatic,Ansätzen,0,5,5,0.0,0.0634,-0.0634,-3.6214,7.5086,group,88221,78851
direct_vs_group_psychosomatic,Ball,0,5,5,0.0,0.0634,-0.0634,-3.6214,7.5086,group,88221,78851
direct_vs_group_psychosomatic,Begutachtung,0,5,5,0.0,0.0634,-0.0634,-3.6214,7.5086,group,88221,78851
direct_vs_group_psychosomatic,Buprenorphin,0,5,5,0.0,0.0634,-0.0634,-3.6214,7.5086,group,88221,78851
direct_vs_group_psychosomatic,Castus,0,5,5,0.0,0.0634,-0.0634,-3.6214,7.5086,group,88221,78851
direct_vs_group_psychosomatic,Cave,0,5,5,0.0,0.0634,-0.0634,-3.6214,7.5086,group,88221,78851
direct_vs_group_psychosomatic,ES,0,5,5,0.0,0.0634,-0.0634,-3.6214,7.5086,group,88221,78851
direct_vs_group_psychosomatic,Eindrücke,0,5,5,0.0,0.0634,-0.0634,-3.6214,7.5086,group,88221,78851
direct_vs_group_psychosomatic,Einmalgabe,0,5,5,0.0,0.0634,-0.0634,-3.6214,7.5086,group,88221,78851
direct_vs_group_psychosomatic,Einzelzimmer,0,5,5,0.0,0.0634,-0.0634,-3.6214,7.5086,group,88221,78851
direct_vs_group_psychosomatic,Elektrolyt,0,5,5,0.0,0.0634,-0.0634,-3.6214,7.5086,group,88221,78851
direct_vs_group_psychosomatic,Emotion,0,5,5,0.0,0.0634,-0.0634,-3.6214,7.5086,group,88221,78851
direct_vs_group_psychosomatic,Essgruppenraum,0,5,5,0.0,0.0634,-0.0634,-3.6214,7.5086,group,88221,78851
direct_vs_group_psychosomatic,Eure,0,5,5,0.0,0.0634,-0.0634,-3.6214,7.5086,group,88221,78851
direct_vs_group_psychosomatic,Fatigue,0,5,5,0.0,0.0634,-0.0634,-3.6214,7.5086,group,88221,78851
direct_vs_group_psychosomatic,Fraglich,0,5,5,0.0,0.0634,-0.0634,-3.6214,7.5086,group,88221,78851
direct_vs_group_psychosomatic,Frust,0,5,5,0.0,0.0634,-0.0634,-3.6214,7.5086,group,88221,78851
direct_vs_group_psychosomatic,Fühle,0,5,5,0.0,0.0634,-0.0634,-3.6214,7.5086,group,88221,78851
direct_vs_group_psychosomatic,Gesundheitszustand,0,5,5,0.0,0.0634,-0.0634,-3.6214,7.5086,group,88221,78851
direct_vs_group_psychosomatic,Gymnastikraum,0,5,5,0.0,0.0634,-0.0634,-3.6214,7.5086,group,88221,78851
direct_vs_group_psychosomatic,Infektion,0,5,5,0.0,0.0634,-0.0634,-3.6214,7.5086,group,88221,78851
direct_vs_group_psychosomatic,Instrumente,0,5,5,0.0,0.0634,-0.0634,-3.6214,7.5086,group,88221,78851
direct_vs_group_psychosomatic,Iono,0,5,5,0.0,0.0634,-0.0634,-3.6214,7.5086,group,88221,78851
direct_vs_group_psychosomatic,K+,0,5,5,0.0,0.0634,-0.0634,-3.6214,7.5086,group,88221,78851
direct_vs_group_psychosomatic,Kommunikation,0,5,5,0.0,0.0634,-0.0634,-3.6214,7.5086,group,88221,78851
direct_vs_group_psychosomatic,Kopfschmerz,0,5,5,0.0,0.0634,-0.0634,-3.6214,7.5086,group,88221,78851
direct_vs_group_psychosomatic,Leistungsdruck,0,5,5,0.0,0.0634,-0.0634,-3.6214,7.5086,group,88221,78851
direct_vs_group_psychosomatic,Lenkung,0,5,5,0.0,0.0634,-0.0634,-3.6214,7.5086,group,88221,78851
direct_vs_group_psychosomatic,Luftnot,0,5,5,0.0,0.0634,-0.0634,-3.6214,7.5086,group,88221,78851
direct_vs_group_psychosomatic,Male,0,5,5,0.0,0.0634,-0.0634,-3.6214,7.5086,group,88221,78851
direct_vs_group_psychosomatic,Malen,0,5,5,0.0,0.0634,-0.0634,-3.6214,7.5086,group,88221,78851
direct_vs_group_psychosomatic,Manie,0,5,5,0.0,0.0634,-0.0634,-3.6214,7.5086,group,88221,78851
direct_vs_group_psychosomatic,Materialien,0,5,5,0.0,0.0634,-0.0634,-3.6214,7.5086,group,88221,78851
direct_vs_group_psychosomatic,Misstrauen,0,5,5,0.0,0.0634,-0.0634,-3.6214,7.5086,group,88221,78851
direct_vs_group_psychosomatic,Mönchspfeffer,0,5,5,0.0,0.0634,-0.0634,-3.6214,7.5086,group,88221,78851
direct_vs_group_psychosomatic,Nachtruhe,0,5,5,0.0,0.0634,-0.0634,-3.6214,7.5086,group,88221,78851
direct_vs_group_psychosomatic,Neue,0,5,5,0.0,0.0634,-0.0634,-3.6214,7.5086,group,88221,78851
direct_vs_group_psychosomatic,Orthoton,0,5,5,0.0,0.0634,-0.0634,-3.6214,7.5086,group,88221,78851
direct_vs_group_psychosomatic,Ostern,0,5,5,0.0,0.0634,-0.0634,-3.6214,7.5086,group,88221,78851
direct_vs_group_psychosomatic,PMS,0,5,5,0.0,0.0634,-0.0634,-3.6214,7.5086,group,88221,78851
direct_vs_group_psychosomatic,Pflaster,0,5,5,0.0,0.0634,-0.0634,-3.6214,7.5086,group,88221,78851
direct_vs_group_psychosomatic,Phospat,0,5,5,0.0,0.0634,-0.0634,-3.6214,7.5086,group,88221,78851
direct_vs_group_psychosomatic,Polarisierung,0,5,5,0.0,0.0634,-0.0634,-3.6214,7.5086,group,88221,78851
direct_vs_group_psychosomatic,Psycho,0,5,5,0.0,0.0634,-0.0634,-3.6214,7.5086,group,88221,78851
direct_vs_group_psychosomatic,Soziales,0,5,5,0.0,0.0634,-0.0634,-3.6214,7.5086,group,88221,78851
direct_vs_group_psychosomatic,Strukturen,0,5,5,0.0,0.0634,-0.0634,-3.6214,7.5086,group,88221,78851
direct_vs_group_psychosomatic,Teller,0,5,5,0.0,0.0634,-0.0634,-3.6214,7.5086,group,88221,78851
direct_vs_group_psychosomatic,Toxurin,0,5,5,0.0,0.0634,-0.0634,-3.6214,7.5086,group,88221,78851
direct_vs_group_psychosomatic,Ungeduld,0,5,5,0.0,0.0634,-0.0634,-3.6214,7.5086,group,88221,78851
direct_vs_group_psychosomatic,Verdachtdiagnosen,0,5,5,0.0,0.0634,-0.0634,-3.6214,7.5086,group,88221,78851
direct_vs_group_psychosomatic,Verspannungen,0,5,5,0.0,0.0634,-0.0634,-3.6214,7.5086,group,88221,78851
direct_vs_group_psychosomatic,Werdegang,0,5,5,0.0,0.0634,-0.0634,-3.6214,7.5086,group,88221,78851
direct_vs_group_psychosomatic,Zeichen,0,5,5,0.0,0.0634,-0.0634,-3.6214,7.5086,group,88221,78851
direct_vs_group_psychosomatic,Zimmersituation,0,5,5,0.0,0.0634,-0.0634,-3.6214,7.5086,group,88221,78851
direct_vs_group_psychosomatic,Zuge,0,5,5,0.0,0.0634,-0.0634,-3.6214,7.5086,group,88221,78851
direct_vs_group_psychosomatic,anfangs,0,5,5,0.0,0.0634,-0.0634,-3.6214,7.5086,group,88221,78851
direct_vs_group_psychosomatic,ausgeatmet,0,5,5,0.0,0.0634,-0.0634,-3.6214,7.5086,group,88221,78851
direct_vs_group_psychosomatic,beruhigen,0,5,5,0.0,0.0634,-0.0634,-3.6214,7.5086,group,88221,78851
direct_vs_group_psychosomatic,darstellen,0,5,5,0.0,0.0634,-0.0634,-3.6214,7.5086,group,88221,78851
direct_vs_group_psychosomatic,einschl,0,5,5,0.0,0.0634,-0.0634,-3.6214,7.5086,group,88221,78851
direct_vs_group_psychosomatic,empfahl,0,5,5,0.0,0.0634,-0.0634,-3.6214,7.5086,group,88221,78851
direct_vs_group_psychosomatic,engen,0,5,5,0.0,0.0634,-0.0634,-3.6214,7.5086,group,88221,78851
direct_vs_group_psychosomatic,erleben,0,5,5,0.0,0.0634,-0.0634,-3.6214,7.5086,group,88221,78851
direct_vs_group_psychosomatic,fokussiert,0,5,5,0.0,0.0634,-0.0634,-3.6214,7.5086,group,88221,78851
direct_vs_group_psychosomatic,geplanter,0,5,5,0.0,0.0634,-0.0634,-3.6214,7.5086,group,88221,78851
direct_vs_group_psychosomatic,geseufzt,0,5,5,0.0,0.0634,-0.0634,-3.6214,7.5086,group,88221,78851
direct_vs_group_psychosomatic,herrschte,0,5,5,0.0,0.0634,-0.0634,-3.6214,7.5086,group,88221,78851
direct_vs_group_psychosomatic,intensive,0,5,5,0.0,0.0634,-0.0634,-3.6214,7.5086,group,88221,78851
direct_vs_group_psychosomatic,kreative,0,5,5,0.0,0.0634,-0.0634,-3.6214,7.5086,group,88221,78851
direct_vs_group_psychosomatic,latent,0,5,5,0.0,0.0634,-0.0634,-3.6214,7.5086,group,88221,78851
direct_vs_group_psychosomatic,misstrauischen,0,5,5,0.0,0.0634,-0.0634,-3.6214,7.5086,group,88221,78851
direct_vs_group_psychosomatic,oraler,0,5,5,0.0,0.0634,-0.0634,-3.6214,7.5086,group,88221,78851
direct_vs_group_psychosomatic,pausiert,0,5,5,0.0,0.0634,-0.0634,-3.6214,7.5086,group,88221,78851
direct_vs_group_psychosomatic,positioniert,0,5,5,0.0,0.0634,-0.0634,-3.6214,7.5086,group,88221,78851
direct_vs_group_psychosomatic,psychischer,0,5,5,0.0,0.0634,-0.0634,-3.6214,7.5086,group,88221,78851
direct_vs_group_psychosomatic,reflektiert,0,5,5,0.0,0.0634,-0.0634,-3.6214,7.5086,group,88221,78851
direct_vs_group_psychosomatic,reger,0,5,5,0.0,0.0634,-0.0634,-3.6214,7.5086,group,88221,78851
direct_vs_group_psychosomatic,resonierte,0,5,5,0.0,0.0634,-0.0634,-3.6214,7.5086,group,88221,78851
direct_vs_group_psychosomatic,schlug,0,5,5,0.0,0.0634,-0.0634,-3.6214,7.5086,group,88221,78851
direct_vs_group_psychosomatic,seitens,0,5,5,0.0,0.0634,-0.0634,-3.6214,7.5086,group,88221,78851
direct_vs_group_psychosomatic,sichtlich,0,5,5,0.0,0.0634,-0.0634,-3.6214,7.5086,group,88221,78851
direct_vs_group_psychosomatic,sinkt,0,5,5,0.0,0.0634,-0.0634,-3.6214,7.5086,group,88221,78851
direct_vs_group_psychosomatic,sortieren,0,5,5,0.0,0.0634,-0.0634,-3.6214,7.5086,group,88221,78851
direct_vs_group_psychosomatic,sprachliche,0,5,5,0.0,0.0634,-0.0634,-3.6214,7.5086,group,88221,78851
direct_vs_group_psychosomatic,sympathisierte,0,5,5,0.0,0.0634,-0.0634,-3.6214,7.5086,group,88221,78851
direct_vs_group_psychosomatic,thorakale,0,5,5,0.0,0.0634,-0.0634,-3.6214,7.5086,group,88221,78851
direct_vs_group_psychosomatic,unangenehm,0,5,5,0.0,0.0634,-0.0634,-3.6214,7.5086,group,88221,78851
direct_vs_group_psychosomatic,verließ,0,5,5,0.0,0.0634,-0.0634,-3.6214,7.5086,group,88221,78851
direct_vs_group_psychosomatic,vorsichtige,0,5,5,0.0,0.0634,-0.0634,-3.6214,7.5086,group,88221,78851
direct_vs_group_psychosomatic,wertschätzende,0,5,5,0.0,0.0634,-0.0634,-3.6214,7.5086,group,88221,78851
direct_vs_group_psychosomatic,zN,0,5,5,0.0,0.0634,-0.0634,-3.6214,7.5086,group,88221,78851
direct_vs_group_psychosomatic,erstmal,47,21,68,0.5328,0.2663,0.2664,0.9816,7.4936,direct,88221,78851
direct_vs_group_psychosomatic,könnte,108,63,171,1.2242,0.799,0.4252,0.6109,7.4686,direct,88221,78851
direct_vs_group_psychosomatic,bezugstherapeutischen,15,3,18,0.17,0.038,0.132,1.9848,7.4424,direct,88221,78851
direct_vs_group_psychosomatic,kommt,68,35,103,0.7708,0.4439,0.3269,0.7863,7.3806,direct,88221,78851
direct_vs_group_psychosomatic,Lieber,42,18,60,0.4761,0.2283,0.2478,1.0379,7.3681,direct,88221,78851
direct_vs_group_psychosomatic,könnten,42,18,60,0.4761,0.2283,0.2478,1.0379,7.3681,direct,88221,78851
direct_vs_group_psychosomatic,A,5,16,21,0.0567,0.2029,-0.1462,-1.747,7.3607,group,88221,78851
direct_vs_group_psychosomatic,Erbrechen,5,16,21,0.0567,0.2029,-0.1462,-1.747,7.3607,group,88221,78851
direct_vs_group_psychosomatic,Ziele,5,16,21,0.0567,0.2029,-0.1462,-1.747,7.3607,group,88221,78851
direct_vs_group_psychosomatic,achten,11,25,36,0.1247,0.3171,-0.1924,-1.3109,7.2761,group,88221,78851
direct_vs_group_psychosomatic,geklappt,17,4,21,0.1927,0.0507,0.142,1.7974,7.2683,direct,88221,78851
direct_vs_group_psychosomatic,Freitag,77,103,180,0.8728,1.3063,-0.4335,-0.5794,7.2552,group,88221,78851
direct_vs_group_psychosomatic,erhalten,7,19,26,0.0793,0.241,-0.1616,-1.5405,7.1834,group,88221,78851
direct_vs_group_psychosomatic,seit,60,84,144,0.6801,1.0653,-0.3852,-0.644,7.1672,group,88221,78851
direct_vs_group_psychosomatic,Ist,40,17,57,0.4534,0.2156,0.2378,1.0486,7.1476,direct,88221,78851
direct_vs_group_psychosomatic,gefunden,30,11,41,0.3401,0.1395,0.2006,1.2452,7.1464,direct,88221,78851
direct_vs_group_psychosomatic,wann,57,28,85,0.6461,0.3551,0.291,0.8506,7.1071,direct,88221,78851
direct_vs_group_psychosomatic,er,196,227,423,2.2217,2.8788,-0.6572,-0.3733,7.0873,group,88221,78851
direct_vs_group_psychosomatic,leider,111,66,177,1.2582,0.837,0.4212,0.5836,7.072,direct,88221,78851
direct_vs_group_psychosomatic,Adipositas,4,14,18,0.0453,0.1776,-0.1322,-1.85,7.0634,group,88221,78851
direct_vs_group_psychosomatic,Anliegen,4,14,18,0.0453,0.1776,-0.1322,-1.85,7.0634,group,88221,78851
direct_vs_group_psychosomatic,BEs,4,14,18,0.0453,0.1776,-0.1322,-1.85,7.0634,group,88221,78851
direct_vs_group_psychosomatic,Sertralin,4,14,18,0.0453,0.1776,-0.1322,-1.85,7.0634,group,88221,78851
direct_vs_group_psychosomatic,bekannt,4,14,18,0.0453,0.1776,-0.1322,-1.85,7.0634,group,88221,78851
direct_vs_group_psychosomatic,richtig,43,19,62,0.4874,0.241,0.2465,0.9955,7.038,direct,88221,78851
direct_vs_group_psychosomatic,30mg,1,8,9,0.0113,0.1015,-0.0901,-2.6645,7.012,group,88221,78851
direct_vs_group_psychosomatic,AP,1,8,9,0.0113,0.1015,-0.0901,-2.6645,7.012,group,88221,78851
direct_vs_group_psychosomatic,Beine,1,8,9,0.0113,0.1015,-0.0901,-2.6645,7.012,group,88221,78851
direct_vs_group_psychosomatic,Krankheitskonzept,1,8,9,0.0113,0.1015,-0.0901,-2.6645,7.012,group,88221,78851
direct_vs_group_psychosomatic,Veränderungen,1,8,9,0.0113,0.1015,-0.0901,-2.6645,7.012,group,88221,78851
direct_vs_group_psychosomatic,ausführliche,1,8,9,0.0113,0.1015,-0.0901,-2.6645,7.012,group,88221,78851
direct_vs_group_psychosomatic,bedingt,1,8,9,0.0113,0.1015,-0.0901,-2.6645,7.012,group,88221,78851
direct_vs_group_psychosomatic,bekannte,1,8,9,0.0113,0.1015,-0.0901,-2.6645,7.012,group,88221,78851
direct_vs_group_psychosomatic,dosiert,1,8,9,0.0113,0.1015,-0.0901,-2.6645,7.012,group,88221,78851
direct_vs_group_psychosomatic,erlaubt,1,8,9,0.0113,0.1015,-0.0901,-2.6645,7.012,group,88221,78851
direct_vs_group_psychosomatic,parallel,1,8,9,0.0113,0.1015,-0.0901,-2.6645,7.012,group,88221,78851
direct_vs_group_psychosomatic,seines,1,8,9,0.0113,0.1015,-0.0901,-2.6645,7.012,group,88221,78851
direct_vs_group_psychosomatic,vmtl,1,8,9,0.0113,0.1015,-0.0901,-2.6645,7.012,group,88221,78851
direct_vs_group_psychosomatic,erreichen,28,10,38,0.3174,0.1268,0.1906,1.2786,6.9764,direct,88221,78851
direct_vs_group_psychosomatic,kommen,64,33,97,0.7255,0.4185,0.3069,0.7831,6.9079,direct,88221,78851
direct_vs_group_psychosomatic,DocTalk,12,2,14,0.136,0.0254,0.1107,2.1599,6.8461,direct,88221,78851
direct_vs_group_psychosomatic,Kapazitäten,12,2,14,0.136,0.0254,0.1107,2.1599,6.8461,direct,88221,78851
direct_vs_group_psychosomatic,Kurve,12,2,14,0.136,0.0254,0.1107,2.1599,6.8461,direct,88221,78851
direct_vs_group_psychosomatic,Arzt,3,12,15,0.034,0.1522,-0.1182,-1.9985,6.8402,group,88221,78851
direct_vs_group_psychosomatic,Krea,3,12,15,0.034,0.1522,-0.1182,-1.9985,6.8402,group,88221,78851
direct_vs_group_psychosomatic,Mann,3,12,15,0.034,0.1522,-0.1182,-1.9985,6.8402,group,88221,78851
direct_vs_group_psychosomatic,Spaß,3,12,15,0.034,0.1522,-0.1182,-1.9985,6.8402,group,88221,78851
direct_vs_group_psychosomatic,Therapien,3,12,15,0.034,0.1522,-0.1182,-1.9985,6.8402,group,88221,78851
direct_vs_group_psychosomatic,Wünsche,3,12,15,0.034,0.1522,-0.1182,-1.9985,6.8402,group,88221,78851
direct_vs_group_psychosomatic,Zunahme,3,12,15,0.034,0.1522,-0.1182,-1.9985,6.8402,group,88221,78851
direct_vs_group_psychosomatic,bringen,3,12,15,0.034,0.1522,-0.1182,-1.9985,6.8402,group,88221,78851
direct_vs_group_psychosomatic,ihre,59,82,141,0.6688,1.0399,-0.3712,-0.6335,6.7953,group,88221,78851
direct_vs_group_psychosomatic,jeweils,6,17,23,0.068,0.2156,-0.1476,-1.5908,6.79,group,88221,78851
direct_vs_group_psychosomatic,KomBew,2,10,12,0.0227,0.1268,-0.1042,-2.2324,6.7581,group,88221,78851
direct_vs_group_psychosomatic,Lebertransplantation,2,10,12,0.0227,0.1268,-0.1042,-2.2324,6.7581,group,88221,78851
direct_vs_group_psychosomatic,Maske,2,10,12,0.0227,0.1268,-0.1042,-2.2324,6.7581,group,88221,78851
direct_vs_group_psychosomatic,Risiko,2,10,12,0.0227,0.1268,-0.1042,-2.2324,6.7581,group,88221,78851
direct_vs_group_psychosomatic,Transaminasen,2,10,12,0.0227,0.1268,-0.1042,-2.2324,6.7581,group,88221,78851
direct_vs_group_psychosomatic,akute,2,10,12,0.0227,0.1268,-0.1042,-2.2324,6.7581,group,88221,78851
direct_vs_group_psychosomatic,angekündigt,2,10,12,0.0227,0.1268,-0.1042,-2.2324,6.7581,group,88221,78851
direct_vs_group_psychosomatic,miteinander,2,10,12,0.0227,0.1268,-0.1042,-2.2324,6.7581,group,88221,78851
direct_vs_group_psychosomatic,probieren,2,10,12,0.0227,0.1268,-0.1042,-2.2324,6.7581,group,88221,78851
direct_vs_group_psychosomatic,Übungen,2,10,12,0.0227,0.1268,-0.1042,-2.2324,6.7581,group,88221,78851
direct_vs_group_psychosomatic,keine,132,160,292,1.4962,2.0291,-0.5329,-0.4386,6.7529,group,88221,78851
direct_vs_group_psychosomatic,Screening,24,8,32,0.272,0.1015,0.1706,1.3653,6.6762,direct,88221,78851
direct_vs_group_psychosomatic,ohne,29,47,76,0.3287,0.5961,-0.2673,-0.8492,6.5645,group,88221,78851
direct_vs_group_psychosomatic,schönen,14,3,17,0.1587,0.038,0.1206,1.8886,6.5414,direct,88221,78851
direct_vs_group_psychosomatic,Ort,66,35,101,0.7481,0.4439,0.3042,0.7435,6.5075,direct,88221,78851
direct_vs_group_psychosomatic,zwischen,17,32,49,0.1927,0.4058,-0.2131,-1.0551,6.505,group,88221,78851
direct_vs_group_psychosomatic,gegen,34,14,48,0.3854,0.1776,0.2078,1.0886,6.4985,direct,88221,78851
direct_vs_group_psychosomatic,Arthrose,9,1,10,0.102,0.0127,0.0893,2.501,6.4945,direct,88221,78851
direct_vs_group_psychosomatic,Blick,9,1,10,0.102,0.0127,0.0893,2.501,6.4945,direct,88221,78851
direct_vs_group_psychosomatic,Passwort,9,1,10,0.102,0.0127,0.0893,2.501,6.4945,direct,88221,78851
direct_vs_group_psychosomatic,cool,9,1,10,0.102,0.0127,0.0893,2.501,6.4945,direct,88221,78851
direct_vs_group_psychosomatic,fände,9,1,10,0.102,0.0127,0.0893,2.501,6.4945,direct,88221,78851
direct_vs_group_psychosomatic,habs,9,1,10,0.102,0.0127,0.0893,2.501,6.4945,direct,88221,78851
direct_vs_group_psychosomatic,mittwoch,9,1,10,0.102,0.0127,0.0893,2.501,6.4945,direct,88221,78851
direct_vs_group_psychosomatic,schade,9,1,10,0.102,0.0127,0.0893,2.501,6.4945,direct,88221,78851
direct_vs_group_psychosomatic,tauschen,9,1,10,0.102,0.0127,0.0893,2.501,6.4945,direct,88221,78851
direct_vs_group_psychosomatic,unseren,9,1,10,0.102,0.0127,0.0893,2.501,6.4945,direct,88221,78851
direct_vs_group_psychosomatic,bevor,20,6,26,0.2267,0.0761,0.1506,1.4951,6.463,direct,88221,78851
direct_vs_group_psychosomatic,frage,16,4,20,0.1814,0.0507,0.1306,1.7125,6.4254,direct,88221,78851
direct_vs_group_psychosomatic,länger,16,4,20,0.1814,0.0507,0.1306,1.7125,6.4254,direct,88221,78851
direct_vs_group_psychosomatic,Büro,18,5,23,0.204,0.0634,0.1406,1.588,6.4126,direct,88221,78851
direct_vs_group_psychosomatic,bestimmt,18,5,23,0.204,0.0634,0.1406,1.588,6.4126,direct,88221,78851
direct_vs_group_psychosomatic,Gewicht,80,45,125,0.9068,0.5707,0.3361,0.6611,6.3961,direct,88221,78851
direct_vs_group_psychosomatic,ACT,5,0,5,0.0567,0.0,0.0567,3.2974,6.3858,direct,88221,78851
direct_vs_group_psychosomatic,Atrophie,5,0,5,0.0567,0.0,0.0567,3.2974,6.3858,direct,88221,78851
direct_vs_group_psychosomatic,Aufnahmegespräch,5,0,5,0.0567,0.0,0.0567,3.2974,6.3858,direct,88221,78851
direct_vs_group_psychosomatic,Bestellung,5,0,5,0.0567,0.0,0.0567,3.2974,6.3858,direct,88221,78851
direct_vs_group_psychosomatic,Briefen,5,0,5,0.0567,0.0,0.0567,3.2974,6.3858,direct,88221,78851
direct_vs_group_psychosomatic,Fehler,5,0,5,0.0567,0.0,0.0567,3.2974,6.3858,direct,88221,78851
direct_vs_group_psychosomatic,Gang,5,0,5,0.0567,0.0,0.0567,3.2974,6.3858,direct,88221,78851
direct_vs_group_psychosomatic,Gesprächs,5,0,5,0.0567,0.0,0.0567,3.2974,6.3858,direct,88221,78851
direct_vs_group_psychosomatic,Hej,5,0,5,0.0567,0.0,0.0567,3.2974,6.3858,direct,88221,78851
direct_vs_group_psychosomatic,Homeoffice,5,0,5,0.0567,0.0,0.0567,3.2974,6.3858,direct,88221,78851
direct_vs_group_psychosomatic,Interessant,5,0,5,0.0567,0.0,0.0567,3.2974,6.3858,direct,88221,78851
direct_vs_group_psychosomatic,Kalender,5,0,5,0.0567,0.0,0.0567,3.2974,6.3858,direct,88221,78851
direct_vs_group_psychosomatic,Liegen,5,0,5,0.0567,0.0,0.0567,3.2974,6.3858,direct,88221,78851
direct_vs_group_psychosomatic,Mittw,5,0,5,0.0567,0.0,0.0567,3.2974,6.3858,direct,88221,78851
direct_vs_group_psychosomatic,Muss,5,0,5,0.0567,0.0,0.0567,3.2974,6.3858,direct,88221,78851
direct_vs_group_psychosomatic,Möchtest,5,0,5,0.0567,0.0,0.0567,3.2974,6.3858,direct,88221,78851
direct_vs_group_psychosomatic,Psychiatrie,5,0,5,0.0567,0.0,0.0567,3.2974,6.3858,direct,88221,78851
direct_vs_group_psychosomatic,Schreibst,5,0,5,0.0567,0.0,0.0567,3.2974,6.3858,direct,88221,78851
direct_vs_group_psychosomatic,Sollen,5,0,5,0.0567,0.0,0.0567,3.2974,6.3858,direct,88221,78851
direct_vs_group_psychosomatic,Terminvereinbarung,5,0,5,0.0567,0.0,0.0567,3.2974,6.3858,direct,88221,78851
direct_vs_group_psychosomatic,Top,5,0,5,0.0567,0.0,0.0567,3.2974,6.3858,direct,88221,78851
direct_vs_group_psychosomatic,Untergrenze,5,0,5,0.0567,0.0,0.0567,3.2974,6.3858,direct,88221,78851
direct_vs_group_psychosomatic,Zusatznahrung,5,0,5,0.0567,0.0,0.0567,3.2974,6.3858,direct,88221,78851
direct_vs_group_psychosomatic,angezeigt,5,0,5,0.0567,0.0,0.0567,3.2974,6.3858,direct,88221,78851
direct_vs_group_psychosomatic,ausgehändigt,5,0,5,0.0567,0.0,0.0567,3.2974,6.3858,direct,88221,78851
direct_vs_group_psychosomatic,blöd,5,0,5,0.0567,0.0,0.0567,3.2974,6.3858,direct,88221,78851
direct_vs_group_psychosomatic,chaotisch,5,0,5,0.0567,0.0,0.0567,3.2974,6.3858,direct,88221,78851
direct_vs_group_psychosomatic,deines,5,0,5,0.0567,0.0,0.0567,3.2974,6.3858,direct,88221,78851
direct_vs_group_psychosomatic,demnächst,5,0,5,0.0567,0.0,0.0567,3.2974,6.3858,direct,88221,78851
direct_vs_group_psychosomatic,derzeitig,5,0,5,0.0567,0.0,0.0567,3.2974,6.3858,direct,88221,78851
direct_vs_group_psychosomatic,euer,5,0,5,0.0567,0.0,0.0567,3.2974,6.3858,direct,88221,78851
direct_vs_group_psychosomatic,for,5,0,5,0.0567,0.0,0.0567,3.2974,6.3858,direct,88221,78851
direct_vs_group_psychosomatic,haha,5,0,5,0.0567,0.0,0.0567,3.2974,6.3858,direct,88221,78851
direct_vs_group_psychosomatic,joy,5,0,5,0.0567,0.0,0.0567,3.2974,6.3858,direct,88221,78851
direct_vs_group_psychosomatic,klicken,5,0,5,0.0567,0.0,0.0567,3.2974,6.3858,direct,88221,78851
direct_vs_group_psychosomatic,letzteres,5,0,5,0.0567,0.0,0.0567,3.2974,6.3858,direct,88221,78851
direct_vs_group_psychosomatic,mist,5,0,5,0.0567,0.0,0.0567,3.2974,6.3858,direct,88221,78851
direct_vs_group_psychosomatic,nee,5,0,5,0.0567,0.0,0.0567,3.2974,6.3858,direct,88221,78851
direct_vs_group_psychosomatic,rief,5,0,5,0.0567,0.0,0.0567,3.2974,6.3858,direct,88221,78851
direct_vs_group_psychosomatic,schaust,5,0,5,0.0567,0.0,0.0567,3.2974,6.3858,direct,88221,78851
direct_vs_group_psychosomatic,schreibst,5,0,5,0.0567,0.0,0.0567,3.2974,6.3858,direct,88221,78851
direct_vs_group_psychosomatic,unaufällig,5,0,5,0.0567,0.0,0.0567,3.2974,6.3858,direct,88221,78851
direct_vs_group_psychosomatic,versendet,5,0,5,0.0567,0.0,0.0567,3.2974,6.3858,direct,88221,78851
direct_vs_group_psychosomatic,vorbeischauen,5,0,5,0.0567,0.0,0.0567,3.2974,6.3858,direct,88221,78851
direct_vs_group_psychosomatic,vorbereitet,5,0,5,0.0567,0.0,0.0567,3.2974,6.3858,direct,88221,78851
direct_vs_group_psychosomatic,â¢,5,0,5,0.0567,0.0,0.0567,3.2974,6.3858,direct,88221,78851
direct_vs_group_psychosomatic,musste,9,21,30,0.102,0.2663,-0.1643,-1.3403,6.3789,group,88221,78851
direct_vs_group_psychosomatic,ÖGD,9,21,30,0.102,0.2663,-0.1643,-1.3403,6.3789,group,88221,78851
direct_vs_group_psychosomatic,Nahrung,7,18,25,0.0793,0.2283,-0.1489,-1.4646,6.3236,group,88221,78851
direct_vs_group_psychosomatic,leicht,7,18,25,0.0793,0.2283,-0.1489,-1.4646,6.3236,group,88221,78851
direct_vs_group_psychosomatic,fragen,84,48,132,0.9522,0.6087,0.3434,0.639,6.3172,direct,88221,78851
direct_vs_group_psychosomatic,Station,61,83,144,0.6914,1.0526,-0.3612,-0.6032,6.2982,group,88221,78851
direct_vs_group_psychosomatic,essen,40,18,58,0.4534,0.2283,0.2251,0.9684,6.2699,direct,88221,78851
direct_vs_group_psychosomatic,steht,43,20,63,0.4874,0.2536,0.2338,0.9234,6.21,direct,88221,78851
direct_vs_group_psychosomatic,Bis,25,9,34,0.2834,0.1141,0.1692,1.2625,6.1459,direct,88221,78851
direct_vs_group_psychosomatic,kam,28,45,73,0.3174,0.5707,-0.2533,-0.8369,6.1343,group,88221,78851
direct_vs_group_psychosomatic,Alltag,4,13,17,0.0453,0.1649,-0.1195,-1.747,6.0809,group,88221,78851
direct_vs_group_psychosomatic,Bewegung,4,13,17,0.0453,0.1649,-0.1195,-1.747,6.0809,group,88221,78851
direct_vs_group_psychosomatic,Erfahrungen,4,13,17,0.0453,0.1649,-0.1195,-1.747,6.0809,group,88221,78851
direct_vs_group_psychosomatic,vorerst,4,13,17,0.0453,0.1649,-0.1195,-1.747,6.0809,group,88221,78851
direct_vs_group_psychosomatic,112,0,4,4,0.0,0.0507,-0.0507,-3.3319,6.0069,group,88221,78851
direct_vs_group_psychosomatic,1mg,0,4,4,0.0,0.0507,-0.0507,-3.3319,6.0069,group,88221,78851
direct_vs_group_psychosomatic,220/90mmHg,0,4,4,0.0,0.0507,-0.0507,-3.3319,6.0069,group,88221,78851
direct_vs_group_psychosomatic,2GefäßKHK,0,4,4,0.0,0.0507,-0.0507,-3.3319,6.0069,group,88221,78851
direct_vs_group_psychosomatic,2h,0,4,4,0.0,0.0507,-0.0507,-3.3319,6.0069,group,88221,78851
direct_vs_group_psychosomatic,32a,0,4,4,0.0,0.0507,-0.0507,-3.3319,6.0069,group,88221,78851
direct_vs_group_psychosomatic,32b,0,4,4,0.0,0.0507,-0.0507,-3.3319,6.0069,group,88221,78851
direct_vs_group_psychosomatic,5jähriger,0,4,4,0.0,0.0507,-0.0507,-3.3319,6.0069,group,88221,78851
direct_vs_group_psychosomatic,80%,0,4,4,0.0,0.0507,-0.0507,-3.3319,6.0069,group,88221,78851
direct_vs_group_psychosomatic,85%,0,4,4,0.0,0.0507,-0.0507,-3.3319,6.0069,group,88221,78851
direct_vs_group_psychosomatic,98%,0,4,4,0.0,0.0507,-0.0507,-3.3319,6.0069,group,88221,78851
direct_vs_group_psychosomatic,AEG1,0,4,4,0.0,0.0507,-0.0507,-3.3319,6.0069,group,88221,78851
direct_vs_group_psychosomatic,Allgemeinsymtomatik,0,4,4,0.0,0.0507,-0.0507,-3.3319,6.0069,group,88221,78851
direct_vs_group_psychosomatic,Anderen,0,4,4,0.0,0.0507,-0.0507,-3.3319,6.0069,group,88221,78851
direct_vs_group_psychosomatic,Anfangsrunde,0,4,4,0.0,0.0507,-0.0507,-3.3319,6.0069,group,88221,78851
direct_vs_group_psychosomatic,Angehörigen,0,4,4,0.0,0.0507,-0.0507,-3.3319,6.0069,group,88221,78851
direct_vs_group_psychosomatic,Ansprechen,0,4,4,0.0,0.0507,-0.0507,-3.3319,6.0069,group,88221,78851
direct_vs_group_psychosomatic,Ansprechpersonen,0,4,4,0.0,0.0507,-0.0507,-3.3319,6.0069,group,88221,78851
direct_vs_group_psychosomatic,Archivierung,0,4,4,0.0,0.0507,-0.0507,-3.3319,6.0069,group,88221,78851
direct_vs_group_psychosomatic,Arcoxia,0,4,4,0.0,0.0507,-0.0507,-3.3319,6.0069,group,88221,78851
direct_vs_group_psychosomatic,Atosiltropfen,0,4,4,0.0,0.0507,-0.0507,-3.3319,6.0069,group,88221,78851
direct_vs_group_psychosomatic,Auszug,0,4,4,0.0,0.0507,-0.0507,-3.3319,6.0069,group,88221,78851
direct_vs_group_psychosomatic,BDI,0,4,4,0.0,0.0507,-0.0507,-3.3319,6.0069,group,88221,78851
direct_vs_group_psychosomatic,Balance,0,4,4,0.0,0.0507,-0.0507,-3.3319,6.0069,group,88221,78851
direct_vs_group_psychosomatic,Bearbeitung,0,4,4,0.0,0.0507,-0.0507,-3.3319,6.0069,group,88221,78851
direct_vs_group_psychosomatic,Behandlerwechsel,0,4,4,0.0,0.0507,-0.0507,-3.3319,6.0069,group,88221,78851
direct_vs_group_psychosomatic,Beschützerrolle,0,4,4,0.0,0.0507,-0.0507,-3.3319,6.0069,group,88221,78851
direct_vs_group_psychosomatic,Bewegungsstörung,0,4,4,0.0,0.0507,-0.0507,-3.3319,6.0069,group,88221,78851
direct_vs_group_psychosomatic,Bipolar,0,4,4,0.0,0.0507,-0.0507,-3.3319,6.0069,group,88221,78851
direct_vs_group_psychosomatic,Blutentnahmen,0,4,4,0.0,0.0507,-0.0507,-3.3319,6.0069,group,88221,78851
direct_vs_group_psychosomatic,Carotiden,0,4,4,0.0,0.0507,-0.0507,-3.3319,6.0069,group,88221,78851
direct_vs_group_psychosomatic,Chance,0,4,4,0.0,0.0507,-0.0507,-3.3319,6.0069,group,88221,78851
direct_vs_group_psychosomatic,Chemo,0,4,4,0.0,0.0507,-0.0507,-3.3319,6.0069,group,88221,78851
direct_vs_group_psychosomatic,Colitis,0,4,4,0.0,0.0507,-0.0507,-3.3319,6.0069,group,88221,78851
direct_vs_group_psychosomatic,Ding,0,4,4,0.0,0.0507,-0.0507,-3.3319,6.0069,group,88221,78851
direct_vs_group_psychosomatic,Doppler,0,4,4,0.0,0.0507,-0.0507,-3.3319,6.0069,group,88221,78851
direct_vs_group_psychosomatic,Dosisfindung,0,4,4,0.0,0.0507,-0.0507,-3.3319,6.0069,group,88221,78851
direct_vs_group_psychosomatic,Ehrlichkeit,0,4,4,0.0,0.0507,-0.0507,-3.3319,6.0069,group,88221,78851
direct_vs_group_psychosomatic,Eingangsrunde,0,4,4,0.0,0.0507,-0.0507,-3.3319,6.0069,group,88221,78851
direct_vs_group_psychosomatic,Elyte,0,4,4,0.0,0.0507,-0.0507,-3.3319,6.0069,group,88221,78851
direct_vs_group_psychosomatic,Endosono,0,4,4,0.0,0.0507,-0.0507,-3.3319,6.0069,group,88221,78851
direct_vs_group_psychosomatic,Entzügigkeit,0,4,4,0.0,0.0507,-0.0507,-3.3319,6.0069,group,88221,78851
direct_vs_group_psychosomatic,Epilepsie,0,4,4,0.0,0.0507,-0.0507,-3.3319,6.0069,group,88221,78851
direct_vs_group_psychosomatic,Erhält,0,4,4,0.0,0.0507,-0.0507,-3.3319,6.0069,group,88221,78851
direct_vs_group_psychosomatic,Erkältungssymptomatik,0,4,4,0.0,0.0507,-0.0507,-3.3319,6.0069,group,88221,78851
direct_vs_group_psychosomatic,Erwartungen,0,4,4,0.0,0.0507,-0.0507,-3.3319,6.0069,group,88221,78851
direct_vs_group_psychosomatic,Exploration,0,4,4,0.0,0.0507,-0.0507,-3.3319,6.0069,group,88221,78851
direct_vs_group_psychosomatic,Feuerwerk,0,4,4,0.0,0.0507,-0.0507,-3.3319,6.0069,group,88221,78851
direct_vs_group_psychosomatic,Frührentnerin,0,4,4,0.0,0.0507,-0.0507,-3.3319,6.0069,group,88221,78851
direct_vs_group_psychosomatic,G,0,4,4,0.0,0.0507,-0.0507,-3.3319,6.0069,group,88221,78851
direct_vs_group_psychosomatic,Gegenstand,0,4,4,0.0,0.0507,-0.0507,-3.3319,6.0069,group,88221,78851
direct_vs_group_psychosomatic,Gesamtzustandes,0,4,4,0.0,0.0507,-0.0507,-3.3319,6.0069,group,88221,78851
direct_vs_group_psychosomatic,Grundsätzlich,0,4,4,0.0,0.0507,-0.0507,-3.3319,6.0069,group,88221,78851
direct_vs_group_psychosomatic,Gruppenmitgliedern,0,4,4,0.0,0.0507,-0.0507,-3.3319,6.0069,group,88221,78851
direct_vs_group_psychosomatic,HAP,0,4,4,0.0,0.0507,-0.0507,-3.3319,6.0069,group,88221,78851
direct_vs_group_psychosomatic,Hashtag_GT_Diagnostik,0,4,4,0.0,0.0507,-0.0507,-3.3319,6.0069,group,88221,78851
direct_vs_group_psychosomatic,Herzenzyme,0,4,4,0.0,0.0507,-0.0507,-3.3319,6.0069,group,88221,78851
direct_vs_group_psychosomatic,Hypotonie,0,4,4,0.0,0.0507,-0.0507,-3.3319,6.0069,group,88221,78851
direct_vs_group_psychosomatic,Häufung,0,4,4,0.0,0.0507,-0.0507,-3.3319,6.0069,group,88221,78851
direct_vs_group_psychosomatic,Insuffizienz,0,4,4,0.0,0.0507,-0.0507,-3.3319,6.0069,group,88221,78851
direct_vs_group_psychosomatic,Intellektualisierung,0,4,4,0.0,0.0507,-0.0507,-3.3319,6.0069,group,88221,78851
direct_vs_group_psychosomatic,Jemand,0,4,4,0.0,0.0507,-0.0507,-3.3319,6.0069,group,88221,78851
direct_vs_group_psychosomatic,KEIN,0,4,4,0.0,0.0507,-0.0507,-3.3319,6.0069,group,88221,78851
direct_vs_group_psychosomatic,Kanälen,0,4,4,0.0,0.0507,-0.0507,-3.3319,6.0069,group,88221,78851
direct_vs_group_psychosomatic,Kissen,0,4,4,0.0,0.0507,-0.0507,-3.3319,6.0069,group,88221,78851
direct_vs_group_psychosomatic,Klavier,0,4,4,0.0,0.0507,-0.0507,-3.3319,6.0069,group,88221,78851
direct_vs_group_psychosomatic,Knieprobleme,0,4,4,0.0,0.0507,-0.0507,-3.3319,6.0069,group,88221,78851
direct_vs_group_psychosomatic,Kraft,0,4,4,0.0,0.0507,-0.0507,-3.3319,6.0069,group,88221,78851
direct_vs_group_psychosomatic,Magenhochzug,0,4,4,0.0,0.0507,-0.0507,-3.3319,6.0069,group,88221,78851
direct_vs_group_psychosomatic,Material,0,4,4,0.0,0.0507,-0.0507,-3.3319,6.0069,group,88221,78851
direct_vs_group_psychosomatic,Mehr,0,4,4,0.0,0.0507,-0.0507,-3.3319,6.0069,group,88221,78851
direct_vs_group_psychosomatic,Nachweis,0,4,4,0.0,0.0507,-0.0507,-3.3319,6.0069,group,88221,78851
direct_vs_group_psychosomatic,Nephro,0,4,4,0.0,0.0507,-0.0507,-3.3319,6.0069,group,88221,78851
direct_vs_group_psychosomatic,Nichte,0,4,4,0.0,0.0507,-0.0507,-3.3319,6.0069,group,88221,78851
direct_vs_group_psychosomatic,Nichterreichen,0,4,4,0.0,0.0507,-0.0507,-3.3319,6.0069,group,88221,78851
direct_vs_group_psychosomatic,Nitraten,0,4,4,0.0,0.0507,-0.0507,-3.3319,6.0069,group,88221,78851
direct_vs_group_psychosomatic,Notfall,0,4,4,0.0,0.0507,-0.0507,-3.3319,6.0069,group,88221,78851
direct_vs_group_psychosomatic,Oberärztin,0,4,4,0.0,0.0507,-0.0507,-3.3319,6.0069,group,88221,78851
direct_vs_group_psychosomatic,Orientierende,0,4,4,0.0,0.0507,-0.0507,-3.3319,6.0069,group,88221,78851
direct_vs_group_psychosomatic,Orientierung,0,4,4,0.0,0.0507,-0.0507,-3.3319,6.0069,group,88221,78851
direct_vs_group_psychosomatic,Orientierungslosigkeit,0,4,4,0.0,0.0507,-0.0507,-3.3319,6.0069,group,88221,78851
direct_vs_group_psychosomatic,Oxycodonentzug,0,4,4,0.0,0.0507,-0.0507,-3.3319,6.0069,group,88221,78851
direct_vs_group_psychosomatic,PHQ,0,4,4,0.0,0.0507,-0.0507,-3.3319,6.0069,group,88221,78851
direct_vs_group_psychosomatic,Plasmaproteinbindung,0,4,4,0.0,0.0507,-0.0507,-3.3319,6.0069,group,88221,78851
direct_vs_group_psychosomatic,Plasmaproteinbindungskapazität,0,4,4,0.0,0.0507,-0.0507,-3.3319,6.0069,group,88221,78851
direct_vs_group_psychosomatic,Plasmaspiegelbestimmungen,0,4,4,0.0,0.0507,-0.0507,-3.3319,6.0069,group,88221,78851
direct_vs_group_psychosomatic,Praktikanten,0,4,4,0.0,0.0507,-0.0507,-3.3319,6.0069,group,88221,78851
direct_vs_group_psychosomatic,Problemfelder,0,4,4,0.0,0.0507,-0.0507,-3.3319,6.0069,group,88221,78851
direct_vs_group_psychosomatic,Profitiere,0,4,4,0.0,0.0507,-0.0507,-3.3319,6.0069,group,88221,78851
direct_vs_group_psychosomatic,Pulsoxy,0,4,4,0.0,0.0507,-0.0507,-3.3319,6.0069,group,88221,78851
direct_vs_group_psychosomatic,Rückblick,0,4,4,0.0,0.0507,-0.0507,-3.3319,6.0069,group,88221,78851
direct_vs_group_psychosomatic,Rücken,0,4,4,0.0,0.0507,-0.0507,-3.3319,6.0069,group,88221,78851
direct_vs_group_psychosomatic,SZ,0,4,4,0.0,0.0507,-0.0507,-3.3319,6.0069,group,88221,78851
direct_vs_group_psychosomatic,Samstagnacht,0,4,4,0.0,0.0507,-0.0507,-3.3319,6.0069,group,88221,78851
direct_vs_group_psychosomatic,Schlaflosigkeit,0,4,4,0.0,0.0507,-0.0507,-3.3319,6.0069,group,88221,78851
direct_vs_group_psychosomatic,Schlafmedikation,0,4,4,0.0,0.0507,-0.0507,-3.3319,6.0069,group,88221,78851
direct_vs_group_psychosomatic,Schlafstörungen,0,4,4,0.0,0.0507,-0.0507,-3.3319,6.0069,group,88221,78851
direct_vs_group_psychosomatic,Schmerzmed,0,4,4,0.0,0.0507,-0.0507,-3.3319,6.0069,group,88221,78851
direct_vs_group_psychosomatic,Schwangerschaft,0,4,4,0.0,0.0507,-0.0507,-3.3319,6.0069,group,88221,78851
direct_vs_group_psychosomatic,SigmaCA,0,4,4,0.0,0.0507,-0.0507,-3.3319,6.0069,group,88221,78851
direct_vs_group_psychosomatic,Sofa,0,4,4,0.0,0.0507,-0.0507,-3.3319,6.0069,group,88221,78851
direct_vs_group_psychosomatic,Soz,0,4,4,0.0,0.0507,-0.0507,-3.3319,6.0069,group,88221,78851
direct_vs_group_psychosomatic,Spironolacton,0,4,4,0.0,0.0507,-0.0507,-3.3319,6.0069,group,88221,78851
direct_vs_group_psychosomatic,Spitze,0,4,4,0.0,0.0507,-0.0507,-3.3319,6.0069,group,88221,78851
direct_vs_group_psychosomatic,Sprachstörung,0,4,4,0.0,0.0507,-0.0507,-3.3319,6.0069,group,88221,78851
direct_vs_group_psychosomatic,Sprachstörung/,0,4,4,0.0,0.0507,-0.0507,-3.3319,6.0069,group,88221,78851
direct_vs_group_psychosomatic,Stenosen,0,4,4,0.0,0.0507,-0.0507,-3.3319,6.0069,group,88221,78851
direct_vs_group_psychosomatic,Strickwolle,0,4,4,0.0,0.0507,-0.0507,-3.3319,6.0069,group,88221,78851
direct_vs_group_psychosomatic,Substanzen,0,4,4,0.0,0.0507,-0.0507,-3.3319,6.0069,group,88221,78851
direct_vs_group_psychosomatic,Sucht,0,4,4,0.0,0.0507,-0.0507,-3.3319,6.0069,group,88221,78851
direct_vs_group_psychosomatic,Suizidintentionen,0,4,4,0.0,0.0507,-0.0507,-3.3319,6.0069,group,88221,78851
direct_vs_group_psychosomatic,Suizidversuch,0,4,4,0.0,0.0507,-0.0507,-3.3319,6.0069,group,88221,78851
direct_vs_group_psychosomatic,TN,0,4,4,0.0,0.0507,-0.0507,-3.3319,6.0069,group,88221,78851
direct_vs_group_psychosomatic,TVT,0,4,4,0.0,0.0507,-0.0507,-3.3319,6.0069,group,88221,78851
direct_vs_group_psychosomatic,Tagesmüdigkeit,0,4,4,0.0,0.0507,-0.0507,-3.3319,6.0069,group,88221,78851
direct_vs_group_psychosomatic,Tee,0,4,4,0.0,0.0507,-0.0507,-3.3319,6.0069,group,88221,78851
direct_vs_group_psychosomatic,Thematisiert,0,4,4,0.0,0.0507,-0.0507,-3.3319,6.0069,group,88221,78851
direct_vs_group_psychosomatic,Tools,0,4,4,0.0,0.0507,-0.0507,-3.3319,6.0069,group,88221,78851
direct_vs_group_psychosomatic,Tremor,0,4,4,0.0,0.0507,-0.0507,-3.3319,6.0069,group,88221,78851
direct_vs_group_psychosomatic,Trimipramin,0,4,4,0.0,0.0507,-0.0507,-3.3319,6.0069,group,88221,78851
direct_vs_group_psychosomatic,Trinkmenge,0,4,4,0.0,0.0507,-0.0507,-3.3319,6.0069,group,88221,78851
direct_vs_group_psychosomatic,Trizyclika,0,4,4,0.0,0.0507,-0.0507,-3.3319,6.0069,group,88221,78851
direct_vs_group_psychosomatic,Tumor,0,4,4,0.0,0.0507,-0.0507,-3.3319,6.0069,group,88221,78851
direct_vs_group_psychosomatic,Unbehagen,0,4,4,0.0,0.0507,-0.0507,-3.3319,6.0069,group,88221,78851
direct_vs_group_psychosomatic,VE,0,4,4,0.0,0.0507,-0.0507,-3.3319,6.0069,group,88221,78851
direct_vs_group_psychosomatic,Videospiele,0,4,4,0.0,0.0507,-0.0507,-3.3319,6.0069,group,88221,78851
direct_vs_group_psychosomatic,Volljährigkeit,0,4,4,0.0,0.0507,-0.0507,-3.3319,6.0069,group,88221,78851
direct_vs_group_psychosomatic,WHD,0,4,4,0.0,0.0507,-0.0507,-3.3319,6.0069,group,88221,78851
direct_vs_group_psychosomatic,WS,0,4,4,0.0,0.0507,-0.0507,-3.3319,6.0069,group,88221,78851
direct_vs_group_psychosomatic,Weitere,0,4,4,0.0,0.0507,-0.0507,-3.3319,6.0069,group,88221,78851
direct_vs_group_psychosomatic,Werken,0,4,4,0.0,0.0507,-0.0507,-3.3319,6.0069,group,88221,78851
direct_vs_group_psychosomatic,Wichtige,0,4,4,0.0,0.0507,-0.0507,-3.3319,6.0069,group,88221,78851
direct_vs_group_psychosomatic,Wiedersehen,0,4,4,0.0,0.0507,-0.0507,-3.3319,6.0069,group,88221,78851
direct_vs_group_psychosomatic,Wärmflasche,0,4,4,0.0,0.0507,-0.0507,-3.3319,6.0069,group,88221,78851
direct_vs_group_psychosomatic,Zeitintervalls,0,4,4,0.0,0.0507,-0.0507,-3.3319,6.0069,group,88221,78851
direct_vs_group_psychosomatic,Zielbereich,0,4,4,0.0,0.0507,-0.0507,-3.3319,6.0069,group,88221,78851
direct_vs_group_psychosomatic,Zshg,0,4,4,0.0,0.0507,-0.0507,-3.3319,6.0069,group,88221,78851
direct_vs_group_psychosomatic,Zuckungen,0,4,4,0.0,0.0507,-0.0507,-3.3319,6.0069,group,88221,78851
direct_vs_group_psychosomatic,Zunächst,0,4,4,0.0,0.0507,-0.0507,-3.3319,6.0069,group,88221,78851
direct_vs_group_psychosomatic,abzuschließen,0,4,4,0.0,0.0507,-0.0507,-3.3319,6.0069,group,88221,78851
direct_vs_group_psychosomatic,ansehen+,0,4,4,0.0,0.0507,-0.0507,-3.3319,6.0069,group,88221,78851
direct_vs_group_psychosomatic,ansteckend,0,4,4,0.0,0.0507,-0.0507,-3.3319,6.0069,group,88221,78851
direct_vs_group_psychosomatic,anwenden,0,4,4,0.0,0.0507,-0.0507,-3.3319,6.0069,group,88221,78851
direct_vs_group_psychosomatic,auffallend,0,4,4,0.0,0.0507,-0.0507,-3.3319,6.0069,group,88221,78851
direct_vs_group_psychosomatic,ausgeglichen,0,4,4,0.0,0.0507,-0.0507,-3.3319,6.0069,group,88221,78851
direct_vs_group_psychosomatic,ausschließlich,0,4,4,0.0,0.0507,-0.0507,-3.3319,6.0069,group,88221,78851
direct_vs_group_psychosomatic,aussprechen,0,4,4,0.0,0.0507,-0.0507,-3.3319,6.0069,group,88221,78851
direct_vs_group_psychosomatic,bedanke,0,4,4,0.0,0.0507,-0.0507,-3.3319,6.0069,group,88221,78851
direct_vs_group_psychosomatic,beginn,0,4,4,0.0,0.0507,-0.0507,-3.3319,6.0069,group,88221,78851
direct_vs_group_psychosomatic,beginnt,0,4,4,0.0,0.0507,-0.0507,-3.3319,6.0069,group,88221,78851
direct_vs_group_psychosomatic,begleiten,0,4,4,0.0,0.0507,-0.0507,-3.3319,6.0069,group,88221,78851
direct_vs_group_psychosomatic,beidseits,0,4,4,0.0,0.0507,-0.0507,-3.3319,6.0069,group,88221,78851
direct_vs_group_psychosomatic,beinahe,0,4,4,0.0,0.0507,-0.0507,-3.3319,6.0069,group,88221,78851
direct_vs_group_psychosomatic,beleuchten,0,4,4,0.0,0.0507,-0.0507,-3.3319,6.0069,group,88221,78851
direct_vs_group_psychosomatic,benennen,0,4,4,0.0,0.0507,-0.0507,-3.3319,6.0069,group,88221,78851
direct_vs_group_psychosomatic,beobachten,0,4,4,0.0,0.0507,-0.0507,-3.3319,6.0069,group,88221,78851
direct_vs_group_psychosomatic,beteiligen,0,4,4,0.0,0.0507,-0.0507,-3.3319,6.0069,group,88221,78851
direct_vs_group_psychosomatic,bipolarer,0,4,4,0.0,0.0507,-0.0507,-3.3319,6.0069,group,88221,78851
direct_vs_group_psychosomatic,daraufhin,0,4,4,0.0,0.0507,-0.0507,-3.3319,6.0069,group,88221,78851
direct_vs_group_psychosomatic,dazukommen,0,4,4,0.0,0.0507,-0.0507,-3.3319,6.0069,group,88221,78851
direct_vs_group_psychosomatic,defensiv,0,4,4,0.0,0.0507,-0.0507,-3.3319,6.0069,group,88221,78851
direct_vs_group_psychosomatic,dialyseinduzierten,0,4,4,0.0,0.0507,-0.0507,-3.3319,6.0069,group,88221,78851
direct_vs_group_psychosomatic,dialysepflichtigen,0,4,4,0.0,0.0507,-0.0507,-3.3319,6.0069,group,88221,78851
direct_vs_group_psychosomatic,diskutieren,0,4,4,0.0,0.0507,-0.0507,-3.3319,6.0069,group,88221,78851
direct_vs_group_psychosomatic,dysurische,0,4,4,0.0,0.0507,-0.0507,-3.3319,6.0069,group,88221,78851
direct_vs_group_psychosomatic,eigenes,0,4,4,0.0,0.0507,-0.0507,-3.3319,6.0069,group,88221,78851
direct_vs_group_psychosomatic,einerseits,0,4,4,0.0,0.0507,-0.0507,-3.3319,6.0069,group,88221,78851
direct_vs_group_psychosomatic,einfließen,0,4,4,0.0,0.0507,-0.0507,-3.3319,6.0069,group,88221,78851
direct_vs_group_psychosomatic,einkaufen,0,4,4,0.0,0.0507,-0.0507,-3.3319,6.0069,group,88221,78851
direct_vs_group_psychosomatic,einnehme,0,4,4,0.0,0.0507,-0.0507,-3.3319,6.0069,group,88221,78851
direct_vs_group_psychosomatic,einzufangen,0,4,4,0.0,0.0507,-0.0507,-3.3319,6.0069,group,88221,78851
direct_vs_group_psychosomatic,eliminiert,0,4,4,0.0,0.0507,-0.0507,-3.3319,6.0069,group,88221,78851
direct_vs_group_psychosomatic,entspannend,0,4,4,0.0,0.0507,-0.0507,-3.3319,6.0069,group,88221,78851
direct_vs_group_psychosomatic,erschrocken,0,4,4,0.0,0.0507,-0.0507,-3.3319,6.0069,group,88221,78851
direct_vs_group_psychosomatic,fertigt,0,4,4,0.0,0.0507,-0.0507,-3.3319,6.0069,group,88221,78851
direct_vs_group_psychosomatic,fraglicher,0,4,4,0.0,0.0507,-0.0507,-3.3319,6.0069,group,88221,78851
direct_vs_group_psychosomatic,gestresst,0,4,4,0.0,0.0507,-0.0507,-3.3319,6.0069,group,88221,78851
direct_vs_group_psychosomatic,getrennt,0,4,4,0.0,0.0507,-0.0507,-3.3319,6.0069,group,88221,78851
direct_vs_group_psychosomatic,gewohnt,0,4,4,0.0,0.0507,-0.0507,-3.3319,6.0069,group,88221,78851
direct_vs_group_psychosomatic,gänzlich,0,4,4,0.0,0.0507,-0.0507,-3.3319,6.0069,group,88221,78851
direct_vs_group_psychosomatic,herum,0,4,4,0.0,0.0507,-0.0507,-3.3319,6.0069,group,88221,78851
direct_vs_group_psychosomatic,hiermit,0,4,4,0.0,0.0507,-0.0507,-3.3319,6.0069,group,88221,78851
direct_vs_group_psychosomatic,hinterfrage,0,4,4,0.0,0.0507,-0.0507,-3.3319,6.0069,group,88221,78851
direct_vs_group_psychosomatic,hochfieberhafter,0,4,4,0.0,0.0507,-0.0507,-3.3319,6.0069,group,88221,78851
direct_vs_group_psychosomatic,hämodynamisch,0,4,4,0.0,0.0507,-0.0507,-3.3319,6.0069,group,88221,78851
direct_vs_group_psychosomatic,häufigen,0,4,4,0.0,0.0507,-0.0507,-3.3319,6.0069,group,88221,78851
direct_vs_group_psychosomatic,häuslicher,0,4,4,0.0,0.0507,-0.0507,-3.3319,6.0069,group,88221,78851
direct_vs_group_psychosomatic,intellektualisierend,0,4,4,0.0,0.0507,-0.0507,-3.3319,6.0069,group,88221,78851
direct_vs_group_psychosomatic,kA,0,4,4,0.0,0.0507,-0.0507,-3.3319,6.0069,group,88221,78851
direct_vs_group_psychosomatic,klagsam,0,4,4,0.0,0.0507,-0.0507,-3.3319,6.0069,group,88221,78851
direct_vs_group_psychosomatic,klagte,0,4,4,0.0,0.0507,-0.0507,-3.3319,6.0069,group,88221,78851
direct_vs_group_psychosomatic,klinischen,0,4,4,0.0,0.0507,-0.0507,-3.3319,6.0069,group,88221,78851
direct_vs_group_psychosomatic,komplikativer,0,4,4,0.0,0.0507,-0.0507,-3.3319,6.0069,group,88221,78851
direct_vs_group_psychosomatic,langjährige,0,4,4,0.0,0.0507,-0.0507,-3.3319,6.0069,group,88221,78851
direct_vs_group_psychosomatic,lebensüberdrüssiger,0,4,4,0.0,0.0507,-0.0507,-3.3319,6.0069,group,88221,78851
direct_vs_group_psychosomatic,lösen,0,4,4,0.0,0.0507,-0.0507,-3.3319,6.0069,group,88221,78851
direct_vs_group_psychosomatic,mehrfacher,0,4,4,0.0,0.0507,-0.0507,-3.3319,6.0069,group,88221,78851
direct_vs_group_psychosomatic,mmol/l,0,4,4,0.0,0.0507,-0.0507,-3.3319,6.0069,group,88221,78851
direct_vs_group_psychosomatic,musikalische,0,4,4,0.0,0.0507,-0.0507,-3.3319,6.0069,group,88221,78851
direct_vs_group_psychosomatic,muskuläre,0,4,4,0.0,0.0507,-0.0507,-3.3319,6.0069,group,88221,78851
direct_vs_group_psychosomatic,non,0,4,4,0.0,0.0507,-0.0507,-3.3319,6.0069,group,88221,78851
direct_vs_group_psychosomatic,nächtlicher,0,4,4,0.0,0.0507,-0.0507,-3.3319,6.0069,group,88221,78851
direct_vs_group_psychosomatic,oftmals,0,4,4,0.0,0.0507,-0.0507,-3.3319,6.0069,group,88221,78851
direct_vs_group_psychosomatic,orthostatischen,0,4,4,0.0,0.0507,-0.0507,-3.3319,6.0069,group,88221,78851
direct_vs_group_psychosomatic,passend,0,4,4,0.0,0.0507,-0.0507,-3.3319,6.0069,group,88221,78851
direct_vs_group_psychosomatic,potenziell,0,4,4,0.0,0.0507,-0.0507,-3.3319,6.0069,group,88221,78851
direct_vs_group_psychosomatic,psychoedukatives,0,4,4,0.0,0.0507,-0.0507,-3.3319,6.0069,group,88221,78851
direct_vs_group_psychosomatic,reevaluieren,0,4,4,0.0,0.0507,-0.0507,-3.3319,6.0069,group,88221,78851
direct_vs_group_psychosomatic,regelrechte,0,4,4,0.0,0.0507,-0.0507,-3.3319,6.0069,group,88221,78851
direct_vs_group_psychosomatic,restliche,0,4,4,0.0,0.0507,-0.0507,-3.3319,6.0069,group,88221,78851
direct_vs_group_psychosomatic,schmeckt,0,4,4,0.0,0.0507,-0.0507,-3.3319,6.0069,group,88221,78851
direct_vs_group_psychosomatic,schuldig,0,4,4,0.0,0.0507,-0.0507,-3.3319,6.0069,group,88221,78851
direct_vs_group_psychosomatic,sept,0,4,4,0.0,0.0507,-0.0507,-3.3319,6.0069,group,88221,78851
direct_vs_group_psychosomatic,strukturgebende,0,4,4,0.0,0.0507,-0.0507,-3.3319,6.0069,group,88221,78851
direct_vs_group_psychosomatic,symptomatik,0,4,4,0.0,0.0507,-0.0507,-3.3319,6.0069,group,88221,78851
direct_vs_group_psychosomatic,teilen,0,4,4,0.0,0.0507,-0.0507,-3.3319,6.0069,group,88221,78851
direct_vs_group_psychosomatic,teilhaben,0,4,4,0.0,0.0507,-0.0507,-3.3319,6.0069,group,88221,78851
direct_vs_group_psychosomatic,ulcerosa,0,4,4,0.0,0.0507,-0.0507,-3.3319,6.0069,group,88221,78851
direct_vs_group_psychosomatic,unbekannten,0,4,4,0.0,0.0507,-0.0507,-3.3319,6.0069,group,88221,78851
direct_vs_group_psychosomatic,unmittelbar,0,4,4,0.0,0.0507,-0.0507,-3.3319,6.0069,group,88221,78851
direct_vs_group_psychosomatic,unzureichender,0,4,4,0.0,0.0507,-0.0507,-3.3319,6.0069,group,88221,78851
direct_vs_group_psychosomatic,vermehrter,0,4,4,0.0,0.0507,-0.0507,-3.3319,6.0069,group,88221,78851
direct_vs_group_psychosomatic,vermieden,0,4,4,0.0,0.0507,-0.0507,-3.3319,6.0069,group,88221,78851
direct_vs_group_psychosomatic,verschlafen,0,4,4,0.0,0.0507,-0.0507,-3.3319,6.0069,group,88221,78851
direct_vs_group_psychosomatic,vorbek,0,4,4,0.0,0.0507,-0.0507,-3.3319,6.0069,group,88221,78851
direct_vs_group_psychosomatic,vorbesprechen,0,4,4,0.0,0.0507,-0.0507,-3.3319,6.0069,group,88221,78851
direct_vs_group_psychosomatic,vorgenommen,0,4,4,0.0,0.0507,-0.0507,-3.3319,6.0069,group,88221,78851
direct_vs_group_psychosomatic,vorherrschende,0,4,4,0.0,0.0507,-0.0507,-3.3319,6.0069,group,88221,78851
direct_vs_group_psychosomatic,wiederkehren,0,4,4,0.0,0.0507,-0.0507,-3.3319,6.0069,group,88221,78851
direct_vs_group_psychosomatic,zugehörig,0,4,4,0.0,0.0507,-0.0507,-3.3319,6.0069,group,88221,78851
direct_vs_group_psychosomatic,zukünftig,0,4,4,0.0,0.0507,-0.0507,-3.3319,6.0069,group,88221,78851
direct_vs_group_psychosomatic,zurecht,0,4,4,0.0,0.0507,-0.0507,-3.3319,6.0069,group,88221,78851
direct_vs_group_psychosomatic,zusätzlicher,0,4,4,0.0,0.0507,-0.0507,-3.3319,6.0069,group,88221,78851
direct_vs_group_psychosomatic,Äußert,0,4,4,0.0,0.0507,-0.0507,-3.3319,6.0069,group,88221,78851
direct_vs_group_psychosomatic,Äußerte,0,4,4,0.0,0.0507,-0.0507,-3.3319,6.0069,group,88221,78851
direct_vs_group_psychosomatic,Ösophagektomie,0,4,4,0.0,0.0507,-0.0507,-3.3319,6.0069,group,88221,78851
direct_vs_group_psychosomatic,Übergabe/,0,4,4,0.0,0.0507,-0.0507,-3.3319,6.0069,group,88221,78851
direct_vs_group_psychosomatic,â¯B,0,4,4,0.0,0.0507,-0.0507,-3.3319,6.0069,group,88221,78851
direct_vs_group_psychosomatic,öffentlicher,0,4,4,0.0,0.0507,-0.0507,-3.3319,6.0069,group,88221,78851
direct_vs_group_psychosomatic,übergewichtig,0,4,4,0.0,0.0507,-0.0507,-3.3319,6.0069,group,88221,78851
direct_vs_group_psychosomatic,tatsächlich,23,8,31,0.2607,0.1015,0.1593,1.3051,5.9851,direct,88221,78851
direct_vs_group_psychosomatic,gefragt,44,21,65,0.4987,0.2663,0.2324,0.8875,5.9396,direct,88221,78851
direct_vs_group_psychosomatic,angemeldet,30,47,77,0.3401,0.5961,-0.256,-0.8011,5.9358,group,88221,78851
direct_vs_group_psychosomatic,Dort,11,2,13,0.1247,0.0254,0.0993,2.0396,5.8898,direct,88221,78851
direct_vs_group_psychosomatic,Erinnerung,11,2,13,0.1247,0.0254,0.0993,2.0396,5.8898,direct,88221,78851
direct_vs_group_psychosomatic,Feierabend,11,2,13,0.1247,0.0254,0.0993,2.0396,5.8898,direct,88221,78851
direct_vs_group_psychosomatic,Mattermost,11,2,13,0.1247,0.0254,0.0993,2.0396,5.8898,direct,88221,78851
direct_vs_group_psychosomatic,beides,11,2,13,0.1247,0.0254,0.0993,2.0396,5.8898,direct,88221,78851
direct_vs_group_psychosomatic,nämlich,11,2,13,0.1247,0.0254,0.0993,2.0396,5.8898,direct,88221,78851
direct_vs_group_psychosomatic,unten,11,2,13,0.1247,0.0254,0.0993,2.0396,5.8898,direct,88221,78851
direct_vs_group_psychosomatic,unterschreiben,11,2,13,0.1247,0.0254,0.0993,2.0396,5.8898,direct,88221,78851
direct_vs_group_psychosomatic,los,21,7,28,0.238,0.0888,0.1493,1.3574,5.8417,direct,88221,78851
direct_vs_group_psychosomatic,Kurze,3,11,14,0.034,0.1395,-0.1055,-1.8782,5.8023,group,88221,78851
direct_vs_group_psychosomatic,Leitungsvisite,3,11,14,0.034,0.1395,-0.1055,-1.8782,5.8023,group,88221,78851
direct_vs_group_psychosomatic,chron,3,11,14,0.034,0.1395,-0.1055,-1.8782,5.8023,group,88221,78851
direct_vs_group_psychosomatic,Diagnose,14,27,41,0.1587,0.3424,-0.1837,-1.0854,5.7828,group,88221,78851
direct_vs_group_psychosomatic,Gedanken,14,27,41,0.1587,0.3424,-0.1837,-1.0854,5.7828,group,88221,78851
direct_vs_group_psychosomatic,ANV,1,7,8,0.0113,0.0888,-0.0774,-2.4839,5.7609,group,88221,78851
direct_vs_group_psychosomatic,COVID,1,7,8,0.0113,0.0888,-0.0774,-2.4839,5.7609,group,88221,78851
direct_vs_group_psychosomatic,Ergänzung,1,7,8,0.0113,0.0888,-0.0774,-2.4839,5.7609,group,88221,78851
direct_vs_group_psychosomatic,Gesprächstherapiegruppe,1,7,8,0.0113,0.0888,-0.0774,-2.4839,5.7609,group,88221,78851
direct_vs_group_psychosomatic,Konflikte,1,7,8,0.0113,0.0888,-0.0774,-2.4839,5.7609,group,88221,78851
direct_vs_group_psychosomatic,Mannes,1,7,8,0.0113,0.0888,-0.0774,-2.4839,5.7609,group,88221,78851
direct_vs_group_psychosomatic,Medikamenten,1,7,8,0.0113,0.0888,-0.0774,-2.4839,5.7609,group,88221,78851
direct_vs_group_psychosomatic,Musik,1,7,8,0.0113,0.0888,-0.0774,-2.4839,5.7609,group,88221,78851
direct_vs_group_psychosomatic,Spricht,1,7,8,0.0113,0.0888,-0.0774,-2.4839,5.7609,group,88221,78851
direct_vs_group_psychosomatic,US,1,7,8,0.0113,0.0888,-0.0774,-2.4839,5.7609,group,88221,78851
direct_vs_group_psychosomatic,ausdrücken,1,7,8,0.0113,0.0888,-0.0774,-2.4839,5.7609,group,88221,78851
direct_vs_group_psychosomatic,bekäme,1,7,8,0.0113,0.0888,-0.0774,-2.4839,5.7609,group,88221,78851
direct_vs_group_psychosomatic,ermutigt,1,7,8,0.0113,0.0888,-0.0774,-2.4839,5.7609,group,88221,78851
direct_vs_group_psychosomatic,kaufen,1,7,8,0.0113,0.0888,-0.0774,-2.4839,5.7609,group,88221,78851
direct_vs_group_psychosomatic,kritisch,1,7,8,0.0113,0.0888,-0.0774,-2.4839,5.7609,group,88221,78851
direct_vs_group_psychosomatic,sozialen,1,7,8,0.0113,0.0888,-0.0774,-2.4839,5.7609,group,88221,78851
direct_vs_group_psychosomatic,verletzt,1,7,8,0.0113,0.0888,-0.0774,-2.4839,5.7609,group,88221,78851
direct_vs_group_psychosomatic,Hat,32,49,81,0.3627,0.6214,-0.2587,-0.769,5.7586,group,88221,78851
direct_vs_group_psychosomatic,nehme,19,6,25,0.2154,0.0761,0.1393,1.423,5.7224,direct,88221,78851
direct_vs_group_psychosomatic,passen,19,6,25,0.2154,0.0761,0.1393,1.423,5.7224,direct,88221,78851
direct_vs_group_psychosomatic,h,31,13,44,0.3514,0.1649,0.1865,1.0604,5.7016,direct,88221,78851
direct_vs_group_psychosomatic,der,1044,1036,2080,11.8339,13.1387,-1.3048,-0.1509,5.6852,group,88221,78851
direct_vs_group_psychosomatic,aufgenommen,26,10,36,0.2947,0.1268,0.1679,1.1736,5.6828,direct,88221,78851
direct_vs_group_psychosomatic,um,265,189,454,3.0038,2.3969,0.6069,0.3245,5.6791,direct,88221,78851
direct_vs_group_psychosomatic,Anmeldung,13,3,16,0.1474,0.038,0.1093,1.7855,5.6658,direct,88221,78851
direct_vs_group_psychosomatic,Lust,13,3,16,0.1474,0.038,0.1093,1.7855,5.6658,direct,88221,78851
direct_vs_group_psychosomatic,TSH,13,3,16,0.1474,0.038,0.1093,1.7855,5.6658,direct,88221,78851
direct_vs_group_psychosomatic,depressive,13,3,16,0.1474,0.038,0.1093,1.7855,5.6658,direct,88221,78851
direct_vs_group_psychosomatic,eintragen,13,3,16,0.1474,0.038,0.1093,1.7855,5.6658,direct,88221,78851
direct_vs_group_psychosomatic,sweat_smile,13,3,16,0.1474,0.038,0.1093,1.7855,5.6658,direct,88221,78851
direct_vs_group_psychosomatic,wusste,13,3,16,0.1474,0.038,0.1093,1.7855,5.6658,direct,88221,78851
direct_vs_group_psychosomatic,Betreuerin,2,9,11,0.0227,0.1141,-0.0915,-2.088,5.6388,group,88221,78851
direct_vs_group_psychosomatic,Erkrankung,2,9,11,0.0227,0.1141,-0.0915,-2.088,5.6388,group,88221,78851
direct_vs_group_psychosomatic,Modell,2,9,11,0.0227,0.1141,-0.0915,-2.088,5.6388,group,88221,78851
direct_vs_group_psychosomatic,Traurigkeit,2,9,11,0.0227,0.1141,-0.0915,-2.088,5.6388,group,88221,78851
direct_vs_group_psychosomatic,Zuhause,2,9,11,0.0227,0.1141,-0.0915,-2.088,5.6388,group,88221,78851
direct_vs_group_psychosomatic,entspannter,2,9,11,0.0227,0.1141,-0.0915,-2.088,5.6388,group,88221,78851
direct_vs_group_psychosomatic,solle,2,9,11,0.0227,0.1141,-0.0915,-2.088,5.6388,group,88221,78851
direct_vs_group_psychosomatic,wiederholt,2,9,11,0.0227,0.1141,-0.0915,-2.088,5.6388,group,88221,78851
direct_vs_group_psychosomatic,Hatte,15,4,19,0.17,0.0507,0.1193,1.6223,5.6075,direct,88221,78851
direct_vs_group_psychosomatic,Praktikantin,15,4,19,0.17,0.0507,0.1193,1.6223,5.6075,direct,88221,78851
direct_vs_group_psychosomatic,lass,15,4,19,0.17,0.0507,0.1193,1.6223,5.6075,direct,88221,78851
direct_vs_group_psychosomatic,P,9,20,29,0.102,0.2536,-0.1516,-1.2716,5.6052,group,88221,78851
direct_vs_group_psychosomatic,5,41,59,100,0.4647,0.7482,-0.2835,-0.6818,5.5939,group,88221,78851
direct_vs_group_psychosomatic,Werte,12,24,36,0.136,0.3044,-0.1683,-1.1328,5.5384,group,88221,78851
direct_vs_group_psychosomatic,Möchte,5,14,19,0.0567,0.1776,-0.1209,-1.5605,5.5093,group,88221,78851
direct_vs_group_psychosomatic,Wer,5,14,19,0.0567,0.1776,-0.1209,-1.5605,5.5093,group,88221,78851
direct_vs_group_psychosomatic,negativ,7,17,24,0.0793,0.2156,-0.1363,-1.3844,5.4949,group,88221,78851
direct_vs_group_psychosomatic,zuletzt,7,17,24,0.0793,0.2156,-0.1363,-1.3844,5.4949,group,88221,78851
direct_vs_group_psychosomatic,vidieren,24,39,63,0.272,0.4946,-0.2226,-0.8511,5.4887,group,88221,78851
direct_vs_group_psychosomatic,mit,943,939,1882,10.6891,11.9085,-1.2195,-0.1559,5.4883,group,88221,78851
direct_vs_group_psychosomatic,Antrag,8,1,9,0.0907,0.0127,0.078,2.3405,5.44,direct,88221,78851
direct_vs_group_psychosomatic,Forticreme,8,1,9,0.0907,0.0127,0.078,2.3405,5.44,direct,88221,78851
direct_vs_group_psychosomatic,Lg,8,1,9,0.0907,0.0127,0.078,2.3405,5.44,direct,88221,78851
direct_vs_group_psychosomatic,Statin,8,1,9,0.0907,0.0127,0.078,2.3405,5.44,direct,88221,78851
direct_vs_group_psychosomatic,sitze,8,1,9,0.0907,0.0127,0.078,2.3405,5.44,direct,88221,78851
direct_vs_group_psychosomatic,welchen,8,1,9,0.0907,0.0127,0.078,2.3405,5.44,direct,88221,78851
direct_vs_group_psychosomatic,übernimmst,8,1,9,0.0907,0.0127,0.078,2.3405,5.44,direct,88221,78851
direct_vs_group_psychosomatic,schlecht,10,21,31,0.1134,0.2663,-0.153,-1.1959,5.3224,group,88221,78851
direct_vs_group_psychosomatic,Grüße,88,53,141,0.9975,0.6722,0.3253,0.5641,5.2937,direct,88221,78851
direct_vs_group_psychosomatic,nicht,944,755,1699,10.7004,9.575,1.1254,0.1601,5.1988,direct,88221,78851
direct_vs_group_psychosomatic,versuche,20,7,27,0.2267,0.0888,0.1379,1.2887,5.1521,direct,88221,78851
direct_vs_group_psychosomatic,Reha,8,18,26,0.0907,0.2283,-0.1376,-1.284,5.1518,group,88221,78851
direct_vs_group_psychosomatic,seinen,8,18,26,0.0907,0.2283,-0.1376,-1.284,5.1518,group,88221,78851
direct_vs_group_psychosomatic,normwertig,4,12,16,0.0453,0.1522,-0.1068,-1.6359,5.1347,group,88221,78851
direct_vs_group_psychosomatic,notwendig,4,12,16,0.0453,0.1522,-0.1068,-1.6359,5.1347,group,88221,78851
direct_vs_group_psychosomatic,ruhig,4,12,16,0.0453,0.1522,-0.1068,-1.6359,5.1347,group,88221,78851
direct_vs_group_psychosomatic,zeigt,4,12,16,0.0453,0.1522,-0.1068,-1.6359,5.1347,group,88221,78851
direct_vs_group_psychosomatic,Ängste,4,12,16,0.0453,0.1522,-0.1068,-1.6359,5.1347,group,88221,78851
direct_vs_group_psychosomatic,/psom/channels/visite,4,0,4,0.0453,0.0,0.0453,3.0079,5.1086,direct,88221,78851
direct_vs_group_psychosomatic,2000,4,0,4,0.0453,0.0,0.0453,3.0079,5.1086,direct,88221,78851
direct_vs_group_psychosomatic,50kg,4,0,4,0.0453,0.0,0.0453,3.0079,5.1086,direct,88221,78851
direct_vs_group_psychosomatic,Abfragen,4,0,4,0.0453,0.0,0.0453,3.0079,5.1086,direct,88221,78851
direct_vs_group_psychosomatic,Akten,4,0,4,0.0453,0.0,0.0453,3.0079,5.1086,direct,88221,78851
direct_vs_group_psychosomatic,Aktivität,4,0,4,0.0453,0.0,0.0453,3.0079,5.1086,direct,88221,78851
direct_vs_group_psychosomatic,BD,4,0,4,0.0453,0.0,0.0453,3.0079,5.1086,direct,88221,78851
direct_vs_group_psychosomatic,Benutzernamen,4,0,4,0.0453,0.0,0.0453,3.0079,5.1086,direct,88221,78851
direct_vs_group_psychosomatic,Bzw,4,0,4,0.0453,0.0,0.0453,3.0079,5.1086,direct,88221,78851
direct_vs_group_psychosomatic,Danek,4,0,4,0.0453,0.0,0.0453,3.0079,5.1086,direct,88221,78851
direct_vs_group_psychosomatic,Deshalb,4,0,4,0.0453,0.0,0.0453,3.0079,5.1086,direct,88221,78851
direct_vs_group_psychosomatic,Desktoparbeitsplatz,4,0,4,0.0453,0.0,0.0453,3.0079,5.1086,direct,88221,78851
direct_vs_group_psychosomatic,Dissoziieren,4,0,4,0.0453,0.0,0.0453,3.0079,5.1086,direct,88221,78851
direct_vs_group_psychosomatic,Doch,4,0,4,0.0453,0.0,0.0453,3.0079,5.1086,direct,88221,78851
direct_vs_group_psychosomatic,EDquest,4,0,4,0.0453,0.0,0.0453,3.0079,5.1086,direct,88221,78851
direct_vs_group_psychosomatic,Einwilligung,4,0,4,0.0453,0.0,0.0453,3.0079,5.1086,direct,88221,78851
direct_vs_group_psychosomatic,Einzeltermine,4,0,4,0.0453,0.0,0.0453,3.0079,5.1086,direct,88221,78851
direct_vs_group_psychosomatic,Evidenz,4,0,4,0.0453,0.0,0.0453,3.0079,5.1086,direct,88221,78851
direct_vs_group_psychosomatic,FZA,4,0,4,0.0453,0.0,0.0453,3.0079,5.1086,direct,88221,78851
direct_vs_group_psychosomatic,Fett,4,0,4,0.0453,0.0,0.0453,3.0079,5.1086,direct,88221,78851
direct_vs_group_psychosomatic,Folgen,4,0,4,0.0453,0.0,0.0453,3.0079,5.1086,direct,88221,78851
direct_vs_group_psychosomatic,Formular,4,0,4,0.0453,0.0,0.0453,3.0079,5.1086,direct,88221,78851
direct_vs_group_psychosomatic,Forschung,4,0,4,0.0453,0.0,0.0453,3.0079,5.1086,direct,88221,78851
direct_vs_group_psychosomatic,Fortbildung,4,0,4,0.0453,0.0,0.0453,3.0079,5.1086,direct,88221,78851
direct_vs_group_psychosomatic,Good,4,0,4,0.0453,0.0,0.0453,3.0079,5.1086,direct,88221,78851
direct_vs_group_psychosomatic,Installation,4,0,4,0.0453,0.0,0.0453,3.0079,5.1086,direct,88221,78851
direct_vs_group_psychosomatic,Jahres,4,0,4,0.0453,0.0,0.0453,3.0079,5.1086,direct,88221,78851
direct_vs_group_psychosomatic,Kommst,4,0,4,0.0453,0.0,0.0453,3.0079,5.1086,direct,88221,78851
direct_vs_group_psychosomatic,Kopie,4,0,4,0.0453,0.0,0.0453,3.0079,5.1086,direct,88221,78851
direct_vs_group_psychosomatic,Kündigungsfrist,4,0,4,0.0453,0.0,0.0453,3.0079,5.1086,direct,88221,78851
direct_vs_group_psychosomatic,Lage,4,0,4,0.0453,0.0,0.0453,3.0079,5.1086,direct,88221,78851
direct_vs_group_psychosomatic,Laufzeit,4,0,4,0.0453,0.0,0.0453,3.0079,5.1086,direct,88221,78851
direct_vs_group_psychosomatic,Lebensjahr,4,0,4,0.0453,0.0,0.0453,3.0079,5.1086,direct,88221,78851
direct_vs_group_psychosomatic,Mach,4,0,4,0.0453,0.0,0.0453,3.0079,5.1086,direct,88221,78851
direct_vs_group_psychosomatic,Meinst,4,0,4,0.0453,0.0,0.0453,3.0079,5.1086,direct,88221,78851
direct_vs_group_psychosomatic,Mitschrift,4,0,4,0.0453,0.0,0.0453,3.0079,5.1086,direct,88221,78851
direct_vs_group_psychosomatic,Monatsschluss,4,0,4,0.0453,0.0,0.0453,3.0079,5.1086,direct,88221,78851
direct_vs_group_psychosomatic,Muskeln,4,0,4,0.0453,0.0,0.0453,3.0079,5.1086,direct,88221,78851
direct_vs_group_psychosomatic,NT,4,0,4,0.0453,0.0,0.0453,3.0079,5.1086,direct,88221,78851
direct_vs_group_psychosomatic,Nazis,4,0,4,0.0453,0.0,0.0453,3.0079,5.1086,direct,88221,78851
direct_vs_group_psychosomatic,Omeprazol,4,0,4,0.0453,0.0,0.0453,3.0079,5.1086,direct,88221,78851
direct_vs_group_psychosomatic,Overdue,4,0,4,0.0453,0.0,0.0453,3.0079,5.1086,direct,88221,78851
direct_vs_group_psychosomatic,Owner,4,0,4,0.0453,0.0,0.0453,3.0079,5.1086,direct,88221,78851
direct_vs_group_psychosomatic,Partner,4,0,4,0.0453,0.0,0.0453,3.0079,5.1086,direct,88221,78851
direct_vs_group_psychosomatic,Protokoll,4,0,4,0.0453,0.0,0.0453,3.0079,5.1086,direct,88221,78851
direct_vs_group_psychosomatic,Schreib,4,0,4,0.0453,0.0,0.0453,3.0079,5.1086,direct,88221,78851
direct_vs_group_psychosomatic,Skalen,4,0,4,0.0453,0.0,0.0453,3.0079,5.1086,direct,88221,78851
direct_vs_group_psychosomatic,T1,4,0,4,0.0453,0.0,0.0453,3.0079,5.1086,direct,88221,78851
direct_vs_group_psychosomatic,T3,4,0,4,0.0453,0.0,0.0453,3.0079,5.1086,direct,88221,78851
direct_vs_group_psychosomatic,Untersuchungen,4,0,4,0.0453,0.0,0.0453,3.0079,5.1086,direct,88221,78851
direct_vs_group_psychosomatic,Updates,4,0,4,0.0453,0.0,0.0453,3.0079,5.1086,direct,88221,78851
direct_vs_group_psychosomatic,Vita,4,0,4,0.0453,0.0,0.0453,3.0079,5.1086,direct,88221,78851
direct_vs_group_psychosomatic,Vorgespräch,4,0,4,0.0453,0.0,0.0453,3.0079,5.1086,direct,88221,78851
direct_vs_group_psychosomatic,Vorlage,4,0,4,0.0453,0.0,0.0453,3.0079,5.1086,direct,88221,78851
direct_vs_group_psychosomatic,Würdest,4,0,4,0.0453,0.0,0.0453,3.0079,5.1086,direct,88221,78851
direct_vs_group_psychosomatic,You,4,0,4,0.0453,0.0,0.0453,3.0079,5.1086,direct,88221,78851
direct_vs_group_psychosomatic,ZVA,4,0,4,0.0453,0.0,0.0453,3.0079,5.1086,direct,88221,78851
direct_vs_group_psychosomatic,[Visite],4,0,4,0.0453,0.0,0.0453,3.0079,5.1086,direct,88221,78851
direct_vs_group_psychosomatic,achso,4,0,4,0.0453,0.0,0.0453,3.0079,5.1086,direct,88221,78851
direct_vs_group_psychosomatic,anklicken,4,0,4,0.0453,0.0,0.0453,3.0079,5.1086,direct,88221,78851
direct_vs_group_psychosomatic,ausfällt,4,0,4,0.0453,0.0,0.0453,3.0079,5.1086,direct,88221,78851
direct_vs_group_psychosomatic,ausmachen,4,0,4,0.0453,0.0,0.0453,3.0079,5.1086,direct,88221,78851
direct_vs_group_psychosomatic,befragen,4,0,4,0.0453,0.0,0.0453,3.0079,5.1086,direct,88221,78851
direct_vs_group_psychosomatic,bekomme,4,0,4,0.0453,0.0,0.0453,3.0079,5.1086,direct,88221,78851
direct_vs_group_psychosomatic,bereich,4,0,4,0.0453,0.0,0.0453,3.0079,5.1086,direct,88221,78851
direct_vs_group_psychosomatic,besprechung,4,0,4,0.0453,0.0,0.0453,3.0079,5.1086,direct,88221,78851
direct_vs_group_psychosomatic,betreue,4,0,4,0.0453,0.0,0.0453,3.0079,5.1086,direct,88221,78851
direct_vs_group_psychosomatic,beträgt,4,0,4,0.0453,0.0,0.0453,3.0079,5.1086,direct,88221,78851
direct_vs_group_psychosomatic,bio,4,0,4,0.0453,0.0,0.0453,3.0079,5.1086,direct,88221,78851
direct_vs_group_psychosomatic,bißchen,4,0,4,0.0453,0.0,0.0453,3.0079,5.1086,direct,88221,78851
direct_vs_group_psychosomatic,dank,4,0,4,0.0453,0.0,0.0453,3.0079,5.1086,direct,88221,78851
direct_vs_group_psychosomatic,dienstfrei,4,0,4,0.0453,0.0,0.0453,3.0079,5.1086,direct,88221,78851
direct_vs_group_psychosomatic,diskussion,4,0,4,0.0453,0.0,0.0453,3.0079,5.1086,direct,88221,78851
direct_vs_group_psychosomatic,drunter,4,0,4,0.0453,0.0,0.0453,3.0079,5.1086,direct,88221,78851
direct_vs_group_psychosomatic,eingeteilt,4,0,4,0.0453,0.0,0.0453,3.0079,5.1086,direct,88221,78851
direct_vs_group_psychosomatic,einpflegen,4,0,4,0.0453,0.0,0.0453,3.0079,5.1086,direct,88221,78851
direct_vs_group_psychosomatic,einträgst,4,0,4,0.0453,0.0,0.0453,3.0079,5.1086,direct,88221,78851
direct_vs_group_psychosomatic,erheben,4,0,4,0.0453,0.0,0.0453,3.0079,5.1086,direct,88221,78851
direct_vs_group_psychosomatic,face_with_rolling_eyes,4,0,4,0.0453,0.0,0.0453,3.0079,5.1086,direct,88221,78851
direct_vs_group_psychosomatic,fehlende,4,0,4,0.0453,0.0,0.0453,3.0079,5.1086,direct,88221,78851
direct_vs_group_psychosomatic,freu,4,0,4,0.0453,0.0,0.0453,3.0079,5.1086,direct,88221,78851
direct_vs_group_psychosomatic,gedauert,4,0,4,0.0453,0.0,0.0453,3.0079,5.1086,direct,88221,78851
direct_vs_group_psychosomatic,gefällt,4,0,4,0.0453,0.0,0.0453,3.0079,5.1086,direct,88221,78851
direct_vs_group_psychosomatic,gehören,4,0,4,0.0453,0.0,0.0453,3.0079,5.1086,direct,88221,78851
direct_vs_group_psychosomatic,gelb,4,0,4,0.0453,0.0,0.0453,3.0079,5.1086,direct,88221,78851
direct_vs_group_psychosomatic,guck,4,0,4,0.0453,0.0,0.0453,3.0079,5.1086,direct,88221,78851
direct_vs_group_psychosomatic,gucke,4,0,4,0.0453,0.0,0.0453,3.0079,5.1086,direct,88221,78851
direct_vs_group_psychosomatic,hattet,4,0,4,0.0453,0.0,0.0453,3.0079,5.1086,direct,88221,78851
direct_vs_group_psychosomatic,have,4,0,4,0.0453,0.0,0.0453,3.0079,5.1086,direct,88221,78851
direct_vs_group_psychosomatic,heim,4,0,4,0.0453,0.0,0.0453,3.0079,5.1086,direct,88221,78851
direct_vs_group_psychosomatic,hmm,4,0,4,0.0453,0.0,0.0453,3.0079,5.1086,direct,88221,78851
direct_vs_group_psychosomatic,indem,4,0,4,0.0453,0.0,0.0453,3.0079,5.1086,direct,88221,78851
direct_vs_group_psychosomatic,installiert,4,0,4,0.0453,0.0,0.0453,3.0079,5.1086,direct,88221,78851
direct_vs_group_psychosomatic,kennen,4,0,4,0.0453,0.0,0.0453,3.0079,5.1086,direct,88221,78851
direct_vs_group_psychosomatic,kopieren,4,0,4,0.0453,0.0,0.0453,3.0079,5.1086,direct,88221,78851
direct_vs_group_psychosomatic,korrigiert,4,0,4,0.0453,0.0,0.0453,3.0079,5.1086,direct,88221,78851
direct_vs_group_psychosomatic,langfristig,4,0,4,0.0453,0.0,0.0453,3.0079,5.1086,direct,88221,78851
direct_vs_group_psychosomatic,lese,4,0,4,0.0453,0.0,0.0453,3.0079,5.1086,direct,88221,78851
direct_vs_group_psychosomatic,letztens,4,0,4,0.0453,0.0,0.0453,3.0079,5.1086,direct,88221,78851
direct_vs_group_psychosomatic,mail,4,0,4,0.0453,0.0,0.0453,3.0079,5.1086,direct,88221,78851
direct_vs_group_psychosomatic,me,4,0,4,0.0453,0.0,0.0453,3.0079,5.1086,direct,88221,78851
direct_vs_group_psychosomatic,merci,4,0,4,0.0453,0.0,0.0453,3.0079,5.1086,direct,88221,78851
direct_vs_group_psychosomatic,morning,4,0,4,0.0453,0.0,0.0453,3.0079,5.1086,direct,88221,78851
direct_vs_group_psychosomatic,nachschauen,4,0,4,0.0453,0.0,0.0453,3.0079,5.1086,direct,88221,78851
direct_vs_group_psychosomatic,nachtdienste,4,0,4,0.0453,0.0,0.0453,3.0079,5.1086,direct,88221,78851
direct_vs_group_psychosomatic,niedrigen,4,0,4,0.0453,0.0,0.0453,3.0079,5.1086,direct,88221,78851
direct_vs_group_psychosomatic,nr,4,0,4,0.0453,0.0,0.0453,3.0079,5.1086,direct,88221,78851
direct_vs_group_psychosomatic,oberärztlich,4,0,4,0.0453,0.0,0.0453,3.0079,5.1086,direct,88221,78851
direct_vs_group_psychosomatic,oki,4,0,4,0.0453,0.0,0.0453,3.0079,5.1086,direct,88221,78851
direct_vs_group_psychosomatic,overdue,4,0,4,0.0453,0.0,0.0453,3.0079,5.1086,direct,88221,78851
direct_vs_group_psychosomatic,proBNP,4,0,4,0.0453,0.0,0.0453,3.0079,5.1086,direct,88221,78851
direct_vs_group_psychosomatic,regeln,4,0,4,0.0453,0.0,0.0453,3.0079,5.1086,direct,88221,78851
direct_vs_group_psychosomatic,rufst,4,0,4,0.0453,0.0,0.0453,3.0079,5.1086,direct,88221,78851
direct_vs_group_psychosomatic,ruft,4,0,4,0.0453,0.0,0.0453,3.0079,5.1086,direct,88221,78851
direct_vs_group_psychosomatic,schätze,4,0,4,0.0453,0.0,0.0453,3.0079,5.1086,direct,88221,78851
direct_vs_group_psychosomatic,sex,4,0,4,0.0453,0.0,0.0453,3.0079,5.1086,direct,88221,78851
direct_vs_group_psychosomatic,sonstige,4,0,4,0.0453,0.0,0.0453,3.0079,5.1086,direct,88221,78851
direct_vs_group_psychosomatic,sry,4,0,4,0.0453,0.0,0.0453,3.0079,5.1086,direct,88221,78851
direct_vs_group_psychosomatic,stehst,4,0,4,0.0453,0.0,0.0453,3.0079,5.1086,direct,88221,78851
direct_vs_group_psychosomatic,streng,4,0,4,0.0453,0.0,0.0453,3.0079,5.1086,direct,88221,78851
direct_vs_group_psychosomatic,strukturelle,4,0,4,0.0453,0.0,0.0453,3.0079,5.1086,direct,88221,78851
direct_vs_group_psychosomatic,studiert,4,0,4,0.0453,0.0,0.0453,3.0079,5.1086,direct,88221,78851
direct_vs_group_psychosomatic,telem=todo_overduestatus_clicked&forceRHSOpen,4,0,4,0.0453,0.0,0.0453,3.0079,5.1086,direct,88221,78851
direct_vs_group_psychosomatic,test,4,0,4,0.0453,0.0,0.0453,3.0079,5.1086,direct,88221,78851
direct_vs_group_psychosomatic,tlw,4,0,4,0.0453,0.0,0.0453,3.0079,5.1086,direct,88221,78851
direct_vs_group_psychosomatic,trage,4,0,4,0.0453,0.0,0.0453,3.0079,5.1086,direct,88221,78851
direct_vs_group_psychosomatic,umziehen,4,0,4,0.0453,0.0,0.0453,3.0079,5.1086,direct,88221,78851
direct_vs_group_psychosomatic,vegetativen,4,0,4,0.0453,0.0,0.0453,3.0079,5.1086,direct,88221,78851
direct_vs_group_psychosomatic,verblieben,4,0,4,0.0453,0.0,0.0453,3.0079,5.1086,direct,88221,78851
direct_vs_group_psychosomatic,vertretungsweise,4,0,4,0.0453,0.0,0.0453,3.0079,5.1086,direct,88221,78851
direct_vs_group_psychosomatic,vorab,4,0,4,0.0453,0.0,0.0453,3.0079,5.1086,direct,88221,78851
direct_vs_group_psychosomatic,wert,4,0,4,0.0453,0.0,0.0453,3.0079,5.1086,direct,88221,78851
direct_vs_group_psychosomatic,wiederholter,4,0,4,0.0453,0.0,0.0453,3.0079,5.1086,direct,88221,78851
direct_vs_group_psychosomatic,wirst,4,0,4,0.0453,0.0,0.0453,3.0079,5.1086,direct,88221,78851
direct_vs_group_psychosomatic,wohne,4,0,4,0.0453,0.0,0.0453,3.0079,5.1086,direct,88221,78851
direct_vs_group_psychosomatic,yes,4,0,4,0.0453,0.0,0.0453,3.0079,5.1086,direct,88221,78851
direct_vs_group_psychosomatic,Überstunden,4,0,4,0.0453,0.0,0.0453,3.0079,5.1086,direct,88221,78851
direct_vs_group_psychosomatic,Übrigens,4,0,4,0.0453,0.0,0.0453,3.0079,5.1086,direct,88221,78851
direct_vs_group_psychosomatic,vertreten,18,31,49,0.204,0.3931,-0.1891,-0.9298,5.1047,group,88221,78851
direct_vs_group_psychosomatic,Stunde,11,22,33,0.1247,0.279,-0.1543,-1.1303,5.0769,group,88221,78851
direct_vs_group_psychosomatic,Bezug,6,15,21,0.068,0.1902,-0.1222,-1.4157,5.0616,group,88221,78851
direct_vs_group_psychosomatic,Druck,6,15,21,0.068,0.1902,-0.1222,-1.4157,5.0616,group,88221,78851
direct_vs_group_psychosomatic,Feedback,6,15,21,0.068,0.1902,-0.1222,-1.4157,5.0616,group,88221,78851
direct_vs_group_psychosomatic,opB,6,15,21,0.068,0.1902,-0.1222,-1.4157,5.0616,group,88221,78851
direct_vs_group_psychosomatic,Ihr,19,32,51,0.2154,0.4058,-0.1905,-0.899,4.9709,group,88221,78851
direct_vs_group_psychosomatic,damit,87,53,140,0.9862,0.6722,0.314,0.5478,4.9636,direct,88221,78851
direct_vs_group_psychosomatic,machst,10,2,12,0.1134,0.0254,0.088,1.9084,4.9616,direct,88221,78851
direct_vs_group_psychosomatic,sogar,10,2,12,0.1134,0.0254,0.088,1.9084,4.9616,direct,88221,78851
direct_vs_group_psychosomatic,tut,10,2,12,0.1134,0.0254,0.088,1.9084,4.9616,direct,88221,78851
direct_vs_group_psychosomatic,wobei,10,2,12,0.1134,0.0254,0.088,1.9084,4.9616,direct,88221,78851
direct_vs_group_psychosomatic,Lehre,16,5,21,0.1814,0.0634,0.118,1.423,4.8905,direct,88221,78851
direct_vs_group_psychosomatic,müssten,16,5,21,0.1814,0.0634,0.118,1.423,4.8905,direct,88221,78851
direct_vs_group_psychosomatic,vereinbaren,16,5,21,0.1814,0.0634,0.118,1.423,4.8905,direct,88221,78851
direct_vs_group_psychosomatic,Es,58,76,134,0.6574,0.9638,-0.3064,-0.549,4.8685,group,88221,78851
direct_vs_group_psychosomatic,Wut,12,23,35,0.136,0.2917,-0.1557,-1.0727,4.8618,group,88221,78851
direct_vs_group_psychosomatic,EB,12,3,15,0.136,0.038,0.098,1.6745,4.819,direct,88221,78851
direct_vs_group_psychosomatic,angerufen,12,3,15,0.136,0.038,0.098,1.6745,4.819,direct,88221,78851
direct_vs_group_psychosomatic,draußen,12,3,15,0.136,0.038,0.098,1.6745,4.819,direct,88221,78851
direct_vs_group_psychosomatic,innerer,12,3,15,0.136,0.038,0.098,1.6745,4.819,direct,88221,78851
direct_vs_group_psychosomatic,umsetzen,14,4,18,0.1587,0.0507,0.108,1.5261,4.8177,direct,88221,78851
direct_vs_group_psychosomatic,Medikament,3,10,13,0.034,0.1268,-0.0928,-1.747,4.8035,group,88221,78851
direct_vs_group_psychosomatic,Pregabalin,3,10,13,0.034,0.1268,-0.0928,-1.747,4.8035,group,88221,78851
direct_vs_group_psychosomatic,ambivalent,3,10,13,0.034,0.1268,-0.0928,-1.747,4.8035,group,88221,78851
direct_vs_group_psychosomatic,eigenständig,3,10,13,0.034,0.1268,-0.0928,-1.747,4.8035,group,88221,78851
direct_vs_group_psychosomatic,nötig,3,10,13,0.034,0.1268,-0.0928,-1.747,4.8035,group,88221,78851
direct_vs_group_psychosomatic,spielen,3,10,13,0.034,0.1268,-0.0928,-1.747,4.8035,group,88221,78851
direct_vs_group_psychosomatic,steigern,3,10,13,0.034,0.1268,-0.0928,-1.747,4.8035,group,88221,78851
direct_vs_group_psychosomatic,Konsile,7,16,23,0.0793,0.2029,-0.1236,-1.2995,4.7006,group,88221,78851
direct_vs_group_psychosomatic,direkt,26,11,37,0.2947,0.1395,0.1552,1.0424,4.692,direct,88221,78851
direct_vs_group_psychosomatic,wahrscheinlich,26,11,37,0.2947,0.1395,0.1552,1.0424,4.692,direct,88221,78851
direct_vs_group_psychosomatic,bleiben,27,41,68,0.306,0.52,-0.2139,-0.7557,4.6893,group,88221,78851
direct_vs_group_psychosomatic,Aufenthalt,17,29,46,0.1927,0.3678,-0.1751,-0.9154,4.6593,group,88221,78851
direct_vs_group_psychosomatic,3,53,70,123,0.6008,0.8878,-0.287,-0.5601,4.6535,group,88221,78851
direct_vs_group_psychosomatic,Bett,5,13,18,0.0567,0.1649,-0.1082,-1.4574,4.638,group,88221,78851
direct_vs_group_psychosomatic,Zusammenhang,5,13,18,0.0567,0.1649,-0.1082,-1.4574,4.638,group,88221,78851
direct_vs_group_psychosomatic,explizit,5,13,18,0.0567,0.1649,-0.1082,-1.4574,4.638,group,88221,78851
direct_vs_group_psychosomatic,nachmittags,5,13,18,0.0567,0.1649,-0.1082,-1.4574,4.638,group,88221,78851
direct_vs_group_psychosomatic,wenig,22,35,57,0.2494,0.4439,-0.1945,-0.8199,4.6304,group,88221,78851
direct_vs_group_psychosomatic,diesem,10,20,30,0.1134,0.2536,-0.1403,-1.1272,4.6153,group,88221,78851
direct_vs_group_psychosomatic,selbst,35,50,85,0.3967,0.6341,-0.2374,-0.6705,4.613,group,88221,78851
direct_vs_group_psychosomatic,Hoffnung,2,8,10,0.0227,0.1015,-0.0788,-1.9275,4.5601,group,88221,78851
direct_vs_group_psychosomatic,Oxycodon,2,8,10,0.0227,0.1015,-0.0788,-1.9275,4.5601,group,88221,78851
direct_vs_group_psychosomatic,Setting,2,8,10,0.0227,0.1015,-0.0788,-1.9275,4.5601,group,88221,78851
direct_vs_group_psychosomatic,Verhältnis,2,8,10,0.0227,0.1015,-0.0788,-1.9275,4.5601,group,88221,78851
direct_vs_group_psychosomatic,beschäftigt,2,8,10,0.0227,0.1015,-0.0788,-1.9275,4.5601,group,88221,78851
direct_vs_group_psychosomatic,merke,2,8,10,0.0227,0.1015,-0.0788,-1.9275,4.5601,group,88221,78851
direct_vs_group_psychosomatic,profitiert,2,8,10,0.0227,0.1015,-0.0788,-1.9275,4.5601,group,88221,78851
direct_vs_group_psychosomatic,psychisch,2,8,10,0.0227,0.1015,-0.0788,-1.9275,4.5601,group,88221,78851
direct_vs_group_psychosomatic,vs,2,8,10,0.0227,0.1015,-0.0788,-1.9275,4.5601,group,88221,78851
direct_vs_group_psychosomatic,AVD,1,6,7,0.0113,0.0761,-0.0648,-2.2775,4.5459,group,88221,78851
direct_vs_group_psychosomatic,AWO,1,6,7,0.0113,0.0761,-0.0648,-2.2775,4.5459,group,88221,78851
direct_vs_group_psychosomatic,Bauchschmerzen,1,6,7,0.0113,0.0761,-0.0648,-2.2775,4.5459,group,88221,78851
direct_vs_group_psychosomatic,Deutsch,1,6,7,0.0113,0.0761,-0.0648,-2.2775,4.5459,group,88221,78851
direct_vs_group_psychosomatic,Enttäuschung,1,6,7,0.0113,0.0761,-0.0648,-2.2775,4.5459,group,88221,78851
direct_vs_group_psychosomatic,Fieber,1,6,7,0.0113,0.0761,-0.0648,-2.2775,4.5459,group,88221,78851
direct_vs_group_psychosomatic,Fortschritt,1,6,7,0.0113,0.0761,-0.0648,-2.2775,4.5459,group,88221,78851
direct_vs_group_psychosomatic,Heimweh,1,6,7,0.0113,0.0761,-0.0648,-2.2775,4.5459,group,88221,78851
direct_vs_group_psychosomatic,Kontaktaufnahme,1,6,7,0.0113,0.0761,-0.0648,-2.2775,4.5459,group,88221,78851
direct_vs_group_psychosomatic,Novalgin,1,6,7,0.0113,0.0761,-0.0648,-2.2775,4.5459,group,88221,78851
direct_vs_group_psychosomatic,Scham,1,6,7,0.0113,0.0761,-0.0648,-2.2775,4.5459,group,88221,78851
direct_vs_group_psychosomatic,Schuldgefühle,1,6,7,0.0113,0.0761,-0.0648,-2.2775,4.5459,group,88221,78851
direct_vs_group_psychosomatic,Sichtung,1,6,7,0.0113,0.0761,-0.0648,-2.2775,4.5459,group,88221,78851
direct_vs_group_psychosomatic,Substitution,1,6,7,0.0113,0.0761,-0.0648,-2.2775,4.5459,group,88221,78851
direct_vs_group_psychosomatic,Umsetzung,1,6,7,0.0113,0.0761,-0.0648,-2.2775,4.5459,group,88221,78851
direct_vs_group_psychosomatic,Wochenabschluss,1,6,7,0.0113,0.0761,-0.0648,-2.2775,4.5459,group,88221,78851
direct_vs_group_psychosomatic,denkt,1,6,7,0.0113,0.0761,-0.0648,-2.2775,4.5459,group,88221,78851
direct_vs_group_psychosomatic,deutliche,1,6,7,0.0113,0.0761,-0.0648,-2.2775,4.5459,group,88221,78851
direct_vs_group_psychosomatic,eingegangen,1,6,7,0.0113,0.0761,-0.0648,-2.2775,4.5459,group,88221,78851
direct_vs_group_psychosomatic,erlebe,1,6,7,0.0113,0.0761,-0.0648,-2.2775,4.5459,group,88221,78851
direct_vs_group_psychosomatic,erneutes,1,6,7,0.0113,0.0761,-0.0648,-2.2775,4.5459,group,88221,78851
direct_vs_group_psychosomatic,geteilt,1,6,7,0.0113,0.0761,-0.0648,-2.2775,4.5459,group,88221,78851
direct_vs_group_psychosomatic,innere,1,6,7,0.0113,0.0761,-0.0648,-2.2775,4.5459,group,88221,78851
direct_vs_group_psychosomatic,reducto,1,6,7,0.0113,0.0761,-0.0648,-2.2775,4.5459,group,88221,78851
direct_vs_group_psychosomatic,vorzeitig,1,6,7,0.0113,0.0761,-0.0648,-2.2775,4.5459,group,88221,78851
direct_vs_group_psychosomatic,weint,1,6,7,0.0113,0.0761,-0.0648,-2.2775,4.5459,group,88221,78851
direct_vs_group_psychosomatic,macht,54,30,84,0.6121,0.3805,0.2316,0.6755,4.5234,direct,88221,78851
direct_vs_group_psychosomatic,10min,0,3,3,0.0,0.038,-0.038,-2.9693,4.5052,group,88221,78851
direct_vs_group_psychosomatic,12h,0,3,3,0.0,0.038,-0.038,-2.9693,4.5052,group,88221,78851
direct_vs_group_psychosomatic,20mg,0,3,3,0.0,0.038,-0.038,-2.9693,4.5052,group,88221,78851
direct_vs_group_psychosomatic,28,0,3,3,0.0,0.038,-0.038,-2.9693,4.5052,group,88221,78851
direct_vs_group_psychosomatic,2L,0,3,3,0.0,0.038,-0.038,-2.9693,4.5052,group,88221,78851
direct_vs_group_psychosomatic,2x20,0,3,3,0.0,0.038,-0.038,-2.9693,4.5052,group,88221,78851
direct_vs_group_psychosomatic,3/tgl,0,3,3,0.0,0.038,-0.038,-2.9693,4.5052,group,88221,78851
direct_vs_group_psychosomatic,34a,0,3,3,0.0,0.038,-0.038,-2.9693,4.5052,group,88221,78851
direct_vs_group_psychosomatic,34b,0,3,3,0.0,0.038,-0.038,-2.9693,4.5052,group,88221,78851
direct_vs_group_psychosomatic,3xtgl,0,3,3,0.0,0.038,-0.038,-2.9693,4.5052,group,88221,78851
direct_vs_group_psychosomatic,400mg,0,3,3,0.0,0.038,-0.038,-2.9693,4.5052,group,88221,78851
direct_vs_group_psychosomatic,500ml,0,3,3,0.0,0.038,-0.038,-2.9693,4.5052,group,88221,78851
direct_vs_group_psychosomatic,ASV,0,3,3,0.0,0.038,-0.038,-2.9693,4.5052,group,88221,78851
direct_vs_group_psychosomatic,Abwicklung,0,3,3,0.0,0.038,-0.038,-2.9693,4.5052,group,88221,78851
direct_vs_group_psychosomatic,Aklärung,0,3,3,0.0,0.038,-0.038,-2.9693,4.5052,group,88221,78851
direct_vs_group_psychosomatic,Allgemein,0,3,3,0.0,0.038,-0.038,-2.9693,4.5052,group,88221,78851
direct_vs_group_psychosomatic,Allgemeinchirurgie,0,3,3,0.0,0.038,-0.038,-2.9693,4.5052,group,88221,78851
direct_vs_group_psychosomatic,Allianz,0,3,3,0.0,0.038,-0.038,-2.9693,4.5052,group,88221,78851
direct_vs_group_psychosomatic,Anlaufstelle,0,3,3,0.0,0.038,-0.038,-2.9693,4.5052,group,88221,78851
direct_vs_group_psychosomatic,Anreize,0,3,3,0.0,0.038,-0.038,-2.9693,4.5052,group,88221,78851
direct_vs_group_psychosomatic,Ansprüche,0,3,3,0.0,0.038,-0.038,-2.9693,4.5052,group,88221,78851
direct_vs_group_psychosomatic,Anstieg,0,3,3,0.0,0.038,-0.038,-2.9693,4.5052,group,88221,78851
direct_vs_group_psychosomatic,Arbeitgebers,0,3,3,0.0,0.038,-0.038,-2.9693,4.5052,group,88221,78851
direct_vs_group_psychosomatic,Au,0,3,3,0.0,0.038,-0.038,-2.9693,4.5052,group,88221,78851
direct_vs_group_psychosomatic,Augen,0,3,3,0.0,0.038,-0.038,-2.9693,4.5052,group,88221,78851
direct_vs_group_psychosomatic,Augenkonsils,0,3,3,0.0,0.038,-0.038,-2.9693,4.5052,group,88221,78851
direct_vs_group_psychosomatic,Augenrollen,0,3,3,0.0,0.038,-0.038,-2.9693,4.5052,group,88221,78851
direct_vs_group_psychosomatic,Auseinandersetzen,0,3,3,0.0,0.038,-0.038,-2.9693,4.5052,group,88221,78851
direct_vs_group_psychosomatic,Ausführliche,0,3,3,0.0,0.038,-0.038,-2.9693,4.5052,group,88221,78851
direct_vs_group_psychosomatic,Aussprache_PatName,0,3,3,0.0,0.038,-0.038,-2.9693,4.5052,group,88221,78851
direct_vs_group_psychosomatic,BU,0,3,3,0.0,0.038,-0.038,-2.9693,4.5052,group,88221,78851
direct_vs_group_psychosomatic,Bauarbeiten,0,3,3,0.0,0.038,-0.038,-2.9693,4.5052,group,88221,78851
direct_vs_group_psychosomatic,Beitrage,0,3,3,0.0,0.038,-0.038,-2.9693,4.5052,group,88221,78851
direct_vs_group_psychosomatic,Bemerke,0,3,3,0.0,0.038,-0.038,-2.9693,4.5052,group,88221,78851
direct_vs_group_psychosomatic,Benennt,0,3,3,0.0,0.038,-0.038,-2.9693,4.5052,group,88221,78851
direct_vs_group_psychosomatic,Beratungsstelle,0,3,3,0.0,0.038,-0.038,-2.9693,4.5052,group,88221,78851
direct_vs_group_psychosomatic,Besprochen,0,3,3,0.0,0.038,-0.038,-2.9693,4.5052,group,88221,78851
direct_vs_group_psychosomatic,Bitten,0,3,3,0.0,0.038,-0.038,-2.9693,4.5052,group,88221,78851
direct_vs_group_psychosomatic,Blähbauch,0,3,3,0.0,0.038,-0.038,-2.9693,4.5052,group,88221,78851
direct_vs_group_psychosomatic,Candesartan,0,3,3,0.0,0.038,-0.038,-2.9693,4.5052,group,88221,78851
direct_vs_group_psychosomatic,CoV,0,3,3,0.0,0.038,-0.038,-2.9693,4.5052,group,88221,78851
direct_vs_group_psychosomatic,Cyprexa,0,3,3,0.0,0.038,-0.038,-2.9693,4.5052,group,88221,78851
direct_vs_group_psychosomatic,Daraufhin,0,3,3,0.0,0.038,-0.038,-2.9693,4.5052,group,88221,78851
direct_vs_group_psychosomatic,Darm,0,3,3,0.0,0.038,-0.038,-2.9693,4.5052,group,88221,78851
direct_vs_group_psychosomatic,Defizit,0,3,3,0.0,0.038,-0.038,-2.9693,4.5052,group,88221,78851
direct_vs_group_psychosomatic,Dimer,0,3,3,0.0,0.038,-0.038,-2.9693,4.5052,group,88221,78851
direct_vs_group_psychosomatic,Div,0,3,3,0.0,0.038,-0.038,-2.9693,4.5052,group,88221,78851
direct_vs_group_psychosomatic,Dritten,0,3,3,0.0,0.038,-0.038,-2.9693,4.5052,group,88221,78851
direct_vs_group_psychosomatic,Dx,0,3,3,0.0,0.038,-0.038,-2.9693,4.5052,group,88221,78851
direct_vs_group_psychosomatic,EKs,0,3,3,0.0,0.038,-0.038,-2.9693,4.5052,group,88221,78851
direct_vs_group_psychosomatic,Einige,0,3,3,0.0,0.038,-0.038,-2.9693,4.5052,group,88221,78851
direct_vs_group_psychosomatic,Einleitungsrunde,0,3,3,0.0,0.038,-0.038,-2.9693,4.5052,group,88221,78851
direct_vs_group_psychosomatic,Empfindungen,0,3,3,0.0,0.038,-0.038,-2.9693,4.5052,group,88221,78851
direct_vs_group_psychosomatic,Endoskopiedienst,0,3,3,0.0,0.038,-0.038,-2.9693,4.5052,group,88221,78851
direct_vs_group_psychosomatic,Entfernung,0,3,3,0.0,0.038,-0.038,-2.9693,4.5052,group,88221,78851
direct_vs_group_psychosomatic,Entspannung,0,3,3,0.0,0.038,-0.038,-2.9693,4.5052,group,88221,78851
direct_vs_group_psychosomatic,Erkenntnis,0,3,3,0.0,0.038,-0.038,-2.9693,4.5052,group,88221,78851
direct_vs_group_psychosomatic,Erwerben,0,3,3,0.0,0.038,-0.038,-2.9693,4.5052,group,88221,78851
direct_vs_group_psychosomatic,Erzählt,0,3,3,0.0,0.038,-0.038,-2.9693,4.5052,group,88221,78851
direct_vs_group_psychosomatic,Ess,0,3,3,0.0,0.038,-0.038,-2.9693,4.5052,group,88221,78851
direct_vs_group_psychosomatic,Essgruppenregeln,0,3,3,0.0,0.038,-0.038,-2.9693,4.5052,group,88221,78851
direct_vs_group_psychosomatic,Etoricoxib,0,3,3,0.0,0.038,-0.038,-2.9693,4.5052,group,88221,78851
direct_vs_group_psychosomatic,FLO,0,3,3,0.0,0.038,-0.038,-2.9693,4.5052,group,88221,78851
direct_vs_group_psychosomatic,Fachkraft,0,3,3,0.0,0.038,-0.038,-2.9693,4.5052,group,88221,78851
direct_vs_group_psychosomatic,Fazit,0,3,3,0.0,0.038,-0.038,-2.9693,4.5052,group,88221,78851
direct_vs_group_psychosomatic,Fortkommen,0,3,3,0.0,0.038,-0.038,-2.9693,4.5052,group,88221,78851
direct_vs_group_psychosomatic,Freundeskreis,0,3,3,0.0,0.038,-0.038,-2.9693,4.5052,group,88221,78851
direct_vs_group_psychosomatic,Fühlt,0,3,3,0.0,0.038,-0.038,-2.9693,4.5052,group,88221,78851
direct_vs_group_psychosomatic,Führerscheins,0,3,3,0.0,0.038,-0.038,-2.9693,4.5052,group,88221,78851
direct_vs_group_psychosomatic,Gabapentin,0,3,3,0.0,0.038,-0.038,-2.9693,4.5052,group,88221,78851
direct_vs_group_psychosomatic,Gefahr,0,3,3,0.0,0.038,-0.038,-2.9693,4.5052,group,88221,78851
direct_vs_group_psychosomatic,Gefährdungsrisikos,0,3,3,0.0,0.038,-0.038,-2.9693,4.5052,group,88221,78851
direct_vs_group_psychosomatic,Gefühle/,0,3,3,0.0,0.038,-0.038,-2.9693,4.5052,group,88221,78851
direct_vs_group_psychosomatic,Gelbe,0,3,3,0.0,0.038,-0.038,-2.9693,4.5052,group,88221,78851
direct_vs_group_psychosomatic,Geschenk,0,3,3,0.0,0.038,-0.038,-2.9693,4.5052,group,88221,78851
direct_vs_group_psychosomatic,Gespräches,0,3,3,0.0,0.038,-0.038,-2.9693,4.5052,group,88221,78851
direct_vs_group_psychosomatic,Gesprächsinhalte,0,3,3,0.0,0.038,-0.038,-2.9693,4.5052,group,88221,78851
direct_vs_group_psychosomatic,Grp,0,3,3,0.0,0.038,-0.038,-2.9693,4.5052,group,88221,78851
direct_vs_group_psychosomatic,Gruppenkonstellation,0,3,3,0.0,0.038,-0.038,-2.9693,4.5052,group,88221,78851
direct_vs_group_psychosomatic,Hashtag_Gewichtsvereinbarung,0,3,3,0.0,0.038,-0.038,-2.9693,4.5052,group,88221,78851
direct_vs_group_psychosomatic,Hashtag_Post_Covid,0,3,3,0.0,0.038,-0.038,-2.9693,4.5052,group,88221,78851
direct_vs_group_psychosomatic,Haut,0,3,3,0.0,0.038,-0.038,-2.9693,4.5052,group,88221,78851
direct_vs_group_psychosomatic,Hochhaus,0,3,3,0.0,0.038,-0.038,-2.9693,4.5052,group,88221,78851
direct_vs_group_psychosomatic,Hustenreiz,0,3,3,0.0,0.038,-0.038,-2.9693,4.5052,group,88221,78851
direct_vs_group_psychosomatic,Hände,0,3,3,0.0,0.038,-0.038,-2.9693,4.5052,group,88221,78851
direct_vs_group_psychosomatic,Identität,0,3,3,0.0,0.038,-0.038,-2.9693,4.5052,group,88221,78851
direct_vs_group_psychosomatic,Infektparameter,0,3,3,0.0,0.038,-0.038,-2.9693,4.5052,group,88221,78851
direct_vs_group_psychosomatic,Infusion,0,3,3,0.0,0.038,-0.038,-2.9693,4.5052,group,88221,78851
direct_vs_group_psychosomatic,Inhalt,0,3,3,0.0,0.038,-0.038,-2.9693,4.5052,group,88221,78851
direct_vs_group_psychosomatic,Kardiomyopathie,0,3,3,0.0,0.038,-0.038,-2.9693,4.5052,group,88221,78851
direct_vs_group_psychosomatic,Kinderschutzbundes,0,3,3,0.0,0.038,-0.038,-2.9693,4.5052,group,88221,78851
direct_vs_group_psychosomatic,Koloskopie,0,3,3,0.0,0.038,-0.038,-2.9693,4.5052,group,88221,78851
direct_vs_group_psychosomatic,Kompromisse,0,3,3,0.0,0.038,-0.038,-2.9693,4.5052,group,88221,78851
direct_vs_group_psychosomatic,Konkurrenz,0,3,3,0.0,0.038,-0.038,-2.9693,4.5052,group,88221,78851
direct_vs_group_psychosomatic,Kontakten,0,3,3,0.0,0.038,-0.038,-2.9693,4.5052,group,88221,78851
direct_vs_group_psychosomatic,Krämpfe,0,3,3,0.0,0.038,-0.038,-2.9693,4.5052,group,88221,78851
direct_vs_group_psychosomatic,Kuchen,0,3,3,0.0,0.038,-0.038,-2.9693,4.5052,group,88221,78851
direct_vs_group_psychosomatic,Kuscheltier,0,3,3,0.0,0.038,-0.038,-2.9693,4.5052,group,88221,78851
direct_vs_group_psychosomatic,Laune,0,3,3,0.0,0.038,-0.038,-2.9693,4.5052,group,88221,78851
direct_vs_group_psychosomatic,Leicht,0,3,3,0.0,0.038,-0.038,-2.9693,4.5052,group,88221,78851
direct_vs_group_psychosomatic,Leistungsorientierung,0,3,3,0.0,0.038,-0.038,-2.9693,4.5052,group,88221,78851
direct_vs_group_psychosomatic,Lumboischialgie,0,3,3,0.0,0.038,-0.038,-2.9693,4.5052,group,88221,78851
direct_vs_group_psychosomatic,Lungenfunktion,0,3,3,0.0,0.038,-0.038,-2.9693,4.5052,group,88221,78851
direct_vs_group_psychosomatic,Lösungsmöglichkeiten,0,3,3,0.0,0.038,-0.038,-2.9693,4.5052,group,88221,78851
direct_vs_group_psychosomatic,Magengegend,0,3,3,0.0,0.038,-0.038,-2.9693,4.5052,group,88221,78851
direct_vs_group_psychosomatic,Masken,0,3,3,0.0,0.038,-0.038,-2.9693,4.5052,group,88221,78851
direct_vs_group_psychosomatic,NRS,0,3,3,0.0,0.038,-0.038,-2.9693,4.5052,group,88221,78851
direct_vs_group_psychosomatic,Nachbesprechung,0,3,3,0.0,0.038,-0.038,-2.9693,4.5052,group,88221,78851
direct_vs_group_psychosomatic,Neu,0,3,3,0.0,0.038,-0.038,-2.9693,4.5052,group,88221,78851
direct_vs_group_psychosomatic,Nierenparameter,0,3,3,0.0,0.038,-0.038,-2.9693,4.5052,group,88221,78851
direct_vs_group_psychosomatic,Nierenspende,0,3,3,0.0,0.038,-0.038,-2.9693,4.5052,group,88221,78851
direct_vs_group_psychosomatic,Nochmal,0,3,3,0.0,0.038,-0.038,-2.9693,4.5052,group,88221,78851
direct_vs_group_psychosomatic,Normalbefund,0,3,3,0.0,0.038,-0.038,-2.9693,4.5052,group,88221,78851
direct_vs_group_psychosomatic,Offlabel,0,3,3,0.0,0.038,-0.038,-2.9693,4.5052,group,88221,78851
direct_vs_group_psychosomatic,Opipramol,0,3,3,0.0,0.038,-0.038,-2.9693,4.5052,group,88221,78851
direct_vs_group_psychosomatic,Orangefärbung,0,3,3,0.0,0.038,-0.038,-2.9693,4.5052,group,88221,78851
direct_vs_group_psychosomatic,PP,0,3,3,0.0,0.038,-0.038,-2.9693,4.5052,group,88221,78851
direct_vs_group_psychosomatic,PPI,0,3,3,0.0,0.038,-0.038,-2.9693,4.5052,group,88221,78851
direct_vs_group_psychosomatic,PSOM,0,3,3,0.0,0.038,-0.038,-2.9693,4.5052,group,88221,78851
direct_vs_group_psychosomatic,Partnerin,0,3,3,0.0,0.038,-0.038,-2.9693,4.5052,group,88221,78851
direct_vs_group_psychosomatic,Pathologie,0,3,3,0.0,0.038,-0.038,-2.9693,4.5052,group,88221,78851
direct_vs_group_psychosomatic,Peritonealdialyse,0,3,3,0.0,0.038,-0.038,-2.9693,4.5052,group,88221,78851
direct_vs_group_psychosomatic,Personalabteilung,0,3,3,0.0,0.038,-0.038,-2.9693,4.5052,group,88221,78851
direct_vs_group_psychosomatic,Physikalisches,0,3,3,0.0,0.038,-0.038,-2.9693,4.5052,group,88221,78851
direct_vs_group_psychosomatic,Polyneuropathie,0,3,3,0.0,0.038,-0.038,-2.9693,4.5052,group,88221,78851
direct_vs_group_psychosomatic,Positionierung,0,3,3,0.0,0.038,-0.038,-2.9693,4.5052,group,88221,78851
direct_vs_group_psychosomatic,Positivbilanziert,0,3,3,0.0,0.038,-0.038,-2.9693,4.5052,group,88221,78851
direct_vs_group_psychosomatic,Prozesses,0,3,3,0.0,0.038,-0.038,-2.9693,4.5052,group,88221,78851
direct_vs_group_psychosomatic,Psyche,0,3,3,0.0,0.038,-0.038,-2.9693,4.5052,group,88221,78851
direct_vs_group_psychosomatic,Psychisch,0,3,3,0.0,0.038,-0.038,-2.9693,4.5052,group,88221,78851
direct_vs_group_psychosomatic,Raster,0,3,3,0.0,0.038,-0.038,-2.9693,4.5052,group,88221,78851
direct_vs_group_psychosomatic,Redebedarf,0,3,3,0.0,0.038,-0.038,-2.9693,4.5052,group,88221,78851
direct_vs_group_psychosomatic,Resonanz,0,3,3,0.0,0.038,-0.038,-2.9693,4.5052,group,88221,78851
direct_vs_group_psychosomatic,Ring,0,3,3,0.0,0.038,-0.038,-2.9693,4.5052,group,88221,78851
direct_vs_group_psychosomatic,Riopan,0,3,3,0.0,0.038,-0.038,-2.9693,4.5052,group,88221,78851
direct_vs_group_psychosomatic,Rossmann,0,3,3,0.0,0.038,-0.038,-2.9693,4.5052,group,88221,78851
direct_vs_group_psychosomatic,Räume,0,3,3,0.0,0.038,-0.038,-2.9693,4.5052,group,88221,78851
direct_vs_group_psychosomatic,Rückverlegung,0,3,3,0.0,0.038,-0.038,-2.9693,4.5052,group,88221,78851
direct_vs_group_psychosomatic,Rückzug,0,3,3,0.0,0.038,-0.038,-2.9693,4.5052,group,88221,78851
direct_vs_group_psychosomatic,Sammelurin,0,3,3,0.0,0.038,-0.038,-2.9693,4.5052,group,88221,78851
direct_vs_group_psychosomatic,Schmerztherapie,0,3,3,0.0,0.038,-0.038,-2.9693,4.5052,group,88221,78851
direct_vs_group_psychosomatic,Schöner,0,3,3,0.0,0.038,-0.038,-2.9693,4.5052,group,88221,78851
direct_vs_group_psychosomatic,Sigma,0,3,3,0.0,0.038,-0.038,-2.9693,4.5052,group,88221,78851
direct_vs_group_psychosomatic,Songs,0,3,3,0.0,0.038,-0.038,-2.9693,4.5052,group,88221,78851
direct_vs_group_psychosomatic,Soweit,0,3,3,0.0,0.038,-0.038,-2.9693,4.5052,group,88221,78851
direct_vs_group_psychosomatic,Sprache,0,3,3,0.0,0.038,-0.038,-2.9693,4.5052,group,88221,78851
direct_vs_group_psychosomatic,Spüre,0,3,3,0.0,0.038,-0.038,-2.9693,4.5052,group,88221,78851
direct_vs_group_psychosomatic,Stigma,0,3,3,0.0,0.038,-0.038,-2.9693,4.5052,group,88221,78851
direct_vs_group_psychosomatic,Stärke,0,3,3,0.0,0.038,-0.038,-2.9693,4.5052,group,88221,78851
direct_vs_group_psychosomatic,Tassen,0,3,3,0.0,0.038,-0.038,-2.9693,4.5052,group,88221,78851
direct_vs_group_psychosomatic,Teilnehmende,0,3,3,0.0,0.038,-0.038,-2.9693,4.5052,group,88221,78851
direct_vs_group_psychosomatic,Themas,0,3,3,0.0,0.038,-0.038,-2.9693,4.5052,group,88221,78851
direct_vs_group_psychosomatic,Therapiemotivation,0,3,3,0.0,0.038,-0.038,-2.9693,4.5052,group,88221,78851
direct_vs_group_psychosomatic,Trost,0,3,3,0.0,0.038,-0.038,-2.9693,4.5052,group,88221,78851
direct_vs_group_psychosomatic,Typ1,0,3,3,0.0,0.038,-0.038,-2.9693,4.5052,group,88221,78851
direct_vs_group_psychosomatic,Unacid,0,3,3,0.0,0.038,-0.038,-2.9693,4.5052,group,88221,78851
direct_vs_group_psychosomatic,Unfähigkeit,0,3,3,0.0,0.038,-0.038,-2.9693,4.5052,group,88221,78851
direct_vs_group_psychosomatic,Universität,0,3,3,0.0,0.038,-0.038,-2.9693,4.5052,group,88221,78851
direct_vs_group_psychosomatic,Unsicherheit,0,3,3,0.0,0.038,-0.038,-2.9693,4.5052,group,88221,78851
direct_vs_group_psychosomatic,Ustix,0,3,3,0.0,0.038,-0.038,-2.9693,4.5052,group,88221,78851
direct_vs_group_psychosomatic,Valproat,0,3,3,0.0,0.038,-0.038,-2.9693,4.5052,group,88221,78851
direct_vs_group_psychosomatic,Verla,0,3,3,0.0,0.038,-0.038,-2.9693,4.5052,group,88221,78851
direct_vs_group_psychosomatic,Verlassenwordenseins,0,3,3,0.0,0.038,-0.038,-2.9693,4.5052,group,88221,78851
direct_vs_group_psychosomatic,Verlaufs,0,3,3,0.0,0.038,-0.038,-2.9693,4.5052,group,88221,78851
direct_vs_group_psychosomatic,Verunsicherung,0,3,3,0.0,0.038,-0.038,-2.9693,4.5052,group,88221,78851
direct_vs_group_psychosomatic,Wahrnehmung,0,3,3,0.0,0.038,-0.038,-2.9693,4.5052,group,88221,78851
direct_vs_group_psychosomatic,Weggang,0,3,3,0.0,0.038,-0.038,-2.9693,4.5052,group,88221,78851
direct_vs_group_psychosomatic,Wiedereingliederung,0,3,3,0.0,0.038,-0.038,-2.9693,4.5052,group,88221,78851
direct_vs_group_psychosomatic,Wiederholtes,0,3,3,0.0,0.038,-0.038,-2.9693,4.5052,group,88221,78851
direct_vs_group_psychosomatic,Wunschemotion,0,3,3,0.0,0.038,-0.038,-2.9693,4.5052,group,88221,78851
direct_vs_group_psychosomatic,Zusammenschau,0,3,3,0.0,0.038,-0.038,-2.9693,4.5052,group,88221,78851
direct_vs_group_psychosomatic,Zuständigkeit,0,3,3,0.0,0.038,-0.038,-2.9693,4.5052,group,88221,78851
direct_vs_group_psychosomatic,abschließt,0,3,3,0.0,0.038,-0.038,-2.9693,4.5052,group,88221,78851
direct_vs_group_psychosomatic,abzusetzen,0,3,3,0.0,0.038,-0.038,-2.9693,4.5052,group,88221,78851
direct_vs_group_psychosomatic,affektisoliert,0,3,3,0.0,0.038,-0.038,-2.9693,4.5052,group,88221,78851
direct_vs_group_psychosomatic,andererseits,0,3,3,0.0,0.038,-0.038,-2.9693,4.5052,group,88221,78851
direct_vs_group_psychosomatic,andocken,0,3,3,0.0,0.038,-0.038,-2.9693,4.5052,group,88221,78851
direct_vs_group_psychosomatic,anfänglicher,0,3,3,0.0,0.038,-0.038,-2.9693,4.5052,group,88221,78851
direct_vs_group_psychosomatic,angespannte,0,3,3,0.0,0.038,-0.038,-2.9693,4.5052,group,88221,78851
direct_vs_group_psychosomatic,anschließend,0,3,3,0.0,0.038,-0.038,-2.9693,4.5052,group,88221,78851
direct_vs_group_psychosomatic,antidepressive,0,3,3,0.0,0.038,-0.038,-2.9693,4.5052,group,88221,78851
direct_vs_group_psychosomatic,antriggern,0,3,3,0.0,0.038,-0.038,-2.9693,4.5052,group,88221,78851
direct_vs_group_psychosomatic,anwesenden,0,3,3,0.0,0.038,-0.038,-2.9693,4.5052,group,88221,78851
direct_vs_group_psychosomatic,arbeitend,0,3,3,0.0,0.038,-0.038,-2.9693,4.5052,group,88221,78851
direct_vs_group_psychosomatic,auffälligem,0,3,3,0.0,0.038,-0.038,-2.9693,4.5052,group,88221,78851
direct_vs_group_psychosomatic,aufgebracht,0,3,3,0.0,0.038,-0.038,-2.9693,4.5052,group,88221,78851
direct_vs_group_psychosomatic,aufgewühlt,0,3,3,0.0,0.038,-0.038,-2.9693,4.5052,group,88221,78851
direct_vs_group_psychosomatic,aufregendes,0,3,3,0.0,0.038,-0.038,-2.9693,4.5052,group,88221,78851
direct_vs_group_psychosomatic,ausgehalten,0,3,3,0.0,0.038,-0.038,-2.9693,4.5052,group,88221,78851
direct_vs_group_psychosomatic,baldiges,0,3,3,0.0,0.038,-0.038,-2.9693,4.5052,group,88221,78851
direct_vs_group_psychosomatic,bearbeitet,0,3,3,0.0,0.038,-0.038,-2.9693,4.5052,group,88221,78851
direct_vs_group_psychosomatic,bedarfsmed,0,3,3,0.0,0.038,-0.038,-2.9693,4.5052,group,88221,78851
direct_vs_group_psychosomatic,bedeutsam,0,3,3,0.0,0.038,-0.038,-2.9693,4.5052,group,88221,78851
direct_vs_group_psychosomatic,beginnende,0,3,3,0.0,0.038,-0.038,-2.9693,4.5052,group,88221,78851
direct_vs_group_psychosomatic,bemerkbar,0,3,3,0.0,0.038,-0.038,-2.9693,4.5052,group,88221,78851
direct_vs_group_psychosomatic,bemerkt,0,3,3,0.0,0.038,-0.038,-2.9693,4.5052,group,88221,78851
direct_vs_group_psychosomatic,benutzt,0,3,3,0.0,0.038,-0.038,-2.9693,4.5052,group,88221,78851
direct_vs_group_psychosomatic,berichteten,0,3,3,0.0,0.038,-0.038,-2.9693,4.5052,group,88221,78851
direct_vs_group_psychosomatic,beschuldigt,0,3,3,0.0,0.038,-0.038,-2.9693,4.5052,group,88221,78851
direct_vs_group_psychosomatic,besserer,0,3,3,0.0,0.038,-0.038,-2.9693,4.5052,group,88221,78851
direct_vs_group_psychosomatic,betonte,0,3,3,0.0,0.038,-0.038,-2.9693,4.5052,group,88221,78851
direct_vs_group_psychosomatic,beurteilen,0,3,3,0.0,0.038,-0.038,-2.9693,4.5052,group,88221,78851
direct_vs_group_psychosomatic,bezugstherapeutisches,0,3,3,0.0,0.038,-0.038,-2.9693,4.5052,group,88221,78851
direct_vs_group_psychosomatic,bilden,0,3,3,0.0,0.038,-0.038,-2.9693,4.5052,group,88221,78851
direct_vs_group_psychosomatic,bisherigen,0,3,3,0.0,0.038,-0.038,-2.9693,4.5052,group,88221,78851
direct_vs_group_psychosomatic,bringe,0,3,3,0.0,0.038,-0.038,-2.9693,4.5052,group,88221,78851
direct_vs_group_psychosomatic,checken,0,3,3,0.0,0.038,-0.038,-2.9693,4.5052,group,88221,78851
direct_vs_group_psychosomatic,dahinter,0,3,3,0.0,0.038,-0.038,-2.9693,4.5052,group,88221,78851
direct_vs_group_psychosomatic,dargestellt,0,3,3,0.0,0.038,-0.038,-2.9693,4.5052,group,88221,78851
direct_vs_group_psychosomatic,darzustellen,0,3,3,0.0,0.038,-0.038,-2.9693,4.5052,group,88221,78851
direct_vs_group_psychosomatic,de,0,3,3,0.0,0.038,-0.038,-2.9693,4.5052,group,88221,78851
direct_vs_group_psychosomatic,desto,0,3,3,0.0,0.038,-0.038,-2.9693,4.5052,group,88221,78851
direct_vs_group_psychosomatic,dissoziativer,0,3,3,0.0,0.038,-0.038,-2.9693,4.5052,group,88221,78851
direct_vs_group_psychosomatic,durchsetzen,0,3,3,0.0,0.038,-0.038,-2.9693,4.5052,group,88221,78851
direct_vs_group_psychosomatic,ei,0,3,3,0.0,0.038,-0.038,-2.9693,4.5052,group,88221,78851
direct_vs_group_psychosomatic,eingeholt,0,3,3,0.0,0.038,-0.038,-2.9693,4.5052,group,88221,78851
direct_vs_group_psychosomatic,einsam,0,3,3,0.0,0.038,-0.038,-2.9693,4.5052,group,88221,78851
direct_vs_group_psychosomatic,einstündig,0,3,3,0.0,0.038,-0.038,-2.9693,4.5052,group,88221,78851
direct_vs_group_psychosomatic,entschlossen,0,3,3,0.0,0.038,-0.038,-2.9693,4.5052,group,88221,78851
direct_vs_group_psychosomatic,erbrochen,0,3,3,0.0,0.038,-0.038,-2.9693,4.5052,group,88221,78851
direct_vs_group_psychosomatic,erfahrene,0,3,3,0.0,0.038,-0.038,-2.9693,4.5052,group,88221,78851
direct_vs_group_psychosomatic,erkenne,0,3,3,0.0,0.038,-0.038,-2.9693,4.5052,group,88221,78851
direct_vs_group_psychosomatic,erneuter,0,3,3,0.0,0.038,-0.038,-2.9693,4.5052,group,88221,78851
direct_vs_group_psychosomatic,erschöpfend,0,3,3,0.0,0.038,-0.038,-2.9693,4.5052,group,88221,78851
direct_vs_group_psychosomatic,erworbenes,0,3,3,0.0,0.038,-0.038,-2.9693,4.5052,group,88221,78851
direct_vs_group_psychosomatic,erzählte,0,3,3,0.0,0.038,-0.038,-2.9693,4.5052,group,88221,78851
direct_vs_group_psychosomatic,exploriert,0,3,3,0.0,0.038,-0.038,-2.9693,4.5052,group,88221,78851
direct_vs_group_psychosomatic,fassen,0,3,3,0.0,0.038,-0.038,-2.9693,4.5052,group,88221,78851
direct_vs_group_psychosomatic,fehlten,0,3,3,0.0,0.038,-0.038,-2.9693,4.5052,group,88221,78851
direct_vs_group_psychosomatic,fix,0,3,3,0.0,0.038,-0.038,-2.9693,4.5052,group,88221,78851
direct_vs_group_psychosomatic,freundliche,0,3,3,0.0,0.038,-0.038,-2.9693,4.5052,group,88221,78851
direct_vs_group_psychosomatic,frustrane,0,3,3,0.0,0.038,-0.038,-2.9693,4.5052,group,88221,78851
direct_vs_group_psychosomatic,frühestens,0,3,3,0.0,0.038,-0.038,-2.9693,4.5052,group,88221,78851
direct_vs_group_psychosomatic,führte,0,3,3,0.0,0.038,-0.038,-2.9693,4.5052,group,88221,78851
direct_vs_group_psychosomatic,gefaxt,0,3,3,0.0,0.038,-0.038,-2.9693,4.5052,group,88221,78851
direct_vs_group_psychosomatic,gegenseitig,0,3,3,0.0,0.038,-0.038,-2.9693,4.5052,group,88221,78851
direct_vs_group_psychosomatic,gehtâs,0,3,3,0.0,0.038,-0.038,-2.9693,4.5052,group,88221,78851
direct_vs_group_psychosomatic,gekümmert,0,3,3,0.0,0.038,-0.038,-2.9693,4.5052,group,88221,78851
direct_vs_group_psychosomatic,gelöst,0,3,3,0.0,0.038,-0.038,-2.9693,4.5052,group,88221,78851
direct_vs_group_psychosomatic,gemailt,0,3,3,0.0,0.038,-0.038,-2.9693,4.5052,group,88221,78851
direct_vs_group_psychosomatic,gereizt,0,3,3,0.0,0.038,-0.038,-2.9693,4.5052,group,88221,78851
direct_vs_group_psychosomatic,gescheitert,0,3,3,0.0,0.038,-0.038,-2.9693,4.5052,group,88221,78851
direct_vs_group_psychosomatic,geschlafen,0,3,3,0.0,0.038,-0.038,-2.9693,4.5052,group,88221,78851
direct_vs_group_psychosomatic,geschlossen,0,3,3,0.0,0.038,-0.038,-2.9693,4.5052,group,88221,78851
direct_vs_group_psychosomatic,gespalten,0,3,3,0.0,0.038,-0.038,-2.9693,4.5052,group,88221,78851
direct_vs_group_psychosomatic,gespielt,0,3,3,0.0,0.038,-0.038,-2.9693,4.5052,group,88221,78851
direct_vs_group_psychosomatic,gesprächsfähig,0,3,3,0.0,0.038,-0.038,-2.9693,4.5052,group,88221,78851
direct_vs_group_psychosomatic,gesundheitsbezogene,0,3,3,0.0,0.038,-0.038,-2.9693,4.5052,group,88221,78851
direct_vs_group_psychosomatic,geweckt,0,3,3,0.0,0.038,-0.038,-2.9693,4.5052,group,88221,78851
direct_vs_group_psychosomatic,gewissen,0,3,3,0.0,0.038,-0.038,-2.9693,4.5052,group,88221,78851
direct_vs_group_psychosomatic,glaubhaft,0,3,3,0.0,0.038,-0.038,-2.9693,4.5052,group,88221,78851
direct_vs_group_psychosomatic,glaubten,0,3,3,0.0,0.038,-0.038,-2.9693,4.5052,group,88221,78851
direct_vs_group_psychosomatic,hauptsächlich,0,3,3,0.0,0.038,-0.038,-2.9693,4.5052,group,88221,78851
direct_vs_group_psychosomatic,helfe,0,3,3,0.0,0.038,-0.038,-2.9693,4.5052,group,88221,78851
direct_vs_group_psychosomatic,hochgradigem,0,3,3,0.0,0.038,-0.038,-2.9693,4.5052,group,88221,78851
direct_vs_group_psychosomatic,imstande,0,3,3,0.0,0.038,-0.038,-2.9693,4.5052,group,88221,78851
direct_vs_group_psychosomatic,insoweit,0,3,3,0.0,0.038,-0.038,-2.9693,4.5052,group,88221,78851
direct_vs_group_psychosomatic,interessierte,0,3,3,0.0,0.038,-0.038,-2.9693,4.5052,group,88221,78851
direct_vs_group_psychosomatic,internistische,0,3,3,0.0,0.038,-0.038,-2.9693,4.5052,group,88221,78851
direct_vs_group_psychosomatic,introspektionsfähig,0,3,3,0.0,0.038,-0.038,-2.9693,4.5052,group,88221,78851
direct_vs_group_psychosomatic,kompetent,0,3,3,0.0,0.038,-0.038,-2.9693,4.5052,group,88221,78851
direct_vs_group_psychosomatic,konservativ,0,3,3,0.0,0.038,-0.038,-2.9693,4.5052,group,88221,78851
direct_vs_group_psychosomatic,lebend,0,3,3,0.0,0.038,-0.038,-2.9693,4.5052,group,88221,78851
direct_vs_group_psychosomatic,lebenslang,0,3,3,0.0,0.038,-0.038,-2.9693,4.5052,group,88221,78851
direct_vs_group_psychosomatic,lehrreiches,0,3,3,0.0,0.038,-0.038,-2.9693,4.5052,group,88221,78851
direct_vs_group_psychosomatic,leise,0,3,3,0.0,0.038,-0.038,-2.9693,4.5052,group,88221,78851
direct_vs_group_psychosomatic,liebes,0,3,3,0.0,0.038,-0.038,-2.9693,4.5052,group,88221,78851
direct_vs_group_psychosomatic,logorrhoisch,0,3,3,0.0,0.038,-0.038,-2.9693,4.5052,group,88221,78851
direct_vs_group_psychosomatic,mitzukommen,0,3,3,0.0,0.038,-0.038,-2.9693,4.5052,group,88221,78851
direct_vs_group_psychosomatic,musikalisch,0,3,3,0.0,0.038,-0.038,-2.9693,4.5052,group,88221,78851
direct_vs_group_psychosomatic,mögl,0,3,3,0.0,0.038,-0.038,-2.9693,4.5052,group,88221,78851
direct_vs_group_psychosomatic,mündlich,0,3,3,0.0,0.038,-0.038,-2.9693,4.5052,group,88221,78851
direct_vs_group_psychosomatic,nachlässt,0,3,3,0.0,0.038,-0.038,-2.9693,4.5052,group,88221,78851
direct_vs_group_psychosomatic,namentlich,0,3,3,0.0,0.038,-0.038,-2.9693,4.5052,group,88221,78851
direct_vs_group_psychosomatic,negativer,0,3,3,0.0,0.038,-0.038,-2.9693,4.5052,group,88221,78851
direct_vs_group_psychosomatic,neugierig,0,3,3,0.0,0.038,-0.038,-2.9693,4.5052,group,88221,78851
direct_vs_group_psychosomatic,niedergeschlagen,0,3,3,0.0,0.038,-0.038,-2.9693,4.5052,group,88221,78851
direct_vs_group_psychosomatic,passe,0,3,3,0.0,0.038,-0.038,-2.9693,4.5052,group,88221,78851
direct_vs_group_psychosomatic,preisgegeben,0,3,3,0.0,0.038,-0.038,-2.9693,4.5052,group,88221,78851
direct_vs_group_psychosomatic,prüfen,0,3,3,0.0,0.038,-0.038,-2.9693,4.5052,group,88221,78851
direct_vs_group_psychosomatic,pulmologische,0,3,3,0.0,0.038,-0.038,-2.9693,4.5052,group,88221,78851
direct_vs_group_psychosomatic,quittiert,0,3,3,0.0,0.038,-0.038,-2.9693,4.5052,group,88221,78851
direct_vs_group_psychosomatic,retard,0,3,3,0.0,0.038,-0.038,-2.9693,4.5052,group,88221,78851
direct_vs_group_psychosomatic,rufen,0,3,3,0.0,0.038,-0.038,-2.9693,4.5052,group,88221,78851
direct_vs_group_psychosomatic,sagten,0,3,3,0.0,0.038,-0.038,-2.9693,4.5052,group,88221,78851
direct_vs_group_psychosomatic,satt,0,3,3,0.0,0.038,-0.038,-2.9693,4.5052,group,88221,78851
direct_vs_group_psychosomatic,schlechtes,0,3,3,0.0,0.038,-0.038,-2.9693,4.5052,group,88221,78851
direct_vs_group_psychosomatic,schmerzhaften,0,3,3,0.0,0.038,-0.038,-2.9693,4.5052,group,88221,78851
direct_vs_group_psychosomatic,seelischen,0,3,3,0.0,0.038,-0.038,-2.9693,4.5052,group,88221,78851
direct_vs_group_psychosomatic,sexualisierte,0,3,3,0.0,0.038,-0.038,-2.9693,4.5052,group,88221,78851
direct_vs_group_psychosomatic,sogenannte,0,3,3,0.0,0.038,-0.038,-2.9693,4.5052,group,88221,78851
direct_vs_group_psychosomatic,somat,0,3,3,0.0,0.038,-0.038,-2.9693,4.5052,group,88221,78851
direct_vs_group_psychosomatic,somatischorientiertes,0,3,3,0.0,0.038,-0.038,-2.9693,4.5052,group,88221,78851
direct_vs_group_psychosomatic,sonntag,0,3,3,0.0,0.038,-0.038,-2.9693,4.5052,group,88221,78851
direct_vs_group_psychosomatic,sonstigen,0,3,3,0.0,0.038,-0.038,-2.9693,4.5052,group,88221,78851
direct_vs_group_psychosomatic,springen,0,3,3,0.0,0.038,-0.038,-2.9693,4.5052,group,88221,78851
direct_vs_group_psychosomatic,spüre,0,3,3,0.0,0.038,-0.038,-2.9693,4.5052,group,88221,78851
direct_vs_group_psychosomatic,stehende,0,3,3,0.0,0.038,-0.038,-2.9693,4.5052,group,88221,78851
direct_vs_group_psychosomatic,stört,0,3,3,0.0,0.038,-0.038,-2.9693,4.5052,group,88221,78851
direct_vs_group_psychosomatic,suizidalen,0,3,3,0.0,0.038,-0.038,-2.9693,4.5052,group,88221,78851
direct_vs_group_psychosomatic,sunflower,0,3,3,0.0,0.038,-0.038,-2.9693,4.5052,group,88221,78851
direct_vs_group_psychosomatic,supportives,0,3,3,0.0,0.038,-0.038,-2.9693,4.5052,group,88221,78851
direct_vs_group_psychosomatic,teilnimmt,0,3,3,0.0,0.038,-0.038,-2.9693,4.5052,group,88221,78851
direct_vs_group_psychosomatic,telefonische,0,3,3,0.0,0.038,-0.038,-2.9693,4.5052,group,88221,78851
direct_vs_group_psychosomatic,tägl,0,3,3,0.0,0.038,-0.038,-2.9693,4.5052,group,88221,78851
direct_vs_group_psychosomatic,unentschlossen,0,3,3,0.0,0.038,-0.038,-2.9693,4.5052,group,88221,78851
direct_vs_group_psychosomatic,ungeduldig,0,3,3,0.0,0.038,-0.038,-2.9693,4.5052,group,88221,78851
direct_vs_group_psychosomatic,unheimlich,0,3,3,0.0,0.038,-0.038,-2.9693,4.5052,group,88221,78851
direct_vs_group_psychosomatic,unruhig,0,3,3,0.0,0.038,-0.038,-2.9693,4.5052,group,88221,78851
direct_vs_group_psychosomatic,unseres,0,3,3,0.0,0.038,-0.038,-2.9693,4.5052,group,88221,78851
direct_vs_group_psychosomatic,unspez,0,3,3,0.0,0.038,-0.038,-2.9693,4.5052,group,88221,78851
direct_vs_group_psychosomatic,unterschwellig,0,3,3,0.0,0.038,-0.038,-2.9693,4.5052,group,88221,78851
direct_vs_group_psychosomatic,verallgemeinert,0,3,3,0.0,0.038,-0.038,-2.9693,4.5052,group,88221,78851
direct_vs_group_psychosomatic,verbal,0,3,3,0.0,0.038,-0.038,-2.9693,4.5052,group,88221,78851
direct_vs_group_psychosomatic,verbalisiert,0,3,3,0.0,0.038,-0.038,-2.9693,4.5052,group,88221,78851
direct_vs_group_psychosomatic,vermeintlich,0,3,3,0.0,0.038,-0.038,-2.9693,4.5052,group,88221,78851
direct_vs_group_psychosomatic,vermuteten,0,3,3,0.0,0.038,-0.038,-2.9693,4.5052,group,88221,78851
direct_vs_group_psychosomatic,verschlossen,0,3,3,0.0,0.038,-0.038,-2.9693,4.5052,group,88221,78851
direct_vs_group_psychosomatic,versprechen,0,3,3,0.0,0.038,-0.038,-2.9693,4.5052,group,88221,78851
direct_vs_group_psychosomatic,versterben,0,3,3,0.0,0.038,-0.038,-2.9693,4.5052,group,88221,78851
direct_vs_group_psychosomatic,verteten,0,3,3,0.0,0.038,-0.038,-2.9693,4.5052,group,88221,78851
direct_vs_group_psychosomatic,väterlich,0,3,3,0.0,0.038,-0.038,-2.9693,4.5052,group,88221,78851
direct_vs_group_psychosomatic,wahrgenommen/gemessen,0,3,3,0.0,0.038,-0.038,-2.9693,4.5052,group,88221,78851
direct_vs_group_psychosomatic,wendet,0,3,3,0.0,0.038,-0.038,-2.9693,4.5052,group,88221,78851
direct_vs_group_psychosomatic,wiederholen,0,3,3,0.0,0.038,-0.038,-2.9693,4.5052,group,88221,78851
direct_vs_group_psychosomatic,wirke,0,3,3,0.0,0.038,-0.038,-2.9693,4.5052,group,88221,78851
direct_vs_group_psychosomatic,wohlwollende,0,3,3,0.0,0.038,-0.038,-2.9693,4.5052,group,88221,78851
direct_vs_group_psychosomatic,worauf,0,3,3,0.0,0.038,-0.038,-2.9693,4.5052,group,88221,78851
direct_vs_group_psychosomatic,zugehen,0,3,3,0.0,0.038,-0.038,-2.9693,4.5052,group,88221,78851
direct_vs_group_psychosomatic,zugelegt,0,3,3,0.0,0.038,-0.038,-2.9693,4.5052,group,88221,78851
direct_vs_group_psychosomatic,zuordnen,0,3,3,0.0,0.038,-0.038,-2.9693,4.5052,group,88221,78851
direct_vs_group_psychosomatic,zögerlich,0,3,3,0.0,0.038,-0.038,-2.9693,4.5052,group,88221,78851
direct_vs_group_psychosomatic,Öffnung,0,3,3,0.0,0.038,-0.038,-2.9693,4.5052,group,88221,78851
direct_vs_group_psychosomatic,Ölfarben,0,3,3,0.0,0.038,-0.038,-2.9693,4.5052,group,88221,78851
direct_vs_group_psychosomatic,ÖsophagusCA,0,3,3,0.0,0.038,-0.038,-2.9693,4.5052,group,88221,78851
direct_vs_group_psychosomatic,Übersichtsartikel,0,3,3,0.0,0.038,-0.038,-2.9693,4.5052,group,88221,78851
direct_vs_group_psychosomatic,Überwältigung,0,3,3,0.0,0.038,-0.038,-2.9693,4.5052,group,88221,78851
direct_vs_group_psychosomatic,ärztlicher,0,3,3,0.0,0.038,-0.038,-2.9693,4.5052,group,88221,78851
direct_vs_group_psychosomatic,ï,0,3,3,0.0,0.038,-0.038,-2.9693,4.5052,group,88221,78851
direct_vs_group_psychosomatic,überdauernde,0,3,3,0.0,0.038,-0.038,-2.9693,4.5052,group,88221,78851
direct_vs_group_psychosomatic,übereinander,0,3,3,0.0,0.038,-0.038,-2.9693,4.5052,group,88221,78851
direct_vs_group_psychosomatic,überschritten,0,3,3,0.0,0.038,-0.038,-2.9693,4.5052,group,88221,78851
direct_vs_group_psychosomatic,als,173,193,366,1.961,2.4477,-0.4867,-0.3194,4.4922,group,88221,78851
direct_vs_group_psychosomatic,einverstanden,19,7,26,0.2154,0.0888,0.1266,1.2165,4.4885,direct,88221,78851
direct_vs_group_psychosomatic,hin,24,10,34,0.272,0.1268,0.1452,1.0604,4.4749,direct,88221,78851
direct_vs_group_psychosomatic,ihrer,24,37,61,0.272,0.4692,-0.1972,-0.7761,4.4437,group,88221,78851
direct_vs_group_psychosomatic,Akte,7,1,8,0.0793,0.0127,0.0667,2.1599,4.4135,direct,88221,78851
direct_vs_group_psychosomatic,Entlassungsbrief,7,1,8,0.0793,0.0127,0.0667,2.1599,4.4135,direct,88221,78851
direct_vs_group_psychosomatic,Ernährungsplan,7,1,8,0.0793,0.0127,0.0667,2.1599,4.4135,direct,88221,78851
direct_vs_group_psychosomatic,Kaffee,7,1,8,0.0793,0.0127,0.0667,2.1599,4.4135,direct,88221,78851
direct_vs_group_psychosomatic,Konsum,7,1,8,0.0793,0.0127,0.0667,2.1599,4.4135,direct,88221,78851
direct_vs_group_psychosomatic,ND,7,1,8,0.0793,0.0127,0.0667,2.1599,4.4135,direct,88221,78851
direct_vs_group_psychosomatic,Passt,7,1,8,0.0793,0.0127,0.0667,2.1599,4.4135,direct,88221,78851
direct_vs_group_psychosomatic,URL,7,1,8,0.0793,0.0127,0.0667,2.1599,4.4135,direct,88221,78851
direct_vs_group_psychosomatic,anfordern,7,1,8,0.0793,0.0127,0.0667,2.1599,4.4135,direct,88221,78851
direct_vs_group_psychosomatic,dokumentiert,7,1,8,0.0793,0.0127,0.0667,2.1599,4.4135,direct,88221,78851
direct_vs_group_psychosomatic,eingeladen,7,1,8,0.0793,0.0127,0.0667,2.1599,4.4135,direct,88221,78851
direct_vs_group_psychosomatic,freigeben,7,1,8,0.0793,0.0127,0.0667,2.1599,4.4135,direct,88221,78851
direct_vs_group_psychosomatic,geschaut,7,1,8,0.0793,0.0127,0.0667,2.1599,4.4135,direct,88221,78851
direct_vs_group_psychosomatic,übernächste,7,1,8,0.0793,0.0127,0.0667,2.1599,4.4135,direct,88221,78851
direct_vs_group_psychosomatic,Mit,19,31,50,0.2154,0.3931,-0.1778,-0.8539,4.4132,group,88221,78851
direct_vs_group_psychosomatic,Bereich,39,54,93,0.4421,0.6848,-0.2428,-0.6264,4.4072,group,88221,78851
direct_vs_group_psychosomatic,kg,48,26,74,0.5441,0.3297,0.2144,0.71,4.4033,direct,88221,78851
direct_vs_group_psychosomatic,zunächst,8,17,25,0.0907,0.2156,-0.1249,-1.2038,4.4032,group,88221,78851
direct_vs_group_psychosomatic,ändern,8,17,25,0.0907,0.2156,-0.1249,-1.2038,4.4032,group,88221,78851
direct_vs_group_psychosomatic,weniger,11,21,32,0.1247,0.2663,-0.1416,-1.0647,4.4016,group,88221,78851
direct_vs_group_psychosomatic,Wenn,62,36,98,0.7028,0.4566,0.2462,0.614,4.3706,direct,88221,78851
direct_vs_group_psychosomatic,Fresubin,55,31,86,0.6234,0.3931,0.2303,0.6551,4.3635,direct,88221,78851
direct_vs_group_psychosomatic,aufgrund,15,26,41,0.17,0.3297,-0.1597,-0.9357,4.352,group,88221,78851
direct_vs_group_psychosomatic,Ordnung,17,6,23,0.1927,0.0761,0.1166,1.2669,4.3197,direct,88221,78851
direct_vs_group_psychosomatic,Problem,17,6,23,0.1927,0.0761,0.1166,1.2669,4.3197,direct,88221,78851
direct_vs_group_psychosomatic,SKID,17,6,23,0.1927,0.0761,0.1166,1.2669,4.3197,direct,88221,78851
direct_vs_group_psychosomatic,erledigt,17,6,23,0.1927,0.0761,0.1166,1.2669,4.3197,direct,88221,78851
direct_vs_group_psychosomatic,sagte,17,6,23,0.1927,0.0761,0.1166,1.2669,4.3197,direct,88221,78851
direct_vs_group_psychosomatic,PT,41,56,97,0.4647,0.7102,-0.2455,-0.6071,4.3188,group,88221,78851
direct_vs_group_psychosomatic,davon,20,32,52,0.2267,0.4058,-0.1791,-0.8268,4.3056,group,88221,78851
direct_vs_group_psychosomatic,halten,22,9,31,0.2494,0.1141,0.1352,1.0819,4.2618,direct,88221,78851
direct_vs_group_psychosomatic,erfahren,6,14,20,0.068,0.1776,-0.1095,-1.3195,4.2526,group,88221,78851
direct_vs_group_psychosomatic,gegessen,6,14,20,0.068,0.1776,-0.1095,-1.3195,4.2526,group,88221,78851
direct_vs_group_psychosomatic,Besserung,4,11,15,0.0453,0.1395,-0.0942,-1.5156,4.2302,group,88221,78851
direct_vs_group_psychosomatic,Dr,4,11,15,0.0453,0.1395,-0.0942,-1.5156,4.2302,group,88221,78851
direct_vs_group_psychosomatic,Einzelgesprächen,4,11,15,0.0453,0.1395,-0.0942,-1.5156,4.2302,group,88221,78851
direct_vs_group_psychosomatic,Erhöhung,4,11,15,0.0453,0.1395,-0.0942,-1.5156,4.2302,group,88221,78851
direct_vs_group_psychosomatic,Ideen,4,11,15,0.0453,0.1395,-0.0942,-1.5156,4.2302,group,88221,78851
direct_vs_group_psychosomatic,Vertrauen,4,11,15,0.0453,0.1395,-0.0942,-1.5156,4.2302,group,88221,78851
direct_vs_group_psychosomatic,Zum,4,11,15,0.0453,0.1395,-0.0942,-1.5156,4.2302,group,88221,78851
direct_vs_group_psychosomatic,7,16,27,43,0.1814,0.3424,-0.1611,-0.899,4.2161,group,88221,78851
direct_vs_group_psychosomatic,Mi,15,5,20,0.17,0.0634,0.1066,1.3328,4.1726,direct,88221,78851
direct_vs_group_psychosomatic,Rö,15,5,20,0.17,0.0634,0.1066,1.3328,4.1726,direct,88221,78851
direct_vs_group_psychosomatic,wären,15,5,20,0.17,0.0634,0.1066,1.3328,4.1726,direct,88221,78851
direct_vs_group_psychosomatic,nein,25,11,36,0.2834,0.1395,0.1439,0.9869,4.1321,direct,88221,78851
direct_vs_group_psychosomatic,Wochenende,43,23,66,0.4874,0.2917,0.1957,0.7264,4.1192,direct,88221,78851
direct_vs_group_psychosomatic,Gedächtnissprechstunde,9,2,11,0.102,0.0254,0.0767,1.764,4.0668,direct,88221,78851
direct_vs_group_psychosomatic,Monaten,9,2,11,0.102,0.0254,0.0767,1.764,4.0668,direct,88221,78851
direct_vs_group_psychosomatic,Spätmahlzeit,9,2,11,0.102,0.0254,0.0767,1.764,4.0668,direct,88221,78851
direct_vs_group_psychosomatic,Um,9,2,11,0.102,0.0254,0.0767,1.764,4.0668,direct,88221,78851
direct_vs_group_psychosomatic,allein,9,2,11,0.102,0.0254,0.0767,1.764,4.0668,direct,88221,78851
direct_vs_group_psychosomatic,halt,9,2,11,0.102,0.0254,0.0767,1.764,4.0668,direct,88221,78851
direct_vs_group_psychosomatic,stationäre,9,2,11,0.102,0.0254,0.0767,1.764,4.0668,direct,88221,78851
direct_vs_group_psychosomatic,erreicht,28,13,41,0.3174,0.1649,0.1525,0.916,4.0622,direct,88221,78851
direct_vs_group_psychosomatic,eh,13,4,17,0.1474,0.0507,0.0966,1.423,4.0598,direct,88221,78851
direct_vs_group_psychosomatic,möchtest,13,4,17,0.1474,0.0507,0.0966,1.423,4.0598,direct,88221,78851
direct_vs_group_psychosomatic,schreibe,13,4,17,0.1474,0.0507,0.0966,1.423,4.0598,direct,88221,78851
direct_vs_group_psychosomatic,vorhin,13,4,17,0.1474,0.0507,0.0966,1.423,4.0598,direct,88221,78851
direct_vs_group_psychosomatic,reduziert,13,23,36,0.1474,0.2917,-0.1443,-0.9617,4.0509,group,88221,78851
direct_vs_group_psychosomatic,wo,37,19,56,0.4194,0.241,0.1784,0.7814,4.045,direct,88221,78851
direct_vs_group_psychosomatic,Sie,148,166,314,1.6776,2.1052,-0.4276,-0.3271,4.0427,group,88221,78851
direct_vs_group_psychosomatic,Fokus,11,3,14,0.1247,0.038,0.0866,1.5542,4.0057,direct,88221,78851
direct_vs_group_psychosomatic,Therapeut,11,3,14,0.1247,0.038,0.0866,1.5542,4.0057,direct,88221,78851
direct_vs_group_psychosomatic,Uchi,11,3,14,0.1247,0.038,0.0866,1.5542,4.0057,direct,88221,78851
direct_vs_group_psychosomatic,gearbeitet,11,3,14,0.1247,0.038,0.0866,1.5542,4.0057,direct,88221,78851
direct_vs_group_psychosomatic,kcal,11,3,14,0.1247,0.038,0.0866,1.5542,4.0057,direct,88221,78851
direct_vs_group_psychosomatic,Borderline,7,15,22,0.0793,0.1902,-0.1109,-1.2093,3.9444,group,88221,78851
direct_vs_group_psychosomatic,Psychotherapie,7,15,22,0.0793,0.1902,-0.1109,-1.2093,3.9444,group,88221,78851
direct_vs_group_psychosomatic,wollen,44,24,68,0.4987,0.3044,0.1944,0.699,3.9388,direct,88221,78851
direct_vs_group_psychosomatic,Zeit,98,64,162,1.1108,0.8117,0.2992,0.4488,3.8818,direct,88221,78851
direct_vs_group_psychosomatic,Aussage,3,9,12,0.034,0.1141,-0.0801,-1.6026,3.851,group,88221,78851
direct_vs_group_psychosomatic,OÄ,3,9,12,0.034,0.1141,-0.0801,-1.6026,3.851,group,88221,78851
direct_vs_group_psychosomatic,auffällig,3,9,12,0.034,0.1141,-0.0801,-1.6026,3.851,group,88221,78851
direct_vs_group_psychosomatic,kommuniziert,3,9,12,0.034,0.1141,-0.0801,-1.6026,3.851,group,88221,78851
direct_vs_group_psychosomatic,thematisiert,3,9,12,0.034,0.1141,-0.0801,-1.6026,3.851,group,88221,78851
direct_vs_group_psychosomatic,zuhause,3,9,12,0.034,0.1141,-0.0801,-1.6026,3.851,group,88221,78851
direct_vs_group_psychosomatic,+/,3,0,3,0.034,0.0,0.034,2.6454,3.8315,direct,88221,78851
direct_vs_group_psychosomatic,011,3,0,3,0.034,0.0,0.034,2.6454,3.8315,direct,88221,78851
direct_vs_group_psychosomatic,10Uhr,3,0,3,0.034,0.0,0.034,2.6454,3.8315,direct,88221,78851
direct_vs_group_psychosomatic,200g,3,0,3,0.034,0.0,0.034,2.6454,3.8315,direct,88221,78851
direct_vs_group_psychosomatic,35,3,0,3,0.034,0.0,0.034,2.6454,3.8315,direct,88221,78851
direct_vs_group_psychosomatic,56,3,0,3,0.034,0.0,0.034,2.6454,3.8315,direct,88221,78851
direct_vs_group_psychosomatic,80ml/h,3,0,3,0.034,0.0,0.034,2.6454,3.8315,direct,88221,78851
direct_vs_group_psychosomatic,9Uhr,3,0,3,0.034,0.0,0.034,2.6454,3.8315,direct,88221,78851
direct_vs_group_psychosomatic,Abhängigkeitspotential,3,0,3,0.034,0.0,0.034,2.6454,3.8315,direct,88221,78851
direct_vs_group_psychosomatic,Abitur,3,0,3,0.034,0.0,0.034,2.6454,3.8315,direct,88221,78851
direct_vs_group_psychosomatic,Alkohol,3,0,3,0.034,0.0,0.034,2.6454,3.8315,direct,88221,78851
direct_vs_group_psychosomatic,Alternativ,3,0,3,0.034,0.0,0.034,2.6454,3.8315,direct,88221,78851
direct_vs_group_psychosomatic,Amt,3,0,3,0.034,0.0,0.034,2.6454,3.8315,direct,88221,78851
direct_vs_group_psychosomatic,Angeboten,3,0,3,0.034,0.0,0.034,2.6454,3.8315,direct,88221,78851
direct_vs_group_psychosomatic,Anordnungen,3,0,3,0.034,0.0,0.034,2.6454,3.8315,direct,88221,78851
direct_vs_group_psychosomatic,Ansage,3,0,3,0.034,0.0,0.034,2.6454,3.8315,direct,88221,78851
direct_vs_group_psychosomatic,Aufnahmetag,3,0,3,0.034,0.0,0.034,2.6454,3.8315,direct,88221,78851
direct_vs_group_psychosomatic,Autismus,3,0,3,0.034,0.0,0.034,2.6454,3.8315,direct,88221,78851
direct_vs_group_psychosomatic,Basisdiagnostik,3,0,3,0.034,0.0,0.034,2.6454,3.8315,direct,88221,78851
direct_vs_group_psychosomatic,Beitrag,3,0,3,0.034,0.0,0.034,2.6454,3.8315,direct,88221,78851
direct_vs_group_psychosomatic,Belastungen,3,0,3,0.034,0.0,0.034,2.6454,3.8315,direct,88221,78851
direct_vs_group_psychosomatic,Benachrichtigung,3,0,3,0.034,0.0,0.034,2.6454,3.8315,direct,88221,78851
direct_vs_group_psychosomatic,Beweglichkeit,3,0,3,0.034,0.0,0.034,2.6454,3.8315,direct,88221,78851
direct_vs_group_psychosomatic,Co,3,0,3,0.034,0.0,0.034,2.6454,3.8315,direct,88221,78851
direct_vs_group_psychosomatic,Computerspiele,3,0,3,0.034,0.0,0.034,2.6454,3.8315,direct,88221,78851
direct_vs_group_psychosomatic,Denkst,3,0,3,0.034,0.0,0.034,2.6454,3.8315,direct,88221,78851
direct_vs_group_psychosomatic,Dienstnummer,3,0,3,0.034,0.0,0.034,2.6454,3.8315,direct,88221,78851
direct_vs_group_psychosomatic,Dieses,3,0,3,0.034,0.0,0.034,2.6454,3.8315,direct,88221,78851
direct_vs_group_psychosomatic,Differentialdiagnostik,3,0,3,0.034,0.0,0.034,2.6454,3.8315,direct,88221,78851
direct_vs_group_psychosomatic,Doppeltherapie,3,0,3,0.034,0.0,0.034,2.6454,3.8315,direct,88221,78851
direct_vs_group_psychosomatic,Drogen,3,0,3,0.034,0.0,0.034,2.6454,3.8315,direct,88221,78851
direct_vs_group_psychosomatic,Einverstanden,3,0,3,0.034,0.0,0.034,2.6454,3.8315,direct,88221,78851
direct_vs_group_psychosomatic,Einverständniserklärungen,3,0,3,0.034,0.0,0.034,2.6454,3.8315,direct,88221,78851
direct_vs_group_psychosomatic,Eis,3,0,3,0.034,0.0,0.034,2.6454,3.8315,direct,88221,78851
direct_vs_group_psychosomatic,Emailadresse,3,0,3,0.034,0.0,0.034,2.6454,3.8315,direct,88221,78851
direct_vs_group_psychosomatic,Ex,3,0,3,0.034,0.0,0.034,2.6454,3.8315,direct,88221,78851
direct_vs_group_psychosomatic,Formatierung,3,0,3,0.034,0.0,0.034,2.6454,3.8315,direct,88221,78851
direct_vs_group_psychosomatic,Frühbesprechung,3,0,3,0.034,0.0,0.034,2.6454,3.8315,direct,88221,78851
direct_vs_group_psychosomatic,Gastro/Kolo,3,0,3,0.034,0.0,0.034,2.6454,3.8315,direct,88221,78851
direct_vs_group_psychosomatic,Genetik,3,0,3,0.034,0.0,0.034,2.6454,3.8315,direct,88221,78851
direct_vs_group_psychosomatic,Geschwistern,3,0,3,0.034,0.0,0.034,2.6454,3.8315,direct,88221,78851
direct_vs_group_psychosomatic,Gruppendiskussion,3,0,3,0.034,0.0,0.034,2.6454,3.8315,direct,88221,78851
direct_vs_group_psychosomatic,Hatten,3,0,3,0.034,0.0,0.034,2.6454,3.8315,direct,88221,78851
direct_vs_group_psychosomatic,Heyy,3,0,3,0.034,0.0,0.034,2.6454,3.8315,direct,88221,78851
direct_vs_group_psychosomatic,Hypercholesterinämie,3,0,3,0.034,0.0,0.034,2.6454,3.8315,direct,88221,78851
direct_vs_group_psychosomatic,ICh,3,0,3,0.034,0.0,0.034,2.6454,3.8315,direct,88221,78851
direct_vs_group_psychosomatic,Interventionen,3,0,3,0.034,0.0,0.034,2.6454,3.8315,direct,88221,78851
direct_vs_group_psychosomatic,Kalorienbedarf,3,0,3,0.034,0.0,0.034,2.6454,3.8315,direct,88221,78851
direct_vs_group_psychosomatic,Kennst,3,0,3,0.034,0.0,0.034,2.6454,3.8315,direct,88221,78851
direct_vs_group_psychosomatic,Komisch,3,0,3,0.034,0.0,0.034,2.6454,3.8315,direct,88221,78851
direct_vs_group_psychosomatic,Kontaktperson,3,0,3,0.034,0.0,0.034,2.6454,3.8315,direct,88221,78851
direct_vs_group_psychosomatic,Kostabsprache,3,0,3,0.034,0.0,0.034,2.6454,3.8315,direct,88221,78851
direct_vs_group_psychosomatic,Kränkung,3,0,3,0.034,0.0,0.034,2.6454,3.8315,direct,88221,78851
direct_vs_group_psychosomatic,Küche,3,0,3,0.034,0.0,0.034,2.6454,3.8315,direct,88221,78851
direct_vs_group_psychosomatic,LJ,3,0,3,0.034,0.0,0.034,2.6454,3.8315,direct,88221,78851
direct_vs_group_psychosomatic,Laufen,3,0,3,0.034,0.0,0.034,2.6454,3.8315,direct,88221,78851
direct_vs_group_psychosomatic,Lebensgefahr,3,0,3,0.034,0.0,0.034,2.6454,3.8315,direct,88221,78851
direct_vs_group_psychosomatic,Lebt,3,0,3,0.034,0.0,0.034,2.6454,3.8315,direct,88221,78851
direct_vs_group_psychosomatic,Leerstelle,3,0,3,0.034,0.0,0.034,2.6454,3.8315,direct,88221,78851
direct_vs_group_psychosomatic,MDA,3,0,3,0.034,0.0,0.034,2.6454,3.8315,direct,88221,78851
direct_vs_group_psychosomatic,MVZ,3,0,3,0.034,0.0,0.034,2.6454,3.8315,direct,88221,78851
direct_vs_group_psychosomatic,Magst,3,0,3,0.034,0.0,0.034,2.6454,3.8315,direct,88221,78851
direct_vs_group_psychosomatic,Mails,3,0,3,0.034,0.0,0.034,2.6454,3.8315,direct,88221,78851
direct_vs_group_psychosomatic,Meeting,3,0,3,0.034,0.0,0.034,2.6454,3.8315,direct,88221,78851
direct_vs_group_psychosomatic,Menge,3,0,3,0.034,0.0,0.034,2.6454,3.8315,direct,88221,78851
direct_vs_group_psychosomatic,Minute,3,0,3,0.034,0.0,0.034,2.6454,3.8315,direct,88221,78851
direct_vs_group_psychosomatic,Montags,3,0,3,0.034,0.0,0.034,2.6454,3.8315,direct,88221,78851
direct_vs_group_psychosomatic,Naja,3,0,3,0.034,0.0,0.034,2.6454,3.8315,direct,88221,78851
direct_vs_group_psychosomatic,Nimmst,3,0,3,0.034,0.0,0.034,2.6454,3.8315,direct,88221,78851
direct_vs_group_psychosomatic,Oberarzt,3,0,3,0.034,0.0,0.034,2.6454,3.8315,direct,88221,78851
direct_vs_group_psychosomatic,Panini,3,0,3,0.034,0.0,0.034,2.6454,3.8315,direct,88221,78851
direct_vs_group_psychosomatic,Pflegeperson,3,0,3,0.034,0.0,0.034,2.6454,3.8315,direct,88221,78851
direct_vs_group_psychosomatic,Prob,3,0,3,0.034,0.0,0.034,2.6454,3.8315,direct,88221,78851
direct_vs_group_psychosomatic,Programm,3,0,3,0.034,0.0,0.034,2.6454,3.8315,direct,88221,78851
direct_vs_group_psychosomatic,Psychotherapeutin,3,0,3,0.034,0.0,0.034,2.6454,3.8315,direct,88221,78851
direct_vs_group_psychosomatic,Reicht,3,0,3,0.034,0.0,0.034,2.6454,3.8315,direct,88221,78851
direct_vs_group_psychosomatic,Resonium,3,0,3,0.034,0.0,0.034,2.6454,3.8315,direct,88221,78851
direct_vs_group_psychosomatic,Rettungsstelle,3,0,3,0.034,0.0,0.034,2.6454,3.8315,direct,88221,78851
direct_vs_group_psychosomatic,Rotation,3,0,3,0.034,0.0,0.034,2.6454,3.8315,direct,88221,78851
direct_vs_group_psychosomatic,Rutsch,3,0,3,0.034,0.0,0.034,2.6454,3.8315,direct,88221,78851
direct_vs_group_psychosomatic,Salzzufuhr,3,0,3,0.034,0.0,0.034,2.6454,3.8315,direct,88221,78851
direct_vs_group_psychosomatic,Samedi,3,0,3,0.034,0.0,0.034,2.6454,3.8315,direct,88221,78851
direct_vs_group_psychosomatic,Schaue,3,0,3,0.034,0.0,0.034,2.6454,3.8315,direct,88221,78851
direct_vs_group_psychosomatic,Schlüssel,3,0,3,0.034,0.0,0.034,2.6454,3.8315,direct,88221,78851
direct_vs_group_psychosomatic,Schreiben,3,0,3,0.034,0.0,0.034,2.6454,3.8315,direct,88221,78851
direct_vs_group_psychosomatic,Schwerpunkt,3,0,3,0.034,0.0,0.034,2.6454,3.8315,direct,88221,78851
direct_vs_group_psychosomatic,Sinustachykardie,3,0,3,0.034,0.0,0.034,2.6454,3.8315,direct,88221,78851
direct_vs_group_psychosomatic,Slot,3,0,3,0.034,0.0,0.034,2.6454,3.8315,direct,88221,78851
direct_vs_group_psychosomatic,Sondenerhöhung,3,0,3,0.034,0.0,0.034,2.6454,3.8315,direct,88221,78851
direct_vs_group_psychosomatic,Sonne,3,0,3,0.034,0.0,0.034,2.6454,3.8315,direct,88221,78851
direct_vs_group_psychosomatic,Springer,3,0,3,0.034,0.0,0.034,2.6454,3.8315,direct,88221,78851
direct_vs_group_psychosomatic,Stationsarzt,3,0,3,0.034,0.0,0.034,2.6454,3.8315,direct,88221,78851
direct_vs_group_psychosomatic,Stillstand,3,0,3,0.034,0.0,0.034,2.6454,3.8315,direct,88221,78851
direct_vs_group_psychosomatic,Studien,3,0,3,0.034,0.0,0.034,2.6454,3.8315,direct,88221,78851
direct_vs_group_psychosomatic,Studienergebnisse,3,0,3,0.034,0.0,0.034,2.6454,3.8315,direct,88221,78851
direct_vs_group_psychosomatic,Substanz,3,0,3,0.034,0.0,0.034,2.6454,3.8315,direct,88221,78851
direct_vs_group_psychosomatic,TV,3,0,3,0.034,0.0,0.034,2.6454,3.8315,direct,88221,78851
direct_vs_group_psychosomatic,Tagesstruktur,3,0,3,0.034,0.0,0.034,2.6454,3.8315,direct,88221,78851
direct_vs_group_psychosomatic,Telefonnr,3,0,3,0.034,0.0,0.034,2.6454,3.8315,direct,88221,78851
direct_vs_group_psychosomatic,Therapieplan,3,0,3,0.034,0.0,0.034,2.6454,3.8315,direct,88221,78851
direct_vs_group_psychosomatic,Tianeptin,3,0,3,0.034,0.0,0.034,2.6454,3.8315,direct,88221,78851
direct_vs_group_psychosomatic,Tip,3,0,3,0.034,0.0,0.034,2.6454,3.8315,direct,88221,78851
direct_vs_group_psychosomatic,Umfang,3,0,3,0.034,0.0,0.034,2.6454,3.8315,direct,88221,78851
direct_vs_group_psychosomatic,Umschulung,3,0,3,0.034,0.0,0.034,2.6454,3.8315,direct,88221,78851
direct_vs_group_psychosomatic,Unterbringung,3,0,3,0.034,0.0,0.034,2.6454,3.8315,direct,88221,78851
direct_vs_group_psychosomatic,WAI,3,0,3,0.034,0.0,0.034,2.6454,3.8315,direct,88221,78851
direct_vs_group_psychosomatic,Wahnhaft,3,0,3,0.034,0.0,0.034,2.6454,3.8315,direct,88221,78851
direct_vs_group_psychosomatic,Wahrscheinlich,3,0,3,0.034,0.0,0.034,2.6454,3.8315,direct,88221,78851
direct_vs_group_psychosomatic,Wasserlassen,3,0,3,0.034,0.0,0.034,2.6454,3.8315,direct,88221,78851
direct_vs_group_psychosomatic,Weihnachtsbaum,3,0,3,0.034,0.0,0.034,2.6454,3.8315,direct,88221,78851
direct_vs_group_psychosomatic,Willst,3,0,3,0.034,0.0,0.034,2.6454,3.8315,direct,88221,78851
direct_vs_group_psychosomatic,Yoga,3,0,3,0.034,0.0,0.034,2.6454,3.8315,direct,88221,78851
direct_vs_group_psychosomatic,Zeiten,3,0,3,0.034,0.0,0.034,2.6454,3.8315,direct,88221,78851
direct_vs_group_psychosomatic,Zug,3,0,3,0.034,0.0,0.034,2.6454,3.8315,direct,88221,78851
direct_vs_group_psychosomatic,^^,3,0,3,0.034,0.0,0.034,2.6454,3.8315,direct,88221,78851
direct_vs_group_psychosomatic,abgelegt,3,0,3,0.034,0.0,0.034,2.6454,3.8315,direct,88221,78851
direct_vs_group_psychosomatic,abstimmen,3,0,3,0.034,0.0,0.034,2.6454,3.8315,direct,88221,78851
direct_vs_group_psychosomatic,abwertend,3,0,3,0.034,0.0,0.034,2.6454,3.8315,direct,88221,78851
direct_vs_group_psychosomatic,ach,3,0,3,0.034,0.0,0.034,2.6454,3.8315,direct,88221,78851
direct_vs_group_psychosomatic,allzu,3,0,3,0.034,0.0,0.034,2.6454,3.8315,direct,88221,78851
direct_vs_group_psychosomatic,angeben,3,0,3,0.034,0.0,0.034,2.6454,3.8315,direct,88221,78851
direct_vs_group_psychosomatic,angedeutet,3,0,3,0.034,0.0,0.034,2.6454,3.8315,direct,88221,78851
direct_vs_group_psychosomatic,anhand,3,0,3,0.034,0.0,0.034,2.6454,3.8315,direct,88221,78851
direct_vs_group_psychosomatic,anzumelden,3,0,3,0.034,0.0,0.034,2.6454,3.8315,direct,88221,78851
direct_vs_group_psychosomatic,anzutreffen,3,0,3,0.034,0.0,0.034,2.6454,3.8315,direct,88221,78851
direct_vs_group_psychosomatic,arme,3,0,3,0.034,0.0,0.034,2.6454,3.8315,direct,88221,78851
direct_vs_group_psychosomatic,aufgezählten,3,0,3,0.034,0.0,0.034,2.6454,3.8315,direct,88221,78851
direct_vs_group_psychosomatic,aufhören,3,0,3,0.034,0.0,0.034,2.6454,3.8315,direct,88221,78851
direct_vs_group_psychosomatic,aufklären,3,0,3,0.034,0.0,0.034,2.6454,3.8315,direct,88221,78851
direct_vs_group_psychosomatic,aufmachen,3,0,3,0.034,0.0,0.034,2.6454,3.8315,direct,88221,78851
direct_vs_group_psychosomatic,aufs,3,0,3,0.034,0.0,0.034,2.6454,3.8315,direct,88221,78851
direct_vs_group_psychosomatic,ausfüllen,3,0,3,0.034,0.0,0.034,2.6454,3.8315,direct,88221,78851
direct_vs_group_psychosomatic,ausgeprägter,3,0,3,0.034,0.0,0.034,2.6454,3.8315,direct,88221,78851
direct_vs_group_psychosomatic,ausstellen,3,0,3,0.034,0.0,0.034,2.6454,3.8315,direct,88221,78851
direct_vs_group_psychosomatic,bekommst,3,0,3,0.034,0.0,0.034,2.6454,3.8315,direct,88221,78851
direct_vs_group_psychosomatic,belegt,3,0,3,0.034,0.0,0.034,2.6454,3.8315,direct,88221,78851
direct_vs_group_psychosomatic,berichte,3,0,3,0.034,0.0,0.034,2.6454,3.8315,direct,88221,78851
direct_vs_group_psychosomatic,betreuen,3,0,3,0.034,0.0,0.034,2.6454,3.8315,direct,88221,78851
direct_vs_group_psychosomatic,blick,3,0,3,0.034,0.0,0.034,2.6454,3.8315,direct,88221,78851
direct_vs_group_psychosomatic,bräuchten,3,0,3,0.034,0.0,0.034,2.6454,3.8315,direct,88221,78851
direct_vs_group_psychosomatic,böse,3,0,3,0.034,0.0,0.034,2.6454,3.8315,direct,88221,78851
direct_vs_group_psychosomatic,checke,3,0,3,0.034,0.0,0.034,2.6454,3.8315,direct,88221,78851
direct_vs_group_psychosomatic,dazwischen,3,0,3,0.034,0.0,0.034,2.6454,3.8315,direct,88221,78851
direct_vs_group_psychosomatic,derzeitige,3,0,3,0.034,0.0,0.034,2.6454,3.8315,direct,88221,78851
direct_vs_group_psychosomatic,digital,3,0,3,0.034,0.0,0.034,2.6454,3.8315,direct,88221,78851
direct_vs_group_psychosomatic,dünn,3,0,3,0.034,0.0,0.034,2.6454,3.8315,direct,88221,78851
direct_vs_group_psychosomatic,eCRF,3,0,3,0.034,0.0,0.034,2.6454,3.8315,direct,88221,78851
direct_vs_group_psychosomatic,einnehmend/implizit,3,0,3,0.034,0.0,0.034,2.6454,3.8315,direct,88221,78851
direct_vs_group_psychosomatic,einnimmt,3,0,3,0.034,0.0,0.034,2.6454,3.8315,direct,88221,78851
direct_vs_group_psychosomatic,einscannt,3,0,3,0.034,0.0,0.034,2.6454,3.8315,direct,88221,78851
direct_vs_group_psychosomatic,einzuladen,3,0,3,0.034,0.0,0.034,2.6454,3.8315,direct,88221,78851
direct_vs_group_psychosomatic,entdeckt,3,0,3,0.034,0.0,0.034,2.6454,3.8315,direct,88221,78851
direct_vs_group_psychosomatic,entlang,3,0,3,0.034,0.0,0.034,2.6454,3.8315,direct,88221,78851
direct_vs_group_psychosomatic,entspannt,3,0,3,0.034,0.0,0.034,2.6454,3.8315,direct,88221,78851
direct_vs_group_psychosomatic,ergab,3,0,3,0.034,0.0,0.034,2.6454,3.8315,direct,88221,78851
direct_vs_group_psychosomatic,ergänze,3,0,3,0.034,0.0,0.034,2.6454,3.8315,direct,88221,78851
direct_vs_group_psychosomatic,euren,3,0,3,0.034,0.0,0.034,2.6454,3.8315,direct,88221,78851
direct_vs_group_psychosomatic,familiäre,3,0,3,0.034,0.0,0.034,2.6454,3.8315,direct,88221,78851
direct_vs_group_psychosomatic,festzustellen,3,0,3,0.034,0.0,0.034,2.6454,3.8315,direct,88221,78851
direct_vs_group_psychosomatic,freies,3,0,3,0.034,0.0,0.034,2.6454,3.8315,direct,88221,78851
direct_vs_group_psychosomatic,führten,3,0,3,0.034,0.0,0.034,2.6454,3.8315,direct,88221,78851
direct_vs_group_psychosomatic,geh,3,0,3,0.034,0.0,0.034,2.6454,3.8315,direct,88221,78851
direct_vs_group_psychosomatic,gemeinsames,3,0,3,0.034,0.0,0.034,2.6454,3.8315,direct,88221,78851
direct_vs_group_psychosomatic,gemeint,3,0,3,0.034,0.0,0.034,2.6454,3.8315,direct,88221,78851
direct_vs_group_psychosomatic,gering,3,0,3,0.034,0.0,0.034,2.6454,3.8315,direct,88221,78851
direct_vs_group_psychosomatic,gescheckt,3,0,3,0.034,0.0,0.034,2.6454,3.8315,direct,88221,78851
direct_vs_group_psychosomatic,gescreent,3,0,3,0.034,0.0,0.034,2.6454,3.8315,direct,88221,78851
direct_vs_group_psychosomatic,gesteigerte,3,0,3,0.034,0.0,0.034,2.6454,3.8315,direct,88221,78851
direct_vs_group_psychosomatic,gewichtsziel,3,0,3,0.034,0.0,0.034,2.6454,3.8315,direct,88221,78851
direct_vs_group_psychosomatic,gewichtszunahme,3,0,3,0.034,0.0,0.034,2.6454,3.8315,direct,88221,78851
direct_vs_group_psychosomatic,gewöhnlich,3,0,3,0.034,0.0,0.034,2.6454,3.8315,direct,88221,78851
direct_vs_group_psychosomatic,gib,3,0,3,0.034,0.0,0.034,2.6454,3.8315,direct,88221,78851
direct_vs_group_psychosomatic,grenzwertig,3,0,3,0.034,0.0,0.034,2.6454,3.8315,direct,88221,78851
direct_vs_group_psychosomatic,grenzwertige,3,0,3,0.034,0.0,0.034,2.6454,3.8315,direct,88221,78851
direct_vs_group_psychosomatic,grün,3,0,3,0.034,0.0,0.034,2.6454,3.8315,direct,88221,78851
direct_vs_group_psychosomatic,handhaben,3,0,3,0.034,0.0,0.034,2.6454,3.8315,direct,88221,78851
direct_vs_group_psychosomatic,hello,3,0,3,0.034,0.0,0.034,2.6454,3.8315,direct,88221,78851
direct_vs_group_psychosomatic,hingenommen,3,0,3,0.034,0.0,0.034,2.6454,3.8315,direct,88221,78851
direct_vs_group_psychosomatic,hinsetzen,3,0,3,0.034,0.0,0.034,2.6454,3.8315,direct,88221,78851
direct_vs_group_psychosomatic,hinterher,3,0,3,0.034,0.0,0.034,2.6454,3.8315,direct,88221,78851
direct_vs_group_psychosomatic,hole,3,0,3,0.034,0.0,0.034,2.6454,3.8315,direct,88221,78851
direct_vs_group_psychosomatic,höheren,3,0,3,0.034,0.0,0.034,2.6454,3.8315,direct,88221,78851
direct_vs_group_psychosomatic,höre,3,0,3,0.034,0.0,0.034,2.6454,3.8315,direct,88221,78851
direct_vs_group_psychosomatic,idealerweise,3,0,3,0.034,0.0,0.034,2.6454,3.8315,direct,88221,78851
direct_vs_group_psychosomatic,intern,3,0,3,0.034,0.0,0.034,2.6454,3.8315,direct,88221,78851
direct_vs_group_psychosomatic,jegliche,3,0,3,0.034,0.0,0.034,2.6454,3.8315,direct,88221,78851
direct_vs_group_psychosomatic,komplex,3,0,3,0.034,0.0,0.034,2.6454,3.8315,direct,88221,78851
direct_vs_group_psychosomatic,kriegen,3,0,3,0.034,0.0,0.034,2.6454,3.8315,direct,88221,78851
direct_vs_group_psychosomatic,label,3,0,3,0.034,0.0,0.034,2.6454,3.8315,direct,88221,78851
direct_vs_group_psychosomatic,leite,3,0,3,0.034,0.0,0.034,2.6454,3.8315,direct,88221,78851
direct_vs_group_psychosomatic,losgehen,3,0,3,0.034,0.0,0.034,2.6454,3.8315,direct,88221,78851
direct_vs_group_psychosomatic,läufts,3,0,3,0.034,0.0,0.034,2.6454,3.8315,direct,88221,78851
direct_vs_group_psychosomatic,meintest,3,0,3,0.034,0.0,0.034,2.6454,3.8315,direct,88221,78851
direct_vs_group_psychosomatic,mitnehmen,3,0,3,0.034,0.0,0.034,2.6454,3.8315,direct,88221,78851
direct_vs_group_psychosomatic,mittlerweile,3,0,3,0.034,0.0,0.034,2.6454,3.8315,direct,88221,78851
direct_vs_group_psychosomatic,neuaufnahme,3,0,3,0.034,0.0,0.034,2.6454,3.8315,direct,88221,78851
direct_vs_group_psychosomatic,plus,3,0,3,0.034,0.0,0.034,2.6454,3.8315,direct,88221,78851
direct_vs_group_psychosomatic,registriert,3,0,3,0.034,0.0,0.034,2.6454,3.8315,direct,88221,78851
direct_vs_group_psychosomatic,reingeschrieben,3,0,3,0.034,0.0,0.034,2.6454,3.8315,direct,88221,78851
direct_vs_group_psychosomatic,reinschreiben,3,0,3,0.034,0.0,0.034,2.6454,3.8315,direct,88221,78851
direct_vs_group_psychosomatic,richtigen,3,0,3,0.034,0.0,0.034,2.6454,3.8315,direct,88221,78851
direct_vs_group_psychosomatic,roll_eyes,3,0,3,0.034,0.0,0.034,2.6454,3.8315,direct,88221,78851
direct_vs_group_psychosomatic,scanne,3,0,3,0.034,0.0,0.034,2.6454,3.8315,direct,88221,78851
direct_vs_group_psychosomatic,scheinbar,3,0,3,0.034,0.0,0.034,2.6454,3.8315,direct,88221,78851
direct_vs_group_psychosomatic,see_no_evil,3,0,3,0.034,0.0,0.034,2.6454,3.8315,direct,88221,78851
direct_vs_group_psychosomatic,seid,3,0,3,0.034,0.0,0.034,2.6454,3.8315,direct,88221,78851
direct_vs_group_psychosomatic,sinn,3,0,3,0.034,0.0,0.034,2.6454,3.8315,direct,88221,78851
direct_vs_group_psychosomatic,somatoform,3,0,3,0.034,0.0,0.034,2.6454,3.8315,direct,88221,78851
direct_vs_group_psychosomatic,somatoforme,3,0,3,0.034,0.0,0.034,2.6454,3.8315,direct,88221,78851
direct_vs_group_psychosomatic,stunden,3,0,3,0.034,0.0,0.034,2.6454,3.8315,direct,88221,78851
direct_vs_group_psychosomatic,teilweisen,3,0,3,0.034,0.0,0.034,2.6454,3.8315,direct,88221,78851
direct_vs_group_psychosomatic,theoretisch,3,0,3,0.034,0.0,0.034,2.6454,3.8315,direct,88221,78851
direct_vs_group_psychosomatic,thinking_face,3,0,3,0.034,0.0,0.034,2.6454,3.8315,direct,88221,78851
direct_vs_group_psychosomatic,unamused,3,0,3,0.034,0.0,0.034,2.6454,3.8315,direct,88221,78851
direct_vs_group_psychosomatic,unterschreibe,3,0,3,0.034,0.0,0.034,2.6454,3.8315,direct,88221,78851
direct_vs_group_psychosomatic,vereinbarten,3,0,3,0.034,0.0,0.034,2.6454,3.8315,direct,88221,78851
direct_vs_group_psychosomatic,verheiratet,3,0,3,0.034,0.0,0.034,2.6454,3.8315,direct,88221,78851
direct_vs_group_psychosomatic,vermerkt,3,0,3,0.034,0.0,0.034,2.6454,3.8315,direct,88221,78851
direct_vs_group_psychosomatic,verplant,3,0,3,0.034,0.0,0.034,2.6454,3.8315,direct,88221,78851
direct_vs_group_psychosomatic,vieler,3,0,3,0.034,0.0,0.034,2.6454,3.8315,direct,88221,78851
direct_vs_group_psychosomatic,weisen,3,0,3,0.034,0.0,0.034,2.6454,3.8315,direct,88221,78851
direct_vs_group_psychosomatic,weiss,3,0,3,0.034,0.0,0.034,2.6454,3.8315,direct,88221,78851
direct_vs_group_psychosomatic,woman_shrugging,3,0,3,0.034,0.0,0.034,2.6454,3.8315,direct,88221,78851
direct_vs_group_psychosomatic,zunimmt,3,0,3,0.034,0.0,0.034,2.6454,3.8315,direct,88221,78851
direct_vs_group_psychosomatic,zusammensetzen,3,0,3,0.034,0.0,0.034,2.6454,3.8315,direct,88221,78851
direct_vs_group_psychosomatic,zw,3,0,3,0.034,0.0,0.034,2.6454,3.8315,direct,88221,78851
direct_vs_group_psychosomatic,Übersicht,3,0,3,0.034,0.0,0.034,2.6454,3.8315,direct,88221,78851
direct_vs_group_psychosomatic,Übertragung,3,0,3,0.034,0.0,0.034,2.6454,3.8315,direct,88221,78851
direct_vs_group_psychosomatic,ändert,3,0,3,0.034,0.0,0.034,2.6454,3.8315,direct,88221,78851
direct_vs_group_psychosomatic,überlege,3,0,3,0.034,0.0,0.034,2.6454,3.8315,direct,88221,78851
direct_vs_group_psychosomatic,übersehen,3,0,3,0.034,0.0,0.034,2.6454,3.8315,direct,88221,78851
direct_vs_group_psychosomatic,dran,26,12,38,0.2947,0.1522,0.1425,0.9221,3.8291,direct,88221,78851
direct_vs_group_psychosomatic,Abstrich,5,12,17,0.0567,0.1522,-0.0955,-1.3464,3.8094,group,88221,78851
direct_vs_group_psychosomatic,Dosis,5,12,17,0.0567,0.1522,-0.0955,-1.3464,3.8094,group,88221,78851
direct_vs_group_psychosomatic,ausreichend,5,12,17,0.0567,0.1522,-0.0955,-1.3464,3.8094,group,88221,78851
direct_vs_group_psychosomatic,u,5,12,17,0.0567,0.1522,-0.0955,-1.3464,3.8094,group,88221,78851
direct_vs_group_psychosomatic,ins,35,18,53,0.3967,0.2283,0.1685,0.7783,3.8085,direct,88221,78851
direct_vs_group_psychosomatic,deshalb,29,14,43,0.3287,0.1776,0.1512,0.8627,3.7954,direct,88221,78851
direct_vs_group_psychosomatic,dem,289,217,506,3.2759,2.752,0.5238,0.2506,3.7895,direct,88221,78851
direct_vs_group_psychosomatic,des,87,103,190,0.9862,1.3063,-0.3201,-0.4043,3.7441,group,88221,78851
direct_vs_group_psychosomatic,Ausschluss,8,16,24,0.0907,0.2029,-0.1122,-1.1189,3.6923,group,88221,78851
direct_vs_group_psychosomatic,wurden,8,16,24,0.0907,0.2029,-0.1122,-1.1189,3.6923,group,88221,78851
direct_vs_group_psychosomatic,findet,16,26,42,0.1814,0.3297,-0.1484,-0.8455,3.6591,group,88221,78851
direct_vs_group_psychosomatic,nachfragen,12,21,33,0.136,0.2663,-0.1303,-0.9444,3.6004,group,88221,78851
direct_vs_group_psychosomatic,telefonieren,24,11,35,0.272,0.1395,0.1325,0.9292,3.5968,direct,88221,78851
direct_vs_group_psychosomatic,Beruf,27,13,40,0.306,0.1649,0.1412,0.8645,3.5593,direct,88221,78851
direct_vs_group_psychosomatic,19,2,7,9,0.0227,0.0888,-0.0661,-1.747,3.5317,group,88221,78851
direct_vs_group_psychosomatic,Abschluss,2,7,9,0.0227,0.0888,-0.0661,-1.747,3.5317,group,88221,78851
direct_vs_group_psychosomatic,Aktivitäten,2,7,9,0.0227,0.0888,-0.0661,-1.747,3.5317,group,88221,78851
direct_vs_group_psychosomatic,Diabetes,2,7,9,0.0227,0.0888,-0.0661,-1.747,3.5317,group,88221,78851
direct_vs_group_psychosomatic,Einnahme,2,7,9,0.0227,0.0888,-0.0661,-1.747,3.5317,group,88221,78851
direct_vs_group_psychosomatic,HWI,2,7,9,0.0227,0.0888,-0.0661,-1.747,3.5317,group,88221,78851
direct_vs_group_psychosomatic,Keine,2,7,9,0.0227,0.0888,-0.0661,-1.747,3.5317,group,88221,78851
direct_vs_group_psychosomatic,Panikstörung,2,7,9,0.0227,0.0888,-0.0661,-1.747,3.5317,group,88221,78851
direct_vs_group_psychosomatic,Stück,2,7,9,0.0227,0.0888,-0.0661,-1.747,3.5317,group,88221,78851
direct_vs_group_psychosomatic,Tagesklinik,2,7,9,0.0227,0.0888,-0.0661,-1.747,3.5317,group,88221,78851
direct_vs_group_psychosomatic,Tipps,2,7,9,0.0227,0.0888,-0.0661,-1.747,3.5317,group,88221,78851
direct_vs_group_psychosomatic,Trauer,2,7,9,0.0227,0.0888,-0.0661,-1.747,3.5317,group,88221,78851
direct_vs_group_psychosomatic,Umfeld,2,7,9,0.0227,0.0888,-0.0661,-1.747,3.5317,group,88221,78851
direct_vs_group_psychosomatic,Verbesserung,2,7,9,0.0227,0.0888,-0.0661,-1.747,3.5317,group,88221,78851
direct_vs_group_psychosomatic,aushalten,2,7,9,0.0227,0.0888,-0.0661,-1.747,3.5317,group,88221,78851
direct_vs_group_psychosomatic,dessen,2,7,9,0.0227,0.0888,-0.0661,-1.747,3.5317,group,88221,78851
direct_vs_group_psychosomatic,erbricht,2,7,9,0.0227,0.0888,-0.0661,-1.747,3.5317,group,88221,78851
direct_vs_group_psychosomatic,erschienen,2,7,9,0.0227,0.0888,-0.0661,-1.747,3.5317,group,88221,78851
direct_vs_group_psychosomatic,gelegentlich,2,7,9,0.0227,0.0888,-0.0661,-1.747,3.5317,group,88221,78851
direct_vs_group_psychosomatic,relevanten,2,7,9,0.0227,0.0888,-0.0661,-1.747,3.5317,group,88221,78851
direct_vs_group_psychosomatic,umgehen,2,7,9,0.0227,0.0888,-0.0661,-1.747,3.5317,group,88221,78851
direct_vs_group_psychosomatic,unterstützen,2,7,9,0.0227,0.0888,-0.0661,-1.747,3.5317,group,88221,78851
direct_vs_group_psychosomatic,unzufrieden,2,7,9,0.0227,0.0888,-0.0661,-1.747,3.5317,group,88221,78851
direct_vs_group_psychosomatic,weiterer,2,7,9,0.0227,0.0888,-0.0661,-1.747,3.5317,group,88221,78851
direct_vs_group_psychosomatic,sind,130,90,220,1.4736,1.1414,0.3322,0.3661,3.515,direct,88221,78851
direct_vs_group_psychosomatic,brauchen,14,5,19,0.1587,0.0634,0.0953,1.2366,3.4882,direct,88221,78851
direct_vs_group_psychosomatic,klappt,14,5,19,0.1587,0.0634,0.0953,1.2366,3.4882,direct,88221,78851
direct_vs_group_psychosomatic,lesen,14,5,19,0.1587,0.0634,0.0953,1.2366,3.4882,direct,88221,78851
direct_vs_group_psychosomatic,Verlegung,6,13,19,0.068,0.1649,-0.0969,-1.2164,3.4866,group,88221,78851
direct_vs_group_psychosomatic,b,6,13,19,0.068,0.1649,-0.0969,-1.2164,3.4866,group,88221,78851
direct_vs_group_psychosomatic,min,6,13,19,0.068,0.1649,-0.0969,-1.2164,3.4866,group,88221,78851
direct_vs_group_psychosomatic,seinem,6,13,19,0.068,0.1649,-0.0969,-1.2164,3.4866,group,88221,78851
direct_vs_group_psychosomatic,stark,6,13,19,0.068,0.1649,-0.0969,-1.2164,3.4866,group,88221,78851
direct_vs_group_psychosomatic,Familie,9,17,26,0.102,0.2156,-0.1136,-1.0433,3.4821,group,88221,78851
direct_vs_group_psychosomatic,200ml,19,8,27,0.2154,0.1015,0.1139,1.0359,3.4644,direct,88221,78851
direct_vs_group_psychosomatic,Atorvastatin,19,8,27,0.2154,0.1015,0.1139,1.0359,3.4644,direct,88221,78851
direct_vs_group_psychosomatic,laufen,19,8,27,0.2154,0.1015,0.1139,1.0359,3.4644,direct,88221,78851
direct_vs_group_psychosomatic,15Uhr,6,1,7,0.068,0.0127,0.0553,1.9535,3.4231,direct,88221,78851
direct_vs_group_psychosomatic,300,6,1,7,0.068,0.0127,0.0553,1.9535,3.4231,direct,88221,78851
direct_vs_group_psychosomatic,Anhang,6,1,7,0.068,0.0127,0.0553,1.9535,3.4231,direct,88221,78851
direct_vs_group_psychosomatic,Berechtigung,6,1,7,0.068,0.0127,0.0553,1.9535,3.4231,direct,88221,78851
direct_vs_group_psychosomatic,Betreuung,6,1,7,0.068,0.0127,0.0553,1.9535,3.4231,direct,88221,78851
direct_vs_group_psychosomatic,Diese,6,1,7,0.068,0.0127,0.0553,1.9535,3.4231,direct,88221,78851
direct_vs_group_psychosomatic,Eigentlich,6,1,7,0.068,0.0127,0.0553,1.9535,3.4231,direct,88221,78851
direct_vs_group_psychosomatic,Essstörungen,6,1,7,0.068,0.0127,0.0553,1.9535,3.4231,direct,88221,78851
direct_vs_group_psychosomatic,Fragestellung,6,1,7,0.068,0.0127,0.0553,1.9535,3.4231,direct,88221,78851
direct_vs_group_psychosomatic,Hattest,6,1,7,0.068,0.0127,0.0553,1.9535,3.4231,direct,88221,78851
direct_vs_group_psychosomatic,Kontakte,6,1,7,0.068,0.0127,0.0553,1.9535,3.4231,direct,88221,78851
direct_vs_group_psychosomatic,LDL,6,1,7,0.068,0.0127,0.0553,1.9535,3.4231,direct,88221,78851
direct_vs_group_psychosomatic,Sache,6,1,7,0.068,0.0127,0.0553,1.9535,3.4231,direct,88221,78851
direct_vs_group_psychosomatic,Sorry,6,1,7,0.068,0.0127,0.0553,1.9535,3.4231,direct,88221,78851
direct_vs_group_psychosomatic,Tut,6,1,7,0.068,0.0127,0.0553,1.9535,3.4231,direct,88221,78851
direct_vs_group_psychosomatic,Verständnis,6,1,7,0.068,0.0127,0.0553,1.9535,3.4231,direct,88221,78851
direct_vs_group_psychosomatic,aufgewachsen,6,1,7,0.068,0.0127,0.0553,1.9535,3.4231,direct,88221,78851
direct_vs_group_psychosomatic,einladen,6,1,7,0.068,0.0127,0.0553,1.9535,3.4231,direct,88221,78851
direct_vs_group_psychosomatic,einzel,6,1,7,0.068,0.0127,0.0553,1.9535,3.4231,direct,88221,78851
direct_vs_group_psychosomatic,freitags,6,1,7,0.068,0.0127,0.0553,1.9535,3.4231,direct,88221,78851
direct_vs_group_psychosomatic,klingt,6,1,7,0.068,0.0127,0.0553,1.9535,3.4231,direct,88221,78851
direct_vs_group_psychosomatic,kurzfristig,6,1,7,0.068,0.0127,0.0553,1.9535,3.4231,direct,88221,78851
direct_vs_group_psychosomatic,mitbekommen,6,1,7,0.068,0.0127,0.0553,1.9535,3.4231,direct,88221,78851
direct_vs_group_psychosomatic,poststationär,6,1,7,0.068,0.0127,0.0553,1.9535,3.4231,direct,88221,78851
direct_vs_group_psychosomatic,prima,6,1,7,0.068,0.0127,0.0553,1.9535,3.4231,direct,88221,78851
direct_vs_group_psychosomatic,usw,6,1,7,0.068,0.0127,0.0553,1.9535,3.4231,direct,88221,78851
direct_vs_group_psychosomatic,x,6,1,7,0.068,0.0127,0.0553,1.9535,3.4231,direct,88221,78851
direct_vs_group_psychosomatic,zunehmen,6,1,7,0.068,0.0127,0.0553,1.9535,3.4231,direct,88221,78851
direct_vs_group_psychosomatic,andere,25,36,61,0.2834,0.4566,-0.1732,-0.6794,3.4218,group,88221,78851
direct_vs_group_psychosomatic,Falls,37,20,57,0.4194,0.2536,0.1658,0.7093,3.4189,direct,88221,78851
direct_vs_group_psychosomatic,Alkoholkonsum,1,5,6,0.0113,0.0634,-0.0521,-2.0365,3.3791,group,88221,78851
direct_vs_group_psychosomatic,Amitriptylin,1,5,6,0.0113,0.0634,-0.0521,-2.0365,3.3791,group,88221,78851
direct_vs_group_psychosomatic,Bewertung,1,5,6,0.0113,0.0634,-0.0521,-2.0365,3.3791,group,88221,78851
direct_vs_group_psychosomatic,Bildern,1,5,6,0.0113,0.0634,-0.0521,-2.0365,3.3791,group,88221,78851
direct_vs_group_psychosomatic,Collage,1,5,6,0.0113,0.0634,-0.0521,-2.0365,3.3791,group,88221,78851
direct_vs_group_psychosomatic,Eindosierung,1,5,6,0.0113,0.0634,-0.0521,-2.0365,3.3791,group,88221,78851
direct_vs_group_psychosomatic,Einsamkeit,1,5,6,0.0113,0.0634,-0.0521,-2.0365,3.3791,group,88221,78851
direct_vs_group_psychosomatic,Entspannungsübung,1,5,6,0.0113,0.0634,-0.0521,-2.0365,3.3791,group,88221,78851
direct_vs_group_psychosomatic,Falle,1,5,6,0.0113,0.0634,-0.0521,-2.0365,3.3791,group,88221,78851
direct_vs_group_psychosomatic,Feiertage,1,5,6,0.0113,0.0634,-0.0521,-2.0365,3.3791,group,88221,78851
direct_vs_group_psychosomatic,KG,1,5,6,0.0113,0.0634,-0.0521,-2.0365,3.3791,group,88221,78851
direct_vs_group_psychosomatic,Möglichkeiten,1,5,6,0.0113,0.0634,-0.0521,-2.0365,3.3791,group,88221,78851
direct_vs_group_psychosomatic,Option,1,5,6,0.0113,0.0634,-0.0521,-2.0365,3.3791,group,88221,78851
direct_vs_group_psychosomatic,PMR,1,5,6,0.0113,0.0634,-0.0521,-2.0365,3.3791,group,88221,78851
direct_vs_group_psychosomatic,Panik,1,5,6,0.0113,0.0634,-0.0521,-2.0365,3.3791,group,88221,78851
direct_vs_group_psychosomatic,Pieper,1,5,6,0.0113,0.0634,-0.0521,-2.0365,3.3791,group,88221,78851
direct_vs_group_psychosomatic,Prozedere,1,5,6,0.0113,0.0634,-0.0521,-2.0365,3.3791,group,88221,78851
direct_vs_group_psychosomatic,Prozesse,1,5,6,0.0113,0.0634,-0.0521,-2.0365,3.3791,group,88221,78851
direct_vs_group_psychosomatic,Schmerzpatient,1,5,6,0.0113,0.0634,-0.0521,-2.0365,3.3791,group,88221,78851
direct_vs_group_psychosomatic,Strategie,1,5,6,0.0113,0.0634,-0.0521,-2.0365,3.3791,group,88221,78851
direct_vs_group_psychosomatic,Sz,1,5,6,0.0113,0.0634,-0.0521,-2.0365,3.3791,group,88221,78851
direct_vs_group_psychosomatic,WG,1,5,6,0.0113,0.0634,-0.0521,-2.0365,3.3791,group,88221,78851
direct_vs_group_psychosomatic,Wissen,1,5,6,0.0113,0.0634,-0.0521,-2.0365,3.3791,group,88221,78851
direct_vs_group_psychosomatic,Zusammenfassung,1,5,6,0.0113,0.0634,-0.0521,-2.0365,3.3791,group,88221,78851
direct_vs_group_psychosomatic,dissoziative,1,5,6,0.0113,0.0634,-0.0521,-2.0365,3.3791,group,88221,78851
direct_vs_group_psychosomatic,einhalten,1,5,6,0.0113,0.0634,-0.0521,-2.0365,3.3791,group,88221,78851
direct_vs_group_psychosomatic,empfunden,1,5,6,0.0113,0.0634,-0.0521,-2.0365,3.3791,group,88221,78851
direct_vs_group_psychosomatic,fraglich,1,5,6,0.0113,0.0634,-0.0521,-2.0365,3.3791,group,88221,78851
direct_vs_group_psychosomatic,gefallen,1,5,6,0.0113,0.0634,-0.0521,-2.0365,3.3791,group,88221,78851
direct_vs_group_psychosomatic,gewartet,1,5,6,0.0113,0.0634,-0.0521,-2.0365,3.3791,group,88221,78851
direct_vs_group_psychosomatic,hierunter,1,5,6,0.0113,0.0634,-0.0521,-2.0365,3.3791,group,88221,78851
direct_vs_group_psychosomatic,kleiner,1,5,6,0.0113,0.0634,-0.0521,-2.0365,3.3791,group,88221,78851
direct_vs_group_psychosomatic,konzentrieren,1,5,6,0.0113,0.0634,-0.0521,-2.0365,3.3791,group,88221,78851
direct_vs_group_psychosomatic,ließ,1,5,6,0.0113,0.0634,-0.0521,-2.0365,3.3791,group,88221,78851
direct_vs_group_psychosomatic,mangelnde,1,5,6,0.0113,0.0634,-0.0521,-2.0365,3.3791,group,88221,78851
direct_vs_group_psychosomatic,näher,1,5,6,0.0113,0.0634,-0.0521,-2.0365,3.3791,group,88221,78851
direct_vs_group_psychosomatic,probiert,1,5,6,0.0113,0.0634,-0.0521,-2.0365,3.3791,group,88221,78851
direct_vs_group_psychosomatic,sofern,1,5,6,0.0113,0.0634,-0.0521,-2.0365,3.3791,group,88221,78851
direct_vs_group_psychosomatic,starken,1,5,6,0.0113,0.0634,-0.0521,-2.0365,3.3791,group,88221,78851
direct_vs_group_psychosomatic,tragen,1,5,6,0.0113,0.0634,-0.0521,-2.0365,3.3791,group,88221,78851
direct_vs_group_psychosomatic,traumatische,1,5,6,0.0113,0.0634,-0.0521,-2.0365,3.3791,group,88221,78851
direct_vs_group_psychosomatic,wieviel,1,5,6,0.0113,0.0634,-0.0521,-2.0365,3.3791,group,88221,78851
direct_vs_group_psychosomatic,überprüfen,1,5,6,0.0113,0.0634,-0.0521,-2.0365,3.3791,group,88221,78851
direct_vs_group_psychosomatic,CRP,4,10,14,0.0453,0.1268,-0.0815,-1.3844,3.3744,group,88221,78851
direct_vs_group_psychosomatic,Skills,4,10,14,0.0453,0.1268,-0.0815,-1.3844,3.3744,group,88221,78851
direct_vs_group_psychosomatic,Versorgung,4,10,14,0.0453,0.1268,-0.0815,-1.3844,3.3744,group,88221,78851
direct_vs_group_psychosomatic,spürbar,4,10,14,0.0453,0.1268,-0.0815,-1.3844,3.3744,group,88221,78851
direct_vs_group_psychosomatic,16,19,29,48,0.2154,0.3678,-0.1524,-0.7592,3.3727,group,88221,78851
direct_vs_group_psychosomatic,früh,22,10,32,0.2494,0.1268,0.1226,0.9375,3.3653,direct,88221,78851
direct_vs_group_psychosomatic,ein,343,264,607,3.888,3.3481,0.5399,0.215,3.3527,direct,88221,78851
direct_vs_group_psychosomatic,Weihnachtstage,14,23,37,0.1587,0.2917,-0.133,-0.8586,3.3384,group,88221,78851
direct_vs_group_psychosomatic,erfragen,14,23,37,0.1587,0.2917,-0.133,-0.8586,3.3384,group,88221,78851
direct_vs_group_psychosomatic,Essstörungsgruppe,12,4,16,0.136,0.0507,0.0853,1.3119,3.3381,direct,88221,78851
direct_vs_group_psychosomatic,Mittag,12,4,16,0.136,0.0507,0.0853,1.3119,3.3381,direct,88221,78851
direct_vs_group_psychosomatic,Wollte,12,4,16,0.136,0.0507,0.0853,1.3119,3.3381,direct,88221,78851
direct_vs_group_psychosomatic,bitten,12,4,16,0.136,0.0507,0.0853,1.3119,3.3381,direct,88221,78851
direct_vs_group_psychosomatic,funktioniert,12,4,16,0.136,0.0507,0.0853,1.3119,3.3381,direct,88221,78851
direct_vs_group_psychosomatic,reden,12,4,16,0.136,0.0507,0.0853,1.3119,3.3381,direct,88221,78851
direct_vs_group_psychosomatic,schaffen,12,4,16,0.136,0.0507,0.0853,1.3119,3.3381,direct,88221,78851
direct_vs_group_psychosomatic,9,31,16,47,0.3514,0.2029,0.1485,0.7709,3.3358,direct,88221,78851
direct_vs_group_psychosomatic,s,31,16,47,0.3514,0.2029,0.1485,0.7709,3.3358,direct,88221,78851
direct_vs_group_psychosomatic,Info,63,39,102,0.7141,0.4946,0.2195,0.5229,3.3268,direct,88221,78851
direct_vs_group_psychosomatic,jeden,28,14,42,0.3174,0.1776,0.1398,0.8129,3.3175,direct,88221,78851
direct_vs_group_psychosomatic,welche,28,14,42,0.3174,0.1776,0.1398,0.8129,3.3175,direct,88221,78851
direct_vs_group_psychosomatic,zusammen,28,14,42,0.3174,0.1776,0.1398,0.8129,3.3175,direct,88221,78851
direct_vs_group_psychosomatic,wieder,176,190,366,1.995,2.4096,-0.4146,-0.2721,3.2607,group,88221,78851
direct_vs_group_psychosomatic,sorry,17,7,24,0.1927,0.0888,0.1039,1.0604,3.2492,direct,88221,78851
direct_vs_group_psychosomatic,danach,38,21,59,0.4307,0.2663,0.1644,0.6785,3.2455,direct,88221,78851
direct_vs_group_psychosomatic,dieses,10,3,13,0.1134,0.038,0.0753,1.423,3.2315,direct,88221,78851
direct_vs_group_psychosomatic,festlegen,10,3,13,0.1134,0.038,0.0753,1.423,3.2315,direct,88221,78851
direct_vs_group_psychosomatic,nie,10,3,13,0.1134,0.038,0.0753,1.423,3.2315,direct,88221,78851
direct_vs_group_psychosomatic,voll,10,3,13,0.1134,0.038,0.0753,1.423,3.2315,direct,88221,78851
direct_vs_group_psychosomatic,zufällig,10,3,13,0.1134,0.038,0.0753,1.423,3.2315,direct,88221,78851
direct_vs_group_psychosomatic,Land,7,14,21,0.0793,0.1776,-0.0982,-1.1131,3.2307,group,88221,78851
direct_vs_group_psychosomatic,gegenüber,7,14,21,0.0793,0.1776,-0.0982,-1.1131,3.2307,group,88221,78851
direct_vs_group_psychosomatic,to,7,14,21,0.0793,0.1776,-0.0982,-1.1131,3.2307,group,88221,78851
direct_vs_group_psychosomatic,Anspannung,15,24,39,0.17,0.3044,-0.1343,-0.8225,3.2292,group,88221,78851
direct_vs_group_psychosomatic,Urlaub,72,46,118,0.8161,0.5834,0.2328,0.4788,3.2284,direct,88221,78851
direct_vs_group_psychosomatic,Anforderung,8,2,10,0.0907,0.0254,0.0653,1.6035,3.2127,direct,88221,78851
direct_vs_group_psychosomatic,Art,8,2,10,0.0907,0.0254,0.0653,1.6035,3.2127,direct,88221,78851
direct_vs_group_psychosomatic,Update,8,2,10,0.0907,0.0254,0.0653,1.6035,3.2127,direct,88221,78851
direct_vs_group_psychosomatic,Zeh,8,2,10,0.0907,0.0254,0.0653,1.6035,3.2127,direct,88221,78851
direct_vs_group_psychosomatic,Zettel,8,2,10,0.0907,0.0254,0.0653,1.6035,3.2127,direct,88221,78851
direct_vs_group_psychosomatic,fkt,8,2,10,0.0907,0.0254,0.0653,1.6035,3.2127,direct,88221,78851
direct_vs_group_psychosomatic,gespannt,8,2,10,0.0907,0.0254,0.0653,1.6035,3.2127,direct,88221,78851
direct_vs_group_psychosomatic,jedem,8,2,10,0.0907,0.0254,0.0653,1.6035,3.2127,direct,88221,78851
direct_vs_group_psychosomatic,mehreren,8,2,10,0.0907,0.0254,0.0653,1.6035,3.2127,direct,88221,78851
direct_vs_group_psychosomatic,spreche,8,2,10,0.0907,0.0254,0.0653,1.6035,3.2127,direct,88221,78851
direct_vs_group_psychosomatic,umfassende,8,2,10,0.0907,0.0254,0.0653,1.6035,3.2127,direct,88221,78851
direct_vs_group_psychosomatic,â,8,2,10,0.0907,0.0254,0.0653,1.6035,3.2127,direct,88221,78851
direct_vs_group_psychosomatic,gehen,59,72,131,0.6688,0.9131,-0.2443,-0.4471,3.1646,group,88221,78851
direct_vs_group_psychosomatic,arbeiten,11,19,30,0.1247,0.241,-0.1163,-0.9238,3.1522,group,88221,78851
direct_vs_group_psychosomatic,Fragen,32,17,49,0.3627,0.2156,0.1471,0.7311,3.1365,direct,88221,78851
direct_vs_group_psychosomatic,Termine,29,15,44,0.3287,0.1902,0.1385,0.7665,3.0996,direct,88221,78851
direct_vs_group_psychosomatic,gekommen,29,15,44,0.3287,0.1902,0.1385,0.7665,3.0996,direct,88221,78851
direct_vs_group_psychosomatic,schnell,23,11,34,0.2607,0.1395,0.1212,0.869,3.0876,direct,88221,78851
direct_vs_group_psychosomatic,wissen,23,11,34,0.2607,0.1395,0.1212,0.869,3.0876,direct,88221,78851
direct_vs_group_psychosomatic,natürlich,26,13,39,0.2947,0.1649,0.1298,0.811,3.0805,direct,88221,78851
direct_vs_group_psychosomatic,Wäre,15,6,21,0.17,0.0761,0.0939,1.0918,3.0405,direct,88221,78851
direct_vs_group_psychosomatic,gelegt,15,6,21,0.17,0.0761,0.0939,1.0918,3.0405,direct,88221,78851
direct_vs_group_psychosomatic,tun,15,6,21,0.17,0.0761,0.0939,1.0918,3.0405,direct,88221,78851
direct_vs_group_psychosomatic,Vergangenheit,5,11,16,0.0567,0.1395,-0.0828,-1.2261,3.0301,group,88221,78851
direct_vs_group_psychosomatic,mehrere,5,11,16,0.0567,0.1395,-0.0828,-1.2261,3.0301,group,88221,78851
direct_vs_group_psychosomatic,mehrfach,5,11,16,0.0567,0.1395,-0.0828,-1.2261,3.0301,group,88221,78851
direct_vs_group_psychosomatic,trotz,5,11,16,0.0567,0.1395,-0.0828,-1.2261,3.0301,group,88221,78851
direct_vs_group_psychosomatic,verpasst,5,11,16,0.0567,0.1395,-0.0828,-1.2261,3.0301,group,88221,78851
direct_vs_group_psychosomatic,Schwester,8,15,23,0.0907,0.1902,-0.0996,-1.0287,3.0231,group,88221,78851
direct_vs_group_psychosomatic,erzählt,8,15,23,0.0907,0.1902,-0.0996,-1.0287,3.0231,group,88221,78851
direct_vs_group_psychosomatic,Gefühle,12,20,32,0.136,0.2536,-0.1176,-0.8757,3.0205,group,88221,78851
direct_vs_group_psychosomatic,spät,12,20,32,0.136,0.2536,-0.1176,-0.8757,3.0205,group,88221,78851
direct_vs_group_psychosomatic,durch,81,94,175,0.9181,1.1921,-0.274,-0.3755,2.9776,group,88221,78851
direct_vs_group_psychosomatic,Angebot,3,8,11,0.034,0.1015,-0.0675,-1.4421,2.9544,group,88221,78851
direct_vs_group_psychosomatic,Kindheit,3,8,11,0.034,0.1015,-0.0675,-1.4421,2.9544,group,88221,78851
direct_vs_group_psychosomatic,Magensonde,3,8,11,0.034,0.1015,-0.0675,-1.4421,2.9544,group,88221,78851
direct_vs_group_psychosomatic,Nonsuizidpakt,3,8,11,0.034,0.1015,-0.0675,-1.4421,2.9544,group,88221,78851
direct_vs_group_psychosomatic,Stuhl,3,8,11,0.034,0.1015,-0.0675,-1.4421,2.9544,group,88221,78851
direct_vs_group_psychosomatic,UaK,3,8,11,0.034,0.1015,-0.0675,-1.4421,2.9544,group,88221,78851
direct_vs_group_psychosomatic,Ursache,3,8,11,0.034,0.1015,-0.0675,-1.4421,2.9544,group,88221,78851
direct_vs_group_psychosomatic,akut,3,8,11,0.034,0.1015,-0.0675,-1.4421,2.9544,group,88221,78851
direct_vs_group_psychosomatic,fixiert,3,8,11,0.034,0.1015,-0.0675,-1.4421,2.9544,group,88221,78851
direct_vs_group_psychosomatic,innerhalb,3,8,11,0.034,0.1015,-0.0675,-1.4421,2.9544,group,88221,78851
direct_vs_group_psychosomatic,traurig,3,8,11,0.034,0.1015,-0.0675,-1.4421,2.9544,group,88221,78851
direct_vs_group_psychosomatic,verschiedene,3,8,11,0.034,0.1015,-0.0675,-1.4421,2.9544,group,88221,78851
direct_vs_group_psychosomatic,weinen,3,8,11,0.034,0.1015,-0.0675,-1.4421,2.9544,group,88221,78851
direct_vs_group_psychosomatic,zunehmend,3,8,11,0.034,0.1015,-0.0675,-1.4421,2.9544,group,88221,78851
direct_vs_group_psychosomatic,Klinikstandort,53,65,118,0.6008,0.8243,-0.2236,-0.4539,2.9416,group,88221,78851
direct_vs_group_psychosomatic,einem,63,40,103,0.7141,0.5073,0.2068,0.4868,2.9214,direct,88221,78851
direct_vs_group_psychosomatic,runter,18,8,26,0.204,0.1015,0.1026,0.96,2.9061,direct,88221,78851
direct_vs_group_psychosomatic,sodass,18,8,26,0.204,0.1015,0.1026,0.96,2.9061,direct,88221,78851
direct_vs_group_psychosomatic,finden,19,28,47,0.2154,0.3551,-0.1397,-0.7095,2.8927,group,88221,78851
direct_vs_group_psychosomatic,Vielen,27,14,41,0.306,0.1776,0.1285,0.7614,2.8634,direct,88221,78851
direct_vs_group_psychosomatic,gehe,27,14,41,0.306,0.1776,0.1285,0.7614,2.8634,direct,88221,78851
direct_vs_group_psychosomatic,Sonde,21,10,31,0.238,0.1268,0.1112,0.872,2.8521,direct,88221,78851
direct_vs_group_psychosomatic,gute,24,12,36,0.272,0.1522,0.1199,0.8089,2.8436,direct,88221,78851
direct_vs_group_psychosomatic,Belastungsfaktoren,13,5,18,0.1474,0.0634,0.0839,1.1335,2.8414,direct,88221,78851
direct_vs_group_psychosomatic,Teams,13,5,18,0.1474,0.0634,0.0839,1.1335,2.8414,direct,88221,78851
direct_vs_group_psychosomatic,etc,20,29,49,0.2267,0.3678,-0.1411,-0.6871,2.8274,group,88221,78851
direct_vs_group_psychosomatic,dabei,56,35,91,0.6348,0.4439,0.1909,0.5084,2.8188,direct,88221,78851
direct_vs_group_psychosomatic,im,516,512,1028,5.8489,6.4933,-0.6443,-0.1508,2.805,group,88221,78851
direct_vs_group_psychosomatic,müssen,41,24,65,0.4647,0.3044,0.1604,0.5983,2.7942,direct,88221,78851
direct_vs_group_psychosomatic,Ende,30,40,70,0.3401,0.5073,-0.1672,-0.5711,2.7768,group,88221,78851
direct_vs_group_psychosomatic,Bild,6,12,18,0.068,0.1522,-0.0842,-1.1054,2.7692,group,88221,78851
direct_vs_group_psychosomatic,U,6,12,18,0.068,0.1522,-0.0842,-1.1054,2.7692,group,88221,78851
direct_vs_group_psychosomatic,Zielkonflikt,6,12,18,0.068,0.1522,-0.0842,-1.1054,2.7692,group,88221,78851
direct_vs_group_psychosomatic,isst,6,12,18,0.068,0.1522,-0.0842,-1.1054,2.7692,group,88221,78851
direct_vs_group_psychosomatic,heute,422,334,756,4.7834,4.2358,0.5476,0.175,2.7672,direct,88221,78851
direct_vs_group_psychosomatic,Essen,31,41,72,0.3514,0.52,-0.1686,-0.5598,2.7431,group,88221,78851
direct_vs_group_psychosomatic,Abklärung,10,17,27,0.1134,0.2156,-0.1022,-0.899,2.7068,group,88221,78851
direct_vs_group_psychosomatic,stationären,10,17,27,0.1134,0.2156,-0.1022,-0.899,2.7068,group,88221,78851
direct_vs_group_psychosomatic,Übernahme,10,17,27,0.1134,0.2156,-0.1022,-0.899,2.7068,group,88221,78851
direct_vs_group_psychosomatic,Einzelgespräch,16,7,23,0.1814,0.0888,0.0926,0.9755,2.6795,direct,88221,78851
direct_vs_group_psychosomatic,gehört,16,7,23,0.1814,0.0888,0.0926,0.9755,2.6795,direct,88221,78851
direct_vs_group_psychosomatic,Ausgangsgewicht,11,4,15,0.1247,0.0507,0.074,1.1916,2.6582,direct,88221,78851
direct_vs_group_psychosomatic,Den,11,4,15,0.1247,0.0507,0.074,1.1916,2.6582,direct,88221,78851
direct_vs_group_psychosomatic,Ernährungsberatung,11,4,15,0.1247,0.0507,0.074,1.1916,2.6582,direct,88221,78851
direct_vs_group_psychosomatic,Monate,11,4,15,0.1247,0.0507,0.074,1.1916,2.6582,direct,88221,78851
direct_vs_group_psychosomatic,chronische,11,4,15,0.1247,0.0507,0.074,1.1916,2.6582,direct,88221,78851
direct_vs_group_psychosomatic,Bedarf,16,24,40,0.1814,0.3044,-0.123,-0.7323,2.6351,group,88221,78851
direct_vs_group_psychosomatic,Fall,35,20,55,0.3967,0.2536,0.1431,0.6302,2.6322,direct,88221,78851
direct_vs_group_psychosomatic,außerdem,22,11,33,0.2494,0.1395,0.1099,0.8063,2.6066,direct,88221,78851
direct_vs_group_psychosomatic,drin,22,11,33,0.2494,0.1395,0.1099,0.8063,2.6066,direct,88221,78851
direct_vs_group_psychosomatic,meinte,22,11,33,0.2494,0.1395,0.1099,0.8063,2.6066,direct,88221,78851
direct_vs_group_psychosomatic,Röntgen,4,9,13,0.0453,0.1141,-0.0688,-1.24,2.5759,group,88221,78851
direct_vs_group_psychosomatic,Viele,4,9,13,0.0453,0.1141,-0.0688,-1.24,2.5759,group,88221,78851
direct_vs_group_psychosomatic,hinsichtlich,4,9,13,0.0453,0.1141,-0.0688,-1.24,2.5759,group,88221,78851
direct_vs_group_psychosomatic,kommenden,4,9,13,0.0453,0.1141,-0.0688,-1.24,2.5759,group,88221,78851
direct_vs_group_psychosomatic,verloren,4,9,13,0.0453,0.1141,-0.0688,-1.24,2.5759,group,88221,78851
direct_vs_group_psychosomatic,müsste,39,23,62,0.4421,0.2917,0.1504,0.5872,2.5749,direct,88221,78851
direct_vs_group_psychosomatic,Anpassung,2,6,8,0.0227,0.0761,-0.0534,-1.5405,2.5673,group,88221,78851
direct_vs_group_psychosomatic,Antibiose,2,6,8,0.0227,0.0761,-0.0534,-1.5405,2.5673,group,88221,78851
direct_vs_group_psychosomatic,Emotionsregulation,2,6,8,0.0227,0.0761,-0.0534,-1.5405,2.5673,group,88221,78851
direct_vs_group_psychosomatic,Entlassdatum,2,6,8,0.0227,0.0761,-0.0534,-1.5405,2.5673,group,88221,78851
direct_vs_group_psychosomatic,Gruppenthema,2,6,8,0.0227,0.0761,-0.0534,-1.5405,2.5673,group,88221,78851
direct_vs_group_psychosomatic,Hälfte,2,6,8,0.0227,0.0761,-0.0534,-1.5405,2.5673,group,88221,78851
direct_vs_group_psychosomatic,Indikation,2,6,8,0.0227,0.0761,-0.0534,-1.5405,2.5673,group,88221,78851
direct_vs_group_psychosomatic,Interaktion,2,6,8,0.0227,0.0761,-0.0534,-1.5405,2.5673,group,88221,78851
direct_vs_group_psychosomatic,Kanäle,2,6,8,0.0227,0.0761,-0.0534,-1.5405,2.5673,group,88221,78851
direct_vs_group_psychosomatic,Mangel,2,6,8,0.0227,0.0761,-0.0534,-1.5405,2.5673,group,88221,78851
direct_vs_group_psychosomatic,Movicol,2,6,8,0.0227,0.0761,-0.0534,-1.5405,2.5673,group,88221,78851
direct_vs_group_psychosomatic,SSRI,2,6,8,0.0227,0.0761,-0.0534,-1.5405,2.5673,group,88221,78851
direct_vs_group_psychosomatic,Urin,2,6,8,0.0227,0.0761,-0.0534,-1.5405,2.5673,group,88221,78851
direct_vs_group_psychosomatic,Verfügung,2,6,8,0.0227,0.0761,-0.0534,-1.5405,2.5673,group,88221,78851
direct_vs_group_psychosomatic,Verlängerung,2,6,8,0.0227,0.0761,-0.0534,-1.5405,2.5673,group,88221,78851
direct_vs_group_psychosomatic,Will,2,6,8,0.0227,0.0761,-0.0534,-1.5405,2.5673,group,88221,78851
direct_vs_group_psychosomatic,Workshop,2,6,8,0.0227,0.0761,-0.0534,-1.5405,2.5673,group,88221,78851
direct_vs_group_psychosomatic,akutes,2,6,8,0.0227,0.0761,-0.0534,-1.5405,2.5673,group,88221,78851
direct_vs_group_psychosomatic,ausfallen,2,6,8,0.0227,0.0761,-0.0534,-1.5405,2.5673,group,88221,78851
direct_vs_group_psychosomatic,begrenzen,2,6,8,0.0227,0.0761,-0.0534,-1.5405,2.5673,group,88221,78851
direct_vs_group_psychosomatic,beigetragen,2,6,8,0.0227,0.0761,-0.0534,-1.5405,2.5673,group,88221,78851
direct_vs_group_psychosomatic,erschien,2,6,8,0.0227,0.0761,-0.0534,-1.5405,2.5673,group,88221,78851
direct_vs_group_psychosomatic,erstellt,2,6,8,0.0227,0.0761,-0.0534,-1.5405,2.5673,group,88221,78851
direct_vs_group_psychosomatic,erstes,2,6,8,0.0227,0.0761,-0.0534,-1.5405,2.5673,group,88221,78851
direct_vs_group_psychosomatic,extern,2,6,8,0.0227,0.0761,-0.0534,-1.5405,2.5673,group,88221,78851
direct_vs_group_psychosomatic,extrem,2,6,8,0.0227,0.0761,-0.0534,-1.5405,2.5673,group,88221,78851
direct_vs_group_psychosomatic,fragl,2,6,8,0.0227,0.0761,-0.0534,-1.5405,2.5673,group,88221,78851
direct_vs_group_psychosomatic,ihnen,2,6,8,0.0227,0.0761,-0.0534,-1.5405,2.5673,group,88221,78851
direct_vs_group_psychosomatic,lehnt,2,6,8,0.0227,0.0761,-0.0534,-1.5405,2.5673,group,88221,78851
direct_vs_group_psychosomatic,meint,2,6,8,0.0227,0.0761,-0.0534,-1.5405,2.5673,group,88221,78851
direct_vs_group_psychosomatic,suche,2,6,8,0.0227,0.0761,-0.0534,-1.5405,2.5673,group,88221,78851
direct_vs_group_psychosomatic,therapeutisches,2,6,8,0.0227,0.0761,-0.0534,-1.5405,2.5673,group,88221,78851
direct_vs_group_psychosomatic,versorgt,2,6,8,0.0227,0.0761,-0.0534,-1.5405,2.5673,group,88221,78851
direct_vs_group_psychosomatic,wahrnehmen,2,6,8,0.0227,0.0761,-0.0534,-1.5405,2.5673,group,88221,78851
direct_vs_group_psychosomatic,Überforderung,2,6,8,0.0227,0.0761,-0.0534,-1.5405,2.5673,group,88221,78851
direct_vs_group_psychosomatic,dankbar,7,13,20,0.0793,0.1649,-0.0855,-1.01,2.5647,group,88221,78851
direct_vs_group_psychosomatic,fällt,7,13,20,0.0793,0.1649,-0.0855,-1.01,2.5647,group,88221,78851
direct_vs_group_psychosomatic,insbesondere,7,13,20,0.0793,0.1649,-0.0855,-1.01,2.5647,group,88221,78851
direct_vs_group_psychosomatic,Ehefrau,9,3,12,0.102,0.038,0.064,1.2786,2.5036,direct,88221,78851
direct_vs_group_psychosomatic,HNO,9,3,12,0.102,0.038,0.064,1.2786,2.5036,direct,88221,78851
direct_vs_group_psychosomatic,Ordner,9,3,12,0.102,0.038,0.064,1.2786,2.5036,direct,88221,78851
direct_vs_group_psychosomatic,ambulanten,9,3,12,0.102,0.038,0.064,1.2786,2.5036,direct,88221,78851
direct_vs_group_psychosomatic,gespräch,9,3,12,0.102,0.038,0.064,1.2786,2.5036,direct,88221,78851
direct_vs_group_psychosomatic,körperliche,9,3,12,0.102,0.038,0.064,1.2786,2.5036,direct,88221,78851
direct_vs_group_psychosomatic,spannend,9,3,12,0.102,0.038,0.064,1.2786,2.5036,direct,88221,78851
direct_vs_group_psychosomatic,therapeutisch,9,3,12,0.102,0.038,0.064,1.2786,2.5036,direct,88221,78851
direct_vs_group_psychosomatic,vorgeschlagen,9,3,12,0.102,0.038,0.064,1.2786,2.5036,direct,88221,78851
direct_vs_group_psychosomatic,abgesprochen,18,26,44,0.204,0.3297,-0.1257,-0.6805,2.4996,group,88221,78851
direct_vs_group_psychosomatic,gehabt,18,26,44,0.204,0.3297,-0.1257,-0.6805,2.4996,group,88221,78851
direct_vs_group_psychosomatic,Tavor,29,16,45,0.3287,0.2029,0.1258,0.6763,2.4917,direct,88221,78851
direct_vs_group_psychosomatic,sprechen,68,45,113,0.7708,0.5707,0.2001,0.4282,2.4877,direct,88221,78851
direct_vs_group_psychosomatic,Anforderungen,5,1,6,0.0567,0.0127,0.044,1.7125,2.4808,direct,88221,78851
direct_vs_group_psychosomatic,Behandlungsvereinbarung,5,1,6,0.0567,0.0127,0.044,1.7125,2.4808,direct,88221,78851
direct_vs_group_psychosomatic,Dass,5,1,6,0.0567,0.0127,0.044,1.7125,2.4808,direct,88221,78851
direct_vs_group_psychosomatic,Einschränkungen,5,1,6,0.0567,0.0127,0.044,1.7125,2.4808,direct,88221,78851
direct_vs_group_psychosomatic,Epicondylitis,5,1,6,0.0567,0.0127,0.044,1.7125,2.4808,direct,88221,78851
direct_vs_group_psychosomatic,Früh,5,1,6,0.0567,0.0127,0.044,1.7125,2.4808,direct,88221,78851
direct_vs_group_psychosomatic,Gern,5,1,6,0.0567,0.0127,0.044,1.7125,2.4808,direct,88221,78851
direct_vs_group_psychosomatic,Ginge,5,1,6,0.0567,0.0127,0.044,1.7125,2.4808,direct,88221,78851
direct_vs_group_psychosomatic,Hintergründe,5,1,6,0.0567,0.0127,0.044,1.7125,2.4808,direct,88221,78851
direct_vs_group_psychosomatic,Hoffe,5,1,6,0.0567,0.0127,0.044,1.7125,2.4808,direct,88221,78851
direct_vs_group_psychosomatic,Kein,5,1,6,0.0567,0.0127,0.044,1.7125,2.4808,direct,88221,78851
direct_vs_group_psychosomatic,Korrektur,5,1,6,0.0567,0.0127,0.044,1.7125,2.4808,direct,88221,78851
direct_vs_group_psychosomatic,Krücken,5,1,6,0.0567,0.0127,0.044,1.7125,2.4808,direct,88221,78851
direct_vs_group_psychosomatic,Medikamente,5,1,6,0.0567,0.0127,0.044,1.7125,2.4808,direct,88221,78851
direct_vs_group_psychosomatic,Nahrungssteigerung,5,1,6,0.0567,0.0127,0.044,1.7125,2.4808,direct,88221,78851
direct_vs_group_psychosomatic,Schulterstützen,5,1,6,0.0567,0.0127,0.044,1.7125,2.4808,direct,88221,78851
direct_vs_group_psychosomatic,Schönes,5,1,6,0.0567,0.0127,0.044,1.7125,2.4808,direct,88221,78851
direct_vs_group_psychosomatic,Stationsärztin,5,1,6,0.0567,0.0127,0.044,1.7125,2.4808,direct,88221,78851
direct_vs_group_psychosomatic,Tabelle,5,1,6,0.0567,0.0127,0.044,1.7125,2.4808,direct,88221,78851
direct_vs_group_psychosomatic,Tel,5,1,6,0.0567,0.0127,0.044,1.7125,2.4808,direct,88221,78851
direct_vs_group_psychosomatic,Unterlagen,5,1,6,0.0567,0.0127,0.044,1.7125,2.4808,direct,88221,78851
direct_vs_group_psychosomatic,aufpassen,5,1,6,0.0567,0.0127,0.044,1.7125,2.4808,direct,88221,78851
direct_vs_group_psychosomatic,auftritt,5,1,6,0.0567,0.0127,0.044,1.7125,2.4808,direct,88221,78851
direct_vs_group_psychosomatic,beispielsweise,5,1,6,0.0567,0.0127,0.044,1.7125,2.4808,direct,88221,78851
direct_vs_group_psychosomatic,betreut,5,1,6,0.0567,0.0127,0.044,1.7125,2.4808,direct,88221,78851
direct_vs_group_psychosomatic,einmalig,5,1,6,0.0567,0.0127,0.044,1.7125,2.4808,direct,88221,78851
direct_vs_group_psychosomatic,erfüllt,5,1,6,0.0567,0.0127,0.044,1.7125,2.4808,direct,88221,78851
direct_vs_group_psychosomatic,freie,5,1,6,0.0567,0.0127,0.044,1.7125,2.4808,direct,88221,78851
direct_vs_group_psychosomatic,geschehen,5,1,6,0.0567,0.0127,0.044,1.7125,2.4808,direct,88221,78851
direct_vs_group_psychosomatic,gespiegelt,5,1,6,0.0567,0.0127,0.044,1.7125,2.4808,direct,88221,78851
direct_vs_group_psychosomatic,herzlichen,5,1,6,0.0567,0.0127,0.044,1.7125,2.4808,direct,88221,78851
direct_vs_group_psychosomatic,komm,5,1,6,0.0567,0.0127,0.044,1.7125,2.4808,direct,88221,78851
direct_vs_group_psychosomatic,leben,5,1,6,0.0567,0.0127,0.044,1.7125,2.4808,direct,88221,78851
direct_vs_group_psychosomatic,markiert,5,1,6,0.0567,0.0127,0.044,1.7125,2.4808,direct,88221,78851
direct_vs_group_psychosomatic,momentan,5,1,6,0.0567,0.0127,0.044,1.7125,2.4808,direct,88221,78851
direct_vs_group_psychosomatic,na,5,1,6,0.0567,0.0127,0.044,1.7125,2.4808,direct,88221,78851
direct_vs_group_psychosomatic,regulär,5,1,6,0.0567,0.0127,0.044,1.7125,2.4808,direct,88221,78851
direct_vs_group_psychosomatic,verträgt,5,1,6,0.0567,0.0127,0.044,1.7125,2.4808,direct,88221,78851
direct_vs_group_psychosomatic,zugeordnet,5,1,6,0.0567,0.0127,0.044,1.7125,2.4808,direct,88221,78851
direct_vs_group_psychosomatic,Euch,12,19,31,0.136,0.241,-0.1049,-0.8035,2.478,group,88221,78851
direct_vs_group_psychosomatic,insgesamt,12,19,31,0.136,0.241,-0.1049,-0.8035,2.478,group,88221,78851
direct_vs_group_psychosomatic,letzter,12,19,31,0.136,0.241,-0.1049,-0.8035,2.478,group,88221,78851
direct_vs_group_psychosomatic,angelegt,14,6,20,0.1587,0.0761,0.0826,0.9955,2.456,direct,88221,78851
direct_vs_group_psychosomatic,oben,14,6,20,0.1587,0.0761,0.0826,0.9955,2.456,direct,88221,78851
direct_vs_group_psychosomatic,Alzheimerdemenz,7,2,9,0.0793,0.0254,0.054,1.423,2.4089,direct,88221,78851
direct_vs_group_psychosomatic,Beginnende,7,2,9,0.0793,0.0254,0.054,1.423,2.4089,direct,88221,78851
direct_vs_group_psychosomatic,Einsicht,7,2,9,0.0793,0.0254,0.054,1.423,2.4089,direct,88221,78851
direct_vs_group_psychosomatic,Kolo,7,2,9,0.0793,0.0254,0.054,1.423,2.4089,direct,88221,78851
direct_vs_group_psychosomatic,Konzentration/Gedächtnis,7,2,9,0.0793,0.0254,0.054,1.423,2.4089,direct,88221,78851
direct_vs_group_psychosomatic,Mir,7,2,9,0.0793,0.0254,0.054,1.423,2.4089,direct,88221,78851
direct_vs_group_psychosomatic,Name,7,2,9,0.0793,0.0254,0.054,1.423,2.4089,direct,88221,78851
direct_vs_group_psychosomatic,Oberbauch,7,2,9,0.0793,0.0254,0.054,1.423,2.4089,direct,88221,78851
direct_vs_group_psychosomatic,Tipp,7,2,9,0.0793,0.0254,0.054,1.423,2.4089,direct,88221,78851
direct_vs_group_psychosomatic,Tochter,7,2,9,0.0793,0.0254,0.054,1.423,2.4089,direct,88221,78851
direct_vs_group_psychosomatic,Volumenminderung,7,2,9,0.0793,0.0254,0.054,1.423,2.4089,direct,88221,78851
direct_vs_group_psychosomatic,Vorbeireden,7,2,9,0.0793,0.0254,0.054,1.423,2.4089,direct,88221,78851
direct_vs_group_psychosomatic,Zugang,7,2,9,0.0793,0.0254,0.054,1.423,2.4089,direct,88221,78851
direct_vs_group_psychosomatic,abgelaufen,7,2,9,0.0793,0.0254,0.054,1.423,2.4089,direct,88221,78851
direct_vs_group_psychosomatic,ausgedruckt,7,2,9,0.0793,0.0254,0.054,1.423,2.4089,direct,88221,78851
direct_vs_group_psychosomatic,eigenständigen,7,2,9,0.0793,0.0254,0.054,1.423,2.4089,direct,88221,78851
direct_vs_group_psychosomatic,eingefügt,7,2,9,0.0793,0.0254,0.054,1.423,2.4089,direct,88221,78851
direct_vs_group_psychosomatic,eingegeben,7,2,9,0.0793,0.0254,0.054,1.423,2.4089,direct,88221,78851
direct_vs_group_psychosomatic,einstellbarem,7,2,9,0.0793,0.0254,0.054,1.423,2.4089,direct,88221,78851
direct_vs_group_psychosomatic,eventuell,7,2,9,0.0793,0.0254,0.054,1.423,2.4089,direct,88221,78851
direct_vs_group_psychosomatic,frag,7,2,9,0.0793,0.0254,0.054,1.423,2.4089,direct,88221,78851
direct_vs_group_psychosomatic,kennst,7,2,9,0.0793,0.0254,0.054,1.423,2.4089,direct,88221,78851
direct_vs_group_psychosomatic,komplexer,7,2,9,0.0793,0.0254,0.054,1.423,2.4089,direct,88221,78851
direct_vs_group_psychosomatic,massiver,7,2,9,0.0793,0.0254,0.054,1.423,2.4089,direct,88221,78851
direct_vs_group_psychosomatic,mögliche,7,2,9,0.0793,0.0254,0.054,1.423,2.4089,direct,88221,78851
direct_vs_group_psychosomatic,nachmittag,7,2,9,0.0793,0.0254,0.054,1.423,2.4089,direct,88221,78851
direct_vs_group_psychosomatic,parietaler,7,2,9,0.0793,0.0254,0.054,1.423,2.4089,direct,88221,78851
direct_vs_group_psychosomatic,schlimm,7,2,9,0.0793,0.0254,0.054,1.423,2.4089,direct,88221,78851
direct_vs_group_psychosomatic,team,7,2,9,0.0793,0.0254,0.054,1.423,2.4089,direct,88221,78851
direct_vs_group_psychosomatic,wink,7,2,9,0.0793,0.0254,0.054,1.423,2.4089,direct,88221,78851
direct_vs_group_psychosomatic,Dinge,8,14,22,0.0907,0.1776,-0.0869,-0.9325,2.4003,group,88221,78851
direct_vs_group_psychosomatic,ihres,8,14,22,0.0907,0.1776,-0.0869,-0.9325,2.4003,group,88221,78851
direct_vs_group_psychosomatic,vorher,20,28,48,0.2267,0.3551,-0.1284,-0.6373,2.3891,group,88221,78851
direct_vs_group_psychosomatic,5mg,13,20,33,0.1474,0.2536,-0.1063,-0.7647,2.3861,group,88221,78851
direct_vs_group_psychosomatic,OP,13,20,33,0.1474,0.2536,-0.1063,-0.7647,2.3861,group,88221,78851
direct_vs_group_psychosomatic,Doku,17,8,25,0.1927,0.1015,0.0912,0.8798,2.3821,direct,88221,78851
direct_vs_group_psychosomatic,Sehr,17,8,25,0.1927,0.1015,0.0912,0.8798,2.3821,direct,88221,78851
direct_vs_group_psychosomatic,geschafft,17,8,25,0.1927,0.1015,0.0912,0.8798,2.3821,direct,88221,78851
direct_vs_group_psychosomatic,Am,21,29,50,0.238,0.3678,-0.1297,-0.6184,2.3413,group,88221,78851
direct_vs_group_psychosomatic,hätte,41,25,66,0.4647,0.3171,0.1477,0.5406,2.3291,direct,88221,78851
direct_vs_group_psychosomatic,Hilfe,5,10,15,0.0567,0.1268,-0.0701,-1.0949,2.3077,group,88221,78851
direct_vs_group_psychosomatic,Schwindel,5,10,15,0.0567,0.1268,-0.0701,-1.0949,2.3077,group,88221,78851
direct_vs_group_psychosomatic,Teilnahme,5,10,15,0.0567,0.1268,-0.0701,-1.0949,2.3077,group,88221,78851
direct_vs_group_psychosomatic,helfen,5,10,15,0.0567,0.1268,-0.0701,-1.0949,2.3077,group,88221,78851
direct_vs_group_psychosomatic,müsse,5,10,15,0.0567,0.1268,-0.0701,-1.0949,2.3077,group,88221,78851
direct_vs_group_psychosomatic,setzen,5,10,15,0.0567,0.1268,-0.0701,-1.0949,2.3077,group,88221,78851
direct_vs_group_psychosomatic,ACS,1,4,5,0.0113,0.0507,-0.0394,-1.747,2.2801,group,88221,78851
direct_vs_group_psychosomatic,Achtsamkeitsübung,1,4,5,0.0113,0.0507,-0.0394,-1.747,2.2801,group,88221,78851
direct_vs_group_psychosomatic,AiD,1,4,5,0.0113,0.0507,-0.0394,-1.747,2.2801,group,88221,78851
direct_vs_group_psychosomatic,Anti,1,4,5,0.0113,0.0507,-0.0394,-1.747,2.2801,group,88221,78851
direct_vs_group_psychosomatic,Antisuizidpakt,1,4,5,0.0113,0.0507,-0.0394,-1.747,2.2801,group,88221,78851
direct_vs_group_psychosomatic,Arbeitgeber,1,4,5,0.0113,0.0507,-0.0394,-1.747,2.2801,group,88221,78851
direct_vs_group_psychosomatic,Bedürfnis,1,4,5,0.0113,0.0507,-0.0394,-1.747,2.2801,group,88221,78851
direct_vs_group_psychosomatic,Betätigung,1,4,5,0.0113,0.0507,-0.0394,-1.747,2.2801,group,88221,78851
direct_vs_group_psychosomatic,Blatt,1,4,5,0.0113,0.0507,-0.0394,-1.747,2.2801,group,88221,78851
direct_vs_group_psychosomatic,Caspofungin,1,4,5,0.0113,0.0507,-0.0394,-1.747,2.2801,group,88221,78851
direct_vs_group_psychosomatic,EZ,1,4,5,0.0113,0.0507,-0.0394,-1.747,2.2801,group,88221,78851
direct_vs_group_psychosomatic,Einzelsitzungen,1,4,5,0.0113,0.0507,-0.0394,-1.747,2.2801,group,88221,78851
direct_vs_group_psychosomatic,Elemente,1,4,5,0.0113,0.0507,-0.0394,-1.747,2.2801,group,88221,78851
direct_vs_group_psychosomatic,Entfieberung,1,4,5,0.0113,0.0507,-0.0394,-1.747,2.2801,group,88221,78851
direct_vs_group_psychosomatic,Essanfälle,1,4,5,0.0113,0.0507,-0.0394,-1.747,2.2801,group,88221,78851
direct_vs_group_psychosomatic,Fotos,1,4,5,0.0113,0.0507,-0.0394,-1.747,2.2801,group,88221,78851
direct_vs_group_psychosomatic,Freunde,1,4,5,0.0113,0.0507,-0.0394,-1.747,2.2801,group,88221,78851
direct_vs_group_psychosomatic,Gesprächsbedarf,1,4,5,0.0113,0.0507,-0.0394,-1.747,2.2801,group,88221,78851
direct_vs_group_psychosomatic,Gruppendynamik,1,4,5,0.0113,0.0507,-0.0394,-1.747,2.2801,group,88221,78851
direct_vs_group_psychosomatic,Gruppenregeln,1,4,5,0.0113,0.0507,-0.0394,-1.747,2.2801,group,88221,78851
direct_vs_group_psychosomatic,Herzrasen,1,4,5,0.0113,0.0507,-0.0394,-1.747,2.2801,group,88221,78851
direct_vs_group_psychosomatic,Hygiene,1,4,5,0.0113,0.0507,-0.0394,-1.747,2.2801,group,88221,78851
direct_vs_group_psychosomatic,Händen,1,4,5,0.0113,0.0507,-0.0394,-1.747,2.2801,group,88221,78851
direct_vs_group_psychosomatic,Infekt,1,4,5,0.0113,0.0507,-0.0394,-1.747,2.2801,group,88221,78851
direct_vs_group_psychosomatic,Insbesondere,1,4,5,0.0113,0.0507,-0.0394,-1.747,2.2801,group,88221,78851
direct_vs_group_psychosomatic,Januar,1,4,5,0.0113,0.0507,-0.0394,-1.747,2.2801,group,88221,78851
direct_vs_group_psychosomatic,LWS,1,4,5,0.0113,0.0507,-0.0394,-1.747,2.2801,group,88221,78851
direct_vs_group_psychosomatic,Neuropathie,1,4,5,0.0113,0.0507,-0.0394,-1.747,2.2801,group,88221,78851
direct_vs_group_psychosomatic,Nimmt,1,4,5,0.0113,0.0507,-0.0394,-1.747,2.2801,group,88221,78851
direct_vs_group_psychosomatic,Nächste,1,4,5,0.0113,0.0507,-0.0394,-1.747,2.2801,group,88221,78851
direct_vs_group_psychosomatic,Obesity,1,4,5,0.0113,0.0507,-0.0394,-1.747,2.2801,group,88221,78851
direct_vs_group_psychosomatic,Probe,1,4,5,0.0113,0.0507,-0.0394,-1.747,2.2801,group,88221,78851
direct_vs_group_psychosomatic,Projekt_Nutzertreffen,1,4,5,0.0113,0.0507,-0.0394,-1.747,2.2801,group,88221,78851
direct_vs_group_psychosomatic,Rückenschmerzen,1,4,5,0.0113,0.0507,-0.0394,-1.747,2.2801,group,88221,78851
direct_vs_group_psychosomatic,Schema,1,4,5,0.0113,0.0507,-0.0394,-1.747,2.2801,group,88221,78851
direct_vs_group_psychosomatic,Schritt,1,4,5,0.0113,0.0507,-0.0394,-1.747,2.2801,group,88221,78851
direct_vs_group_psychosomatic,Schwesternzimmer,1,4,5,0.0113,0.0507,-0.0394,-1.747,2.2801,group,88221,78851
direct_vs_group_psychosomatic,Sprachbarriere,1,4,5,0.0113,0.0507,-0.0394,-1.747,2.2801,group,88221,78851
direct_vs_group_psychosomatic,Telefonat,1,4,5,0.0113,0.0507,-0.0394,-1.747,2.2801,group,88221,78851
direct_vs_group_psychosomatic,Therapiepause,1,4,5,0.0113,0.0507,-0.0394,-1.747,2.2801,group,88221,78851
direct_vs_group_psychosomatic,Tisch,1,4,5,0.0113,0.0507,-0.0394,-1.747,2.2801,group,88221,78851
direct_vs_group_psychosomatic,Trennung,1,4,5,0.0113,0.0507,-0.0394,-1.747,2.2801,group,88221,78851
direct_vs_group_psychosomatic,Vergleich,1,4,5,0.0113,0.0507,-0.0394,-1.747,2.2801,group,88221,78851
direct_vs_group_psychosomatic,Visiten,1,4,5,0.0113,0.0507,-0.0394,-1.747,2.2801,group,88221,78851
direct_vs_group_psychosomatic,Visitendienst,1,4,5,0.0113,0.0507,-0.0394,-1.747,2.2801,group,88221,78851
direct_vs_group_psychosomatic,Vorfeld,1,4,5,0.0113,0.0507,-0.0394,-1.747,2.2801,group,88221,78851
direct_vs_group_psychosomatic,Wand,1,4,5,0.0113,0.0507,-0.0394,-1.747,2.2801,group,88221,78851
direct_vs_group_psychosomatic,Wird,1,4,5,0.0113,0.0507,-0.0394,-1.747,2.2801,group,88221,78851
direct_vs_group_psychosomatic,Wirkt,1,4,5,0.0113,0.0507,-0.0394,-1.747,2.2801,group,88221,78851
direct_vs_group_psychosomatic,abgrenzen,1,4,5,0.0113,0.0507,-0.0394,-1.747,2.2801,group,88221,78851
direct_vs_group_psychosomatic,alte,1,4,5,0.0113,0.0507,-0.0394,-1.747,2.2801,group,88221,78851
direct_vs_group_psychosomatic,aufgeklärt,1,4,5,0.0113,0.0507,-0.0394,-1.747,2.2801,group,88221,78851
direct_vs_group_psychosomatic,ausgewertet,1,4,5,0.0113,0.0507,-0.0394,-1.747,2.2801,group,88221,78851
direct_vs_group_psychosomatic,beruhigt,1,4,5,0.0113,0.0507,-0.0394,-1.747,2.2801,group,88221,78851
direct_vs_group_psychosomatic,bevorzugen,1,4,5,0.0113,0.0507,-0.0394,-1.747,2.2801,group,88221,78851
direct_vs_group_psychosomatic,einstehen,1,4,5,0.0113,0.0507,-0.0394,-1.747,2.2801,group,88221,78851
direct_vs_group_psychosomatic,entstehen,1,4,5,0.0113,0.0507,-0.0394,-1.747,2.2801,group,88221,78851
direct_vs_group_psychosomatic,falsche,1,4,5,0.0113,0.0507,-0.0394,-1.747,2.2801,group,88221,78851
direct_vs_group_psychosomatic,fanden,1,4,5,0.0113,0.0507,-0.0394,-1.747,2.2801,group,88221,78851
direct_vs_group_psychosomatic,folgendes,1,4,5,0.0113,0.0507,-0.0394,-1.747,2.2801,group,88221,78851
direct_vs_group_psychosomatic,führt,1,4,5,0.0113,0.0507,-0.0394,-1.747,2.2801,group,88221,78851
direct_vs_group_psychosomatic,gedrückt,1,4,5,0.0113,0.0507,-0.0394,-1.747,2.2801,group,88221,78851
direct_vs_group_psychosomatic,geimpft,1,4,5,0.0113,0.0507,-0.0394,-1.747,2.2801,group,88221,78851
direct_vs_group_psychosomatic,genutzt,1,4,5,0.0113,0.0507,-0.0394,-1.747,2.2801,group,88221,78851
direct_vs_group_psychosomatic,geringe,1,4,5,0.0113,0.0507,-0.0394,-1.747,2.2801,group,88221,78851
direct_vs_group_psychosomatic,gestalten,1,4,5,0.0113,0.0507,-0.0394,-1.747,2.2801,group,88221,78851
direct_vs_group_psychosomatic,hinter,1,4,5,0.0113,0.0507,-0.0394,-1.747,2.2801,group,88221,78851
direct_vs_group_psychosomatic,idem,1,4,5,0.0113,0.0507,-0.0394,-1.747,2.2801,group,88221,78851
direct_vs_group_psychosomatic,involviert,1,4,5,0.0113,0.0507,-0.0394,-1.747,2.2801,group,88221,78851
direct_vs_group_psychosomatic,konfrontiert,1,4,5,0.0113,0.0507,-0.0394,-1.747,2.2801,group,88221,78851
direct_vs_group_psychosomatic,liege,1,4,5,0.0113,0.0507,-0.0394,-1.747,2.2801,group,88221,78851
direct_vs_group_psychosomatic,möchten,1,4,5,0.0113,0.0507,-0.0394,-1.747,2.2801,group,88221,78851
direct_vs_group_psychosomatic,offener,1,4,5,0.0113,0.0507,-0.0394,-1.747,2.2801,group,88221,78851
direct_vs_group_psychosomatic,schmerzgeplagt,1,4,5,0.0113,0.0507,-0.0394,-1.747,2.2801,group,88221,78851
direct_vs_group_psychosomatic,somatisches,1,4,5,0.0113,0.0507,-0.0394,-1.747,2.2801,group,88221,78851
direct_vs_group_psychosomatic,sprachlich,1,4,5,0.0113,0.0507,-0.0394,-1.747,2.2801,group,88221,78851
direct_vs_group_psychosomatic,unauffälliges,1,4,5,0.0113,0.0507,-0.0394,-1.747,2.2801,group,88221,78851
direct_vs_group_psychosomatic,verbleiben,1,4,5,0.0113,0.0507,-0.0394,-1.747,2.2801,group,88221,78851
direct_vs_group_psychosomatic,vernachlässigt,1,4,5,0.0113,0.0507,-0.0394,-1.747,2.2801,group,88221,78851
direct_vs_group_psychosomatic,vorgeschrieben,1,4,5,0.0113,0.0507,-0.0394,-1.747,2.2801,group,88221,78851
direct_vs_group_psychosomatic,weiterem,1,4,5,0.0113,0.0507,-0.0394,-1.747,2.2801,group,88221,78851
direct_vs_group_psychosomatic,wenige,1,4,5,0.0113,0.0507,-0.0394,-1.747,2.2801,group,88221,78851
direct_vs_group_psychosomatic,zeitlich,1,4,5,0.0113,0.0507,-0.0394,-1.747,2.2801,group,88221,78851
direct_vs_group_psychosomatic,zuständige,1,4,5,0.0113,0.0507,-0.0394,-1.747,2.2801,group,88221,78851
direct_vs_group_psychosomatic,zwecks,1,4,5,0.0113,0.0507,-0.0394,-1.747,2.2801,group,88221,78851
direct_vs_group_psychosomatic,zwischenzeitlich,1,4,5,0.0113,0.0507,-0.0394,-1.747,2.2801,group,88221,78851
direct_vs_group_psychosomatic,Ängsten,1,4,5,0.0113,0.0507,-0.0394,-1.747,2.2801,group,88221,78851
direct_vs_group_psychosomatic,Ödeme,1,4,5,0.0113,0.0507,-0.0394,-1.747,2.2801,group,88221,78851
direct_vs_group_psychosomatic,ängstlich,1,4,5,0.0113,0.0507,-0.0394,-1.747,2.2801,group,88221,78851
direct_vs_group_psychosomatic,äußern,1,4,5,0.0113,0.0507,-0.0394,-1.747,2.2801,group,88221,78851
direct_vs_group_psychosomatic,EG,36,45,81,0.4081,0.5707,-0.1626,-0.48,2.2678,group,88221,78851
direct_vs_group_psychosomatic,Essgruppe,36,45,81,0.4081,0.5707,-0.1626,-0.48,2.2678,group,88221,78851
direct_vs_group_psychosomatic,nun,23,31,54,0.2607,0.3931,-0.1324,-0.5847,2.258,group,88221,78851
direct_vs_group_psychosomatic,geklärt,12,5,17,0.136,0.0634,0.0726,1.0224,2.2374,direct,88221,78851
direct_vs_group_psychosomatic,Mal,15,22,37,0.17,0.279,-0.109,-0.6996,2.2349,group,88221,78851
direct_vs_group_psychosomatic,Test,24,13,37,0.272,0.1649,0.1072,0.6978,2.2017,direct,88221,78851
direct_vs_group_psychosomatic,Eindruck,10,16,26,0.1134,0.2029,-0.0896,-0.8141,2.1528,group,88221,78851
direct_vs_group_psychosomatic,Nach,10,16,26,0.1134,0.2029,-0.0896,-0.8141,2.1528,group,88221,78851
direct_vs_group_psychosomatic,täglichen,10,16,26,0.1134,0.2029,-0.0896,-0.8141,2.1528,group,88221,78851
direct_vs_group_psychosomatic,Befunde,15,7,22,0.17,0.0888,0.0813,0.8853,2.1479,direct,88221,78851
direct_vs_group_psychosomatic,wirklich,18,9,27,0.204,0.1141,0.0899,0.7995,2.1327,direct,88221,78851
direct_vs_group_psychosomatic,ziemlich,18,9,27,0.204,0.1141,0.0899,0.7995,2.1327,direct,88221,78851
direct_vs_group_psychosomatic,Antwort,3,7,10,0.034,0.0888,-0.0548,-1.2615,2.1263,group,88221,78851
direct_vs_group_psychosomatic,Aufenthalts,3,7,10,0.034,0.0888,-0.0548,-1.2615,2.1263,group,88221,78851
direct_vs_group_psychosomatic,Dies,3,7,10,0.034,0.0888,-0.0548,-1.2615,2.1263,group,88221,78851
direct_vs_group_psychosomatic,Einschätzung,3,7,10,0.034,0.0888,-0.0548,-1.2615,2.1263,group,88221,78851
direct_vs_group_psychosomatic,Kopf,3,7,10,0.034,0.0888,-0.0548,-1.2615,2.1263,group,88221,78851
direct_vs_group_psychosomatic,Laufe,3,7,10,0.034,0.0888,-0.0548,-1.2615,2.1263,group,88221,78851
direct_vs_group_psychosomatic,R,3,7,10,0.034,0.0888,-0.0548,-1.2615,2.1263,group,88221,78851
direct_vs_group_psychosomatic,Sartan,3,7,10,0.034,0.0888,-0.0548,-1.2615,2.1263,group,88221,78851
direct_vs_group_psychosomatic,Sprechen,3,7,10,0.034,0.0888,-0.0548,-1.2615,2.1263,group,88221,78851
direct_vs_group_psychosomatic,Zimmerwechsel,3,7,10,0.034,0.0888,-0.0548,-1.2615,2.1263,group,88221,78851
direct_vs_group_psychosomatic,Zwischenmahlzeit,3,7,10,0.034,0.0888,-0.0548,-1.2615,2.1263,group,88221,78851
direct_vs_group_psychosomatic,cMRT,3,7,10,0.034,0.0888,-0.0548,-1.2615,2.1263,group,88221,78851
direct_vs_group_psychosomatic,entsprechend,3,7,10,0.034,0.0888,-0.0548,-1.2615,2.1263,group,88221,78851
direct_vs_group_psychosomatic,erster,3,7,10,0.034,0.0888,-0.0548,-1.2615,2.1263,group,88221,78851
direct_vs_group_psychosomatic,geäußert,3,7,10,0.034,0.0888,-0.0548,-1.2615,2.1263,group,88221,78851
direct_vs_group_psychosomatic,suchen,3,7,10,0.034,0.0888,-0.0548,-1.2615,2.1263,group,88221,78851
direct_vs_group_psychosomatic,allem,17,24,41,0.1927,0.3044,-0.1117,-0.6474,2.1162,group,88221,78851
direct_vs_group_psychosomatic,derzeit,17,24,41,0.1927,0.3044,-0.1117,-0.6474,2.1162,group,88221,78851
direct_vs_group_psychosomatic,Anbindung,6,11,17,0.068,0.1395,-0.0715,-0.9851,2.1075,group,88221,78851
direct_vs_group_psychosomatic,Menschen,6,11,17,0.068,0.1395,-0.0715,-0.9851,2.1075,group,88221,78851
direct_vs_group_psychosomatic,durchführen,6,11,17,0.068,0.1395,-0.0715,-0.9851,2.1075,group,88221,78851
direct_vs_group_psychosomatic,unauffällig,6,11,17,0.068,0.1395,-0.0715,-0.9851,2.1075,group,88221,78851
direct_vs_group_psychosomatic,zur,154,162,316,1.7456,2.0545,-0.3089,-0.2348,2.0963,group,88221,78851
direct_vs_group_psychosomatic,fühlt,11,17,28,0.1247,0.2156,-0.0909,-0.7677,2.0577,group,88221,78851
direct_vs_group_psychosomatic,dazu,52,34,86,0.5894,0.4312,0.1582,0.4437,2.0452,direct,88221,78851
direct_vs_group_psychosomatic,09,10,4,14,0.1134,0.0507,0.0626,1.0604,2.027,direct,88221,78851
direct_vs_group_psychosomatic,aktuell,77,86,163,0.8728,1.0907,-0.2179,-0.3205,2.0213,group,88221,78851
direct_vs_group_psychosomatic,Verlauf,34,42,76,0.3854,0.5327,-0.1473,-0.4629,1.9814,group,88221,78851
direct_vs_group_psychosomatic,übergeben,12,18,30,0.136,0.2283,-0.0923,-0.7276,1.9764,group,88221,78851
direct_vs_group_psychosomatic,versuchen,22,12,34,0.2494,0.1522,0.0972,0.686,1.9694,direct,88221,78851
direct_vs_group_psychosomatic,Dank,71,49,120,0.8048,0.6214,0.1834,0.3685,1.964,direct,88221,78851
direct_vs_group_psychosomatic,Freund,7,12,19,0.0793,0.1522,-0.0728,-0.899,1.9527,group,88221,78851
direct_vs_group_psychosomatic,Psychoedukation,7,12,19,0.0793,0.1522,-0.0728,-0.899,1.9527,group,88221,78851
direct_vs_group_psychosomatic,Vertretung,7,12,19,0.0793,0.1522,-0.0728,-0.899,1.9527,group,88221,78851
direct_vs_group_psychosomatic,brauche,7,12,19,0.0793,0.1522,-0.0728,-0.899,1.9527,group,88221,78851
direct_vs_group_psychosomatic,Symptomatik,21,28,49,0.238,0.3551,-0.1171,-0.5686,1.9438,group,88221,78851
direct_vs_group_psychosomatic,Arztbrief,19,10,29,0.2154,0.1268,0.0885,0.7311,1.9206,direct,88221,78851
direct_vs_group_psychosomatic,anderes,19,10,29,0.2154,0.1268,0.0885,0.7311,1.9206,direct,88221,78851
direct_vs_group_psychosomatic,e,19,10,29,0.2154,0.1268,0.0885,0.7311,1.9206,direct,88221,78851
direct_vs_group_psychosomatic,schicken,19,10,29,0.2154,0.1268,0.0885,0.7311,1.9206,direct,88221,78851
direct_vs_group_psychosomatic,Sorge,13,6,19,0.1474,0.0761,0.0713,0.8925,1.9146,direct,88221,78851
direct_vs_group_psychosomatic,Vertrag,13,6,19,0.1474,0.0761,0.0713,0.8925,1.9146,direct,88221,78851
direct_vs_group_psychosomatic,gestellt,13,19,32,0.1474,0.241,-0.0936,-0.6925,1.9062,group,88221,78851
direct_vs_group_psychosomatic,Eltern,26,15,41,0.2947,0.1902,0.1045,0.6117,1.8817,direct,88221,78851
direct_vs_group_psychosomatic,Erschöpfung,4,8,12,0.0453,0.1015,-0.0561,-1.0795,1.8461,group,88221,78851
direct_vs_group_psychosomatic,Gefühlen,4,8,12,0.0453,0.1015,-0.0561,-1.0795,1.8461,group,88221,78851
direct_vs_group_psychosomatic,Metformin,4,8,12,0.0453,0.1015,-0.0561,-1.0795,1.8461,group,88221,78851
direct_vs_group_psychosomatic,NW,4,8,12,0.0453,0.1015,-0.0561,-1.0795,1.8461,group,88221,78851
direct_vs_group_psychosomatic,bereit,4,8,12,0.0453,0.1015,-0.0561,-1.0795,1.8461,group,88221,78851
direct_vs_group_psychosomatic,darin,4,8,12,0.0453,0.1015,-0.0561,-1.0795,1.8461,group,88221,78851
direct_vs_group_psychosomatic,perspektivisch,4,8,12,0.0453,0.1015,-0.0561,-1.0795,1.8461,group,88221,78851
direct_vs_group_psychosomatic,positiven,4,8,12,0.0453,0.1015,-0.0561,-1.0795,1.8461,group,88221,78851
direct_vs_group_psychosomatic,überrascht,4,8,12,0.0453,0.1015,-0.0561,-1.0795,1.8461,group,88221,78851
direct_vs_group_psychosomatic,Arbeit,14,20,34,0.1587,0.2536,-0.095,-0.6616,1.8452,group,88221,78851
direct_vs_group_psychosomatic,Unterstützung,14,20,34,0.1587,0.2536,-0.095,-0.6616,1.8452,group,88221,78851
direct_vs_group_psychosomatic,Woche,259,204,463,2.9358,2.5872,0.3487,0.1816,1.8319,direct,88221,78851
direct_vs_group_psychosomatic,Mein,8,3,11,0.0907,0.038,0.0526,1.1181,1.8315,direct,88221,78851
direct_vs_group_psychosomatic,entweder,8,3,11,0.0907,0.038,0.0526,1.1181,1.8315,direct,88221,78851
direct_vs_group_psychosomatic,geholfen,8,3,11,0.0907,0.038,0.0526,1.1181,1.8315,direct,88221,78851
direct_vs_group_psychosomatic,reduzierter,8,3,11,0.0907,0.038,0.0526,1.1181,1.8315,direct,88221,78851
direct_vs_group_psychosomatic,rez,8,3,11,0.0907,0.038,0.0526,1.1181,1.8315,direct,88221,78851
direct_vs_group_psychosomatic,unterschrieben,8,3,11,0.0907,0.038,0.0526,1.1181,1.8315,direct,88221,78851
direct_vs_group_psychosomatic,dagegen,8,13,21,0.0907,0.1649,-0.0742,-0.8294,1.8296,group,88221,78851
direct_vs_group_psychosomatic,informiert,8,13,21,0.0907,0.1649,-0.0742,-0.8294,1.8296,group,88221,78851
direct_vs_group_psychosomatic,reduzieren,8,13,21,0.0907,0.1649,-0.0742,-0.8294,1.8296,group,88221,78851
direct_vs_group_psychosomatic,zeigen,8,13,21,0.0907,0.1649,-0.0742,-0.8294,1.8296,group,88221,78851
direct_vs_group_psychosomatic,kann,317,253,570,3.5932,3.2086,0.3847,0.1628,1.8106,direct,88221,78851
direct_vs_group_psychosomatic,sagt,23,13,36,0.2607,0.1649,0.0958,0.6377,1.8052,direct,88221,78851
direct_vs_group_psychosomatic,telefonisch,23,13,36,0.2607,0.1649,0.0958,0.6377,1.8052,direct,88221,78851
direct_vs_group_psychosomatic,diese,95,69,164,1.0768,0.8751,0.2018,0.2965,1.7366,direct,88221,78851
direct_vs_group_psychosomatic,Als,9,14,23,0.102,0.1776,-0.0755,-0.772,1.7296,group,88221,78851
direct_vs_group_psychosomatic,wünsche,9,14,23,0.102,0.1776,-0.0755,-0.772,1.7296,group,88221,78851
direct_vs_group_psychosomatic,bisher,31,38,69,0.3514,0.4819,-0.1305,-0.4515,1.7147,group,88221,78851
direct_vs_group_psychosomatic,hat,482,469,951,5.4636,5.9479,-0.4844,-0.1226,1.714,group,88221,78851
direct_vs_group_psychosomatic,gelaufen,35,22,57,0.3967,0.279,0.1177,0.4959,1.711,direct,88221,78851
direct_vs_group_psychosomatic,15,52,35,87,0.5894,0.4439,0.1456,0.4025,1.7085,direct,88221,78851
direct_vs_group_psychosomatic,keinen,33,40,73,0.3741,0.5073,-0.1332,-0.4358,1.6882,group,88221,78851
direct_vs_group_psychosomatic,Abstand,2,5,7,0.0227,0.0634,-0.0407,-1.2995,1.6872,group,88221,78851
direct_vs_group_psychosomatic,Bauch,2,5,7,0.0227,0.0634,-0.0407,-1.2995,1.6872,group,88221,78851
direct_vs_group_psychosomatic,Beim,2,5,7,0.0227,0.0634,-0.0407,-1.2995,1.6872,group,88221,78851
direct_vs_group_psychosomatic,Beinen,2,5,7,0.0227,0.0634,-0.0407,-1.2995,1.6872,group,88221,78851
direct_vs_group_psychosomatic,Blitzlichtrunde,2,5,7,0.0227,0.0634,-0.0407,-1.2995,1.6872,group,88221,78851
direct_vs_group_psychosomatic,Dosierung,2,5,7,0.0227,0.0634,-0.0407,-1.2995,1.6872,group,88221,78851
direct_vs_group_psychosomatic,Empfehlungen,2,5,7,0.0227,0.0634,-0.0407,-1.2995,1.6872,group,88221,78851
direct_vs_group_psychosomatic,Handlungsbedarf,2,5,7,0.0227,0.0634,-0.0407,-1.2995,1.6872,group,88221,78851
direct_vs_group_psychosomatic,Kinderwunsch,2,5,7,0.0227,0.0634,-0.0407,-1.2995,1.6872,group,88221,78851
direct_vs_group_psychosomatic,Kontroll,2,5,7,0.0227,0.0634,-0.0407,-1.2995,1.6872,group,88221,78851
direct_vs_group_psychosomatic,NICHT,2,5,7,0.0227,0.0634,-0.0407,-1.2995,1.6872,group,88221,78851
direct_vs_group_psychosomatic,Prof,2,5,7,0.0227,0.0634,-0.0407,-1.2995,1.6872,group,88221,78851
direct_vs_group_psychosomatic,W,2,5,7,0.0227,0.0634,-0.0407,-1.2995,1.6872,group,88221,78851
direct_vs_group_psychosomatic,Wisst,2,5,7,0.0227,0.0634,-0.0407,-1.2995,1.6872,group,88221,78851
direct_vs_group_psychosomatic,ausprobiert,2,5,7,0.0227,0.0634,-0.0407,-1.2995,1.6872,group,88221,78851
direct_vs_group_psychosomatic,befürchtet,2,5,7,0.0227,0.0634,-0.0407,-1.2995,1.6872,group,88221,78851
direct_vs_group_psychosomatic,bekannter,2,5,7,0.0227,0.0634,-0.0407,-1.2995,1.6872,group,88221,78851
direct_vs_group_psychosomatic,besorgt,2,5,7,0.0227,0.0634,-0.0407,-1.2995,1.6872,group,88221,78851
direct_vs_group_psychosomatic,bestehenden,2,5,7,0.0227,0.0634,-0.0407,-1.2995,1.6872,group,88221,78851
direct_vs_group_psychosomatic,enttäuscht,2,5,7,0.0227,0.0634,-0.0407,-1.2995,1.6872,group,88221,78851
direct_vs_group_psychosomatic,gelernt,2,5,7,0.0227,0.0634,-0.0407,-1.2995,1.6872,group,88221,78851
direct_vs_group_psychosomatic,gesamten,2,5,7,0.0227,0.0634,-0.0407,-1.2995,1.6872,group,88221,78851
direct_vs_group_psychosomatic,hinten,2,5,7,0.0227,0.0634,-0.0407,-1.2995,1.6872,group,88221,78851
direct_vs_group_psychosomatic,hoher,2,5,7,0.0227,0.0634,-0.0407,-1.2995,1.6872,group,88221,78851
direct_vs_group_psychosomatic,iFOBT,2,5,7,0.0227,0.0634,-0.0407,-1.2995,1.6872,group,88221,78851
direct_vs_group_psychosomatic,jede,2,5,7,0.0227,0.0634,-0.0407,-1.2995,1.6872,group,88221,78851
direct_vs_group_psychosomatic,kleinen,2,5,7,0.0227,0.0634,-0.0407,-1.2995,1.6872,group,88221,78851
direct_vs_group_psychosomatic,präsent,2,5,7,0.0227,0.0634,-0.0407,-1.2995,1.6872,group,88221,78851
direct_vs_group_psychosomatic,rum,2,5,7,0.0227,0.0634,-0.0407,-1.2995,1.6872,group,88221,78851
direct_vs_group_psychosomatic,stattfindet,2,5,7,0.0227,0.0634,-0.0407,-1.2995,1.6872,group,88221,78851
direct_vs_group_psychosomatic,verschwunden,2,5,7,0.0227,0.0634,-0.0407,-1.2995,1.6872,group,88221,78851
direct_vs_group_psychosomatic,weiteres,2,5,7,0.0227,0.0634,-0.0407,-1.2995,1.6872,group,88221,78851
direct_vs_group_psychosomatic,melden,17,9,26,0.1927,0.1141,0.0786,0.7194,1.6856,direct,88221,78851
direct_vs_group_psychosomatic,denen,11,5,16,0.1247,0.0634,0.0613,0.9021,1.6826,direct,88221,78851
direct_vs_group_psychosomatic,psychische,11,5,16,0.1247,0.0634,0.0613,0.9021,1.6826,direct,88221,78851
direct_vs_group_psychosomatic,unser,11,5,16,0.1247,0.0634,0.0613,0.9021,1.6826,direct,88221,78851
direct_vs_group_psychosomatic,ADHS,6,2,8,0.068,0.0254,0.0426,1.2165,1.6691,direct,88221,78851
direct_vs_group_psychosomatic,Antidepressivum,6,2,8,0.068,0.0254,0.0426,1.2165,1.6691,direct,88221,78851
direct_vs_group_psychosomatic,Auftrag,6,2,8,0.068,0.0254,0.0426,1.2165,1.6691,direct,88221,78851
direct_vs_group_psychosomatic,Bericht,6,2,8,0.068,0.0254,0.0426,1.2165,1.6691,direct,88221,78851
direct_vs_group_psychosomatic,Dissoziative,6,2,8,0.068,0.0254,0.0426,1.2165,1.6691,direct,88221,78851
direct_vs_group_psychosomatic,Doctalk,6,2,8,0.068,0.0254,0.0426,1.2165,1.6691,direct,88221,78851
direct_vs_group_psychosomatic,Mitbefundung,6,2,8,0.068,0.0254,0.0426,1.2165,1.6691,direct,88221,78851
direct_vs_group_psychosomatic,Regel,6,2,8,0.068,0.0254,0.0426,1.2165,1.6691,direct,88221,78851
direct_vs_group_psychosomatic,Rest,6,2,8,0.068,0.0254,0.0426,1.2165,1.6691,direct,88221,78851
direct_vs_group_psychosomatic,Rezept,6,2,8,0.068,0.0254,0.0426,1.2165,1.6691,direct,88221,78851
direct_vs_group_psychosomatic,Schlecht,6,2,8,0.068,0.0254,0.0426,1.2165,1.6691,direct,88221,78851
direct_vs_group_psychosomatic,Strukturgebung,6,2,8,0.068,0.0254,0.0426,1.2165,1.6691,direct,88221,78851
direct_vs_group_psychosomatic,T,6,2,8,0.068,0.0254,0.0426,1.2165,1.6691,direct,88221,78851
direct_vs_group_psychosomatic,Unzufriedenheit,6,2,8,0.068,0.0254,0.0426,1.2165,1.6691,direct,88221,78851
direct_vs_group_psychosomatic,Vitamin,6,2,8,0.068,0.0254,0.0426,1.2165,1.6691,direct,88221,78851
direct_vs_group_psychosomatic,Vmtl,6,2,8,0.068,0.0254,0.0426,1.2165,1.6691,direct,88221,78851
direct_vs_group_psychosomatic,anlegen,6,2,8,0.068,0.0254,0.0426,1.2165,1.6691,direct,88221,78851
direct_vs_group_psychosomatic,aufgefallen,6,2,8,0.068,0.0254,0.0426,1.2165,1.6691,direct,88221,78851
direct_vs_group_psychosomatic,bewegt,6,2,8,0.068,0.0254,0.0426,1.2165,1.6691,direct,88221,78851
direct_vs_group_psychosomatic,freien,6,2,8,0.068,0.0254,0.0426,1.2165,1.6691,direct,88221,78851
direct_vs_group_psychosomatic,kommunizieren,6,2,8,0.068,0.0254,0.0426,1.2165,1.6691,direct,88221,78851
direct_vs_group_psychosomatic,schicke,6,2,8,0.068,0.0254,0.0426,1.2165,1.6691,direct,88221,78851
direct_vs_group_psychosomatic,schreib,6,2,8,0.068,0.0254,0.0426,1.2165,1.6691,direct,88221,78851
direct_vs_group_psychosomatic,type,6,2,8,0.068,0.0254,0.0426,1.2165,1.6691,direct,88221,78851
direct_vs_group_psychosomatic,unbehandelt,6,2,8,0.068,0.0254,0.0426,1.2165,1.6691,direct,88221,78851
direct_vs_group_psychosomatic,verneint,6,2,8,0.068,0.0254,0.0426,1.2165,1.6691,direct,88221,78851
direct_vs_group_psychosomatic,verstetigen,6,2,8,0.068,0.0254,0.0426,1.2165,1.6691,direct,88221,78851
direct_vs_group_psychosomatic,wem,6,2,8,0.068,0.0254,0.0426,1.2165,1.6691,direct,88221,78851
direct_vs_group_psychosomatic,wiederum,6,2,8,0.068,0.0254,0.0426,1.2165,1.6691,direct,88221,78851
direct_vs_group_psychosomatic,Knie,14,7,21,0.1587,0.0888,0.0699,0.7891,1.6587,direct,88221,78851
direct_vs_group_psychosomatic,warum,14,7,21,0.1587,0.0888,0.0699,0.7891,1.6587,direct,88221,78851
direct_vs_group_psychosomatic,bereits,36,43,79,0.4081,0.5453,-0.1373,-0.4151,1.6559,group,88221,78851
direct_vs_group_psychosomatic,dort,36,43,79,0.4081,0.5453,-0.1373,-0.4151,1.6559,group,88221,78851
direct_vs_group_psychosomatic,Punkt,5,9,14,0.0567,0.1141,-0.0575,-0.9505,1.6522,group,88221,78851
direct_vs_group_psychosomatic,Ruhe,5,9,14,0.0567,0.1141,-0.0575,-0.9505,1.6522,group,88221,78851
direct_vs_group_psychosomatic,entwickelt,5,9,14,0.0567,0.1141,-0.0575,-0.9505,1.6522,group,88221,78851
direct_vs_group_psychosomatic,freuen,5,9,14,0.0567,0.1141,-0.0575,-0.9505,1.6522,group,88221,78851
direct_vs_group_psychosomatic,geführt,5,9,14,0.0567,0.1141,-0.0575,-0.9505,1.6522,group,88221,78851
direct_vs_group_psychosomatic,löschen,5,9,14,0.0567,0.1141,-0.0575,-0.9505,1.6522,group,88221,78851
direct_vs_group_psychosomatic,zurück,19,25,44,0.2154,0.3171,-0.1017,-0.549,1.6331,group,88221,78851
direct_vs_group_psychosomatic,4,40,26,66,0.4534,0.3297,0.1237,0.4499,1.6283,direct,88221,78851
direct_vs_group_psychosomatic,ihren,40,47,87,0.4534,0.5961,-0.1427,-0.392,1.6239,group,88221,78851
direct_vs_group_psychosomatic,08,4,1,5,0.0453,0.0127,0.0327,1.423,1.6063,direct,88221,78851
direct_vs_group_psychosomatic,500g,4,1,5,0.0453,0.0127,0.0327,1.423,1.6063,direct,88221,78851
direct_vs_group_psychosomatic,Anfrage,4,1,5,0.0453,0.0127,0.0327,1.423,1.6063,direct,88221,78851
direct_vs_group_psychosomatic,Aufenthaltes,4,1,5,0.0453,0.0127,0.0327,1.423,1.6063,direct,88221,78851
direct_vs_group_psychosomatic,Bezüglich,4,1,5,0.0453,0.0127,0.0327,1.423,1.6063,direct,88221,78851
direct_vs_group_psychosomatic,Einladung,4,1,5,0.0453,0.0127,0.0327,1.423,1.6063,direct,88221,78851
direct_vs_group_psychosomatic,Essenbestellung,4,1,5,0.0453,0.0127,0.0327,1.423,1.6063,direct,88221,78851
direct_vs_group_psychosomatic,Fremdsprache,4,1,5,0.0453,0.0127,0.0327,1.423,1.6063,direct,88221,78851
direct_vs_group_psychosomatic,Interview,4,1,5,0.0453,0.0127,0.0327,1.423,1.6063,direct,88221,78851
direct_vs_group_psychosomatic,Konsequenzen,4,1,5,0.0453,0.0127,0.0327,1.423,1.6063,direct,88221,78851
direct_vs_group_psychosomatic,Missempfindungen,4,1,5,0.0453,0.0127,0.0327,1.423,1.6063,direct,88221,78851
direct_vs_group_psychosomatic,NSTEMI,4,1,5,0.0453,0.0127,0.0327,1.423,1.6063,direct,88221,78851
direct_vs_group_psychosomatic,Nachfragen,4,1,5,0.0453,0.0127,0.0327,1.423,1.6063,direct,88221,78851
direct_vs_group_psychosomatic,Nitro,4,1,5,0.0453,0.0127,0.0327,1.423,1.6063,direct,88221,78851
direct_vs_group_psychosomatic,OK,4,1,5,0.0453,0.0127,0.0327,1.423,1.6063,direct,88221,78851
direct_vs_group_psychosomatic,OPD,4,1,5,0.0453,0.0127,0.0327,1.423,1.6063,direct,88221,78851
direct_vs_group_psychosomatic,PNP,4,1,5,0.0453,0.0127,0.0327,1.423,1.6063,direct,88221,78851
direct_vs_group_psychosomatic,Probatorik_Patient,4,1,5,0.0453,0.0127,0.0327,1.423,1.6063,direct,88221,78851
direct_vs_group_psychosomatic,Schnelltests,4,1,5,0.0453,0.0127,0.0327,1.423,1.6063,direct,88221,78851
direct_vs_group_psychosomatic,Sitzungen,4,1,5,0.0453,0.0127,0.0327,1.423,1.6063,direct,88221,78851
direct_vs_group_psychosomatic,Stabilisierung,4,1,5,0.0453,0.0127,0.0327,1.423,1.6063,direct,88221,78851
direct_vs_group_psychosomatic,Stressecho,4,1,5,0.0453,0.0127,0.0327,1.423,1.6063,direct,88221,78851
direct_vs_group_psychosomatic,Systolikum,4,1,5,0.0453,0.0127,0.0327,1.423,1.6063,direct,88221,78851
direct_vs_group_psychosomatic,Testosteronbestimmung,4,1,5,0.0453,0.0127,0.0327,1.423,1.6063,direct,88221,78851
direct_vs_group_psychosomatic,Testung,4,1,5,0.0453,0.0127,0.0327,1.423,1.6063,direct,88221,78851
direct_vs_group_psychosomatic,Unterricht,4,1,5,0.0453,0.0127,0.0327,1.423,1.6063,direct,88221,78851
direct_vs_group_psychosomatic,Weiß,4,1,5,0.0453,0.0127,0.0327,1.423,1.6063,direct,88221,78851
direct_vs_group_psychosomatic,Zeitplan,4,1,5,0.0453,0.0127,0.0327,1.423,1.6063,direct,88221,78851
direct_vs_group_psychosomatic,alt,4,1,5,0.0453,0.0127,0.0327,1.423,1.6063,direct,88221,78851
direct_vs_group_psychosomatic,angehörigengespräch,4,1,5,0.0453,0.0127,0.0327,1.423,1.6063,direct,88221,78851
direct_vs_group_psychosomatic,anscheinend,4,1,5,0.0453,0.0127,0.0327,1.423,1.6063,direct,88221,78851
direct_vs_group_psychosomatic,auskultatorisch,4,1,5,0.0453,0.0127,0.0327,1.423,1.6063,direct,88221,78851
direct_vs_group_psychosomatic,behalten,4,1,5,0.0453,0.0127,0.0327,1.423,1.6063,direct,88221,78851
direct_vs_group_psychosomatic,besprichst,4,1,5,0.0453,0.0127,0.0327,1.423,1.6063,direct,88221,78851
direct_vs_group_psychosomatic,fester,4,1,5,0.0453,0.0127,0.0327,1.423,1.6063,direct,88221,78851
direct_vs_group_psychosomatic,gefreut,4,1,5,0.0453,0.0127,0.0327,1.423,1.6063,direct,88221,78851
direct_vs_group_psychosomatic,gelandet,4,1,5,0.0453,0.0127,0.0327,1.423,1.6063,direct,88221,78851
direct_vs_group_psychosomatic,geschildert,4,1,5,0.0453,0.0127,0.0327,1.423,1.6063,direct,88221,78851
direct_vs_group_psychosomatic,gewicht,4,1,5,0.0453,0.0127,0.0327,1.423,1.6063,direct,88221,78851
direct_vs_group_psychosomatic,innocent,4,1,5,0.0453,0.0127,0.0327,1.423,1.6063,direct,88221,78851
direct_vs_group_psychosomatic,jedes,4,1,5,0.0453,0.0127,0.0327,1.423,1.6063,direct,88221,78851
direct_vs_group_psychosomatic,konkret,4,1,5,0.0453,0.0127,0.0327,1.423,1.6063,direct,88221,78851
direct_vs_group_psychosomatic,lege,4,1,5,0.0453,0.0127,0.0327,1.423,1.6063,direct,88221,78851
direct_vs_group_psychosomatic,med,4,1,5,0.0453,0.0127,0.0327,1.423,1.6063,direct,88221,78851
direct_vs_group_psychosomatic,niedrignormal,4,1,5,0.0453,0.0127,0.0327,1.423,1.6063,direct,88221,78851
direct_vs_group_psychosomatic,orientiert,4,1,5,0.0453,0.0127,0.0327,1.423,1.6063,direct,88221,78851
direct_vs_group_psychosomatic,pünktlich,4,1,5,0.0453,0.0127,0.0327,1.423,1.6063,direct,88221,78851
direct_vs_group_psychosomatic,reinschauen,4,1,5,0.0453,0.0127,0.0327,1.423,1.6063,direct,88221,78851
direct_vs_group_psychosomatic,run,4,1,5,0.0453,0.0127,0.0327,1.423,1.6063,direct,88221,78851
direct_vs_group_psychosomatic,sicherlich,4,1,5,0.0453,0.0127,0.0327,1.423,1.6063,direct,88221,78851
direct_vs_group_psychosomatic,sprichst,4,1,5,0.0453,0.0127,0.0327,1.423,1.6063,direct,88221,78851
direct_vs_group_psychosomatic,station,4,1,5,0.0453,0.0127,0.0327,1.423,1.6063,direct,88221,78851
direct_vs_group_psychosomatic,status,4,1,5,0.0453,0.0127,0.0327,1.423,1.6063,direct,88221,78851
direct_vs_group_psychosomatic,update,4,1,5,0.0453,0.0127,0.0327,1.423,1.6063,direct,88221,78851
direct_vs_group_psychosomatic,vermitteln,4,1,5,0.0453,0.0127,0.0327,1.423,1.6063,direct,88221,78851
direct_vs_group_psychosomatic,versichert,4,1,5,0.0453,0.0127,0.0327,1.423,1.6063,direct,88221,78851
direct_vs_group_psychosomatic,vorbesprochen,4,1,5,0.0453,0.0127,0.0327,1.423,1.6063,direct,88221,78851
direct_vs_group_psychosomatic,welcher,4,1,5,0.0453,0.0127,0.0327,1.423,1.6063,direct,88221,78851
direct_vs_group_psychosomatic,wochenende,4,1,5,0.0453,0.0127,0.0327,1.423,1.6063,direct,88221,78851
direct_vs_group_psychosomatic,zimmer,4,1,5,0.0453,0.0127,0.0327,1.423,1.6063,direct,88221,78851
direct_vs_group_psychosomatic,zukommen,4,1,5,0.0453,0.0127,0.0327,1.423,1.6063,direct,88221,78851
direct_vs_group_psychosomatic,vermutlich,20,26,46,0.2267,0.3297,-0.103,-0.5324,1.6035,group,88221,78851
direct_vs_group_psychosomatic,Er,44,51,95,0.4987,0.6468,-0.148,-0.3728,1.6015,group,88221,78851
direct_vs_group_psychosomatic,Dienstag,63,44,107,0.7141,0.558,0.1561,0.351,1.5955,direct,88221,78851
direct_vs_group_psychosomatic,Habe,63,44,107,0.7141,0.558,0.1561,0.351,1.5955,direct,88221,78851
direct_vs_group_psychosomatic,Jahr,51,58,109,0.5781,0.7356,-0.1575,-0.3459,1.5792,group,88221,78851
direct_vs_group_psychosomatic,17,11,16,27,0.1247,0.2029,-0.0782,-0.6828,1.5778,group,88221,78851
direct_vs_group_psychosomatic,empfehlen,11,16,27,0.1247,0.2029,-0.0782,-0.6828,1.5778,group,88221,78851
direct_vs_group_psychosomatic,sehe,45,30,75,0.5101,0.3805,0.1296,0.4151,1.5723,direct,88221,78851
direct_vs_group_psychosomatic,gegangen,22,28,50,0.2494,0.3551,-0.1057,-0.503,1.553,group,88221,78851
direct_vs_group_psychosomatic,trotzdem,25,15,40,0.2834,0.1902,0.0931,0.5562,1.5299,direct,88221,78851
direct_vs_group_psychosomatic,Besprechung,6,10,16,0.068,0.1268,-0.0588,-0.8539,1.5102,group,88221,78851
direct_vs_group_psychosomatic,Covid,6,10,16,0.068,0.1268,-0.0588,-0.8539,1.5102,group,88221,78851
direct_vs_group_psychosomatic,müde,6,10,16,0.068,0.1268,-0.0588,-0.8539,1.5102,group,88221,78851
direct_vs_group_psychosomatic,Gerne,9,4,13,0.102,0.0507,0.0513,0.916,1.4531,direct,88221,78851
direct_vs_group_psychosomatic,Planung,9,4,13,0.102,0.0507,0.0513,0.916,1.4531,direct,88221,78851
direct_vs_group_psychosomatic,Status,9,4,13,0.102,0.0507,0.0513,0.916,1.4531,direct,88221,78851
direct_vs_group_psychosomatic,abwarten,9,4,13,0.102,0.0507,0.0513,0.916,1.4531,direct,88221,78851
direct_vs_group_psychosomatic,dahin,9,4,13,0.102,0.0507,0.0513,0.916,1.4531,direct,88221,78851
direct_vs_group_psychosomatic,geschickt,9,4,13,0.102,0.0507,0.0513,0.916,1.4531,direct,88221,78851
direct_vs_group_psychosomatic,hilft,9,4,13,0.102,0.0507,0.0513,0.916,1.4531,direct,88221,78851
direct_vs_group_psychosomatic,leid,9,4,13,0.102,0.0507,0.0513,0.916,1.4531,direct,88221,78851
direct_vs_group_psychosomatic,relaxed,9,4,13,0.102,0.0507,0.0513,0.916,1.4531,direct,88221,78851
direct_vs_group_psychosomatic,sowieso,9,4,13,0.102,0.0507,0.0513,0.916,1.4531,direct,88221,78851
direct_vs_group_psychosomatic,Eine,15,8,23,0.17,0.1015,0.0686,0.7047,1.4511,direct,88221,78851
direct_vs_group_psychosomatic,Rücksprache,15,8,23,0.17,0.1015,0.0686,0.7047,1.4511,direct,88221,78851
direct_vs_group_psychosomatic,SD,15,8,23,0.17,0.1015,0.0686,0.7047,1.4511,direct,88221,78851
direct_vs_group_psychosomatic,deswegen,15,8,23,0.17,0.1015,0.0686,0.7047,1.4511,direct,88221,78851
direct_vs_group_psychosomatic,sieht,22,13,35,0.2494,0.1649,0.0845,0.575,1.4402,direct,88221,78851
direct_vs_group_psychosomatic,einer,92,68,160,1.0428,0.8624,0.1804,0.2714,1.4228,direct,88221,78851
direct_vs_group_psychosomatic,Plan,12,6,18,0.136,0.0761,0.0599,0.7814,1.4218,direct,88221,78851
direct_vs_group_psychosomatic,angekommen,12,6,18,0.136,0.0761,0.0599,0.7814,1.4218,direct,88221,78851
direct_vs_group_psychosomatic,manchmal,12,6,18,0.136,0.0761,0.0599,0.7814,1.4218,direct,88221,78851
direct_vs_group_psychosomatic,allerdings,34,22,56,0.3854,0.279,0.1064,0.4547,1.4205,direct,88221,78851
direct_vs_group_psychosomatic,paar,30,19,49,0.3401,0.241,0.0991,0.4833,1.4098,direct,88221,78851
direct_vs_group_psychosomatic,Infos,15,20,35,0.17,0.2536,-0.0836,-0.5653,1.3884,group,88221,78851
direct_vs_group_psychosomatic,14Uhr,3,6,9,0.034,0.0761,-0.0421,-1.0551,1.3846,group,88221,78851
direct_vs_group_psychosomatic,Angststörung,3,6,9,0.034,0.0761,-0.0421,-1.0551,1.3846,group,88221,78851
direct_vs_group_psychosomatic,Beispiel,3,6,9,0.034,0.0761,-0.0421,-1.0551,1.3846,group,88221,78851
direct_vs_group_psychosomatic,ED,3,6,9,0.034,0.0761,-0.0421,-1.0551,1.3846,group,88221,78851
direct_vs_group_psychosomatic,Luft,3,6,9,0.034,0.0761,-0.0421,-1.0551,1.3846,group,88221,78851
direct_vs_group_psychosomatic,OSAS,3,6,9,0.034,0.0761,-0.0421,-1.0551,1.3846,group,88221,78851
direct_vs_group_psychosomatic,Persönlichkeitsstörung,3,6,9,0.034,0.0761,-0.0421,-1.0551,1.3846,group,88221,78851
direct_vs_group_psychosomatic,Schlaflabor,3,6,9,0.034,0.0761,-0.0421,-1.0551,1.3846,group,88221,78851
direct_vs_group_psychosomatic,Schluss,3,6,9,0.034,0.0761,-0.0421,-1.0551,1.3846,group,88221,78851
direct_vs_group_psychosomatic,Tages,3,6,9,0.034,0.0761,-0.0421,-1.0551,1.3846,group,88221,78851
direct_vs_group_psychosomatic,Veränderung,3,6,9,0.034,0.0761,-0.0421,-1.0551,1.3846,group,88221,78851
direct_vs_group_psychosomatic,entzügig,3,6,9,0.034,0.0761,-0.0421,-1.0551,1.3846,group,88221,78851
direct_vs_group_psychosomatic,mitgeteilt,3,6,9,0.034,0.0761,-0.0421,-1.0551,1.3846,group,88221,78851
direct_vs_group_psychosomatic,vorsichtig,3,6,9,0.034,0.0761,-0.0421,-1.0551,1.3846,group,88221,78851
direct_vs_group_psychosomatic,wütend,3,6,9,0.034,0.0761,-0.0421,-1.0551,1.3846,group,88221,78851
direct_vs_group_psychosomatic,wichtig,16,21,37,0.1814,0.2663,-0.085,-0.5439,1.3557,group,88221,78851
direct_vs_group_psychosomatic,VD,8,12,20,0.0907,0.1522,-0.0615,-0.7184,1.3176,group,88221,78851
direct_vs_group_psychosomatic,anfangen,8,12,20,0.0907,0.1522,-0.0615,-0.7184,1.3176,group,88221,78851
direct_vs_group_psychosomatic,stattfinden,8,12,20,0.0907,0.1522,-0.0615,-0.7184,1.3176,group,88221,78851
direct_vs_group_psychosomatic,Gewichtszunahme,23,14,37,0.2607,0.1776,0.0832,0.5346,1.3173,direct,88221,78851
direct_vs_group_psychosomatic,darüber,31,20,51,0.3514,0.2536,0.0977,0.4577,1.3168,direct,88221,78851
direct_vs_group_psychosomatic,2x,18,23,41,0.204,0.2917,-0.0877,-0.5071,1.3019,group,88221,78851
direct_vs_group_psychosomatic,17Uhr,1,3,4,0.0113,0.038,-0.0267,-1.3844,1.2837,group,88221,78851
direct_vs_group_psychosomatic,Abschlussrunde,1,3,4,0.0113,0.038,-0.0267,-1.3844,1.2837,group,88221,78851
direct_vs_group_psychosomatic,Alternative,1,3,4,0.0113,0.038,-0.0267,-1.3844,1.2837,group,88221,78851
direct_vs_group_psychosomatic,Antikörper,1,3,4,0.0113,0.038,-0.0267,-1.3844,1.2837,group,88221,78851
direct_vs_group_psychosomatic,Arbeiten,1,3,4,0.0113,0.038,-0.0267,-1.3844,1.2837,group,88221,78851
direct_vs_group_psychosomatic,Aufenthalten,1,3,4,0.0113,0.038,-0.0267,-1.3844,1.2837,group,88221,78851
direct_vs_group_psychosomatic,Ausdruck,1,3,4,0.0113,0.038,-0.0267,-1.3844,1.2837,group,88221,78851
direct_vs_group_psychosomatic,Bedenken,1,3,4,0.0113,0.038,-0.0267,-1.3844,1.2837,group,88221,78851
direct_vs_group_psychosomatic,Berichtete,1,3,4,0.0113,0.038,-0.0267,-1.3844,1.2837,group,88221,78851
direct_vs_group_psychosomatic,Berücksichtigung,1,3,4,0.0113,0.038,-0.0267,-1.3844,1.2837,group,88221,78851
direct_vs_group_psychosomatic,Biografie,1,3,4,0.0113,0.038,-0.0267,-1.3844,1.2837,group,88221,78851
direct_vs_group_psychosomatic,Biopsie,1,3,4,0.0113,0.038,-0.0267,-1.3844,1.2837,group,88221,78851
direct_vs_group_psychosomatic,Blutung,1,3,4,0.0113,0.038,-0.0267,-1.3844,1.2837,group,88221,78851
direct_vs_group_psychosomatic,Brust,1,3,4,0.0113,0.038,-0.0267,-1.3844,1.2837,group,88221,78851
direct_vs_group_psychosomatic,CFS,1,3,4,0.0113,0.038,-0.0267,-1.3844,1.2837,group,88221,78851
direct_vs_group_psychosomatic,Dabei,1,3,4,0.0113,0.038,-0.0267,-1.3844,1.2837,group,88221,78851
direct_vs_group_psychosomatic,Defizite,1,3,4,0.0113,0.038,-0.0267,-1.3844,1.2837,group,88221,78851
direct_vs_group_psychosomatic,Einheit,1,3,4,0.0113,0.038,-0.0267,-1.3844,1.2837,group,88221,78851
direct_vs_group_psychosomatic,Einzeltherapeutin,1,3,4,0.0113,0.038,-0.0267,-1.3844,1.2837,group,88221,78851
direct_vs_group_psychosomatic,Ergänzungen,1,3,4,0.0113,0.038,-0.0267,-1.3844,1.2837,group,88221,78851
direct_vs_group_psychosomatic,Erklärung,1,3,4,0.0113,0.038,-0.0267,-1.3844,1.2837,group,88221,78851
direct_vs_group_psychosomatic,Erlebnisse,1,3,4,0.0113,0.038,-0.0267,-1.3844,1.2837,group,88221,78851
direct_vs_group_psychosomatic,Exposition,1,3,4,0.0113,0.038,-0.0267,-1.3844,1.2837,group,88221,78851
direct_vs_group_psychosomatic,FD,1,3,4,0.0113,0.038,-0.0267,-1.3844,1.2837,group,88221,78851
direct_vs_group_psychosomatic,Geht,1,3,4,0.0113,0.038,-0.0267,-1.3844,1.2837,group,88221,78851
direct_vs_group_psychosomatic,Gewissen,1,3,4,0.0113,0.038,-0.0267,-1.3844,1.2837,group,88221,78851
direct_vs_group_psychosomatic,Grenze,1,3,4,0.0113,0.038,-0.0267,-1.3844,1.2837,group,88221,78851
direct_vs_group_psychosomatic,Herzlich,1,3,4,0.0113,0.038,-0.0267,-1.3844,1.2837,group,88221,78851
direct_vs_group_psychosomatic,Herzliche,1,3,4,0.0113,0.038,-0.0267,-1.3844,1.2837,group,88221,78851
direct_vs_group_psychosomatic,Husten,1,3,4,0.0113,0.038,-0.0267,-1.3844,1.2837,group,88221,78851
direct_vs_group_psychosomatic,Hämangiome,1,3,4,0.0113,0.038,-0.0267,-1.3844,1.2837,group,88221,78851
direct_vs_group_psychosomatic,Ihnen,1,3,4,0.0113,0.038,-0.0267,-1.3844,1.2837,group,88221,78851
direct_vs_group_psychosomatic,Insulinschema,1,3,4,0.0113,0.038,-0.0267,-1.3844,1.2837,group,88221,78851
direct_vs_group_psychosomatic,Kalorienmenge,1,3,4,0.0113,0.038,-0.0267,-1.3844,1.2837,group,88221,78851
direct_vs_group_psychosomatic,Kombi,1,3,4,0.0113,0.038,-0.0267,-1.3844,1.2837,group,88221,78851
direct_vs_group_psychosomatic,Konflikten,1,3,4,0.0113,0.038,-0.0267,-1.3844,1.2837,group,88221,78851
direct_vs_group_psychosomatic,Krankengeld,1,3,4,0.0113,0.038,-0.0267,-1.3844,1.2837,group,88221,78851
direct_vs_group_psychosomatic,Kreis,1,3,4,0.0113,0.038,-0.0267,-1.3844,1.2837,group,88221,78851
direct_vs_group_psychosomatic,Körper,1,3,4,0.0113,0.038,-0.0267,-1.3844,1.2837,group,88221,78851
direct_vs_group_psychosomatic,Langweile,1,3,4,0.0113,0.038,-0.0267,-1.3844,1.2837,group,88221,78851
direct_vs_group_psychosomatic,Leucos,1,3,4,0.0113,0.038,-0.0267,-1.3844,1.2837,group,88221,78851
direct_vs_group_psychosomatic,Literatur,1,3,4,0.0113,0.038,-0.0267,-1.3844,1.2837,group,88221,78851
direct_vs_group_psychosomatic,Messungen,1,3,4,0.0113,0.038,-0.0267,-1.3844,1.2837,group,88221,78851
direct_vs_group_psychosomatic,Mitarbeiter,1,3,4,0.0113,0.038,-0.0267,-1.3844,1.2837,group,88221,78851
direct_vs_group_psychosomatic,Motivation,1,3,4,0.0113,0.038,-0.0267,-1.3844,1.2837,group,88221,78851
direct_vs_group_psychosomatic,Musikraum,1,3,4,0.0113,0.038,-0.0267,-1.3844,1.2837,group,88221,78851
direct_vs_group_psychosomatic,Myalgien,1,3,4,0.0113,0.038,-0.0267,-1.3844,1.2837,group,88221,78851
direct_vs_group_psychosomatic,Müdigkeit,1,3,4,0.0113,0.038,-0.0267,-1.3844,1.2837,group,88221,78851
direct_vs_group_psychosomatic,Nahrungsergänzungsmittel,1,3,4,0.0113,0.038,-0.0267,-1.3844,1.2837,group,88221,78851
direct_vs_group_psychosomatic,Paargespräch,1,3,4,0.0113,0.038,-0.0267,-1.3844,1.2837,group,88221,78851
direct_vs_group_psychosomatic,Pankreatitis,1,3,4,0.0113,0.038,-0.0267,-1.3844,1.2837,group,88221,78851
direct_vs_group_psychosomatic,Paracetamol,1,3,4,0.0113,0.038,-0.0267,-1.3844,1.2837,group,88221,78851
direct_vs_group_psychosomatic,Partners,1,3,4,0.0113,0.038,-0.0267,-1.3844,1.2837,group,88221,78851
direct_vs_group_psychosomatic,Perspektive,1,3,4,0.0113,0.038,-0.0267,-1.3844,1.2837,group,88221,78851
direct_vs_group_psychosomatic,Phys,1,3,4,0.0113,0.038,-0.0267,-1.3844,1.2837,group,88221,78851
direct_vs_group_psychosomatic,Physio,1,3,4,0.0113,0.038,-0.0267,-1.3844,1.2837,group,88221,78851
direct_vs_group_psychosomatic,Physiotherapie,1,3,4,0.0113,0.038,-0.0267,-1.3844,1.2837,group,88221,78851
direct_vs_group_psychosomatic,Rheuma,1,3,4,0.0113,0.038,-0.0267,-1.3844,1.2837,group,88221,78851
direct_vs_group_psychosomatic,Rückkehr,1,3,4,0.0113,0.038,-0.0267,-1.3844,1.2837,group,88221,78851
direct_vs_group_psychosomatic,Schuldgefühlen,1,3,4,0.0113,0.038,-0.0267,-1.3844,1.2837,group,88221,78851
direct_vs_group_psychosomatic,Seit,1,3,4,0.0113,0.038,-0.0267,-1.3844,1.2837,group,88221,78851
direct_vs_group_psychosomatic,Sektorpsychiatrie,1,3,4,0.0113,0.038,-0.0267,-1.3844,1.2837,group,88221,78851
direct_vs_group_psychosomatic,Serum,1,3,4,0.0113,0.038,-0.0267,-1.3844,1.2837,group,88221,78851
direct_vs_group_psychosomatic,Sicherheit,1,3,4,0.0113,0.038,-0.0267,-1.3844,1.2837,group,88221,78851
direct_vs_group_psychosomatic,Steht,1,3,4,0.0113,0.038,-0.0267,-1.3844,1.2837,group,88221,78851
direct_vs_group_psychosomatic,Thorax,1,3,4,0.0113,0.038,-0.0267,-1.3844,1.2837,group,88221,78851
direct_vs_group_psychosomatic,Umzug,1,3,4,0.0113,0.038,-0.0267,-1.3844,1.2837,group,88221,78851
direct_vs_group_psychosomatic,Verletzung,1,3,4,0.0113,0.038,-0.0267,-1.3844,1.2837,group,88221,78851
direct_vs_group_psychosomatic,Verschiebung,1,3,4,0.0113,0.038,-0.0267,-1.3844,1.2837,group,88221,78851
direct_vs_group_psychosomatic,Vortrag,1,3,4,0.0113,0.038,-0.0267,-1.3844,1.2837,group,88221,78851
direct_vs_group_psychosomatic,Wichtig,1,3,4,0.0113,0.038,-0.0267,-1.3844,1.2837,group,88221,78851
direct_vs_group_psychosomatic,Wiederholung,1,3,4,0.0113,0.038,-0.0267,-1.3844,1.2837,group,88221,78851
direct_vs_group_psychosomatic,Wohnung,1,3,4,0.0113,0.038,-0.0267,-1.3844,1.2837,group,88221,78851
direct_vs_group_psychosomatic,Zahlung,1,3,4,0.0113,0.038,-0.0267,-1.3844,1.2837,group,88221,78851
direct_vs_group_psychosomatic,Zufuhr,1,3,4,0.0113,0.038,-0.0267,-1.3844,1.2837,group,88221,78851
direct_vs_group_psychosomatic,Zusammenbruch,1,3,4,0.0113,0.038,-0.0267,-1.3844,1.2837,group,88221,78851
direct_vs_group_psychosomatic,absagen,1,3,4,0.0113,0.038,-0.0267,-1.3844,1.2837,group,88221,78851
direct_vs_group_psychosomatic,adäquat,1,3,4,0.0113,0.038,-0.0267,-1.3844,1.2837,group,88221,78851
direct_vs_group_psychosomatic,akzeptiert,1,3,4,0.0113,0.038,-0.0267,-1.3844,1.2837,group,88221,78851
direct_vs_group_psychosomatic,angebracht,1,3,4,0.0113,0.038,-0.0267,-1.3844,1.2837,group,88221,78851
direct_vs_group_psychosomatic,angegriffen,1,3,4,0.0113,0.038,-0.0267,-1.3844,1.2837,group,88221,78851
direct_vs_group_psychosomatic,angestiegen,1,3,4,0.0113,0.038,-0.0267,-1.3844,1.2837,group,88221,78851
direct_vs_group_psychosomatic,anstelle,1,3,4,0.0113,0.038,-0.0267,-1.3844,1.2837,group,88221,78851
direct_vs_group_psychosomatic,ausgelöst,1,3,4,0.0113,0.038,-0.0267,-1.3844,1.2837,group,88221,78851
direct_vs_group_psychosomatic,bedeutet,1,3,4,0.0113,0.038,-0.0267,-1.3844,1.2837,group,88221,78851
direct_vs_group_psychosomatic,befindet,1,3,4,0.0113,0.038,-0.0267,-1.3844,1.2837,group,88221,78851
direct_vs_group_psychosomatic,bekanntem,1,3,4,0.0113,0.038,-0.0267,-1.3844,1.2837,group,88221,78851
direct_vs_group_psychosomatic,bemüht,1,3,4,0.0113,0.038,-0.0267,-1.3844,1.2837,group,88221,78851
direct_vs_group_psychosomatic,benannt,1,3,4,0.0113,0.038,-0.0267,-1.3844,1.2837,group,88221,78851
direct_vs_group_psychosomatic,benannte,1,3,4,0.0113,0.038,-0.0267,-1.3844,1.2837,group,88221,78851
direct_vs_group_psychosomatic,beschreibt,1,3,4,0.0113,0.038,-0.0267,-1.3844,1.2837,group,88221,78851
direct_vs_group_psychosomatic,beschweren,1,3,4,0.0113,0.038,-0.0267,-1.3844,1.2837,group,88221,78851
direct_vs_group_psychosomatic,bestehen,1,3,4,0.0113,0.038,-0.0267,-1.3844,1.2837,group,88221,78851
direct_vs_group_psychosomatic,cm,1,3,4,0.0113,0.038,-0.0267,-1.3844,1.2837,group,88221,78851
direct_vs_group_psychosomatic,dissoziativen,1,3,4,0.0113,0.038,-0.0267,-1.3844,1.2837,group,88221,78851
direct_vs_group_psychosomatic,distanzieren,1,3,4,0.0113,0.038,-0.0267,-1.3844,1.2837,group,88221,78851
direct_vs_group_psychosomatic,dringenden,1,3,4,0.0113,0.038,-0.0267,-1.3844,1.2837,group,88221,78851
direct_vs_group_psychosomatic,durchrufen,1,3,4,0.0113,0.038,-0.0267,-1.3844,1.2837,group,88221,78851
direct_vs_group_psychosomatic,eingebunden,1,3,4,0.0113,0.038,-0.0267,-1.3844,1.2837,group,88221,78851
direct_vs_group_psychosomatic,eingenommen,1,3,4,0.0113,0.038,-0.0267,-1.3844,1.2837,group,88221,78851
direct_vs_group_psychosomatic,einiges,1,3,4,0.0113,0.038,-0.0267,-1.3844,1.2837,group,88221,78851
direct_vs_group_psychosomatic,emotionalen,1,3,4,0.0113,0.038,-0.0267,-1.3844,1.2837,group,88221,78851
direct_vs_group_psychosomatic,empfehle,1,3,4,0.0113,0.038,-0.0267,-1.3844,1.2837,group,88221,78851
direct_vs_group_psychosomatic,entlastet,1,3,4,0.0113,0.038,-0.0267,-1.3844,1.2837,group,88221,78851
direct_vs_group_psychosomatic,erhöhtem,1,3,4,0.0113,0.038,-0.0267,-1.3844,1.2837,group,88221,78851
direct_vs_group_psychosomatic,froh,1,3,4,0.0113,0.038,-0.0267,-1.3844,1.2837,group,88221,78851
direct_vs_group_psychosomatic,gegebenenfalls,1,3,4,0.0113,0.038,-0.0267,-1.3844,1.2837,group,88221,78851
direct_vs_group_psychosomatic,gelben,1,3,4,0.0113,0.038,-0.0267,-1.3844,1.2837,group,88221,78851
direct_vs_group_psychosomatic,gelernten,1,3,4,0.0113,0.038,-0.0267,-1.3844,1.2837,group,88221,78851
direct_vs_group_psychosomatic,genügend,1,3,4,0.0113,0.038,-0.0267,-1.3844,1.2837,group,88221,78851
direct_vs_group_psychosomatic,geplanten,1,3,4,0.0113,0.038,-0.0267,-1.3844,1.2837,group,88221,78851
direct_vs_group_psychosomatic,heftig,1,3,4,0.0113,0.038,-0.0267,-1.3844,1.2837,group,88221,78851
direct_vs_group_psychosomatic,heuet,1,3,4,0.0113,0.038,-0.0267,-1.3844,1.2837,group,88221,78851
direct_vs_group_psychosomatic,iPads,1,3,4,0.0113,0.038,-0.0267,-1.3844,1.2837,group,88221,78851
direct_vs_group_psychosomatic,insb,1,3,4,0.0113,0.038,-0.0267,-1.3844,1.2837,group,88221,78851
direct_vs_group_psychosomatic,jeder,1,3,4,0.0113,0.038,-0.0267,-1.3844,1.2837,group,88221,78851
direct_vs_group_psychosomatic,kalium,1,3,4,0.0113,0.038,-0.0267,-1.3844,1.2837,group,88221,78851
direct_vs_group_psychosomatic,klare,1,3,4,0.0113,0.038,-0.0267,-1.3844,1.2837,group,88221,78851
direct_vs_group_psychosomatic,korrekt,1,3,4,0.0113,0.038,-0.0267,-1.3844,1.2837,group,88221,78851
direct_vs_group_psychosomatic,kraftlos,1,3,4,0.0113,0.038,-0.0267,-1.3844,1.2837,group,88221,78851
direct_vs_group_psychosomatic,kritischen,1,3,4,0.0113,0.038,-0.0267,-1.3844,1.2837,group,88221,78851
direct_vs_group_psychosomatic,körperlich,1,3,4,0.0113,0.038,-0.0267,-1.3844,1.2837,group,88221,78851
direct_vs_group_psychosomatic,langer,1,3,4,0.0113,0.038,-0.0267,-1.3844,1.2837,group,88221,78851
direct_vs_group_psychosomatic,legte,1,3,4,0.0113,0.038,-0.0267,-1.3844,1.2837,group,88221,78851
direct_vs_group_psychosomatic,lt,1,3,4,0.0113,0.038,-0.0267,-1.3844,1.2837,group,88221,78851
direct_vs_group_psychosomatic,mitgeben,1,3,4,0.0113,0.038,-0.0267,-1.3844,1.2837,group,88221,78851
direct_vs_group_psychosomatic,mitgekommen,1,3,4,0.0113,0.038,-0.0267,-1.3844,1.2837,group,88221,78851
direct_vs_group_psychosomatic,mitgemacht,1,3,4,0.0113,0.038,-0.0267,-1.3844,1.2837,group,88221,78851
direct_vs_group_psychosomatic,mittwochs,1,3,4,0.0113,0.038,-0.0267,-1.3844,1.2837,group,88221,78851
direct_vs_group_psychosomatic,nachdenken,1,3,4,0.0113,0.038,-0.0267,-1.3844,1.2837,group,88221,78851
direct_vs_group_psychosomatic,nervös,1,3,4,0.0113,0.038,-0.0267,-1.3844,1.2837,group,88221,78851
direct_vs_group_psychosomatic,neurochirurgisches,1,3,4,0.0113,0.038,-0.0267,-1.3844,1.2837,group,88221,78851
direct_vs_group_psychosomatic,nächtliche,1,3,4,0.0113,0.038,-0.0267,-1.3844,1.2837,group,88221,78851
direct_vs_group_psychosomatic,operiert,1,3,4,0.0113,0.038,-0.0267,-1.3844,1.2837,group,88221,78851
direct_vs_group_psychosomatic,p,1,3,4,0.0113,0.038,-0.0267,-1.3844,1.2837,group,88221,78851
direct_vs_group_psychosomatic,poststationären,1,3,4,0.0113,0.038,-0.0267,-1.3844,1.2837,group,88221,78851
direct_vs_group_psychosomatic,profitiere,1,3,4,0.0113,0.038,-0.0267,-1.3844,1.2837,group,88221,78851
direct_vs_group_psychosomatic,psychotisch,1,3,4,0.0113,0.038,-0.0267,-1.3844,1.2837,group,88221,78851
direct_vs_group_psychosomatic,r,1,3,4,0.0113,0.038,-0.0267,-1.3844,1.2837,group,88221,78851
direct_vs_group_psychosomatic,rechten,1,3,4,0.0113,0.038,-0.0267,-1.3844,1.2837,group,88221,78851
direct_vs_group_psychosomatic,schwach,1,3,4,0.0113,0.038,-0.0267,-1.3844,1.2837,group,88221,78851
direct_vs_group_psychosomatic,schwerer,1,3,4,0.0113,0.038,-0.0267,-1.3844,1.2837,group,88221,78851
direct_vs_group_psychosomatic,sortiert,1,3,4,0.0113,0.038,-0.0267,-1.3844,1.2837,group,88221,78851
direct_vs_group_psychosomatic,soziale,1,3,4,0.0113,0.038,-0.0267,-1.3844,1.2837,group,88221,78851
direct_vs_group_psychosomatic,teilw,1,3,4,0.0113,0.038,-0.0267,-1.3844,1.2837,group,88221,78851
direct_vs_group_psychosomatic,trauen,1,3,4,0.0113,0.038,-0.0267,-1.3844,1.2837,group,88221,78851
direct_vs_group_psychosomatic,unauffälliger,1,3,4,0.0113,0.038,-0.0267,-1.3844,1.2837,group,88221,78851
direct_vs_group_psychosomatic,ungünstig,1,3,4,0.0113,0.038,-0.0267,-1.3844,1.2837,group,88221,78851
direct_vs_group_psychosomatic,use,1,3,4,0.0113,0.038,-0.0267,-1.3844,1.2837,group,88221,78851
direct_vs_group_psychosomatic,verlieren,1,3,4,0.0113,0.038,-0.0267,-1.3844,1.2837,group,88221,78851
direct_vs_group_psychosomatic,verunsichert,1,3,4,0.0113,0.038,-0.0267,-1.3844,1.2837,group,88221,78851
direct_vs_group_psychosomatic,voran,1,3,4,0.0113,0.038,-0.0267,-1.3844,1.2837,group,88221,78851
direct_vs_group_psychosomatic,vorgehen,1,3,4,0.0113,0.038,-0.0267,-1.3844,1.2837,group,88221,78851
direct_vs_group_psychosomatic,vormittags,1,3,4,0.0113,0.038,-0.0267,-1.3844,1.2837,group,88221,78851
direct_vs_group_psychosomatic,zeitweise,1,3,4,0.0113,0.038,-0.0267,-1.3844,1.2837,group,88221,78851
direct_vs_group_psychosomatic,Ärzt,1,3,4,0.0113,0.038,-0.0267,-1.3844,1.2837,group,88221,78851
direct_vs_group_psychosomatic,ähnlichen,1,3,4,0.0113,0.038,-0.0267,-1.3844,1.2837,group,88221,78851
direct_vs_group_psychosomatic,ärgerlich,1,3,4,0.0113,0.038,-0.0267,-1.3844,1.2837,group,88221,78851
direct_vs_group_psychosomatic,vereinbart,19,24,43,0.2154,0.3044,-0.089,-0.4913,1.2796,group,88221,78851
direct_vs_group_psychosomatic,wg,16,9,25,0.1814,0.1141,0.0672,0.6345,1.2792,direct,88221,78851
direct_vs_group_psychosomatic,Minuten,9,13,22,0.102,0.1649,-0.0629,-0.669,1.2498,group,88221,78851
direct_vs_group_psychosomatic,E,50,35,85,0.5668,0.4439,0.1229,0.3465,1.2445,direct,88221,78851
direct_vs_group_psychosomatic,Frage,55,39,94,0.6234,0.4946,0.1288,0.3286,1.2363,direct,88221,78851
direct_vs_group_psychosomatic,AID,7,3,10,0.0793,0.038,0.0413,0.9375,1.228,direct,88221,78851
direct_vs_group_psychosomatic,Bulimie,7,3,10,0.0793,0.038,0.0413,0.9375,1.228,direct,88221,78851
direct_vs_group_psychosomatic,Informationen,7,3,10,0.0793,0.038,0.0413,0.9375,1.228,direct,88221,78851
direct_vs_group_psychosomatic,Schlaganfall,7,3,10,0.0793,0.038,0.0413,0.9375,1.228,direct,88221,78851
direct_vs_group_psychosomatic,Va,7,3,10,0.0793,0.038,0.0413,0.9375,1.228,direct,88221,78851
direct_vs_group_psychosomatic,Zur,7,3,10,0.0793,0.038,0.0413,0.9375,1.228,direct,88221,78851
direct_vs_group_psychosomatic,biografische,7,3,10,0.0793,0.038,0.0413,0.9375,1.228,direct,88221,78851
direct_vs_group_psychosomatic,gemeinsamen,7,3,10,0.0793,0.038,0.0413,0.9375,1.228,direct,88221,78851
direct_vs_group_psychosomatic,häufig,7,3,10,0.0793,0.038,0.0413,0.9375,1.228,direct,88221,78851
direct_vs_group_psychosomatic,interessant,7,3,10,0.0793,0.038,0.0413,0.9375,1.228,direct,88221,78851
direct_vs_group_psychosomatic,kümmere,7,3,10,0.0793,0.038,0.0413,0.9375,1.228,direct,88221,78851
direct_vs_group_psychosomatic,persönlich,7,3,10,0.0793,0.038,0.0413,0.9375,1.228,direct,88221,78851
direct_vs_group_psychosomatic,profitieren,7,3,10,0.0793,0.038,0.0413,0.9375,1.228,direct,88221,78851
direct_vs_group_psychosomatic,schwergradig,7,3,10,0.0793,0.038,0.0413,0.9375,1.228,direct,88221,78851
direct_vs_group_psychosomatic,versuch,7,3,10,0.0793,0.038,0.0413,0.9375,1.228,direct,88221,78851
direct_vs_group_psychosomatic,visite,7,3,10,0.0793,0.038,0.0413,0.9375,1.228,direct,88221,78851
direct_vs_group_psychosomatic,10,81,60,141,0.9181,0.7609,0.1572,0.2679,1.2255,direct,88221,78851
direct_vs_group_psychosomatic,Pt,13,7,20,0.1474,0.0888,0.0586,0.686,1.2173,direct,88221,78851
direct_vs_group_psychosomatic,Stationsruhe,13,7,20,0.1474,0.0888,0.0586,0.686,1.2173,direct,88221,78851
direct_vs_group_psychosomatic,ganze,13,7,20,0.1474,0.0888,0.0586,0.686,1.2173,direct,88221,78851
direct_vs_group_psychosomatic,Mittwoch,76,56,132,0.8615,0.7102,0.1513,0.2752,1.2121,direct,88221,78851
direct_vs_group_psychosomatic,Hashtag_Frau,4,7,11,0.0453,0.0888,-0.0434,-0.899,1.2001,group,88221,78851
direct_vs_group_psychosomatic,Könnte,4,7,11,0.0453,0.0888,-0.0434,-0.899,1.2001,group,88221,78851
direct_vs_group_psychosomatic,Stelle,4,7,11,0.0453,0.0888,-0.0434,-0.899,1.2001,group,88221,78851
direct_vs_group_psychosomatic,Symptomen,4,7,11,0.0453,0.0888,-0.0434,-0.899,1.2001,group,88221,78851
direct_vs_group_psychosomatic,damals,4,7,11,0.0453,0.0888,-0.0434,-0.899,1.2001,group,88221,78851
direct_vs_group_psychosomatic,wollten,4,7,11,0.0453,0.0888,-0.0434,-0.899,1.2001,group,88221,78851
direct_vs_group_psychosomatic,Mittagessen,10,14,24,0.1134,0.1776,-0.0642,-0.6277,1.1945,group,88221,78851
direct_vs_group_psychosomatic,drauf,10,14,24,0.1134,0.1776,-0.0642,-0.6277,1.1945,group,88221,78851
direct_vs_group_psychosomatic,nächster,10,14,24,0.1134,0.1776,-0.0642,-0.6277,1.1945,group,88221,78851
direct_vs_group_psychosomatic,worden,10,14,24,0.1134,0.1776,-0.0642,-0.6277,1.1945,group,88221,78851
direct_vs_group_psychosomatic,haben,176,139,315,1.995,1.7628,0.2322,0.1774,1.1939,direct,88221,78851
direct_vs_group_psychosomatic,Ernährung,10,5,15,0.1134,0.0634,0.0499,0.7709,1.1848,direct,88221,78851
direct_vs_group_psychosomatic,Rekonsil,10,5,15,0.1134,0.0634,0.0499,0.7709,1.1848,direct,88221,78851
direct_vs_group_psychosomatic,austauschen,10,5,15,0.1134,0.0634,0.0499,0.7709,1.1848,direct,88221,78851
direct_vs_group_psychosomatic,davor,10,5,15,0.1134,0.0634,0.0499,0.7709,1.1848,direct,88221,78851
direct_vs_group_psychosomatic,her,10,5,15,0.1134,0.0634,0.0499,0.7709,1.1848,direct,88221,78851
direct_vs_group_psychosomatic,jemanden,10,5,15,0.1134,0.0634,0.0499,0.7709,1.1848,direct,88221,78851
direct_vs_group_psychosomatic,planen,10,5,15,0.1134,0.0634,0.0499,0.7709,1.1848,direct,88221,78851
direct_vs_group_psychosomatic,weiter,59,64,123,0.6688,0.8117,-0.1429,-0.2784,1.1522,group,88221,78851
direct_vs_group_psychosomatic,mehr,147,115,262,1.6663,1.4584,0.2078,0.1908,1.1504,direct,88221,78851
direct_vs_group_psychosomatic,Diagnostik,11,15,26,0.1247,0.1902,-0.0655,-0.5926,1.1489,group,88221,78851
direct_vs_group_psychosomatic,Quetiapin,11,15,26,0.1247,0.1902,-0.0655,-0.5926,1.1489,group,88221,78851
direct_vs_group_psychosomatic,hätten,11,15,26,0.1247,0.1902,-0.0655,-0.5926,1.1489,group,88221,78851
direct_vs_group_psychosomatic,lassen,34,39,73,0.3854,0.4946,-0.1092,-0.3572,1.1341,group,88221,78851
direct_vs_group_psychosomatic,bzgl,35,40,75,0.3967,0.5073,-0.1106,-0.3521,1.1313,group,88221,78851
direct_vs_group_psychosomatic,Zimmer,42,47,89,0.4761,0.5961,-0.12,-0.3225,1.1229,group,88221,78851
direct_vs_group_psychosomatic,euch,12,16,28,0.136,0.2029,-0.0669,-0.5625,1.1107,group,88221,78851
direct_vs_group_psychosomatic,mein,25,16,41,0.2834,0.2029,0.0805,0.466,1.1104,direct,88221,78851
direct_vs_group_psychosomatic,nehmen,43,30,73,0.4874,0.3805,0.1069,0.3502,1.0977,direct,88221,78851
direct_vs_group_psychosomatic,z,43,30,73,0.4874,0.3805,0.1069,0.3502,1.0977,direct,88221,78851
direct_vs_group_psychosomatic,frei,13,17,30,0.1474,0.2156,-0.0682,-0.5364,1.0786,group,88221,78851
direct_vs_group_psychosomatic,Auf,5,8,13,0.0567,0.1015,-0.0448,-0.79,1.0764,group,88221,78851
direct_vs_group_psychosomatic,Gewalt,5,8,13,0.0567,0.1015,-0.0448,-0.79,1.0764,group,88221,78851
direct_vs_group_psychosomatic,Gewichtsziel,5,8,13,0.0567,0.1015,-0.0448,-0.79,1.0764,group,88221,78851
direct_vs_group_psychosomatic,Person,5,8,13,0.0567,0.1015,-0.0448,-0.79,1.0764,group,88221,78851
direct_vs_group_psychosomatic,diesbezüglich,5,8,13,0.0567,0.1015,-0.0448,-0.79,1.0764,group,88221,78851
direct_vs_group_psychosomatic,einfügen,5,8,13,0.0567,0.1015,-0.0448,-0.79,1.0764,group,88221,78851
direct_vs_group_psychosomatic,erlebt,5,8,13,0.0567,0.1015,-0.0448,-0.79,1.0764,group,88221,78851
direct_vs_group_psychosomatic,interessiert,5,8,13,0.0567,0.1015,-0.0448,-0.79,1.0764,group,88221,78851
direct_vs_group_psychosomatic,kontrollieren,5,8,13,0.0567,0.1015,-0.0448,-0.79,1.0764,group,88221,78851
direct_vs_group_psychosomatic,ziehen,5,8,13,0.0567,0.1015,-0.0448,-0.79,1.0764,group,88221,78851
direct_vs_group_psychosomatic,anbieten,14,8,22,0.1587,0.1015,0.0572,0.6085,1.0529,direct,88221,78851
direct_vs_group_psychosomatic,gemeinsam,14,8,22,0.1587,0.1015,0.0572,0.6085,1.0529,direct,88221,78851
direct_vs_group_psychosomatic,ginge,14,18,32,0.1587,0.2283,-0.0696,-0.5135,1.0513,group,88221,78851
direct_vs_group_psychosomatic,spricht,14,18,32,0.1587,0.2283,-0.0696,-0.5135,1.0513,group,88221,78851
direct_vs_group_psychosomatic,gestern,86,65,151,0.9748,0.8243,0.1505,0.2392,1.0477,direct,88221,78851
direct_vs_group_psychosomatic,Abend,15,19,34,0.17,0.241,-0.0709,-0.4932,1.0279,group,88221,78851
direct_vs_group_psychosomatic,MRT,15,19,34,0.17,0.241,-0.0709,-0.4932,1.0279,group,88221,78851
direct_vs_group_psychosomatic,50mg,5,2,7,0.0567,0.0254,0.0313,0.9755,1.0135,direct,88221,78851
direct_vs_group_psychosomatic,AZ,5,2,7,0.0567,0.0254,0.0313,0.9755,1.0135,direct,88221,78851
direct_vs_group_psychosomatic,Aldactone,5,2,7,0.0567,0.0254,0.0313,0.9755,1.0135,direct,88221,78851
direct_vs_group_psychosomatic,Arm,5,2,7,0.0567,0.0254,0.0313,0.9755,1.0135,direct,88221,78851
direct_vs_group_psychosomatic,Danach,5,2,7,0.0567,0.0254,0.0313,0.9755,1.0135,direct,88221,78851
direct_vs_group_psychosomatic,Einen,5,2,7,0.0567,0.0254,0.0313,0.9755,1.0135,direct,88221,78851
direct_vs_group_psychosomatic,Frühstück,5,2,7,0.0567,0.0254,0.0313,0.9755,1.0135,direct,88221,78851
direct_vs_group_psychosomatic,Kind,5,2,7,0.0567,0.0254,0.0313,0.9755,1.0135,direct,88221,78851
direct_vs_group_psychosomatic,Klar,5,2,7,0.0567,0.0254,0.0313,0.9755,1.0135,direct,88221,78851
direct_vs_group_psychosomatic,Leberwertkontrollen,5,2,7,0.0567,0.0254,0.0313,0.9755,1.0135,direct,88221,78851
direct_vs_group_psychosomatic,Meinung,5,2,7,0.0567,0.0254,0.0313,0.9755,1.0135,direct,88221,78851
direct_vs_group_psychosomatic,Sieht,5,2,7,0.0567,0.0254,0.0313,0.9755,1.0135,direct,88221,78851
direct_vs_group_psychosomatic,Sinne,5,2,7,0.0567,0.0254,0.0313,0.9755,1.0135,direct,88221,78851
direct_vs_group_psychosomatic,Transaminasenanstieg,5,2,7,0.0567,0.0254,0.0313,0.9755,1.0135,direct,88221,78851
direct_vs_group_psychosomatic,Trinkmengenrestriktion,5,2,7,0.0567,0.0254,0.0313,0.9755,1.0135,direct,88221,78851
direct_vs_group_psychosomatic,VT,5,2,7,0.0567,0.0254,0.0313,0.9755,1.0135,direct,88221,78851
direct_vs_group_psychosomatic,Vaters,5,2,7,0.0567,0.0254,0.0313,0.9755,1.0135,direct,88221,78851
direct_vs_group_psychosomatic,anderer,5,2,7,0.0567,0.0254,0.0313,0.9755,1.0135,direct,88221,78851
direct_vs_group_psychosomatic,annehmen,5,2,7,0.0567,0.0254,0.0313,0.9755,1.0135,direct,88221,78851
direct_vs_group_psychosomatic,beenden,5,2,7,0.0567,0.0254,0.0313,0.9755,1.0135,direct,88221,78851
direct_vs_group_psychosomatic,bittet,5,2,7,0.0567,0.0254,0.0313,0.9755,1.0135,direct,88221,78851
direct_vs_group_psychosomatic,durchgehen,5,2,7,0.0567,0.0254,0.0313,0.9755,1.0135,direct,88221,78851
direct_vs_group_psychosomatic,dürfen,5,2,7,0.0567,0.0254,0.0313,0.9755,1.0135,direct,88221,78851
direct_vs_group_psychosomatic,ebenso,5,2,7,0.0567,0.0254,0.0313,0.9755,1.0135,direct,88221,78851
direct_vs_group_psychosomatic,einrichten,5,2,7,0.0567,0.0254,0.0313,0.9755,1.0135,direct,88221,78851
direct_vs_group_psychosomatic,ergeben,5,2,7,0.0567,0.0254,0.0313,0.9755,1.0135,direct,88221,78851
direct_vs_group_psychosomatic,fehlen,5,2,7,0.0567,0.0254,0.0313,0.9755,1.0135,direct,88221,78851
direct_vs_group_psychosomatic,flexibel,5,2,7,0.0567,0.0254,0.0313,0.9755,1.0135,direct,88221,78851
direct_vs_group_psychosomatic,ganzen,5,2,7,0.0567,0.0254,0.0313,0.9755,1.0135,direct,88221,78851
direct_vs_group_psychosomatic,halbe,5,2,7,0.0567,0.0254,0.0313,0.9755,1.0135,direct,88221,78851
direct_vs_group_psychosomatic,hören,5,2,7,0.0567,0.0254,0.0313,0.9755,1.0135,direct,88221,78851
direct_vs_group_psychosomatic,nciht,5,2,7,0.0567,0.0254,0.0313,0.9755,1.0135,direct,88221,78851
direct_vs_group_psychosomatic,guten,18,11,29,0.204,0.1395,0.0645,0.5239,1.0118,direct,88221,78851
direct_vs_group_psychosomatic,Angehörigengespräch,22,14,36,0.2494,0.1776,0.0718,0.4719,1.0078,direct,88221,78851
direct_vs_group_psychosomatic,diesen,17,21,38,0.1927,0.2663,-0.0736,-0.459,0.9907,group,88221,78851
direct_vs_group_psychosomatic,wünscht,17,21,38,0.1927,0.2663,-0.0736,-0.459,0.9907,group,88221,78851
direct_vs_group_psychosomatic,40,6,9,15,0.068,0.1141,-0.0461,-0.7095,0.9882,group,88221,78851
direct_vs_group_psychosomatic,Aufgabe,6,9,15,0.068,0.1141,-0.0461,-0.7095,0.9882,group,88221,78851
direct_vs_group_psychosomatic,Entzündung,6,9,15,0.068,0.1141,-0.0461,-0.7095,0.9882,group,88221,78851
direct_vs_group_psychosomatic,Kunsttherapie,6,9,15,0.068,0.1141,-0.0461,-0.7095,0.9882,group,88221,78851
direct_vs_group_psychosomatic,Sorgen,6,9,15,0.068,0.1141,-0.0461,-0.7095,0.9882,group,88221,78851
direct_vs_group_psychosomatic,anpassen,6,9,15,0.068,0.1141,-0.0461,-0.7095,0.9882,group,88221,78851
direct_vs_group_psychosomatic,eingestellt,6,9,15,0.068,0.1141,-0.0461,-0.7095,0.9882,group,88221,78851
direct_vs_group_psychosomatic,möglichst,6,9,15,0.068,0.1141,-0.0461,-0.7095,0.9882,group,88221,78851
direct_vs_group_psychosomatic,regelmäßig,6,9,15,0.068,0.1141,-0.0461,-0.7095,0.9882,group,88221,78851
direct_vs_group_psychosomatic,teilweise,6,9,15,0.068,0.1141,-0.0461,-0.7095,0.9882,group,88221,78851
direct_vs_group_psychosomatic,Bettenplan,11,6,17,0.1247,0.0761,0.0486,0.6611,0.9847,direct,88221,78851
direct_vs_group_psychosomatic,Soll,11,6,17,0.1247,0.0761,0.0486,0.6611,0.9847,direct,88221,78851
direct_vs_group_psychosomatic,Trazodon,11,6,17,0.1247,0.0761,0.0486,0.6611,0.9847,direct,88221,78851
direct_vs_group_psychosomatic,darunter,11,6,17,0.1247,0.0761,0.0486,0.6611,0.9847,direct,88221,78851
direct_vs_group_psychosomatic,email,11,6,17,0.1247,0.0761,0.0486,0.6611,0.9847,direct,88221,78851
direct_vs_group_psychosomatic,übernehme,11,6,17,0.1247,0.0761,0.0486,0.6611,0.9847,direct,88221,78851
direct_vs_group_psychosomatic,Essstörung,18,22,40,0.204,0.279,-0.075,-0.4444,0.9758,group,88221,78851
direct_vs_group_psychosomatic,Do,19,23,42,0.2154,0.2917,-0.0763,-0.4312,0.963,group,88221,78851
direct_vs_group_psychosomatic,sollte,57,61,118,0.6461,0.7736,-0.1275,-0.259,0.9565,group,88221,78851
direct_vs_group_psychosomatic,evaluieren,36,25,61,0.4081,0.3171,0.091,0.3554,0.9515,direct,88221,78851
direct_vs_group_psychosomatic,13Uhr,8,4,12,0.0907,0.0507,0.04,0.7555,0.9479,direct,88221,78851
direct_vs_group_psychosomatic,Ein,8,4,12,0.0907,0.0507,0.04,0.7555,0.9479,direct,88221,78851
direct_vs_group_psychosomatic,Hypertonus,8,4,12,0.0907,0.0507,0.04,0.7555,0.9479,direct,88221,78851
direct_vs_group_psychosomatic,Myasthenie,8,4,12,0.0907,0.0507,0.04,0.7555,0.9479,direct,88221,78851
direct_vs_group_psychosomatic,dokumentieren,8,4,12,0.0907,0.0507,0.04,0.7555,0.9479,direct,88221,78851
direct_vs_group_psychosomatic,rote,8,4,12,0.0907,0.0507,0.04,0.7555,0.9479,direct,88221,78851
direct_vs_group_psychosomatic,somatischen,8,4,12,0.0907,0.0507,0.04,0.7555,0.9479,direct,88221,78851
direct_vs_group_psychosomatic,teil,8,4,12,0.0907,0.0507,0.04,0.7555,0.9479,direct,88221,78851
direct_vs_group_psychosomatic,verschiedenen,8,4,12,0.0907,0.0507,0.04,0.7555,0.9479,direct,88221,78851
direct_vs_group_psychosomatic,zweite,8,4,12,0.0907,0.0507,0.04,0.7555,0.9479,direct,88221,78851
direct_vs_group_psychosomatic,Di,21,25,46,0.238,0.3171,-0.079,-0.4082,0.9423,group,88221,78851
direct_vs_group_psychosomatic,Behandlung,23,27,50,0.2607,0.3424,-0.0817,-0.3888,0.927,group,88221,78851
direct_vs_group_psychosomatic,23,2,4,6,0.0227,0.0507,-0.0281,-1.01,0.9231,group,88221,78851
direct_vs_group_psychosomatic,Ansprechpartner,2,4,6,0.0227,0.0507,-0.0281,-1.01,0.9231,group,88221,78851
direct_vs_group_psychosomatic,Auseinandersetzung,2,4,6,0.0227,0.0507,-0.0281,-1.01,0.9231,group,88221,78851
direct_vs_group_psychosomatic,Beinödeme,2,4,6,0.0227,0.0507,-0.0281,-1.01,0.9231,group,88221,78851
direct_vs_group_psychosomatic,Bindung,2,4,6,0.0227,0.0507,-0.0281,-1.01,0.9231,group,88221,78851
direct_vs_group_psychosomatic,C,2,4,6,0.0227,0.0507,-0.0281,-1.01,0.9231,group,88221,78851
direct_vs_group_psychosomatic,Damit,2,4,6,0.0227,0.0507,-0.0281,-1.01,0.9231,group,88221,78851
direct_vs_group_psychosomatic,Erfolg,2,4,6,0.0227,0.0507,-0.0281,-1.01,0.9231,group,88221,78851
direct_vs_group_psychosomatic,Fähigkeiten,2,4,6,0.0227,0.0507,-0.0281,-1.01,0.9231,group,88221,78851
direct_vs_group_psychosomatic,Generell,2,4,6,0.0227,0.0507,-0.0281,-1.01,0.9231,group,88221,78851
direct_vs_group_psychosomatic,Gruppensitzung,2,4,6,0.0227,0.0507,-0.0281,-1.01,0.9231,group,88221,78851
direct_vs_group_psychosomatic,Gruppenvisite,2,4,6,0.0227,0.0507,-0.0281,-1.01,0.9231,group,88221,78851
direct_vs_group_psychosomatic,Partnerschaft,2,4,6,0.0227,0.0507,-0.0281,-1.01,0.9231,group,88221,78851
direct_vs_group_psychosomatic,Psychiaterin,2,4,6,0.0227,0.0507,-0.0281,-1.01,0.9231,group,88221,78851
direct_vs_group_psychosomatic,S,2,4,6,0.0227,0.0507,-0.0281,-1.01,0.9231,group,88221,78851
direct_vs_group_psychosomatic,SPD,2,4,6,0.0227,0.0507,-0.0281,-1.01,0.9231,group,88221,78851
direct_vs_group_psychosomatic,Schweigepflichtentbindung,2,4,6,0.0227,0.0507,-0.0281,-1.01,0.9231,group,88221,78851
direct_vs_group_psychosomatic,Sommer,2,4,6,0.0227,0.0507,-0.0281,-1.01,0.9231,group,88221,78851
direct_vs_group_psychosomatic,Sondennahrung,2,4,6,0.0227,0.0507,-0.0281,-1.01,0.9231,group,88221,78851
direct_vs_group_psychosomatic,Uhrzeit,2,4,6,0.0227,0.0507,-0.0281,-1.01,0.9231,group,88221,78851
direct_vs_group_psychosomatic,Unruhe,2,4,6,0.0227,0.0507,-0.0281,-1.01,0.9231,group,88221,78851
direct_vs_group_psychosomatic,Vorbefunden,2,4,6,0.0227,0.0507,-0.0281,-1.01,0.9231,group,88221,78851
direct_vs_group_psychosomatic,Vordergrund,2,4,6,0.0227,0.0507,-0.0281,-1.01,0.9231,group,88221,78851
direct_vs_group_psychosomatic,Wurde,2,4,6,0.0227,0.0507,-0.0281,-1.01,0.9231,group,88221,78851
direct_vs_group_psychosomatic,Zwischenmahlzeiten,2,4,6,0.0227,0.0507,-0.0281,-1.01,0.9231,group,88221,78851
direct_vs_group_psychosomatic,abgeholt,2,4,6,0.0227,0.0507,-0.0281,-1.01,0.9231,group,88221,78851
direct_vs_group_psychosomatic,aktueller,2,4,6,0.0227,0.0507,-0.0281,-1.01,0.9231,group,88221,78851
direct_vs_group_psychosomatic,angebunden,2,4,6,0.0227,0.0507,-0.0281,-1.01,0.9231,group,88221,78851
direct_vs_group_psychosomatic,aufzunehmen,2,4,6,0.0227,0.0507,-0.0281,-1.01,0.9231,group,88221,78851
direct_vs_group_psychosomatic,außen,2,4,6,0.0227,0.0507,-0.0281,-1.01,0.9231,group,88221,78851
direct_vs_group_psychosomatic,behandeln,2,4,6,0.0227,0.0507,-0.0281,-1.01,0.9231,group,88221,78851
direct_vs_group_psychosomatic,beklagt,2,4,6,0.0227,0.0507,-0.0281,-1.01,0.9231,group,88221,78851
direct_vs_group_psychosomatic,beschreiben,2,4,6,0.0227,0.0507,-0.0281,-1.01,0.9231,group,88221,78851
direct_vs_group_psychosomatic,check,2,4,6,0.0227,0.0507,-0.0281,-1.01,0.9231,group,88221,78851
direct_vs_group_psychosomatic,eindeutig,2,4,6,0.0227,0.0507,-0.0281,-1.01,0.9231,group,88221,78851
direct_vs_group_psychosomatic,erfüllen,2,4,6,0.0227,0.0507,-0.0281,-1.01,0.9231,group,88221,78851
direct_vs_group_psychosomatic,erzählen,2,4,6,0.0227,0.0507,-0.0281,-1.01,0.9231,group,88221,78851
direct_vs_group_psychosomatic,falle,2,4,6,0.0227,0.0507,-0.0281,-1.01,0.9231,group,88221,78851
direct_vs_group_psychosomatic,fing,2,4,6,0.0227,0.0507,-0.0281,-1.01,0.9231,group,88221,78851
direct_vs_group_psychosomatic,formal,2,4,6,0.0227,0.0507,-0.0281,-1.01,0.9231,group,88221,78851
direct_vs_group_psychosomatic,großer,2,4,6,0.0227,0.0507,-0.0281,-1.01,0.9231,group,88221,78851
direct_vs_group_psychosomatic,isoliert,2,4,6,0.0227,0.0507,-0.0281,-1.01,0.9231,group,88221,78851
direct_vs_group_psychosomatic,iv,2,4,6,0.0227,0.0507,-0.0281,-1.01,0.9231,group,88221,78851
direct_vs_group_psychosomatic,konfrontieren,2,4,6,0.0227,0.0507,-0.0281,-1.01,0.9231,group,88221,78851
direct_vs_group_psychosomatic,leichte,2,4,6,0.0227,0.0507,-0.0281,-1.01,0.9231,group,88221,78851
direct_vs_group_psychosomatic,mitgebracht,2,4,6,0.0227,0.0507,-0.0281,-1.01,0.9231,group,88221,78851
direct_vs_group_psychosomatic,neues,2,4,6,0.0227,0.0507,-0.0281,-1.01,0.9231,group,88221,78851
direct_vs_group_psychosomatic,realistisch,2,4,6,0.0227,0.0507,-0.0281,-1.01,0.9231,group,88221,78851
direct_vs_group_psychosomatic,somit,2,4,6,0.0227,0.0507,-0.0281,-1.01,0.9231,group,88221,78851
direct_vs_group_psychosomatic,stehe,2,4,6,0.0227,0.0507,-0.0281,-1.01,0.9231,group,88221,78851
direct_vs_group_psychosomatic,unterhalten,2,4,6,0.0227,0.0507,-0.0281,-1.01,0.9231,group,88221,78851
direct_vs_group_psychosomatic,unterwegs,2,4,6,0.0227,0.0507,-0.0281,-1.01,0.9231,group,88221,78851
direct_vs_group_psychosomatic,verspätet,2,4,6,0.0227,0.0507,-0.0281,-1.01,0.9231,group,88221,78851
direct_vs_group_psychosomatic,vorherigen,2,4,6,0.0227,0.0507,-0.0281,-1.01,0.9231,group,88221,78851
direct_vs_group_psychosomatic,wahrzunehmen,2,4,6,0.0227,0.0507,-0.0281,-1.01,0.9231,group,88221,78851
direct_vs_group_psychosomatic,wisse,2,4,6,0.0227,0.0507,-0.0281,-1.01,0.9231,group,88221,78851
direct_vs_group_psychosomatic,zeitnah,2,4,6,0.0227,0.0507,-0.0281,-1.01,0.9231,group,88221,78851
direct_vs_group_psychosomatic,Daher,7,10,17,0.0793,0.1268,-0.0475,-0.6474,0.9226,group,88221,78851
direct_vs_group_psychosomatic,Procedere,7,10,17,0.0793,0.1268,-0.0475,-0.6474,0.9226,group,88221,78851
direct_vs_group_psychosomatic,Spätdienst,7,10,17,0.0793,0.1268,-0.0475,-0.6474,0.9226,group,88221,78851
direct_vs_group_psychosomatic,Zudem,7,10,17,0.0793,0.1268,-0.0475,-0.6474,0.9226,group,88221,78851
direct_vs_group_psychosomatic,Rahmen,15,9,24,0.17,0.1141,0.0559,0.5443,0.9179,direct,88221,78851
direct_vs_group_psychosomatic,unsicher,15,9,24,0.17,0.1141,0.0559,0.5443,0.9179,direct,88221,78851
direct_vs_group_psychosomatic,an,257,250,507,2.9131,3.1705,-0.2574,-0.1222,0.9079,group,88221,78851
direct_vs_group_psychosomatic,1/2,8,11,19,0.0907,0.1395,-0.0488,-0.5981,0.8724,group,88221,78851
direct_vs_group_psychosomatic,Absprache,8,11,19,0.0907,0.1395,-0.0488,-0.5981,0.8724,group,88221,78851
direct_vs_group_psychosomatic,Möglichkeit,8,11,19,0.0907,0.1395,-0.0488,-0.5981,0.8724,group,88221,78851
direct_vs_group_psychosomatic,Regeln,8,11,19,0.0907,0.1395,-0.0488,-0.5981,0.8724,group,88221,78851
direct_vs_group_psychosomatic,normal,8,11,19,0.0907,0.1395,-0.0488,-0.5981,0.8724,group,88221,78851
direct_vs_group_psychosomatic,somatisch,8,11,19,0.0907,0.1395,-0.0488,-0.5981,0.8724,group,88221,78851
direct_vs_group_psychosomatic,besprechen,98,76,174,1.1108,0.9638,0.147,0.2027,0.867,direct,88221,78851
direct_vs_group_psychosomatic,schwierig,24,16,40,0.272,0.2029,0.0691,0.4083,0.8386,direct,88221,78851
direct_vs_group_psychosomatic,00Uhr,3,1,4,0.034,0.0127,0.0213,1.0604,0.8345,direct,88221,78851
direct_vs_group_psychosomatic,16Uhr,3,1,4,0.034,0.0127,0.0213,1.0604,0.8345,direct,88221,78851
direct_vs_group_psychosomatic,500,3,1,4,0.034,0.0127,0.0213,1.0604,0.8345,direct,88221,78851
direct_vs_group_psychosomatic,Aid,3,1,4,0.034,0.0127,0.0213,1.0604,0.8345,direct,88221,78851
direct_vs_group_psychosomatic,Allerdings,3,1,4,0.034,0.0127,0.0213,1.0604,0.8345,direct,88221,78851
direct_vs_group_psychosomatic,Ambulanzbrief,3,1,4,0.034,0.0127,0.0213,1.0604,0.8345,direct,88221,78851
direct_vs_group_psychosomatic,Angaben,3,1,4,0.034,0.0127,0.0213,1.0604,0.8345,direct,88221,78851
direct_vs_group_psychosomatic,Anmerkungen,3,1,4,0.034,0.0127,0.0213,1.0604,0.8345,direct,88221,78851
direct_vs_group_psychosomatic,Atemübungen,3,1,4,0.034,0.0127,0.0213,1.0604,0.8345,direct,88221,78851
direct_vs_group_psychosomatic,Aufdosierung,3,1,4,0.034,0.0127,0.0213,1.0604,0.8345,direct,88221,78851
direct_vs_group_psychosomatic,Citalopram,3,1,4,0.034,0.0127,0.0213,1.0604,0.8345,direct,88221,78851
direct_vs_group_psychosomatic,Ernährungsanamnese,3,1,4,0.034,0.0127,0.0213,1.0604,0.8345,direct,88221,78851
direct_vs_group_psychosomatic,Erstmal,3,1,4,0.034,0.0127,0.0213,1.0604,0.8345,direct,88221,78851
direct_vs_group_psychosomatic,HA,3,1,4,0.034,0.0127,0.0213,1.0604,0.8345,direct,88221,78851
direct_vs_group_psychosomatic,Habt,3,1,4,0.034,0.0127,0.0213,1.0604,0.8345,direct,88221,78851
direct_vs_group_psychosomatic,Handynummer,3,1,4,0.034,0.0127,0.0213,1.0604,0.8345,direct,88221,78851
direct_vs_group_psychosomatic,J,3,1,4,0.034,0.0127,0.0213,1.0604,0.8345,direct,88221,78851
direct_vs_group_psychosomatic,Je,3,1,4,0.034,0.0127,0.0213,1.0604,0.8345,direct,88221,78851
direct_vs_group_psychosomatic,Kommt,3,1,4,0.034,0.0127,0.0213,1.0604,0.8345,direct,88221,78851
direct_vs_group_psychosomatic,Krebs,3,1,4,0.034,0.0127,0.0213,1.0604,0.8345,direct,88221,78851
direct_vs_group_psychosomatic,Kurs,3,1,4,0.034,0.0127,0.0213,1.0604,0.8345,direct,88221,78851
direct_vs_group_psychosomatic,Missverständnis,3,1,4,0.034,0.0127,0.0213,1.0604,0.8345,direct,88221,78851
direct_vs_group_psychosomatic,Müsste,3,1,4,0.034,0.0127,0.0213,1.0604,0.8345,direct,88221,78851
direct_vs_group_psychosomatic,Neues,3,1,4,0.034,0.0127,0.0213,1.0604,0.8345,direct,88221,78851
direct_vs_group_psychosomatic,Not,3,1,4,0.034,0.0127,0.0213,1.0604,0.8345,direct,88221,78851
direct_vs_group_psychosomatic,Nun,3,1,4,0.034,0.0127,0.0213,1.0604,0.8345,direct,88221,78851
direct_vs_group_psychosomatic,Nutzung,3,1,4,0.034,0.0127,0.0213,1.0604,0.8345,direct,88221,78851
direct_vs_group_psychosomatic,OG,3,1,4,0.034,0.0127,0.0213,1.0604,0.8345,direct,88221,78851
direct_vs_group_psychosomatic,Olanzapin,3,1,4,0.034,0.0127,0.0213,1.0604,0.8345,direct,88221,78851
direct_vs_group_psychosomatic,Orga,3,1,4,0.034,0.0127,0.0213,1.0604,0.8345,direct,88221,78851
direct_vs_group_psychosomatic,Psychiater,3,1,4,0.034,0.0127,0.0213,1.0604,0.8345,direct,88221,78851
direct_vs_group_psychosomatic,Schön,3,1,4,0.034,0.0127,0.0213,1.0604,0.8345,direct,88221,78851
direct_vs_group_psychosomatic,Siehe,3,1,4,0.034,0.0127,0.0213,1.0604,0.8345,direct,88221,78851
direct_vs_group_psychosomatic,Sind,3,1,4,0.034,0.0127,0.0213,1.0604,0.8345,direct,88221,78851
direct_vs_group_psychosomatic,Sprich,3,1,4,0.034,0.0127,0.0213,1.0604,0.8345,direct,88221,78851
direct_vs_group_psychosomatic,Stimmt,3,1,4,0.034,0.0127,0.0213,1.0604,0.8345,direct,88221,78851
direct_vs_group_psychosomatic,Straße,3,1,4,0.034,0.0127,0.0213,1.0604,0.8345,direct,88221,78851
direct_vs_group_psychosomatic,Tavoreinnahme,3,1,4,0.034,0.0127,0.0213,1.0604,0.8345,direct,88221,78851
direct_vs_group_psychosomatic,Turnhalle,3,1,4,0.034,0.0127,0.0213,1.0604,0.8345,direct,88221,78851
direct_vs_group_psychosomatic,Verpflichtungen,3,1,4,0.034,0.0127,0.0213,1.0604,0.8345,direct,88221,78851
direct_vs_group_psychosomatic,WL,3,1,4,0.034,0.0127,0.0213,1.0604,0.8345,direct,88221,78851
direct_vs_group_psychosomatic,Weiterbehandlung,3,1,4,0.034,0.0127,0.0213,1.0604,0.8345,direct,88221,78851
direct_vs_group_psychosomatic,Wochenstart,3,1,4,0.034,0.0127,0.0213,1.0604,0.8345,direct,88221,78851
direct_vs_group_psychosomatic,ZM,3,1,4,0.034,0.0127,0.0213,1.0604,0.8345,direct,88221,78851
direct_vs_group_psychosomatic,Zwischen,3,1,4,0.034,0.0127,0.0213,1.0604,0.8345,direct,88221,78851
direct_vs_group_psychosomatic,antidepressiven,3,1,4,0.034,0.0127,0.0213,1.0604,0.8345,direct,88221,78851
direct_vs_group_psychosomatic,anzuschauen,3,1,4,0.034,0.0127,0.0213,1.0604,0.8345,direct,88221,78851
direct_vs_group_psychosomatic,aushändigen,3,1,4,0.034,0.0127,0.0213,1.0604,0.8345,direct,88221,78851
direct_vs_group_psychosomatic,ausschließen,3,1,4,0.034,0.0127,0.0213,1.0604,0.8345,direct,88221,78851
direct_vs_group_psychosomatic,besetzt,3,1,4,0.034,0.0127,0.0213,1.0604,0.8345,direct,88221,78851
direct_vs_group_psychosomatic,bespricht,3,1,4,0.034,0.0127,0.0213,1.0604,0.8345,direct,88221,78851
direct_vs_group_psychosomatic,bestimmte,3,1,4,0.034,0.0127,0.0213,1.0604,0.8345,direct,88221,78851
direct_vs_group_psychosomatic,biographisch,3,1,4,0.034,0.0127,0.0213,1.0604,0.8345,direct,88221,78851
direct_vs_group_psychosomatic,biographischen,3,1,4,0.034,0.0127,0.0213,1.0604,0.8345,direct,88221,78851
direct_vs_group_psychosomatic,dahingehend,3,1,4,0.034,0.0127,0.0213,1.0604,0.8345,direct,88221,78851
direct_vs_group_psychosomatic,dienstags,3,1,4,0.034,0.0127,0.0213,1.0604,0.8345,direct,88221,78851
direct_vs_group_psychosomatic,direkte,3,1,4,0.034,0.0127,0.0213,1.0604,0.8345,direct,88221,78851
direct_vs_group_psychosomatic,drücken,3,1,4,0.034,0.0127,0.0213,1.0604,0.8345,direct,88221,78851
direct_vs_group_psychosomatic,durcheinander,3,1,4,0.034,0.0127,0.0213,1.0604,0.8345,direct,88221,78851
direct_vs_group_psychosomatic,egal,3,1,4,0.034,0.0127,0.0213,1.0604,0.8345,direct,88221,78851
direct_vs_group_psychosomatic,ehe,3,1,4,0.034,0.0127,0.0213,1.0604,0.8345,direct,88221,78851
direct_vs_group_psychosomatic,einarbeiten,3,1,4,0.034,0.0127,0.0213,1.0604,0.8345,direct,88221,78851
direct_vs_group_psychosomatic,eingewiesen,3,1,4,0.034,0.0127,0.0213,1.0604,0.8345,direct,88221,78851
direct_vs_group_psychosomatic,einzige,3,1,4,0.034,0.0127,0.0213,1.0604,0.8345,direct,88221,78851
direct_vs_group_psychosomatic,einzulassen,3,1,4,0.034,0.0127,0.0213,1.0604,0.8345,direct,88221,78851
direct_vs_group_psychosomatic,endlich,3,1,4,0.034,0.0127,0.0213,1.0604,0.8345,direct,88221,78851
direct_vs_group_psychosomatic,entscheidet,3,1,4,0.034,0.0127,0.0213,1.0604,0.8345,direct,88221,78851
direct_vs_group_psychosomatic,entsprechen,3,1,4,0.034,0.0127,0.0213,1.0604,0.8345,direct,88221,78851
direct_vs_group_psychosomatic,erreiche,3,1,4,0.034,0.0127,0.0213,1.0604,0.8345,direct,88221,78851
direct_vs_group_psychosomatic,erwähnt,3,1,4,0.034,0.0127,0.0213,1.0604,0.8345,direct,88221,78851
direct_vs_group_psychosomatic,geeinigt,3,1,4,0.034,0.0127,0.0213,1.0604,0.8345,direct,88221,78851
direct_vs_group_psychosomatic,gestört,3,1,4,0.034,0.0127,0.0213,1.0604,0.8345,direct,88221,78851
direct_vs_group_psychosomatic,gleiche,3,1,4,0.034,0.0127,0.0213,1.0604,0.8345,direct,88221,78851
direct_vs_group_psychosomatic,gr,3,1,4,0.034,0.0127,0.0213,1.0604,0.8345,direct,88221,78851
direct_vs_group_psychosomatic,herausgenommen,3,1,4,0.034,0.0127,0.0213,1.0604,0.8345,direct,88221,78851
direct_vs_group_psychosomatic,herzlich,3,1,4,0.034,0.0127,0.0213,1.0604,0.8345,direct,88221,78851
direct_vs_group_psychosomatic,hierfür,3,1,4,0.034,0.0127,0.0213,1.0604,0.8345,direct,88221,78851
direct_vs_group_psychosomatic,hinaus,3,1,4,0.034,0.0127,0.0213,1.0604,0.8345,direct,88221,78851
direct_vs_group_psychosomatic,komplizierter,3,1,4,0.034,0.0127,0.0213,1.0604,0.8345,direct,88221,78851
direct_vs_group_psychosomatic,konntest,3,1,4,0.034,0.0127,0.0213,1.0604,0.8345,direct,88221,78851
direct_vs_group_psychosomatic,leiden,3,1,4,0.034,0.0127,0.0213,1.0604,0.8345,direct,88221,78851
direct_vs_group_psychosomatic,mahlzeiten,3,1,4,0.034,0.0127,0.0213,1.0604,0.8345,direct,88221,78851
direct_vs_group_psychosomatic,mitkommen,3,1,4,0.034,0.0127,0.0213,1.0604,0.8345,direct,88221,78851
direct_vs_group_psychosomatic,oral,3,1,4,0.034,0.0127,0.0213,1.0604,0.8345,direct,88221,78851
direct_vs_group_psychosomatic,privat,3,1,4,0.034,0.0127,0.0213,1.0604,0.8345,direct,88221,78851
direct_vs_group_psychosomatic,problematisch,3,1,4,0.034,0.0127,0.0213,1.0604,0.8345,direct,88221,78851
direct_vs_group_psychosomatic,ran,3,1,4,0.034,0.0127,0.0213,1.0604,0.8345,direct,88221,78851
direct_vs_group_psychosomatic,rausgehen,3,1,4,0.034,0.0127,0.0213,1.0604,0.8345,direct,88221,78851
direct_vs_group_psychosomatic,sauer,3,1,4,0.034,0.0127,0.0213,1.0604,0.8345,direct,88221,78851
direct_vs_group_psychosomatic,spinnt,3,1,4,0.034,0.0127,0.0213,1.0604,0.8345,direct,88221,78851
direct_vs_group_psychosomatic,strukturiert,3,1,4,0.034,0.0127,0.0213,1.0604,0.8345,direct,88221,78851
direct_vs_group_psychosomatic,sun_with_face,3,1,4,0.034,0.0127,0.0213,1.0604,0.8345,direct,88221,78851
direct_vs_group_psychosomatic,t,3,1,4,0.034,0.0127,0.0213,1.0604,0.8345,direct,88221,78851
direct_vs_group_psychosomatic,verbessert,3,1,4,0.034,0.0127,0.0213,1.0604,0.8345,direct,88221,78851
direct_vs_group_psychosomatic,vermute,3,1,4,0.034,0.0127,0.0213,1.0604,0.8345,direct,88221,78851
direct_vs_group_psychosomatic,versehentlich,3,1,4,0.034,0.0127,0.0213,1.0604,0.8345,direct,88221,78851
direct_vs_group_psychosomatic,vertrag,3,1,4,0.034,0.0127,0.0213,1.0604,0.8345,direct,88221,78851
direct_vs_group_psychosomatic,viertel,3,1,4,0.034,0.0127,0.0213,1.0604,0.8345,direct,88221,78851
direct_vs_group_psychosomatic,wollt,3,1,4,0.034,0.0127,0.0213,1.0604,0.8345,direct,88221,78851
direct_vs_group_psychosomatic,woran,3,1,4,0.034,0.0127,0.0213,1.0604,0.8345,direct,88221,78851
direct_vs_group_psychosomatic,überwertigen,3,1,4,0.034,0.0127,0.0213,1.0604,0.8345,direct,88221,78851
direct_vs_group_psychosomatic,Liebe,216,176,392,2.4484,2.2321,0.2163,0.1327,0.8323,direct,88221,78851
direct_vs_group_psychosomatic,Von,12,7,19,0.136,0.0888,0.0472,0.575,0.8298,direct,88221,78851
direct_vs_group_psychosomatic,passiert,12,7,19,0.136,0.0888,0.0472,0.575,0.8298,direct,88221,78851
direct_vs_group_psychosomatic,verstanden,12,7,19,0.136,0.0888,0.0472,0.575,0.8298,direct,88221,78851
direct_vs_group_psychosomatic,überhaupt,12,7,19,0.136,0.0888,0.0472,0.575,0.8298,direct,88221,78851
direct_vs_group_psychosomatic,übernimmt,12,7,19,0.136,0.0888,0.0472,0.575,0.8298,direct,88221,78851
direct_vs_group_psychosomatic,gibt,76,58,134,0.8615,0.7356,0.1259,0.225,0.8262,direct,88221,78851
direct_vs_group_psychosomatic,krank,16,10,26,0.1814,0.1268,0.0545,0.4901,0.8054,direct,88221,78851
direct_vs_group_psychosomatic,überlegen,10,13,23,0.1134,0.1649,-0.0515,-0.5246,0.8017,group,88221,78851
direct_vs_group_psychosomatic,entschieden,11,14,25,0.1247,0.1776,-0.0529,-0.4964,0.7765,group,88221,78851
direct_vs_group_psychosomatic,ihn,78,60,138,0.8841,0.7609,0.1232,0.2138,0.7681,direct,88221,78851
direct_vs_group_psychosomatic,Blutdruck,3,5,8,0.034,0.0634,-0.0294,-0.8141,0.7551,group,88221,78851
direct_vs_group_psychosomatic,EU,3,5,8,0.034,0.0634,-0.0294,-0.8141,0.7551,group,88221,78851
direct_vs_group_psychosomatic,Hals,3,5,8,0.034,0.0634,-0.0294,-0.8141,0.7551,group,88221,78851
direct_vs_group_psychosomatic,Hyperkaliämie,3,5,8,0.034,0.0634,-0.0294,-0.8141,0.7551,group,88221,78851
direct_vs_group_psychosomatic,Konzept,3,5,8,0.034,0.0634,-0.0294,-0.8141,0.7551,group,88221,78851
direct_vs_group_psychosomatic,Nähe,3,5,8,0.034,0.0634,-0.0294,-0.8141,0.7551,group,88221,78851
direct_vs_group_psychosomatic,Refeeding,3,5,8,0.034,0.0634,-0.0294,-0.8141,0.7551,group,88221,78851
direct_vs_group_psychosomatic,Runde,3,5,8,0.034,0.0634,-0.0294,-0.8141,0.7551,group,88221,78851
direct_vs_group_psychosomatic,Situationen,3,5,8,0.034,0.0634,-0.0294,-0.8141,0.7551,group,88221,78851
direct_vs_group_psychosomatic,Zimmernachbarin,3,5,8,0.034,0.0634,-0.0294,-0.8141,0.7551,group,88221,78851
direct_vs_group_psychosomatic,abend,3,5,8,0.034,0.0634,-0.0294,-0.8141,0.7551,group,88221,78851
direct_vs_group_psychosomatic,ambulanter,3,5,8,0.034,0.0634,-0.0294,-0.8141,0.7551,group,88221,78851
direct_vs_group_psychosomatic,belassen,3,5,8,0.034,0.0634,-0.0294,-0.8141,0.7551,group,88221,78851
direct_vs_group_psychosomatic,gesund,3,5,8,0.034,0.0634,-0.0294,-0.8141,0.7551,group,88221,78851
direct_vs_group_psychosomatic,großes,3,5,8,0.034,0.0634,-0.0294,-0.8141,0.7551,group,88221,78851
direct_vs_group_psychosomatic,heutigen,3,5,8,0.034,0.0634,-0.0294,-0.8141,0.7551,group,88221,78851
direct_vs_group_psychosomatic,kurzen,3,5,8,0.034,0.0634,-0.0294,-0.8141,0.7551,group,88221,78851
direct_vs_group_psychosomatic,meisten,3,5,8,0.034,0.0634,-0.0294,-0.8141,0.7551,group,88221,78851
direct_vs_group_psychosomatic,normalerweise,3,5,8,0.034,0.0634,-0.0294,-0.8141,0.7551,group,88221,78851
direct_vs_group_psychosomatic,relevant,3,5,8,0.034,0.0634,-0.0294,-0.8141,0.7551,group,88221,78851
direct_vs_group_psychosomatic,thematisieren,3,5,8,0.034,0.0634,-0.0294,-0.8141,0.7551,group,88221,78851
direct_vs_group_psychosomatic,unwahrscheinlich,3,5,8,0.034,0.0634,-0.0294,-0.8141,0.7551,group,88221,78851
direct_vs_group_psychosomatic,vergeben,3,5,8,0.034,0.0634,-0.0294,-0.8141,0.7551,group,88221,78851
direct_vs_group_psychosomatic,wahrgenommen,3,5,8,0.034,0.0634,-0.0294,-0.8141,0.7551,group,88221,78851
direct_vs_group_psychosomatic,obwohl,9,5,14,0.102,0.0634,0.0386,0.6265,0.7539,direct,88221,78851
direct_vs_group_psychosomatic,vorschlagen,9,5,14,0.102,0.0634,0.0386,0.6265,0.7539,direct,88221,78851
direct_vs_group_psychosomatic,überfordert,9,5,14,0.102,0.0634,0.0386,0.6265,0.7539,direct,88221,78851
direct_vs_group_psychosomatic,übernommen,9,5,14,0.102,0.0634,0.0386,0.6265,0.7539,direct,88221,78851
direct_vs_group_psychosomatic,entlassen,45,33,78,0.5101,0.4185,0.0916,0.2797,0.7518,direct,88221,78851
direct_vs_group_psychosomatic,Probatorik,21,14,35,0.238,0.1776,0.0605,0.4063,0.7338,direct,88221,78851
direct_vs_group_psychosomatic,begonnen,14,17,31,0.1587,0.2156,-0.0569,-0.4333,0.7253,group,88221,78851
direct_vs_group_psychosomatic,falls,74,57,131,0.8388,0.7229,0.1159,0.2117,0.7162,direct,88221,78851
direct_vs_group_psychosomatic,Tagen,15,18,33,0.17,0.2283,-0.0583,-0.4173,0.7139,group,88221,78851
direct_vs_group_psychosomatic,24,6,3,9,0.068,0.038,0.03,0.7311,0.7109,direct,88221,78851
direct_vs_group_psychosomatic,Bisher,6,3,9,0.068,0.038,0.03,0.7311,0.7109,direct,88221,78851
direct_vs_group_psychosomatic,CK,6,3,9,0.068,0.038,0.03,0.7311,0.7109,direct,88221,78851
direct_vs_group_psychosomatic,Corona,6,3,9,0.068,0.038,0.03,0.7311,0.7109,direct,88221,78851
direct_vs_group_psychosomatic,DANKE,6,3,9,0.068,0.038,0.03,0.7311,0.7109,direct,88221,78851
direct_vs_group_psychosomatic,Depressive,6,3,9,0.068,0.038,0.03,0.7311,0.7109,direct,88221,78851
direct_vs_group_psychosomatic,Erfahrung,6,3,9,0.068,0.038,0.03,0.7311,0.7109,direct,88221,78851
direct_vs_group_psychosomatic,Finde,6,3,9,0.068,0.038,0.03,0.7311,0.7109,direct,88221,78851
direct_vs_group_psychosomatic,Leitlinie,6,3,9,0.068,0.038,0.03,0.7311,0.7109,direct,88221,78851
direct_vs_group_psychosomatic,Meine,6,3,9,0.068,0.038,0.03,0.7311,0.7109,direct,88221,78851
direct_vs_group_psychosomatic,Nur,6,3,9,0.068,0.038,0.03,0.7311,0.7109,direct,88221,78851
direct_vs_group_psychosomatic,PhysMed,6,3,9,0.068,0.038,0.03,0.7311,0.7109,direct,88221,78851
direct_vs_group_psychosomatic,Stunden,6,3,9,0.068,0.038,0.03,0.7311,0.7109,direct,88221,78851
direct_vs_group_psychosomatic,Suche,6,3,9,0.068,0.038,0.03,0.7311,0.7109,direct,88221,78851
direct_vs_group_psychosomatic,Telefon,6,3,9,0.068,0.038,0.03,0.7311,0.7109,direct,88221,78851
direct_vs_group_psychosomatic,Wert,6,3,9,0.068,0.038,0.03,0.7311,0.7109,direct,88221,78851
direct_vs_group_psychosomatic,Zeitraum,6,3,9,0.068,0.038,0.03,0.7311,0.7109,direct,88221,78851
direct_vs_group_psychosomatic,absprechen,6,3,9,0.068,0.038,0.03,0.7311,0.7109,direct,88221,78851
direct_vs_group_psychosomatic,anzurufen,6,3,9,0.068,0.038,0.03,0.7311,0.7109,direct,88221,78851
direct_vs_group_psychosomatic,gemeldet,6,3,9,0.068,0.038,0.03,0.7311,0.7109,direct,88221,78851
direct_vs_group_psychosomatic,gesucht,6,3,9,0.068,0.038,0.03,0.7311,0.7109,direct,88221,78851
direct_vs_group_psychosomatic,jederzeit,6,3,9,0.068,0.038,0.03,0.7311,0.7109,direct,88221,78851
direct_vs_group_psychosomatic,kennt,6,3,9,0.068,0.038,0.03,0.7311,0.7109,direct,88221,78851
direct_vs_group_psychosomatic,verstehe,6,3,9,0.068,0.038,0.03,0.7311,0.7109,direct,88221,78851
direct_vs_group_psychosomatic,vorbeikommen,6,3,9,0.068,0.038,0.03,0.7311,0.7109,direct,88221,78851
direct_vs_group_psychosomatic,weder,6,3,9,0.068,0.038,0.03,0.7311,0.7109,direct,88221,78851
direct_vs_group_psychosomatic,willkommen,6,3,9,0.068,0.038,0.03,0.7311,0.7109,direct,88221,78851
direct_vs_group_psychosomatic,wolltest,6,3,9,0.068,0.038,0.03,0.7311,0.7109,direct,88221,78851
direct_vs_group_psychosomatic,zB,6,3,9,0.068,0.038,0.03,0.7311,0.7109,direct,88221,78851
direct_vs_group_psychosomatic,Außerdem,17,11,28,0.1927,0.1395,0.0532,0.4437,0.7102,direct,88221,78851
direct_vs_group_psychosomatic,Gewichtsvereinbarung,17,11,28,0.1927,0.1395,0.0532,0.4437,0.7102,direct,88221,78851
direct_vs_group_psychosomatic,alleine,17,11,28,0.1927,0.1395,0.0532,0.4437,0.7102,direct,88221,78851
direct_vs_group_psychosomatic,Bupropion,13,8,21,0.1474,0.1015,0.0459,0.5054,0.7067,direct,88221,78851
direct_vs_group_psychosomatic,Diagnosen,13,8,21,0.1474,0.1015,0.0459,0.5054,0.7067,direct,88221,78851
direct_vs_group_psychosomatic,beide,17,20,37,0.1927,0.2536,-0.0609,-0.3903,0.6969,group,88221,78851
direct_vs_group_psychosomatic,ging,18,21,39,0.204,0.2663,-0.0623,-0.3788,0.6907,group,88221,78851
direct_vs_group_psychosomatic,nimmt,18,21,39,0.204,0.2663,-0.0623,-0.3788,0.6907,group,88221,78851
direct_vs_group_psychosomatic,täglich,19,22,41,0.2154,0.279,-0.0636,-0.3684,0.6857,group,88221,78851
direct_vs_group_psychosomatic,Kontakt,31,34,65,0.3514,0.4312,-0.0798,-0.2932,0.6801,group,88221,78851
direct_vs_group_psychosomatic,evtl,28,31,59,0.3174,0.3931,-0.0758,-0.3064,0.6753,group,88221,78851
direct_vs_group_psychosomatic,Therapie,27,30,57,0.306,0.3805,-0.0744,-0.3114,0.6744,group,88221,78851
direct_vs_group_psychosomatic,war,311,297,608,3.5252,3.7666,-0.2414,-0.0957,0.6658,group,88221,78851
direct_vs_group_psychosomatic,13,64,66,130,0.7255,0.837,-0.1116,-0.206,0.6649,group,88221,78851
direct_vs_group_psychosomatic,Störung,22,15,37,0.2494,0.1902,0.0591,0.3757,0.6629,direct,88221,78851
direct_vs_group_psychosomatic,Herzlichen,4,6,10,0.0453,0.0761,-0.0308,-0.6925,0.6588,group,88221,78851
direct_vs_group_psychosomatic,Zeitpunkt,4,6,10,0.0453,0.0761,-0.0308,-0.6925,0.6588,group,88221,78851
direct_vs_group_psychosomatic,angegeben,4,6,10,0.0453,0.0761,-0.0308,-0.6925,0.6588,group,88221,78851
direct_vs_group_psychosomatic,einigen,4,6,10,0.0453,0.0761,-0.0308,-0.6925,0.6588,group,88221,78851
direct_vs_group_psychosomatic,frühzeitig,4,6,10,0.0453,0.0761,-0.0308,-0.6925,0.6588,group,88221,78851
direct_vs_group_psychosomatic,gelassen,4,6,10,0.0453,0.0761,-0.0308,-0.6925,0.6588,group,88221,78851
direct_vs_group_psychosomatic,grundsätzlich,4,6,10,0.0453,0.0761,-0.0308,-0.6925,0.6588,group,88221,78851
direct_vs_group_psychosomatic,gutes,4,6,10,0.0453,0.0761,-0.0308,-0.6925,0.6588,group,88221,78851
direct_vs_group_psychosomatic,äußerte,4,6,10,0.0453,0.0761,-0.0308,-0.6925,0.6588,group,88221,78851
direct_vs_group_psychosomatic,ab,160,130,290,1.8136,1.6487,0.1649,0.1365,0.6541,direct,88221,78851
direct_vs_group_psychosomatic,sinnvoll,32,23,55,0.3627,0.2917,0.071,0.3058,0.6421,direct,88221,78851
direct_vs_group_psychosomatic,Würde,18,12,30,0.204,0.1522,0.0518,0.4036,0.6289,direct,88221,78851
direct_vs_group_psychosomatic,raus,43,32,75,0.4874,0.4058,0.0816,0.2586,0.6203,direct,88221,78851
direct_vs_group_psychosomatic,Bekommt,10,6,16,0.1134,0.0761,0.0373,0.5299,0.612,direct,88221,78851
direct_vs_group_psychosomatic,HWS,10,6,16,0.1134,0.0761,0.0373,0.5299,0.612,direct,88221,78851
direct_vs_group_psychosomatic,Stand,10,6,16,0.1134,0.0761,0.0373,0.5299,0.612,direct,88221,78851
direct_vs_group_psychosomatic,address,10,6,16,0.1134,0.0761,0.0373,0.5299,0.612,direct,88221,78851
direct_vs_group_psychosomatic,erklären,10,6,16,0.1134,0.0761,0.0373,0.5299,0.612,direct,88221,78851
direct_vs_group_psychosomatic,warten,10,6,16,0.1134,0.0761,0.0373,0.5299,0.612,direct,88221,78851
direct_vs_group_psychosomatic,zumindest,10,6,16,0.1134,0.0761,0.0373,0.5299,0.612,direct,88221,78851
direct_vs_group_psychosomatic,überlegt,10,6,16,0.1134,0.0761,0.0373,0.5299,0.612,direct,88221,78851
direct_vs_group_psychosomatic,Lieben,14,9,23,0.1587,0.1141,0.0446,0.4481,0.6067,direct,88221,78851
direct_vs_group_psychosomatic,3x,5,7,12,0.0567,0.0888,-0.0321,-0.6095,0.5973,group,88221,78851
direct_vs_group_psychosomatic,Echo,5,7,12,0.0567,0.0888,-0.0321,-0.6095,0.5973,group,88221,78851
direct_vs_group_psychosomatic,Ggf,5,7,12,0.0567,0.0888,-0.0321,-0.6095,0.5973,group,88221,78851
direct_vs_group_psychosomatic,Hand,5,7,12,0.0567,0.0888,-0.0321,-0.6095,0.5973,group,88221,78851
direct_vs_group_psychosomatic,PTBS,5,7,12,0.0567,0.0888,-0.0321,-0.6095,0.5973,group,88221,78851
direct_vs_group_psychosomatic,Vorbefunde,5,7,12,0.0567,0.0888,-0.0321,-0.6095,0.5973,group,88221,78851
direct_vs_group_psychosomatic,Wiederaufnahme,5,7,12,0.0567,0.0888,-0.0321,-0.6095,0.5973,group,88221,78851
direct_vs_group_psychosomatic,erneute,5,7,12,0.0567,0.0888,-0.0321,-0.6095,0.5973,group,88221,78851
direct_vs_group_psychosomatic,unverändert,5,7,12,0.0567,0.0888,-0.0321,-0.6095,0.5973,group,88221,78851
direct_vs_group_psychosomatic,verabschieden,5,7,12,0.0567,0.0888,-0.0321,-0.6095,0.5973,group,88221,78851
direct_vs_group_psychosomatic,können,138,112,250,1.5643,1.4204,0.1439,0.138,0.5771,direct,88221,78851
direct_vs_group_psychosomatic,unter,74,58,132,0.8388,0.7356,0.1032,0.1868,0.5635,direct,88221,78851
direct_vs_group_psychosomatic,Gute,6,8,14,0.068,0.1015,-0.0334,-0.549,0.5554,group,88221,78851
direct_vs_group_psychosomatic,Nifedipin,6,8,14,0.068,0.1015,-0.0334,-0.549,0.5554,group,88221,78851
direct_vs_group_psychosomatic,Terminen,6,8,14,0.068,0.1015,-0.0334,-0.549,0.5554,group,88221,78851
direct_vs_group_psychosomatic,abgeschlossen,6,8,14,0.068,0.1015,-0.0334,-0.549,0.5554,group,88221,78851
direct_vs_group_psychosomatic,guter,6,8,14,0.068,0.1015,-0.0334,-0.549,0.5554,group,88221,78851
direct_vs_group_psychosomatic,lässt,6,8,14,0.068,0.1015,-0.0334,-0.549,0.5554,group,88221,78851
direct_vs_group_psychosomatic,m,6,8,14,0.068,0.1015,-0.0334,-0.549,0.5554,group,88221,78851
direct_vs_group_psychosomatic,neben,6,8,14,0.068,0.1015,-0.0334,-0.549,0.5554,group,88221,78851
direct_vs_group_psychosomatic,verschoben,6,8,14,0.068,0.1015,-0.0334,-0.549,0.5554,group,88221,78851
direct_vs_group_psychosomatic,ASS,7,4,11,0.0793,0.0507,0.0286,0.575,0.5264,direct,88221,78851
direct_vs_group_psychosomatic,Schnelltest,7,4,11,0.0793,0.0507,0.0286,0.575,0.5264,direct,88221,78851
direct_vs_group_psychosomatic,angetroffen,7,4,11,0.0793,0.0507,0.0286,0.575,0.5264,direct,88221,78851
direct_vs_group_psychosomatic,fragte,7,4,11,0.0793,0.0507,0.0286,0.575,0.5264,direct,88221,78851
direct_vs_group_psychosomatic,gewünscht,7,4,11,0.0793,0.0507,0.0286,0.575,0.5264,direct,88221,78851
direct_vs_group_psychosomatic,hypertensiver,7,4,11,0.0793,0.0507,0.0286,0.575,0.5264,direct,88221,78851
direct_vs_group_psychosomatic,mitbringen,7,4,11,0.0793,0.0507,0.0286,0.575,0.5264,direct,88221,78851
direct_vs_group_psychosomatic,schonmal,7,4,11,0.0793,0.0507,0.0286,0.575,0.5264,direct,88221,78851
direct_vs_group_psychosomatic,solltest,7,4,11,0.0793,0.0507,0.0286,0.575,0.5264,direct,88221,78851
direct_vs_group_psychosomatic,stand,7,4,11,0.0793,0.0507,0.0286,0.575,0.5264,direct,88221,78851
direct_vs_group_psychosomatic,sucht,7,4,11,0.0793,0.0507,0.0286,0.575,0.5264,direct,88221,78851
direct_vs_group_psychosomatic,unklar,7,4,11,0.0793,0.0507,0.0286,0.575,0.5264,direct,88221,78851
direct_vs_group_psychosomatic,welchem,7,4,11,0.0793,0.0507,0.0286,0.575,0.5264,direct,88221,78851
direct_vs_group_psychosomatic,PS,7,9,16,0.0793,0.1141,-0.0348,-0.503,0.5256,group,88221,78851
direct_vs_group_psychosomatic,Sinn,7,9,16,0.0793,0.1141,-0.0348,-0.503,0.5256,group,88221,78851
direct_vs_group_psychosomatic,Verdacht,7,9,16,0.0793,0.1141,-0.0348,-0.503,0.5256,group,88221,78851
direct_vs_group_psychosomatic,Nachmittag,15,10,25,0.17,0.1268,0.0432,0.3999,0.5241,direct,88221,78851
direct_vs_group_psychosomatic,darum,15,10,25,0.17,0.1268,0.0432,0.3999,0.5241,direct,88221,78851
direct_vs_group_psychosomatic,zum,131,128,259,1.4849,1.6233,-0.1384,-0.1287,0.5138,group,88221,78851
direct_vs_group_psychosomatic,ET,8,10,18,0.0907,0.1268,-0.0361,-0.4668,0.504,group,88221,78851
direct_vs_group_psychosomatic,LZ,8,10,18,0.0907,0.1268,-0.0361,-0.4668,0.504,group,88221,78851
direct_vs_group_psychosomatic,Verträglichkeit,8,10,18,0.0907,0.1268,-0.0361,-0.4668,0.504,group,88221,78851
direct_vs_group_psychosomatic,absetzen,8,10,18,0.0907,0.1268,-0.0361,-0.4668,0.504,group,88221,78851
direct_vs_group_psychosomatic,pro,8,10,18,0.0907,0.1268,-0.0361,-0.4668,0.504,group,88221,78851
direct_vs_group_psychosomatic,stehen,8,10,18,0.0907,0.1268,-0.0361,-0.4668,0.504,group,88221,78851
direct_vs_group_psychosomatic,unserer,8,10,18,0.0907,0.1268,-0.0361,-0.4668,0.504,group,88221,78851
direct_vs_group_psychosomatic,Moment,11,7,18,0.1247,0.0888,0.0359,0.4547,0.5039,direct,88221,78851
direct_vs_group_psychosomatic,Pause,11,7,18,0.1247,0.0888,0.0359,0.4547,0.5039,direct,88221,78851
direct_vs_group_psychosomatic,Reevaluation,11,7,18,0.1247,0.0888,0.0359,0.4547,0.5039,direct,88221,78851
direct_vs_group_psychosomatic,abnehmen,11,7,18,0.1247,0.0888,0.0359,0.4547,0.5039,direct,88221,78851
direct_vs_group_psychosomatic,bald,11,7,18,0.1247,0.0888,0.0359,0.4547,0.5039,direct,88221,78851
direct_vs_group_psychosomatic,sobald,11,7,18,0.1247,0.0888,0.0359,0.4547,0.5039,direct,88221,78851
direct_vs_group_psychosomatic,Ansonsten,20,14,34,0.2267,0.1776,0.0492,0.3376,0.4978,direct,88221,78851
direct_vs_group_psychosomatic,Kanal,25,18,43,0.2834,0.2283,0.0551,0.301,0.4941,direct,88221,78851
direct_vs_group_psychosomatic,Fuß,9,11,20,0.102,0.1395,-0.0375,-0.4376,0.4879,group,88221,78851
direct_vs_group_psychosomatic,könnt,9,11,20,0.102,0.1395,-0.0375,-0.4376,0.4879,group,88221,78851
direct_vs_group_psychosomatic,für,595,554,1149,6.7444,7.0259,-0.2815,-0.0591,0.4794,group,88221,78851
direct_vs_group_psychosomatic,genommen,10,12,22,0.1134,0.1522,-0.0388,-0.4135,0.4759,group,88221,78851
direct_vs_group_psychosomatic,kleine,10,12,22,0.1134,0.1522,-0.0388,-0.4135,0.4759,group,88221,78851
direct_vs_group_psychosomatic,purging,10,12,22,0.1134,0.1522,-0.0388,-0.4135,0.4759,group,88221,78851
direct_vs_group_psychosomatic,12Uhr,4,2,6,0.0453,0.0254,0.02,0.686,0.4739,direct,88221,78851
direct_vs_group_psychosomatic,Ambivalenz,4,2,6,0.0453,0.0254,0.02,0.686,0.4739,direct,88221,78851
direct_vs_group_psychosomatic,Auswertung,4,2,6,0.0453,0.0254,0.02,0.686,0.4739,direct,88221,78851
direct_vs_group_psychosomatic,Außen,4,2,6,0.0453,0.0254,0.02,0.686,0.4739,direct,88221,78851
direct_vs_group_psychosomatic,Bewegungs,4,2,6,0.0453,0.0254,0.02,0.686,0.4739,direct,88221,78851
direct_vs_group_psychosomatic,Endometriosebereich,4,2,6,0.0453,0.0254,0.02,0.686,0.4739,direct,88221,78851
direct_vs_group_psychosomatic,Erstgespräch,4,2,6,0.0453,0.0254,0.02,0.686,0.4739,direct,88221,78851
direct_vs_group_psychosomatic,Gesprächen,4,2,6,0.0453,0.0254,0.02,0.686,0.4739,direct,88221,78851
direct_vs_group_psychosomatic,ITS,4,2,6,0.0453,0.0254,0.02,0.686,0.4739,direct,88221,78851
direct_vs_group_psychosomatic,Interaktionen,4,2,6,0.0453,0.0254,0.02,0.686,0.4739,direct,88221,78851
direct_vs_group_psychosomatic,Kongress,4,2,6,0.0453,0.0254,0.02,0.686,0.4739,direct,88221,78851
direct_vs_group_psychosomatic,Kunst,4,2,6,0.0453,0.0254,0.02,0.686,0.4739,direct,88221,78851
direct_vs_group_psychosomatic,Logopädie,4,2,6,0.0453,0.0254,0.02,0.686,0.4739,direct,88221,78851
direct_vs_group_psychosomatic,Lösung,4,2,6,0.0453,0.0254,0.02,0.686,0.4739,direct,88221,78851
direct_vs_group_psychosomatic,Magnesium,4,2,6,0.0453,0.0254,0.02,0.686,0.4739,direct,88221,78851
direct_vs_group_psychosomatic,Neurosono,4,2,6,0.0453,0.0254,0.02,0.686,0.4739,direct,88221,78851
direct_vs_group_psychosomatic,Ob,4,2,6,0.0453,0.0254,0.02,0.686,0.4739,direct,88221,78851
direct_vs_group_psychosomatic,Psychotherapeuten,4,2,6,0.0453,0.0254,0.02,0.686,0.4739,direct,88221,78851
direct_vs_group_psychosomatic,Recht,4,2,6,0.0453,0.0254,0.02,0.686,0.4739,direct,88221,78851
direct_vs_group_psychosomatic,Sohn,4,2,6,0.0453,0.0254,0.02,0.686,0.4739,direct,88221,78851
direct_vs_group_psychosomatic,Sport,4,2,6,0.0453,0.0254,0.02,0.686,0.4739,direct,88221,78851
direct_vs_group_psychosomatic,Substanzkonsum,4,2,6,0.0453,0.0254,0.02,0.686,0.4739,direct,88221,78851
direct_vs_group_psychosomatic,Thematik,4,2,6,0.0453,0.0254,0.02,0.686,0.4739,direct,88221,78851
direct_vs_group_psychosomatic,Visitenliste,4,2,6,0.0453,0.0254,0.02,0.686,0.4739,direct,88221,78851
direct_vs_group_psychosomatic,absolviert,4,2,6,0.0453,0.0254,0.02,0.686,0.4739,direct,88221,78851
direct_vs_group_psychosomatic,bat,4,2,6,0.0453,0.0254,0.02,0.686,0.4739,direct,88221,78851
direct_vs_group_psychosomatic,bestellen,4,2,6,0.0453,0.0254,0.02,0.686,0.4739,direct,88221,78851
direct_vs_group_psychosomatic,betrifft,4,2,6,0.0453,0.0254,0.02,0.686,0.4739,direct,88221,78851
direct_vs_group_psychosomatic,depressiver,4,2,6,0.0453,0.0254,0.02,0.686,0.4739,direct,88221,78851
direct_vs_group_psychosomatic,donnerstag,4,2,6,0.0453,0.0254,0.02,0.686,0.4739,direct,88221,78851
direct_vs_group_psychosomatic,eMed,4,2,6,0.0453,0.0254,0.02,0.686,0.4739,direct,88221,78851
direct_vs_group_psychosomatic,erkrankt,4,2,6,0.0453,0.0254,0.02,0.686,0.4739,direct,88221,78851
direct_vs_group_psychosomatic,fehlender,4,2,6,0.0453,0.0254,0.02,0.686,0.4739,direct,88221,78851
direct_vs_group_psychosomatic,fordert,4,2,6,0.0453,0.0254,0.02,0.686,0.4739,direct,88221,78851
direct_vs_group_psychosomatic,getestet,4,2,6,0.0453,0.0254,0.02,0.686,0.4739,direct,88221,78851
direct_vs_group_psychosomatic,groß,4,2,6,0.0453,0.0254,0.02,0.686,0.4739,direct,88221,78851
direct_vs_group_psychosomatic,heraus,4,2,6,0.0453,0.0254,0.02,0.686,0.4739,direct,88221,78851
direct_vs_group_psychosomatic,konsil,4,2,6,0.0453,0.0254,0.02,0.686,0.4739,direct,88221,78851
direct_vs_group_psychosomatic,linken,4,2,6,0.0453,0.0254,0.02,0.686,0.4739,direct,88221,78851
direct_vs_group_psychosomatic,mittel/Schwer,4,2,6,0.0453,0.0254,0.02,0.686,0.4739,direct,88221,78851
direct_vs_group_psychosomatic,moin,4,2,6,0.0453,0.0254,0.02,0.686,0.4739,direct,88221,78851
direct_vs_group_psychosomatic,normale,4,2,6,0.0453,0.0254,0.02,0.686,0.4739,direct,88221,78851
direct_vs_group_psychosomatic,rausnehmen,4,2,6,0.0453,0.0254,0.02,0.686,0.4739,direct,88221,78851
direct_vs_group_psychosomatic,schaut,4,2,6,0.0453,0.0254,0.02,0.686,0.4739,direct,88221,78851
direct_vs_group_psychosomatic,untergegangen,4,2,6,0.0453,0.0254,0.02,0.686,0.4739,direct,88221,78851
direct_vs_group_psychosomatic,wenden,4,2,6,0.0453,0.0254,0.02,0.686,0.4739,direct,88221,78851
direct_vs_group_psychosomatic,Ärzte,4,2,6,0.0453,0.0254,0.02,0.686,0.4739,direct,88221,78851
direct_vs_group_psychosomatic,schwer,26,28,54,0.2947,0.3551,-0.0604,-0.267,0.4688,group,88221,78851
direct_vs_group_psychosomatic,+,25,27,52,0.2834,0.3424,-0.059,-0.2709,0.4653,group,88221,78851
direct_vs_group_psychosomatic,beiden,25,27,52,0.2834,0.3424,-0.059,-0.2709,0.4653,group,88221,78851
direct_vs_group_psychosomatic,ca,25,27,52,0.2834,0.3424,-0.059,-0.2709,0.4653,group,88221,78851
direct_vs_group_psychosomatic,neu,25,27,52,0.2834,0.3424,-0.059,-0.2709,0.4653,group,88221,78851
direct_vs_group_psychosomatic,6,24,26,50,0.272,0.3297,-0.0577,-0.2752,0.4621,group,88221,78851
direct_vs_group_psychosomatic,meiner,24,26,50,0.272,0.3297,-0.0577,-0.2752,0.4621,group,88221,78851
direct_vs_group_psychosomatic,sondern,24,26,50,0.272,0.3297,-0.0577,-0.2752,0.4621,group,88221,78851
direct_vs_group_psychosomatic,150,1,2,3,0.0113,0.0254,-0.014,-0.899,0.4615,group,88221,78851
direct_vs_group_psychosomatic,22,1,2,3,0.0113,0.0254,-0.014,-0.899,0.4615,group,88221,78851
direct_vs_group_psychosomatic,25er,1,2,3,0.0113,0.0254,-0.014,-0.899,0.4615,group,88221,78851
direct_vs_group_psychosomatic,2mal,1,2,3,0.0113,0.0254,-0.014,-0.899,0.4615,group,88221,78851
direct_vs_group_psychosomatic,5kg,1,2,3,0.0113,0.0254,-0.014,-0.899,0.4615,group,88221,78851
direct_vs_group_psychosomatic,5mg/Woche,1,2,3,0.0113,0.0254,-0.014,-0.899,0.4615,group,88221,78851
direct_vs_group_psychosomatic,AN,1,2,3,0.0113,0.0254,-0.014,-0.899,0.4615,group,88221,78851
direct_vs_group_psychosomatic,Alternativen,1,2,3,0.0113,0.0254,-0.014,-0.899,0.4615,group,88221,78851
direct_vs_group_psychosomatic,Amenorrhoe,1,2,3,0.0113,0.0254,-0.014,-0.899,0.4615,group,88221,78851
direct_vs_group_psychosomatic,Andere,1,2,3,0.0113,0.0254,-0.014,-0.899,0.4615,group,88221,78851
direct_vs_group_psychosomatic,Ankündigung,1,2,3,0.0113,0.0254,-0.014,-0.899,0.4615,group,88221,78851
direct_vs_group_psychosomatic,Anorexia,1,2,3,0.0113,0.0254,-0.014,-0.899,0.4615,group,88221,78851
direct_vs_group_psychosomatic,Anregungen,1,2,3,0.0113,0.0254,-0.014,-0.899,0.4615,group,88221,78851
direct_vs_group_psychosomatic,Apfelsaft,1,2,3,0.0113,0.0254,-0.014,-0.899,0.4615,group,88221,78851
direct_vs_group_psychosomatic,Arbeitsplatz,1,2,3,0.0113,0.0254,-0.014,-0.899,0.4615,group,88221,78851
direct_vs_group_psychosomatic,Arztbriefen,1,2,3,0.0113,0.0254,-0.014,-0.899,0.4615,group,88221,78851
direct_vs_group_psychosomatic,Behandler,1,2,3,0.0113,0.0254,-0.014,-0.899,0.4615,group,88221,78851
direct_vs_group_psychosomatic,Behandlungsteam,1,2,3,0.0113,0.0254,-0.014,-0.899,0.4615,group,88221,78851
direct_vs_group_psychosomatic,Bein,1,2,3,0.0113,0.0254,-0.014,-0.899,0.4615,group,88221,78851
direct_vs_group_psychosomatic,Beiträge,1,2,3,0.0113,0.0254,-0.014,-0.899,0.4615,group,88221,78851
direct_vs_group_psychosomatic,Beobachtung,1,2,3,0.0113,0.0254,-0.014,-0.899,0.4615,group,88221,78851
direct_vs_group_psychosomatic,Bildgebung,1,2,3,0.0113,0.0254,-0.014,-0.899,0.4615,group,88221,78851
direct_vs_group_psychosomatic,Block,1,2,3,0.0113,0.0254,-0.014,-0.899,0.4615,group,88221,78851
direct_vs_group_psychosomatic,Blutungsquelle,1,2,3,0.0113,0.0254,-0.014,-0.899,0.4615,group,88221,78851
direct_vs_group_psychosomatic,Dingen,1,2,3,0.0113,0.0254,-0.014,-0.899,0.4615,group,88221,78851
direct_vs_group_psychosomatic,Distanzierung,1,2,3,0.0113,0.0254,-0.014,-0.899,0.4615,group,88221,78851
direct_vs_group_psychosomatic,Dynamik,1,2,3,0.0113,0.0254,-0.014,-0.899,0.4615,group,88221,78851
direct_vs_group_psychosomatic,Edukation,1,2,3,0.0113,0.0254,-0.014,-0.899,0.4615,group,88221,78851
direct_vs_group_psychosomatic,Eigen,1,2,3,0.0113,0.0254,-0.014,-0.899,0.4615,group,88221,78851
direct_vs_group_psychosomatic,Einwilligungserklärung,1,2,3,0.0113,0.0254,-0.014,-0.899,0.4615,group,88221,78851
direct_vs_group_psychosomatic,Einzelgespräche,1,2,3,0.0113,0.0254,-0.014,-0.899,0.4615,group,88221,78851
direct_vs_group_psychosomatic,Einzeltherapien,1,2,3,0.0113,0.0254,-0.014,-0.899,0.4615,group,88221,78851
direct_vs_group_psychosomatic,Entwicklung,1,2,3,0.0113,0.0254,-0.014,-0.899,0.4615,group,88221,78851
direct_vs_group_psychosomatic,Entzugssymptomatik,1,2,3,0.0113,0.0254,-0.014,-0.899,0.4615,group,88221,78851
direct_vs_group_psychosomatic,Erkrankungen,1,2,3,0.0113,0.0254,-0.014,-0.899,0.4615,group,88221,78851
direct_vs_group_psychosomatic,Ernährungs,1,2,3,0.0113,0.0254,-0.014,-0.899,0.4615,group,88221,78851
direct_vs_group_psychosomatic,Essstörungs,1,2,3,0.0113,0.0254,-0.014,-0.899,0.4615,group,88221,78851
direct_vs_group_psychosomatic,Fehlern,1,2,3,0.0113,0.0254,-0.014,-0.899,0.4615,group,88221,78851
direct_vs_group_psychosomatic,Finger,1,2,3,0.0113,0.0254,-0.014,-0.899,0.4615,group,88221,78851
direct_vs_group_psychosomatic,Floradix,1,2,3,0.0113,0.0254,-0.014,-0.899,0.4615,group,88221,78851
direct_vs_group_psychosomatic,Folgendes,1,2,3,0.0113,0.0254,-0.014,-0.899,0.4615,group,88221,78851
direct_vs_group_psychosomatic,Folsäure,1,2,3,0.0113,0.0254,-0.014,-0.899,0.4615,group,88221,78851
direct_vs_group_psychosomatic,Form,1,2,3,0.0113,0.0254,-0.014,-0.899,0.4615,group,88221,78851
direct_vs_group_psychosomatic,Fra,1,2,3,0.0113,0.0254,-0.014,-0.899,0.4615,group,88221,78851
direct_vs_group_psychosomatic,Fremdgefährdung,1,2,3,0.0113,0.0254,-0.014,-0.899,0.4615,group,88221,78851
direct_vs_group_psychosomatic,Funktionellen,1,2,3,0.0113,0.0254,-0.014,-0.899,0.4615,group,88221,78851
direct_vs_group_psychosomatic,GI,1,2,3,0.0113,0.0254,-0.014,-0.899,0.4615,group,88221,78851
direct_vs_group_psychosomatic,Garten,1,2,3,0.0113,0.0254,-0.014,-0.899,0.4615,group,88221,78851
direct_vs_group_psychosomatic,Geburtstag,1,2,3,0.0113,0.0254,-0.014,-0.899,0.4615,group,88221,78851
direct_vs_group_psychosomatic,Genesung,1,2,3,0.0113,0.0254,-0.014,-0.899,0.4615,group,88221,78851
direct_vs_group_psychosomatic,Gerinnung,1,2,3,0.0113,0.0254,-0.014,-0.899,0.4615,group,88221,78851
direct_vs_group_psychosomatic,Geschichte,1,2,3,0.0113,0.0254,-0.014,-0.899,0.4615,group,88221,78851
direct_vs_group_psychosomatic,Gestik,1,2,3,0.0113,0.0254,-0.014,-0.899,0.4615,group,88221,78851
direct_vs_group_psychosomatic,Gew,1,2,3,0.0113,0.0254,-0.014,-0.899,0.4615,group,88221,78851
direct_vs_group_psychosomatic,Gewichtskontrollen,1,2,3,0.0113,0.0254,-0.014,-0.899,0.4615,group,88221,78851
direct_vs_group_psychosomatic,Gleichzeitig,1,2,3,0.0113,0.0254,-0.014,-0.899,0.4615,group,88221,78851
direct_vs_group_psychosomatic,HF,1,2,3,0.0113,0.0254,-0.014,-0.899,0.4615,group,88221,78851
direct_vs_group_psychosomatic,HKU,1,2,3,0.0113,0.0254,-0.014,-0.899,0.4615,group,88221,78851
direct_vs_group_psychosomatic,Halsschmerzen,1,2,3,0.0113,0.0254,-0.014,-0.899,0.4615,group,88221,78851
direct_vs_group_psychosomatic,Hmm,1,2,3,0.0113,0.0254,-0.014,-0.899,0.4615,group,88221,78851
direct_vs_group_psychosomatic,Hunger,1,2,3,0.0113,0.0254,-0.014,-0.899,0.4615,group,88221,78851
direct_vs_group_psychosomatic,Häuslichkeit,1,2,3,0.0113,0.0254,-0.014,-0.899,0.4615,group,88221,78851
direct_vs_group_psychosomatic,Hört,1,2,3,0.0113,0.0254,-0.014,-0.899,0.4615,group,88221,78851
direct_vs_group_psychosomatic,Ibu,1,2,3,0.0113,0.0254,-0.014,-0.899,0.4615,group,88221,78851
direct_vs_group_psychosomatic,Impfung,1,2,3,0.0113,0.0254,-0.014,-0.899,0.4615,group,88221,78851
direct_vs_group_psychosomatic,Inhalte,1,2,3,0.0113,0.0254,-0.014,-0.899,0.4615,group,88221,78851
direct_vs_group_psychosomatic,Instrument,1,2,3,0.0113,0.0254,-0.014,-0.899,0.4615,group,88221,78851
direct_vs_group_psychosomatic,Job,1,2,3,0.0113,0.0254,-0.014,-0.899,0.4615,group,88221,78851
direct_vs_group_psychosomatic,Jobcenter,1,2,3,0.0113,0.0254,-0.014,-0.899,0.4615,group,88221,78851
direct_vs_group_psychosomatic,KBT,1,2,3,0.0113,0.0254,-0.014,-0.899,0.4615,group,88221,78851
direct_vs_group_psychosomatic,KU,1,2,3,0.0113,0.0254,-0.014,-0.899,0.4615,group,88221,78851
direct_vs_group_psychosomatic,Kam,1,2,3,0.0113,0.0254,-0.014,-0.899,0.4615,group,88221,78851
direct_vs_group_psychosomatic,Kittel,1,2,3,0.0113,0.0254,-0.014,-0.899,0.4615,group,88221,78851
direct_vs_group_psychosomatic,Kompetenzen,1,2,3,0.0113,0.0254,-0.014,-0.899,0.4615,group,88221,78851
direct_vs_group_psychosomatic,Kompromiss,1,2,3,0.0113,0.0254,-0.014,-0.899,0.4615,group,88221,78851
direct_vs_group_psychosomatic,Konfrontation,1,2,3,0.0113,0.0254,-0.014,-0.899,0.4615,group,88221,78851
direct_vs_group_psychosomatic,Kunsttherapieraum,1,2,3,0.0113,0.0254,-0.014,-0.899,0.4615,group,88221,78851
direct_vs_group_psychosomatic,Lebensüberdrussgedanken,1,2,3,0.0113,0.0254,-0.014,-0.899,0.4615,group,88221,78851
direct_vs_group_psychosomatic,Lächeln,1,2,3,0.0113,0.0254,-0.014,-0.899,0.4615,group,88221,78851
direct_vs_group_psychosomatic,MPO,1,2,3,0.0113,0.0254,-0.014,-0.899,0.4615,group,88221,78851
direct_vs_group_psychosomatic,Magen,1,2,3,0.0113,0.0254,-0.014,-0.899,0.4615,group,88221,78851
direct_vs_group_psychosomatic,Mailadresse,1,2,3,0.0113,0.0254,-0.014,-0.899,0.4615,group,88221,78851
direct_vs_group_psychosomatic,Mamma,1,2,3,0.0113,0.0254,-0.014,-0.899,0.4615,group,88221,78851
direct_vs_group_psychosomatic,Melde,1,2,3,0.0113,0.0254,-0.014,-0.899,0.4615,group,88221,78851
direct_vs_group_psychosomatic,Mengen,1,2,3,0.0113,0.0254,-0.014,-0.899,0.4615,group,88221,78851
direct_vs_group_psychosomatic,Metamizol,1,2,3,0.0113,0.0254,-0.014,-0.899,0.4615,group,88221,78851
direct_vs_group_psychosomatic,Mg,1,2,3,0.0113,0.0254,-0.014,-0.899,0.4615,group,88221,78851
direct_vs_group_psychosomatic,Mibi,1,2,3,0.0113,0.0254,-0.014,-0.899,0.4615,group,88221,78851
direct_vs_group_psychosomatic,Mich,1,2,3,0.0113,0.0254,-0.014,-0.899,0.4615,group,88221,78851
direct_vs_group_psychosomatic,Mimik,1,2,3,0.0113,0.0254,-0.014,-0.899,0.4615,group,88221,78851
direct_vs_group_psychosomatic,Mittwochs,1,2,3,0.0113,0.0254,-0.014,-0.899,0.4615,group,88221,78851
direct_vs_group_psychosomatic,Mut,1,2,3,0.0113,0.0254,-0.014,-0.899,0.4615,group,88221,78851
direct_vs_group_psychosomatic,Mühe,1,2,3,0.0113,0.0254,-0.014,-0.899,0.4615,group,88221,78851
direct_vs_group_psychosomatic,N,1,2,3,0.0113,0.0254,-0.014,-0.899,0.4615,group,88221,78851
direct_vs_group_psychosomatic,Nachmittags,1,2,3,0.0113,0.0254,-0.014,-0.899,0.4615,group,88221,78851
direct_vs_group_psychosomatic,Nachrichten,1,2,3,0.0113,0.0254,-0.014,-0.899,0.4615,group,88221,78851
direct_vs_group_psychosomatic,Nase,1,2,3,0.0113,0.0254,-0.014,-0.899,0.4615,group,88221,78851
direct_vs_group_psychosomatic,Nephrologen,1,2,3,0.0113,0.0254,-0.014,-0.899,0.4615,group,88221,78851
direct_vs_group_psychosomatic,Neurochirurgie,1,2,3,0.0113,0.0254,-0.014,-0.899,0.4615,group,88221,78851
direct_vs_group_psychosomatic,Nichttragen,1,2,3,0.0113,0.0254,-0.014,-0.899,0.4615,group,88221,78851
direct_vs_group_psychosomatic,Nierenversagen,1,2,3,0.0113,0.0254,-0.014,-0.899,0.4615,group,88221,78851
direct_vs_group_psychosomatic,Normalerweise,1,2,3,0.0113,0.0254,-0.014,-0.899,0.4615,group,88221,78851
direct_vs_group_psychosomatic,Normalstation,1,2,3,0.0113,0.0254,-0.014,-0.899,0.4615,group,88221,78851
direct_vs_group_psychosomatic,Notiz,1,2,3,0.0113,0.0254,-0.014,-0.899,0.4615,group,88221,78851
direct_vs_group_psychosomatic,Opioidreduktion,1,2,3,0.0113,0.0254,-0.014,-0.899,0.4615,group,88221,78851
direct_vs_group_psychosomatic,Optionen,1,2,3,0.0113,0.0254,-0.014,-0.899,0.4615,group,88221,78851
direct_vs_group_psychosomatic,PICS,1,2,3,0.0113,0.0254,-0.014,-0.899,0.4615,group,88221,78851
direct_vs_group_psychosomatic,Palexia,1,2,3,0.0113,0.0254,-0.014,-0.899,0.4615,group,88221,78851
direct_vs_group_psychosomatic,Personal,1,2,3,0.0113,0.0254,-0.014,-0.899,0.4615,group,88221,78851
direct_vs_group_psychosomatic,Polygraphie,1,2,3,0.0113,0.0254,-0.014,-0.899,0.4615,group,88221,78851
direct_vs_group_psychosomatic,Portionen,1,2,3,0.0113,0.0254,-0.014,-0.899,0.4615,group,88221,78851
direct_vs_group_psychosomatic,Probatorikgruppe,1,2,3,0.0113,0.0254,-0.014,-0.899,0.4615,group,88221,78851
direct_vs_group_psychosomatic,PsychKG,1,2,3,0.0113,0.0254,-0.014,-0.899,0.4615,group,88221,78851
direct_vs_group_psychosomatic,Reaktionen,1,2,3,0.0113,0.0254,-0.014,-0.899,0.4615,group,88221,78851
direct_vs_group_psychosomatic,Reduktionen,1,2,3,0.0113,0.0254,-0.014,-0.899,0.4615,group,88221,78851
direct_vs_group_psychosomatic,Regelung,1,2,3,0.0113,0.0254,-0.014,-0.899,0.4615,group,88221,78851
direct_vs_group_psychosomatic,Reizdarm,1,2,3,0.0113,0.0254,-0.014,-0.899,0.4615,group,88221,78851
direct_vs_group_psychosomatic,Rekrutierung,1,2,3,0.0113,0.0254,-0.014,-0.899,0.4615,group,88221,78851
direct_vs_group_psychosomatic,Rheumaserologie,1,2,3,0.0113,0.0254,-0.014,-0.899,0.4615,group,88221,78851
direct_vs_group_psychosomatic,Risikominderung,1,2,3,0.0113,0.0254,-0.014,-0.899,0.4615,group,88221,78851
direct_vs_group_psychosomatic,Rollenspiel,1,2,3,0.0113,0.0254,-0.014,-0.899,0.4615,group,88221,78851
direct_vs_group_psychosomatic,Routine,1,2,3,0.0113,0.0254,-0.014,-0.899,0.4615,group,88221,78851
direct_vs_group_psychosomatic,Schwierigkeit,1,2,3,0.0113,0.0254,-0.014,-0.899,0.4615,group,88221,78851
direct_vs_group_psychosomatic,Score,1,2,3,0.0113,0.0254,-0.014,-0.899,0.4615,group,88221,78851
direct_vs_group_psychosomatic,Selbst,1,2,3,0.0113,0.0254,-0.014,-0.899,0.4615,group,88221,78851
direct_vs_group_psychosomatic,Sonntagmorgen,1,2,3,0.0113,0.0254,-0.014,-0.899,0.4615,group,88221,78851
direct_vs_group_psychosomatic,Sozialpädagogin,1,2,3,0.0113,0.0254,-0.014,-0.899,0.4615,group,88221,78851
direct_vs_group_psychosomatic,Spondylolisthesis,1,2,3,0.0113,0.0254,-0.014,-0.899,0.4615,group,88221,78851
direct_vs_group_psychosomatic,Stichtag,1,2,3,0.0113,0.0254,-0.014,-0.899,0.4615,group,88221,78851
direct_vs_group_psychosomatic,Stock,1,2,3,0.0113,0.0254,-0.014,-0.899,0.4615,group,88221,78851
direct_vs_group_psychosomatic,Streichfett,1,2,3,0.0113,0.0254,-0.014,-0.899,0.4615,group,88221,78851
direct_vs_group_psychosomatic,Studentenkurs,1,2,3,0.0113,0.0254,-0.014,-0.899,0.4615,group,88221,78851
direct_vs_group_psychosomatic,Studis,1,2,3,0.0113,0.0254,-0.014,-0.899,0.4615,group,88221,78851
direct_vs_group_psychosomatic,Stärkung,1,2,3,0.0113,0.0254,-0.014,-0.899,0.4615,group,88221,78851
direct_vs_group_psychosomatic,Störungen,1,2,3,0.0113,0.0254,-0.014,-0.899,0.4615,group,88221,78851
direct_vs_group_psychosomatic,Teambesprechung,1,2,3,0.0113,0.0254,-0.014,-0.899,0.4615,group,88221,78851
direct_vs_group_psychosomatic,Transport,1,2,3,0.0113,0.0254,-0.014,-0.899,0.4615,group,88221,78851
direct_vs_group_psychosomatic,Traumatherapie,1,2,3,0.0113,0.0254,-0.014,-0.899,0.4615,group,88221,78851
direct_vs_group_psychosomatic,Tägliche,1,2,3,0.0113,0.0254,-0.014,-0.899,0.4615,group,88221,78851
direct_vs_group_psychosomatic,Unbedingt,1,2,3,0.0113,0.0254,-0.014,-0.899,0.4615,group,88221,78851
direct_vs_group_psychosomatic,VDI,1,2,3,0.0113,0.0254,-0.014,-0.899,0.4615,group,88221,78851
direct_vs_group_psychosomatic,VS,1,2,3,0.0113,0.0254,-0.014,-0.899,0.4615,group,88221,78851
direct_vs_group_psychosomatic,Variante,1,2,3,0.0113,0.0254,-0.014,-0.899,0.4615,group,88221,78851
direct_vs_group_psychosomatic,Verlaufskontrolle,1,2,3,0.0113,0.0254,-0.014,-0.899,0.4615,group,88221,78851
direct_vs_group_psychosomatic,Verletzungen,1,2,3,0.0113,0.0254,-0.014,-0.899,0.4615,group,88221,78851
direct_vs_group_psychosomatic,Verschlechterung,1,2,3,0.0113,0.0254,-0.014,-0.899,0.4615,group,88221,78851
direct_vs_group_psychosomatic,Versehen,1,2,3,0.0113,0.0254,-0.014,-0.899,0.4615,group,88221,78851
direct_vs_group_psychosomatic,Verzweiflung,1,2,3,0.0113,0.0254,-0.014,-0.899,0.4615,group,88221,78851
direct_vs_group_psychosomatic,Voll,1,2,3,0.0113,0.0254,-0.014,-0.899,0.4615,group,88221,78851
direct_vs_group_psychosomatic,Vom,1,2,3,0.0113,0.0254,-0.014,-0.899,0.4615,group,88221,78851
direct_vs_group_psychosomatic,Vorbild,1,2,3,0.0113,0.0254,-0.014,-0.899,0.4615,group,88221,78851
direct_vs_group_psychosomatic,Weinen,1,2,3,0.0113,0.0254,-0.014,-0.899,0.4615,group,88221,78851
direct_vs_group_psychosomatic,Weise,1,2,3,0.0113,0.0254,-0.014,-0.899,0.4615,group,88221,78851
direct_vs_group_psychosomatic,Werbung,1,2,3,0.0113,0.0254,-0.014,-0.899,0.4615,group,88221,78851
direct_vs_group_psychosomatic,Wichtigste,1,2,3,0.0113,0.0254,-0.014,-0.899,0.4615,group,88221,78851
direct_vs_group_psychosomatic,Worte,1,2,3,0.0113,0.0254,-0.014,-0.899,0.4615,group,88221,78851
direct_vs_group_psychosomatic,Wut/Frustration,1,2,3,0.0113,0.0254,-0.014,-0.899,0.4615,group,88221,78851
direct_vs_group_psychosomatic,Wünscht,1,2,3,0.0113,0.0254,-0.014,-0.899,0.4615,group,88221,78851
direct_vs_group_psychosomatic,Zugriff,1,2,3,0.0113,0.0254,-0.014,-0.899,0.4615,group,88221,78851
direct_vs_group_psychosomatic,_,1,2,3,0.0113,0.0254,-0.014,-0.899,0.4615,group,88221,78851
direct_vs_group_psychosomatic,abgerufen,1,2,3,0.0113,0.0254,-0.014,-0.899,0.4615,group,88221,78851
direct_vs_group_psychosomatic,abmelden,1,2,3,0.0113,0.0254,-0.014,-0.899,0.4615,group,88221,78851
direct_vs_group_psychosomatic,abseits,1,2,3,0.0113,0.0254,-0.014,-0.899,0.4615,group,88221,78851
direct_vs_group_psychosomatic,adäquaten,1,2,3,0.0113,0.0254,-0.014,-0.899,0.4615,group,88221,78851
direct_vs_group_psychosomatic,aggressiv,1,2,3,0.0113,0.0254,-0.014,-0.899,0.4615,group,88221,78851
direct_vs_group_psychosomatic,anamn,1,2,3,0.0113,0.0254,-0.014,-0.899,0.4615,group,88221,78851
direct_vs_group_psychosomatic,andauernde,1,2,3,0.0113,0.0254,-0.014,-0.899,0.4615,group,88221,78851
direct_vs_group_psychosomatic,angemessen,1,2,3,0.0113,0.0254,-0.014,-0.899,0.4615,group,88221,78851
direct_vs_group_psychosomatic,angesetzten,1,2,3,0.0113,0.0254,-0.014,-0.899,0.4615,group,88221,78851
direct_vs_group_psychosomatic,angestrebt,1,2,3,0.0113,0.0254,-0.014,-0.899,0.4615,group,88221,78851
direct_vs_group_psychosomatic,antworte,1,2,3,0.0113,0.0254,-0.014,-0.899,0.4615,group,88221,78851
direct_vs_group_psychosomatic,ausbleibender,1,2,3,0.0113,0.0254,-0.014,-0.899,0.4615,group,88221,78851
direct_vs_group_psychosomatic,ausgehandelt,1,2,3,0.0113,0.0254,-0.014,-0.899,0.4615,group,88221,78851
direct_vs_group_psychosomatic,ausgehen,1,2,3,0.0113,0.0254,-0.014,-0.899,0.4615,group,88221,78851
direct_vs_group_psychosomatic,ausgeprägten,1,2,3,0.0113,0.0254,-0.014,-0.899,0.4615,group,88221,78851
direct_vs_group_psychosomatic,ausschleichen,1,2,3,0.0113,0.0254,-0.014,-0.899,0.4615,group,88221,78851
direct_vs_group_psychosomatic,austeilen,1,2,3,0.0113,0.0254,-0.014,-0.899,0.4615,group,88221,78851
direct_vs_group_psychosomatic,auszuprobieren,1,2,3,0.0113,0.0254,-0.014,-0.899,0.4615,group,88221,78851
direct_vs_group_psychosomatic,bariatr,1,2,3,0.0113,0.0254,-0.014,-0.899,0.4615,group,88221,78851
direct_vs_group_psychosomatic,be,1,2,3,0.0113,0.0254,-0.014,-0.899,0.4615,group,88221,78851
direct_vs_group_psychosomatic,beantragt,1,2,3,0.0113,0.0254,-0.014,-0.899,0.4615,group,88221,78851
direct_vs_group_psychosomatic,beeinflussen,1,2,3,0.0113,0.0254,-0.014,-0.899,0.4615,group,88221,78851
direct_vs_group_psychosomatic,bek,1,2,3,0.0113,0.0254,-0.014,-0.899,0.4615,group,88221,78851
direct_vs_group_psychosomatic,bereite,1,2,3,0.0113,0.0254,-0.014,-0.899,0.4615,group,88221,78851
direct_vs_group_psychosomatic,besucht,1,2,3,0.0113,0.0254,-0.014,-0.899,0.4615,group,88221,78851
direct_vs_group_psychosomatic,bevorstehenden,1,2,3,0.0113,0.0254,-0.014,-0.899,0.4615,group,88221,78851
direct_vs_group_psychosomatic,bewusst,1,2,3,0.0113,0.0254,-0.014,-0.899,0.4615,group,88221,78851
direct_vs_group_psychosomatic,cc,1,2,3,0.0113,0.0254,-0.014,-0.899,0.4615,group,88221,78851
direct_vs_group_psychosomatic,depressiv,1,2,3,0.0113,0.0254,-0.014,-0.899,0.4615,group,88221,78851
direct_vs_group_psychosomatic,deutlicher,1,2,3,0.0113,0.0254,-0.014,-0.899,0.4615,group,88221,78851
direct_vs_group_psychosomatic,drängen,1,2,3,0.0113,0.0254,-0.014,-0.899,0.4615,group,88221,78851
direct_vs_group_psychosomatic,einiger,1,2,3,0.0113,0.0254,-0.014,-0.899,0.4615,group,88221,78851
direct_vs_group_psychosomatic,einzeln,1,2,3,0.0113,0.0254,-0.014,-0.899,0.4615,group,88221,78851
direct_vs_group_psychosomatic,einzelnen,1,2,3,0.0113,0.0254,-0.014,-0.899,0.4615,group,88221,78851
direct_vs_group_psychosomatic,empfangen,1,2,3,0.0113,0.0254,-0.014,-0.899,0.4615,group,88221,78851
direct_vs_group_psychosomatic,entfällt,1,2,3,0.0113,0.0254,-0.014,-0.899,0.4615,group,88221,78851
direct_vs_group_psychosomatic,entlastendes,1,2,3,0.0113,0.0254,-0.014,-0.899,0.4615,group,88221,78851
direct_vs_group_psychosomatic,erarbeitet,1,2,3,0.0113,0.0254,-0.014,-0.899,0.4615,group,88221,78851
direct_vs_group_psychosomatic,erinnere,1,2,3,0.0113,0.0254,-0.014,-0.899,0.4615,group,88221,78851
direct_vs_group_psychosomatic,erinnert,1,2,3,0.0113,0.0254,-0.014,-0.899,0.4615,group,88221,78851
direct_vs_group_psychosomatic,erläutert,1,2,3,0.0113,0.0254,-0.014,-0.899,0.4615,group,88221,78851
direct_vs_group_psychosomatic,erniedrigt,1,2,3,0.0113,0.0254,-0.014,-0.899,0.4615,group,88221,78851
direct_vs_group_psychosomatic,folgender,1,2,3,0.0113,0.0254,-0.014,-0.899,0.4615,group,88221,78851
direct_vs_group_psychosomatic,folgt,1,2,3,0.0113,0.0254,-0.014,-0.899,0.4615,group,88221,78851
direct_vs_group_psychosomatic,fordern,1,2,3,0.0113,0.0254,-0.014,-0.899,0.4615,group,88221,78851
direct_vs_group_psychosomatic,formuliert,1,2,3,0.0113,0.0254,-0.014,-0.899,0.4615,group,88221,78851
direct_vs_group_psychosomatic,frgl,1,2,3,0.0113,0.0254,-0.014,-0.899,0.4615,group,88221,78851
direct_vs_group_psychosomatic,frohe,1,2,3,0.0113,0.0254,-0.014,-0.899,0.4615,group,88221,78851
direct_vs_group_psychosomatic,gefährdet,1,2,3,0.0113,0.0254,-0.014,-0.899,0.4615,group,88221,78851
direct_vs_group_psychosomatic,geirrt,1,2,3,0.0113,0.0254,-0.014,-0.899,0.4615,group,88221,78851
direct_vs_group_psychosomatic,gemessen,1,2,3,0.0113,0.0254,-0.014,-0.899,0.4615,group,88221,78851
direct_vs_group_psychosomatic,genannt,1,2,3,0.0113,0.0254,-0.014,-0.899,0.4615,group,88221,78851
direct_vs_group_psychosomatic,generalisierter,1,2,3,0.0113,0.0254,-0.014,-0.899,0.4615,group,88221,78851
direct_vs_group_psychosomatic,gestaltet,1,2,3,0.0113,0.0254,-0.014,-0.899,0.4615,group,88221,78851
direct_vs_group_psychosomatic,gewirkt,1,2,3,0.0113,0.0254,-0.014,-0.899,0.4615,group,88221,78851
direct_vs_group_psychosomatic,grades,1,2,3,0.0113,0.0254,-0.014,-0.899,0.4615,group,88221,78851
direct_vs_group_psychosomatic,handgelenk,1,2,3,0.0113,0.0254,-0.014,-0.899,0.4615,group,88221,78851
direct_vs_group_psychosomatic,höher,1,2,3,0.0113,0.0254,-0.014,-0.899,0.4615,group,88221,78851
direct_vs_group_psychosomatic,immerhin,1,2,3,0.0113,0.0254,-0.014,-0.899,0.4615,group,88221,78851
direct_vs_group_psychosomatic,initial,1,2,3,0.0113,0.0254,-0.014,-0.899,0.4615,group,88221,78851
direct_vs_group_psychosomatic,innenzimmer,1,2,3,0.0113,0.0254,-0.014,-0.899,0.4615,group,88221,78851
direct_vs_group_psychosomatic,instabile,1,2,3,0.0113,0.0254,-0.014,-0.899,0.4615,group,88221,78851
direct_vs_group_psychosomatic,kindliche,1,2,3,0.0113,0.0254,-0.014,-0.899,0.4615,group,88221,78851
direct_vs_group_psychosomatic,klarer,1,2,3,0.0113,0.0254,-0.014,-0.899,0.4615,group,88221,78851
direct_vs_group_psychosomatic,konkretes,1,2,3,0.0113,0.0254,-0.014,-0.899,0.4615,group,88221,78851
direct_vs_group_psychosomatic,konstant,1,2,3,0.0113,0.0254,-0.014,-0.899,0.4615,group,88221,78851
direct_vs_group_psychosomatic,kontaktperson,1,2,3,0.0113,0.0254,-0.014,-0.899,0.4615,group,88221,78851
direct_vs_group_psychosomatic,kopiere,1,2,3,0.0113,0.0254,-0.014,-0.899,0.4615,group,88221,78851
direct_vs_group_psychosomatic,kriege,1,2,3,0.0113,0.0254,-0.014,-0.899,0.4615,group,88221,78851
direct_vs_group_psychosomatic,lehnte,1,2,3,0.0113,0.0254,-0.014,-0.899,0.4615,group,88221,78851
direct_vs_group_psychosomatic,leisten,1,2,3,0.0113,0.0254,-0.014,-0.899,0.4615,group,88221,78851
direct_vs_group_psychosomatic,manipulativ,1,2,3,0.0113,0.0254,-0.014,-0.899,0.4615,group,88221,78851
direct_vs_group_psychosomatic,messen,1,2,3,0.0113,0.0254,-0.014,-0.899,0.4615,group,88221,78851
direct_vs_group_psychosomatic,misstrauisch,1,2,3,0.0113,0.0254,-0.014,-0.899,0.4615,group,88221,78851
direct_vs_group_psychosomatic,mitgenommen,1,2,3,0.0113,0.0254,-0.014,-0.899,0.4615,group,88221,78851
direct_vs_group_psychosomatic,mitmacht,1,2,3,0.0113,0.0254,-0.014,-0.899,0.4615,group,88221,78851
direct_vs_group_psychosomatic,mühsam,1,2,3,0.0113,0.0254,-0.014,-0.899,0.4615,group,88221,78851
direct_vs_group_psychosomatic,nachgetragen,1,2,3,0.0113,0.0254,-0.014,-0.899,0.4615,group,88221,78851
direct_vs_group_psychosomatic,nochmals,1,2,3,0.0113,0.0254,-0.014,-0.899,0.4615,group,88221,78851
direct_vs_group_psychosomatic,ochenende,1,2,3,0.0113,0.0254,-0.014,-0.899,0.4615,group,88221,78851
direct_vs_group_psychosomatic,plötzlich,1,2,3,0.0113,0.0254,-0.014,-0.899,0.4615,group,88221,78851
direct_vs_group_psychosomatic,primär,1,2,3,0.0113,0.0254,-0.014,-0.899,0.4615,group,88221,78851
direct_vs_group_psychosomatic,präsenter,1,2,3,0.0113,0.0254,-0.014,-0.899,0.4615,group,88221,78851
direct_vs_group_psychosomatic,relevante,1,2,3,0.0113,0.0254,-0.014,-0.899,0.4615,group,88221,78851
direct_vs_group_psychosomatic,ret,1,2,3,0.0113,0.0254,-0.014,-0.899,0.4615,group,88221,78851
direct_vs_group_psychosomatic,rückgängig,1,2,3,0.0113,0.0254,-0.014,-0.899,0.4615,group,88221,78851
direct_vs_group_psychosomatic,schaden,1,2,3,0.0113,0.0254,-0.014,-0.899,0.4615,group,88221,78851
direct_vs_group_psychosomatic,scheinen,1,2,3,0.0113,0.0254,-0.014,-0.899,0.4615,group,88221,78851
direct_vs_group_psychosomatic,schriftl,1,2,3,0.0113,0.0254,-0.014,-0.899,0.4615,group,88221,78851
direct_vs_group_psychosomatic,schriftlicher,1,2,3,0.0113,0.0254,-0.014,-0.899,0.4615,group,88221,78851
direct_vs_group_psychosomatic,schwankend,1,2,3,0.0113,0.0254,-0.014,-0.899,0.4615,group,88221,78851
direct_vs_group_psychosomatic,schwerhörig,1,2,3,0.0113,0.0254,-0.014,-0.899,0.4615,group,88221,78851
direct_vs_group_psychosomatic,schwieriger,1,2,3,0.0113,0.0254,-0.014,-0.899,0.4615,group,88221,78851
direct_vs_group_psychosomatic,seitdem,1,2,3,0.0113,0.0254,-0.014,-0.899,0.4615,group,88221,78851
direct_vs_group_psychosomatic,sek,1,2,3,0.0113,0.0254,-0.014,-0.899,0.4615,group,88221,78851
direct_vs_group_psychosomatic,sichtung,1,2,3,0.0113,0.0254,-0.014,-0.899,0.4615,group,88221,78851
direct_vs_group_psychosomatic,solche,1,2,3,0.0113,0.0254,-0.014,-0.899,0.4615,group,88221,78851
direct_vs_group_psychosomatic,sozialem,1,2,3,0.0113,0.0254,-0.014,-0.899,0.4615,group,88221,78851
direct_vs_group_psychosomatic,spürt,1,2,3,0.0113,0.0254,-0.014,-0.899,0.4615,group,88221,78851
direct_vs_group_psychosomatic,starkem,1,2,3,0.0113,0.0254,-0.014,-0.899,0.4615,group,88221,78851
direct_vs_group_psychosomatic,stattgefunden,1,2,3,0.0113,0.0254,-0.014,-0.899,0.4615,group,88221,78851
direct_vs_group_psychosomatic,steigerung,1,2,3,0.0113,0.0254,-0.014,-0.899,0.4615,group,88221,78851
direct_vs_group_psychosomatic,stille,1,2,3,0.0113,0.0254,-0.014,-0.899,0.4615,group,88221,78851
direct_vs_group_psychosomatic,stärker,1,2,3,0.0113,0.0254,-0.014,-0.899,0.4615,group,88221,78851
direct_vs_group_psychosomatic,stärkere,1,2,3,0.0113,0.0254,-0.014,-0.899,0.4615,group,88221,78851
direct_vs_group_psychosomatic,therapeutische,1,2,3,0.0113,0.0254,-0.014,-0.899,0.4615,group,88221,78851
direct_vs_group_psychosomatic,unklarer,1,2,3,0.0113,0.0254,-0.014,-0.899,0.4615,group,88221,78851
direct_vs_group_psychosomatic,unretardiert,1,2,3,0.0113,0.0254,-0.014,-0.899,0.4615,group,88221,78851
direct_vs_group_psychosomatic,unterstützt,1,2,3,0.0113,0.0254,-0.014,-0.899,0.4615,group,88221,78851
direct_vs_group_psychosomatic,vegan,1,2,3,0.0113,0.0254,-0.014,-0.899,0.4615,group,88221,78851
direct_vs_group_psychosomatic,verfestigt,1,2,3,0.0113,0.0254,-0.014,-0.899,0.4615,group,88221,78851
direct_vs_group_psychosomatic,verhindern,1,2,3,0.0113,0.0254,-0.014,-0.899,0.4615,group,88221,78851
direct_vs_group_psychosomatic,vermehrten,1,2,3,0.0113,0.0254,-0.014,-0.899,0.4615,group,88221,78851
direct_vs_group_psychosomatic,vermeidende,1,2,3,0.0113,0.0254,-0.014,-0.899,0.4615,group,88221,78851
direct_vs_group_psychosomatic,vertieft,1,2,3,0.0113,0.0254,-0.014,-0.899,0.4615,group,88221,78851
direct_vs_group_psychosomatic,vertritt,1,2,3,0.0113,0.0254,-0.014,-0.899,0.4615,group,88221,78851
direct_vs_group_psychosomatic,verwechselt,1,2,3,0.0113,0.0254,-0.014,-0.899,0.4615,group,88221,78851
direct_vs_group_psychosomatic,verzögert,1,2,3,0.0113,0.0254,-0.014,-0.899,0.4615,group,88221,78851
direct_vs_group_psychosomatic,vorbeschrieben,1,2,3,0.0113,0.0254,-0.014,-0.899,0.4615,group,88221,78851
direct_vs_group_psychosomatic,vordergründig,1,2,3,0.0113,0.0254,-0.014,-0.899,0.4615,group,88221,78851
direct_vs_group_psychosomatic,vorgestern,1,2,3,0.0113,0.0254,-0.014,-0.899,0.4615,group,88221,78851
direct_vs_group_psychosomatic,vorhanden,1,2,3,0.0113,0.0254,-0.014,-0.899,0.4615,group,88221,78851
direct_vs_group_psychosomatic,vorkommt,1,2,3,0.0113,0.0254,-0.014,-0.899,0.4615,group,88221,78851
direct_vs_group_psychosomatic,vorläufigen,1,2,3,0.0113,0.0254,-0.014,-0.899,0.4615,group,88221,78851
direct_vs_group_psychosomatic,weinend,1,2,3,0.0113,0.0254,-0.014,-0.899,0.4615,group,88221,78851
direct_vs_group_psychosomatic,zeige,1,2,3,0.0113,0.0254,-0.014,-0.899,0.4615,group,88221,78851
direct_vs_group_psychosomatic,zsm,1,2,3,0.0113,0.0254,-0.014,-0.899,0.4615,group,88221,78851
direct_vs_group_psychosomatic,zugesichert,1,2,3,0.0113,0.0254,-0.014,-0.899,0.4615,group,88221,78851
direct_vs_group_psychosomatic,zugreifen,1,2,3,0.0113,0.0254,-0.014,-0.899,0.4615,group,88221,78851
direct_vs_group_psychosomatic,zusätzliche,1,2,3,0.0113,0.0254,-0.014,-0.899,0.4615,group,88221,78851
direct_vs_group_psychosomatic,zweites,1,2,3,0.0113,0.0254,-0.014,-0.899,0.4615,group,88221,78851
direct_vs_group_psychosomatic,50,12,14,26,0.136,0.1776,-0.0415,-0.3761,0.4605,group,88221,78851
direct_vs_group_psychosomatic,Haus,12,14,26,0.136,0.1776,-0.0415,-0.3761,0.4605,group,88221,78851
direct_vs_group_psychosomatic,Donnerstag,48,37,85,0.5441,0.4692,0.0748,0.2091,0.4602,direct,88221,78851
direct_vs_group_psychosomatic,Heute,13,15,28,0.1474,0.1902,-0.0429,-0.3613,0.4558,group,88221,78851
direct_vs_group_psychosomatic,Vater,13,15,28,0.1474,0.1902,-0.0429,-0.3613,0.4558,group,88221,78851
direct_vs_group_psychosomatic,wie,204,170,374,2.3124,2.156,0.1564,0.1003,0.4557,direct,88221,78851
direct_vs_group_psychosomatic,War,16,11,27,0.1814,0.1395,0.0419,0.3588,0.4549,direct,88221,78851
direct_vs_group_psychosomatic,anders,16,11,27,0.1814,0.1395,0.0419,0.3588,0.4549,direct,88221,78851
direct_vs_group_psychosomatic,angeordnet,16,11,27,0.1814,0.1395,0.0419,0.3588,0.4549,direct,88221,78851
direct_vs_group_psychosomatic,ansonsten,14,16,30,0.1587,0.2029,-0.0442,-0.3484,0.4525,group,88221,78851
direct_vs_group_psychosomatic,Labor,20,22,42,0.2267,0.279,-0.0523,-0.2963,0.4522,group,88221,78851
direct_vs_group_psychosomatic,8,19,21,40,0.2154,0.2663,-0.051,-0.3029,0.4506,group,88221,78851
direct_vs_group_psychosomatic,würden,15,17,32,0.17,0.2156,-0.0456,-0.3371,0.4505,group,88221,78851
direct_vs_group_psychosomatic,Ambulanz,18,20,38,0.204,0.2536,-0.0496,-0.3101,0.4496,group,88221,78851
direct_vs_group_psychosomatic,ihm,80,64,144,0.9068,0.8117,0.0952,0.1577,0.4385,direct,88221,78851
direct_vs_group_psychosomatic,Wochen,49,50,99,0.5554,0.6341,-0.0787,-0.1908,0.4343,group,88221,78851
direct_vs_group_psychosomatic,Was,32,24,56,0.3627,0.3044,0.0584,0.2457,0.4249,direct,88221,78851
direct_vs_group_psychosomatic,blush,12,8,20,0.136,0.1015,0.0346,0.3944,0.4193,direct,88221,78851
direct_vs_group_psychosomatic,falsch,12,8,20,0.136,0.1015,0.0346,0.3944,0.4193,direct,88221,78851
direct_vs_group_psychosomatic,zusätzlich,12,8,20,0.136,0.1015,0.0346,0.3944,0.4193,direct,88221,78851
direct_vs_group_psychosomatic,Einzel,44,34,78,0.4987,0.4312,0.0676,0.2052,0.4085,direct,88221,78851
direct_vs_group_psychosomatic,=,8,5,13,0.0907,0.0634,0.0273,0.466,0.4027,direct,88221,78851
direct_vs_group_psychosomatic,Anschluss,8,5,13,0.0907,0.0634,0.0273,0.466,0.4027,direct,88221,78851
direct_vs_group_psychosomatic,Augang,8,5,13,0.0907,0.0634,0.0273,0.466,0.4027,direct,88221,78851
direct_vs_group_psychosomatic,Gibt,8,5,13,0.0907,0.0634,0.0273,0.466,0.4027,direct,88221,78851
direct_vs_group_psychosomatic,Therapeutin,8,5,13,0.0907,0.0634,0.0273,0.466,0.4027,direct,88221,78851
direct_vs_group_psychosomatic,käme,8,5,13,0.0907,0.0634,0.0273,0.466,0.4027,direct,88221,78851
direct_vs_group_psychosomatic,Kann,22,16,38,0.2494,0.2029,0.0465,0.2855,0.3973,direct,88221,78851
direct_vs_group_psychosomatic,wer,22,16,38,0.2494,0.2029,0.0465,0.2855,0.3973,direct,88221,78851
direct_vs_group_psychosomatic,fragt,17,12,29,0.1927,0.1522,0.0405,0.3234,0.3963,direct,88221,78851
direct_vs_group_psychosomatic,scheint,17,12,29,0.1927,0.1522,0.0405,0.3234,0.3963,direct,88221,78851
direct_vs_group_psychosomatic,ausstehend,33,25,58,0.3741,0.3171,0.057,0.2317,0.3914,direct,88221,78851
direct_vs_group_psychosomatic,Mutter,41,42,83,0.4647,0.5327,-0.0679,-0.1963,0.3858,group,88221,78851
direct_vs_group_psychosomatic,werde,45,35,80,0.5101,0.4439,0.0662,0.1961,0.3825,direct,88221,78851
direct_vs_group_psychosomatic,soweit,28,21,49,0.3174,0.2663,0.0511,0.2446,0.3718,direct,88221,78851
direct_vs_group_psychosomatic,Gespräch,71,57,128,0.8048,0.7229,0.0819,0.1524,0.3656,direct,88221,78851
direct_vs_group_psychosomatic,hier,160,153,313,1.8136,1.9404,-0.1267,-0.0977,0.3566,group,88221,78851
direct_vs_group_psychosomatic,Der,23,17,40,0.2607,0.2156,0.0451,0.2633,0.3557,direct,88221,78851
direct_vs_group_psychosomatic,Zu,13,9,22,0.1474,0.1141,0.0332,0.345,0.3515,direct,88221,78851
direct_vs_group_psychosomatic,morgens,13,9,22,0.1474,0.1141,0.0332,0.345,0.3515,direct,88221,78851
direct_vs_group_psychosomatic,letzten,33,34,67,0.3741,0.4312,-0.0571,-0.2044,0.3383,group,88221,78851
direct_vs_group_psychosomatic,Montag,86,84,170,0.9748,1.0653,-0.0905,-0.1282,0.3345,group,88221,78851
direct_vs_group_psychosomatic,später,32,33,65,0.3627,0.4185,-0.0558,-0.2057,0.3324,group,88221,78851
direct_vs_group_psychosomatic,SAP,41,32,73,0.4647,0.4058,0.0589,0.1907,0.3318,direct,88221,78851
direct_vs_group_psychosomatic,13h,2,3,5,0.0227,0.038,-0.0154,-0.6474,0.3294,group,88221,78851
direct_vs_group_psychosomatic,Anteil,2,3,5,0.0227,0.038,-0.0154,-0.6474,0.3294,group,88221,78851
direct_vs_group_psychosomatic,Apotheke,2,3,5,0.0227,0.038,-0.0154,-0.6474,0.3294,group,88221,78851
direct_vs_group_psychosomatic,Atelier,2,3,5,0.0227,0.038,-0.0154,-0.6474,0.3294,group,88221,78851
direct_vs_group_psychosomatic,Auto,2,3,5,0.0227,0.038,-0.0154,-0.6474,0.3294,group,88221,78851
direct_vs_group_psychosomatic,Bedarfsmedikation,2,3,5,0.0227,0.038,-0.0154,-0.6474,0.3294,group,88221,78851
direct_vs_group_psychosomatic,Beziehungen,2,3,5,0.0227,0.038,-0.0154,-0.6474,0.3294,group,88221,78851
direct_vs_group_psychosomatic,Biographie,2,3,5,0.0227,0.038,-0.0154,-0.6474,0.3294,group,88221,78851
direct_vs_group_psychosomatic,Brot,2,3,5,0.0227,0.038,-0.0154,-0.6474,0.3294,group,88221,78851
direct_vs_group_psychosomatic,Einstellungen,2,3,5,0.0227,0.038,-0.0154,-0.6474,0.3294,group,88221,78851
direct_vs_group_psychosomatic,Einzeltherapie,2,3,5,0.0227,0.038,-0.0154,-0.6474,0.3294,group,88221,78851
direct_vs_group_psychosomatic,Entschuldige,2,3,5,0.0227,0.038,-0.0154,-0.6474,0.3294,group,88221,78851
direct_vs_group_psychosomatic,Essverhalten,2,3,5,0.0227,0.038,-0.0154,-0.6474,0.3294,group,88221,78851
direct_vs_group_psychosomatic,Feiertagen,2,3,5,0.0227,0.038,-0.0154,-0.6474,0.3294,group,88221,78851
direct_vs_group_psychosomatic,Fragt,2,3,5,0.0227,0.038,-0.0154,-0.6474,0.3294,group,88221,78851
direct_vs_group_psychosomatic,IT,2,3,5,0.0227,0.038,-0.0154,-0.6474,0.3294,group,88221,78851
direct_vs_group_psychosomatic,Intelligenzminderung,2,3,5,0.0227,0.038,-0.0154,-0.6474,0.3294,group,88221,78851
direct_vs_group_psychosomatic,Krankenhaus,2,3,5,0.0227,0.038,-0.0154,-0.6474,0.3294,group,88221,78851
direct_vs_group_psychosomatic,Krankentransport,2,3,5,0.0227,0.038,-0.0154,-0.6474,0.3294,group,88221,78851
direct_vs_group_psychosomatic,Krankschreibung,2,3,5,0.0227,0.038,-0.0154,-0.6474,0.3294,group,88221,78851
direct_vs_group_psychosomatic,Kreislauf,2,3,5,0.0227,0.038,-0.0154,-0.6474,0.3294,group,88221,78851
direct_vs_group_psychosomatic,Med,2,3,5,0.0227,0.038,-0.0154,-0.6474,0.3294,group,88221,78851
direct_vs_group_psychosomatic,Mirta,2,3,5,0.0227,0.038,-0.0154,-0.6474,0.3294,group,88221,78851
direct_vs_group_psychosomatic,Reaktion,2,3,5,0.0227,0.038,-0.0154,-0.6474,0.3294,group,88221,78851
direct_vs_group_psychosomatic,Spaziergang,2,3,5,0.0227,0.038,-0.0154,-0.6474,0.3294,group,88221,78851
direct_vs_group_psychosomatic,TP,2,3,5,0.0227,0.038,-0.0154,-0.6474,0.3294,group,88221,78851
direct_vs_group_psychosomatic,Unverträglichkeiten,2,3,5,0.0227,0.038,-0.0154,-0.6474,0.3294,group,88221,78851
direct_vs_group_psychosomatic,Vertretungen,2,3,5,0.0227,0.038,-0.0154,-0.6474,0.3294,group,88221,78851
direct_vs_group_psychosomatic,Visitendoku,2,3,5,0.0227,0.038,-0.0154,-0.6474,0.3294,group,88221,78851
direct_vs_group_psychosomatic,Vor,2,3,5,0.0227,0.038,-0.0154,-0.6474,0.3294,group,88221,78851
direct_vs_group_psychosomatic,Voraussetzung,2,3,5,0.0227,0.038,-0.0154,-0.6474,0.3294,group,88221,78851
direct_vs_group_psychosomatic,Vorname,2,3,5,0.0227,0.038,-0.0154,-0.6474,0.3294,group,88221,78851
direct_vs_group_psychosomatic,Vorschlag,2,3,5,0.0227,0.038,-0.0154,-0.6474,0.3294,group,88221,78851
direct_vs_group_psychosomatic,Werde,2,3,5,0.0227,0.038,-0.0154,-0.6474,0.3294,group,88221,78851
direct_vs_group_psychosomatic,Zukunft,2,3,5,0.0227,0.038,-0.0154,-0.6474,0.3294,group,88221,78851
direct_vs_group_psychosomatic,Zweifel,2,3,5,0.0227,0.038,-0.0154,-0.6474,0.3294,group,88221,78851
direct_vs_group_psychosomatic,abklären,2,3,5,0.0227,0.038,-0.0154,-0.6474,0.3294,group,88221,78851
direct_vs_group_psychosomatic,akzeptieren,2,3,5,0.0227,0.038,-0.0154,-0.6474,0.3294,group,88221,78851
direct_vs_group_psychosomatic,aufgreifen,2,3,5,0.0227,0.038,-0.0154,-0.6474,0.3294,group,88221,78851
direct_vs_group_psychosomatic,bewegen,2,3,5,0.0227,0.038,-0.0154,-0.6474,0.3294,group,88221,78851
direct_vs_group_psychosomatic,empfinde,2,3,5,0.0227,0.038,-0.0154,-0.6474,0.3294,group,88221,78851
direct_vs_group_psychosomatic,eurer,2,3,5,0.0227,0.038,-0.0154,-0.6474,0.3294,group,88221,78851
direct_vs_group_psychosomatic,gestrigen,2,3,5,0.0227,0.038,-0.0154,-0.6474,0.3294,group,88221,78851
direct_vs_group_psychosomatic,gäbe,2,3,5,0.0227,0.038,-0.0154,-0.6474,0.3294,group,88221,78851
direct_vs_group_psychosomatic,hinterlegt,2,3,5,0.0227,0.038,-0.0154,-0.6474,0.3294,group,88221,78851
direct_vs_group_psychosomatic,hohes,2,3,5,0.0227,0.038,-0.0154,-0.6474,0.3294,group,88221,78851
direct_vs_group_psychosomatic,intensiv,2,3,5,0.0227,0.038,-0.0154,-0.6474,0.3294,group,88221,78851
direct_vs_group_psychosomatic,liest,2,3,5,0.0227,0.038,-0.0154,-0.6474,0.3294,group,88221,78851
direct_vs_group_psychosomatic,links,2,3,5,0.0227,0.038,-0.0154,-0.6474,0.3294,group,88221,78851
direct_vs_group_psychosomatic,mitgegeben,2,3,5,0.0227,0.038,-0.0154,-0.6474,0.3294,group,88221,78851
direct_vs_group_psychosomatic,nah,2,3,5,0.0227,0.038,-0.0154,-0.6474,0.3294,group,88221,78851
direct_vs_group_psychosomatic,negative,2,3,5,0.0227,0.038,-0.0154,-0.6474,0.3294,group,88221,78851
direct_vs_group_psychosomatic,negativen,2,3,5,0.0227,0.038,-0.0154,-0.6474,0.3294,group,88221,78851
direct_vs_group_psychosomatic,neuer,2,3,5,0.0227,0.038,-0.0154,-0.6474,0.3294,group,88221,78851
direct_vs_group_psychosomatic,nüchtern,2,3,5,0.0227,0.038,-0.0154,-0.6474,0.3294,group,88221,78851
direct_vs_group_psychosomatic,perfekt,2,3,5,0.0227,0.038,-0.0154,-0.6474,0.3294,group,88221,78851
direct_vs_group_psychosomatic,privaten,2,3,5,0.0227,0.038,-0.0154,-0.6474,0.3294,group,88221,78851
direct_vs_group_psychosomatic,psychotherapeutische,2,3,5,0.0227,0.038,-0.0154,-0.6474,0.3294,group,88221,78851
direct_vs_group_psychosomatic,seht,2,3,5,0.0227,0.038,-0.0154,-0.6474,0.3294,group,88221,78851
direct_vs_group_psychosomatic,selten,2,3,5,0.0227,0.038,-0.0154,-0.6474,0.3294,group,88221,78851
direct_vs_group_psychosomatic,sowohl,2,3,5,0.0227,0.038,-0.0154,-0.6474,0.3294,group,88221,78851
direct_vs_group_psychosomatic,teils,2,3,5,0.0227,0.038,-0.0154,-0.6474,0.3294,group,88221,78851
direct_vs_group_psychosomatic,therapeutischer,2,3,5,0.0227,0.038,-0.0154,-0.6474,0.3294,group,88221,78851
direct_vs_group_psychosomatic,unterbrochen,2,3,5,0.0227,0.038,-0.0154,-0.6474,0.3294,group,88221,78851
direct_vs_group_psychosomatic,verabschiede,2,3,5,0.0227,0.038,-0.0154,-0.6474,0.3294,group,88221,78851
direct_vs_group_psychosomatic,vorbeigehen,2,3,5,0.0227,0.038,-0.0154,-0.6474,0.3294,group,88221,78851
direct_vs_group_psychosomatic,zugelassen,2,3,5,0.0227,0.038,-0.0154,-0.6474,0.3294,group,88221,78851
direct_vs_group_psychosomatic,geplant,31,32,63,0.3514,0.4058,-0.0544,-0.2071,0.3266,group,88221,78851
direct_vs_group_psychosomatic,Tage,30,31,61,0.3401,0.3931,-0.0531,-0.2085,0.3208,group,88221,78851
direct_vs_group_psychosomatic,fest,24,18,42,0.272,0.2283,0.0438,0.2433,0.3187,direct,88221,78851
direct_vs_group_psychosomatic,Entgleisung,9,6,15,0.102,0.0761,0.0259,0.3855,0.3145,direct,88221,78851
direct_vs_group_psychosomatic,Schlaf,9,6,15,0.102,0.0761,0.0259,0.3855,0.3145,direct,88221,78851
direct_vs_group_psychosomatic,Weg,9,6,15,0.102,0.0761,0.0259,0.3855,0.3145,direct,88221,78851
direct_vs_group_psychosomatic,abholen,9,6,15,0.102,0.0761,0.0259,0.3855,0.3145,direct,88221,78851
direct_vs_group_psychosomatic,ambulant,9,6,15,0.102,0.0761,0.0259,0.3855,0.3145,direct,88221,78851
direct_vs_group_psychosomatic,ausführlich,9,6,15,0.102,0.0761,0.0259,0.3855,0.3145,direct,88221,78851
direct_vs_group_psychosomatic,bespreche,9,6,15,0.102,0.0761,0.0259,0.3855,0.3145,direct,88221,78851
direct_vs_group_psychosomatic,10mg,5,3,8,0.0567,0.038,0.0186,0.4901,0.306,direct,88221,78851
direct_vs_group_psychosomatic,Diskussion,5,3,8,0.0567,0.038,0.0186,0.4901,0.306,direct,88221,78851
direct_vs_group_psychosomatic,Hinweise,5,3,8,0.0567,0.038,0.0186,0.4901,0.306,direct,88221,78851
direct_vs_group_psychosomatic,Iso,5,3,8,0.0567,0.038,0.0186,0.4901,0.306,direct,88221,78851
direct_vs_group_psychosomatic,Jetzt,5,3,8,0.0567,0.038,0.0186,0.4901,0.306,direct,88221,78851
direct_vs_group_psychosomatic,Klinikkonferenz,5,3,8,0.0567,0.038,0.0186,0.4901,0.306,direct,88221,78851
direct_vs_group_psychosomatic,Kollegin,5,3,8,0.0567,0.038,0.0186,0.4901,0.306,direct,88221,78851
direct_vs_group_psychosomatic,Nonsuizidvertrag,5,3,8,0.0567,0.038,0.0186,0.4901,0.306,direct,88221,78851
direct_vs_group_psychosomatic,Rat,5,3,8,0.0567,0.038,0.0186,0.4901,0.306,direct,88221,78851
direct_vs_group_psychosomatic,Sachen,5,3,8,0.0567,0.038,0.0186,0.4901,0.306,direct,88221,78851
direct_vs_group_psychosomatic,Training,5,3,8,0.0567,0.038,0.0186,0.4901,0.306,direct,88221,78851
direct_vs_group_psychosomatic,Unter,5,3,8,0.0567,0.038,0.0186,0.4901,0.306,direct,88221,78851
direct_vs_group_psychosomatic,abgeben,5,3,8,0.0567,0.038,0.0186,0.4901,0.306,direct,88221,78851
direct_vs_group_psychosomatic,angeschaut,5,3,8,0.0567,0.038,0.0186,0.4901,0.306,direct,88221,78851
direct_vs_group_psychosomatic,auszufüllen,5,3,8,0.0567,0.038,0.0186,0.4901,0.306,direct,88221,78851
direct_vs_group_psychosomatic,belastend,5,3,8,0.0567,0.038,0.0186,0.4901,0.306,direct,88221,78851
direct_vs_group_psychosomatic,erkundigen,5,3,8,0.0567,0.038,0.0186,0.4901,0.306,direct,88221,78851
direct_vs_group_psychosomatic,gilt,5,3,8,0.0567,0.038,0.0186,0.4901,0.306,direct,88221,78851
direct_vs_group_psychosomatic,halte,5,3,8,0.0567,0.038,0.0186,0.4901,0.306,direct,88221,78851
direct_vs_group_psychosomatic,keiner,5,3,8,0.0567,0.038,0.0186,0.4901,0.306,direct,88221,78851
direct_vs_group_psychosomatic,latenten,5,3,8,0.0567,0.038,0.0186,0.4901,0.306,direct,88221,78851
direct_vs_group_psychosomatic,mitmachen,5,3,8,0.0567,0.038,0.0186,0.4901,0.306,direct,88221,78851
direct_vs_group_psychosomatic,quasi,5,3,8,0.0567,0.038,0.0186,0.4901,0.306,direct,88221,78851
direct_vs_group_psychosomatic,regelmäßige,5,3,8,0.0567,0.038,0.0186,0.4901,0.306,direct,88221,78851
direct_vs_group_psychosomatic,schöne,5,3,8,0.0567,0.038,0.0186,0.4901,0.306,direct,88221,78851
direct_vs_group_psychosomatic,sofort,5,3,8,0.0567,0.038,0.0186,0.4901,0.306,direct,88221,78851
direct_vs_group_psychosomatic,verfügbar,5,3,8,0.0567,0.038,0.0186,0.4901,0.306,direct,88221,78851
direct_vs_group_psychosomatic,verhalten,5,3,8,0.0567,0.038,0.0186,0.4901,0.306,direct,88221,78851
direct_vs_group_psychosomatic,übers,5,3,8,0.0567,0.038,0.0186,0.4901,0.306,direct,88221,78851
direct_vs_group_psychosomatic,In,27,28,55,0.306,0.3551,-0.0491,-0.2135,0.3037,group,88221,78851
direct_vs_group_psychosomatic,Anfang,14,10,24,0.1587,0.1268,0.0319,0.3037,0.2963,direct,88221,78851
direct_vs_group_psychosomatic,braucht,25,26,51,0.2834,0.3297,-0.0464,-0.2175,0.2926,group,88221,78851
direct_vs_group_psychosomatic,sonst,56,45,101,0.6348,0.5707,0.0641,0.1504,0.2834,direct,88221,78851
direct_vs_group_psychosomatic,Wie,37,29,66,0.4194,0.3678,0.0516,0.1842,0.2817,direct,88221,78851
direct_vs_group_psychosomatic,bekommt,37,29,66,0.4194,0.3678,0.0516,0.1842,0.2817,direct,88221,78851
direct_vs_group_psychosomatic,sowie,23,24,47,0.2607,0.3044,-0.0437,-0.2221,0.2816,group,88221,78851
direct_vs_group_psychosomatic,Auslöser,3,4,7,0.034,0.0507,-0.0167,-0.5246,0.2777,group,88221,78851
direct_vs_group_psychosomatic,Ca,3,4,7,0.034,0.0507,-0.0167,-0.5246,0.2777,group,88221,78851
direct_vs_group_psychosomatic,Derma,3,4,7,0.034,0.0507,-0.0167,-0.5246,0.2777,group,88221,78851
direct_vs_group_psychosomatic,Einführung,3,4,7,0.034,0.0507,-0.0167,-0.5246,0.2777,group,88221,78851
direct_vs_group_psychosomatic,Funktion,3,4,7,0.034,0.0507,-0.0167,-0.5246,0.2777,group,88221,78851
direct_vs_group_psychosomatic,Gruppentherapien,3,4,7,0.034,0.0507,-0.0167,-0.5246,0.2777,group,88221,78851
direct_vs_group_psychosomatic,Jahre,3,4,7,0.034,0.0507,-0.0167,-0.5246,0.2777,group,88221,78851
direct_vs_group_psychosomatic,Konnte,3,4,7,0.034,0.0507,-0.0167,-0.5246,0.2777,group,88221,78851
direct_vs_group_psychosomatic,Könntet,3,4,7,0.034,0.0507,-0.0167,-0.5246,0.2777,group,88221,78851
direct_vs_group_psychosomatic,Laborkontrolle,3,4,7,0.034,0.0507,-0.0167,-0.5246,0.2777,group,88221,78851
direct_vs_group_psychosomatic,Leber,3,4,7,0.034,0.0507,-0.0167,-0.5246,0.2777,group,88221,78851
direct_vs_group_psychosomatic,Praktikant,3,4,7,0.034,0.0507,-0.0167,-0.5246,0.2777,group,88221,78851
direct_vs_group_psychosomatic,Schizophrenie,3,4,7,0.034,0.0507,-0.0167,-0.5246,0.2777,group,88221,78851
direct_vs_group_psychosomatic,Stellen,3,4,7,0.034,0.0507,-0.0167,-0.5246,0.2777,group,88221,78851
direct_vs_group_psychosomatic,Syndrom,3,4,7,0.034,0.0507,-0.0167,-0.5246,0.2777,group,88221,78851
direct_vs_group_psychosomatic,Teamsitzung,3,4,7,0.034,0.0507,-0.0167,-0.5246,0.2777,group,88221,78851
direct_vs_group_psychosomatic,UAW,3,4,7,0.034,0.0507,-0.0167,-0.5246,0.2777,group,88221,78851
direct_vs_group_psychosomatic,Verbindung,3,4,7,0.034,0.0507,-0.0167,-0.5246,0.2777,group,88221,78851
direct_vs_group_psychosomatic,Versuche,3,4,7,0.034,0.0507,-0.0167,-0.5246,0.2777,group,88221,78851
direct_vs_group_psychosomatic,Vorgeschichte,3,4,7,0.034,0.0507,-0.0167,-0.5246,0.2777,group,88221,78851
direct_vs_group_psychosomatic,WIKI,3,4,7,0.034,0.0507,-0.0167,-0.5246,0.2777,group,88221,78851
direct_vs_group_psychosomatic,Wirkung,3,4,7,0.034,0.0507,-0.0167,-0.5246,0.2777,group,88221,78851
direct_vs_group_psychosomatic,anstatt,3,4,7,0.034,0.0507,-0.0167,-0.5246,0.2777,group,88221,78851
direct_vs_group_psychosomatic,dennoch,3,4,7,0.034,0.0507,-0.0167,-0.5246,0.2777,group,88221,78851
direct_vs_group_psychosomatic,einschätzen,3,4,7,0.034,0.0507,-0.0167,-0.5246,0.2777,group,88221,78851
direct_vs_group_psychosomatic,fehlenden,3,4,7,0.034,0.0507,-0.0167,-0.5246,0.2777,group,88221,78851
direct_vs_group_psychosomatic,getan,3,4,7,0.034,0.0507,-0.0167,-0.5246,0.2777,group,88221,78851
direct_vs_group_psychosomatic,hält,3,4,7,0.034,0.0507,-0.0167,-0.5246,0.2777,group,88221,78851
direct_vs_group_psychosomatic,konkreten,3,4,7,0.034,0.0507,-0.0167,-0.5246,0.2777,group,88221,78851
direct_vs_group_psychosomatic,meinerseits,3,4,7,0.034,0.0507,-0.0167,-0.5246,0.2777,group,88221,78851
direct_vs_group_psychosomatic,motiviert,3,4,7,0.034,0.0507,-0.0167,-0.5246,0.2777,group,88221,78851
direct_vs_group_psychosomatic,möglichen,3,4,7,0.034,0.0507,-0.0167,-0.5246,0.2777,group,88221,78851
direct_vs_group_psychosomatic,möglicherweise,3,4,7,0.034,0.0507,-0.0167,-0.5246,0.2777,group,88221,78851
direct_vs_group_psychosomatic,nächstes,3,4,7,0.034,0.0507,-0.0167,-0.5246,0.2777,group,88221,78851
direct_vs_group_psychosomatic,positive,3,4,7,0.034,0.0507,-0.0167,-0.5246,0.2777,group,88221,78851
direct_vs_group_psychosomatic,reagiert,3,4,7,0.034,0.0507,-0.0167,-0.5246,0.2777,group,88221,78851
direct_vs_group_psychosomatic,rechts,3,4,7,0.034,0.0507,-0.0167,-0.5246,0.2777,group,88221,78851
direct_vs_group_psychosomatic,schlechte,3,4,7,0.034,0.0507,-0.0167,-0.5246,0.2777,group,88221,78851
direct_vs_group_psychosomatic,stationärer,3,4,7,0.034,0.0507,-0.0167,-0.5246,0.2777,group,88221,78851
direct_vs_group_psychosomatic,stellt,3,4,7,0.034,0.0507,-0.0167,-0.5246,0.2777,group,88221,78851
direct_vs_group_psychosomatic,stressig,3,4,7,0.034,0.0507,-0.0167,-0.5246,0.2777,group,88221,78851
direct_vs_group_psychosomatic,vorgestellt,3,4,7,0.034,0.0507,-0.0167,-0.5246,0.2777,group,88221,78851
direct_vs_group_psychosomatic,zuvor,3,4,7,0.034,0.0507,-0.0167,-0.5246,0.2777,group,88221,78851
direct_vs_group_psychosomatic,Überforderungserleben,3,4,7,0.034,0.0507,-0.0167,-0.5246,0.2777,group,88221,78851
direct_vs_group_psychosomatic,Übung,3,4,7,0.034,0.0507,-0.0167,-0.5246,0.2777,group,88221,78851
direct_vs_group_psychosomatic,üben,3,4,7,0.034,0.0507,-0.0167,-0.5246,0.2777,group,88221,78851
direct_vs_group_psychosomatic,gut,202,171,373,2.2897,2.1686,0.1211,0.0777,0.2736,direct,88221,78851
direct_vs_group_psychosomatic,Im,21,22,43,0.238,0.279,-0.041,-0.2276,0.271,group,88221,78851
direct_vs_group_psychosomatic,besser,42,42,84,0.4761,0.5327,-0.0566,-0.162,0.2646,group,88221,78851
direct_vs_group_psychosomatic,Monat,41,41,82,0.4647,0.52,-0.0552,-0.162,0.2583,group,88221,78851
direct_vs_group_psychosomatic,lange,26,20,46,0.2947,0.2536,0.0411,0.2084,0.256,direct,88221,78851
direct_vs_group_psychosomatic,neuen,26,20,46,0.2947,0.2536,0.0411,0.2084,0.256,direct,88221,78851
direct_vs_group_psychosomatic,weitere,18,19,37,0.204,0.241,-0.0369,-0.2379,0.2559,group,88221,78851
direct_vs_group_psychosomatic,Angstsymptomatik,4,5,9,0.0453,0.0634,-0.0181,-0.4515,0.252,group,88221,78851
direct_vs_group_psychosomatic,Befinden,4,5,9,0.0453,0.0634,-0.0181,-0.4515,0.252,group,88221,78851
direct_vs_group_psychosomatic,Laut,4,5,9,0.0453,0.0634,-0.0181,-0.4515,0.252,group,88221,78851
direct_vs_group_psychosomatic,Mahlzeiten,4,5,9,0.0453,0.0634,-0.0181,-0.4515,0.252,group,88221,78851
direct_vs_group_psychosomatic,Pläne,4,5,9,0.0453,0.0634,-0.0181,-0.4515,0.252,group,88221,78851
direct_vs_group_psychosomatic,VG,4,5,9,0.0453,0.0634,-0.0181,-0.4515,0.252,group,88221,78851
direct_vs_group_psychosomatic,\,4,5,9,0.0453,0.0634,-0.0181,-0.4515,0.252,group,88221,78851
direct_vs_group_psychosomatic,angeboten,4,5,9,0.0453,0.0634,-0.0181,-0.4515,0.252,group,88221,78851
direct_vs_group_psychosomatic,arbeitet,4,5,9,0.0453,0.0634,-0.0181,-0.4515,0.252,group,88221,78851
direct_vs_group_psychosomatic,begrenzt,4,5,9,0.0453,0.0634,-0.0181,-0.4515,0.252,group,88221,78851
direct_vs_group_psychosomatic,durchgeführt,4,5,9,0.0453,0.0634,-0.0181,-0.4515,0.252,group,88221,78851
direct_vs_group_psychosomatic,g,4,5,9,0.0453,0.0634,-0.0181,-0.4515,0.252,group,88221,78851
direct_vs_group_psychosomatic,gesetzt,4,5,9,0.0453,0.0634,-0.0181,-0.4515,0.252,group,88221,78851
direct_vs_group_psychosomatic,gezeigt,4,5,9,0.0453,0.0634,-0.0181,-0.4515,0.252,group,88221,78851
direct_vs_group_psychosomatic,langsam,4,5,9,0.0453,0.0634,-0.0181,-0.4515,0.252,group,88221,78851
direct_vs_group_psychosomatic,organisieren,4,5,9,0.0453,0.0634,-0.0181,-0.4515,0.252,group,88221,78851
direct_vs_group_psychosomatic,verlegen,4,5,9,0.0453,0.0634,-0.0181,-0.4515,0.252,group,88221,78851
direct_vs_group_psychosomatic,zufrieden,4,5,9,0.0453,0.0634,-0.0181,-0.4515,0.252,group,88221,78851
direct_vs_group_psychosomatic,Ärztin,4,5,9,0.0453,0.0634,-0.0181,-0.4515,0.252,group,88221,78851
direct_vs_group_psychosomatic,Vereinbarung,17,18,35,0.1927,0.2283,-0.0356,-0.2422,0.2511,group,88221,78851
direct_vs_group_psychosomatic,denken,15,11,26,0.17,0.1395,0.0305,0.2686,0.2506,direct,88221,78851
direct_vs_group_psychosomatic,lieber,15,11,26,0.17,0.1395,0.0305,0.2686,0.2506,direct,88221,78851
direct_vs_group_psychosomatic,vorbei,15,11,26,0.17,0.1395,0.0305,0.2686,0.2506,direct,88221,78851
direct_vs_group_psychosomatic,Wasser,10,7,17,0.1134,0.0888,0.0246,0.3234,0.2489,direct,88221,78851
direct_vs_group_psychosomatic,ansetzen,10,7,17,0.1134,0.0888,0.0246,0.3234,0.2489,direct,88221,78851
direct_vs_group_psychosomatic,aufnehmen,10,7,17,0.1134,0.0888,0.0246,0.3234,0.2489,direct,88221,78851
direct_vs_group_psychosomatic,generell,10,7,17,0.1134,0.0888,0.0246,0.3234,0.2489,direct,88221,78851
direct_vs_group_psychosomatic,schlechter,10,7,17,0.1134,0.0888,0.0246,0.3234,0.2489,direct,88221,78851
direct_vs_group_psychosomatic,unserem,10,7,17,0.1134,0.0888,0.0246,0.3234,0.2489,direct,88221,78851
direct_vs_group_psychosomatic,Ziel,16,17,33,0.1814,0.2156,-0.0342,-0.2469,0.2466,group,88221,78851
direct_vs_group_psychosomatic,B,39,39,78,0.4421,0.4946,-0.0525,-0.162,0.2457,group,88221,78851
direct_vs_group_psychosomatic,früher,15,16,31,0.17,0.2029,-0.0329,-0.2522,0.2422,group,88221,78851
direct_vs_group_psychosomatic,Visite,70,68,138,0.7935,0.8624,-0.0689,-0.1205,0.2392,group,88221,78851
direct_vs_group_psychosomatic,Probleme,14,15,29,0.1587,0.1902,-0.0315,-0.2582,0.2381,group,88221,78851
direct_vs_group_psychosomatic,Beziehung,5,6,11,0.0567,0.0761,-0.0194,-0.403,0.238,group,88221,78851
direct_vs_group_psychosomatic,Kontrollen,5,6,11,0.0567,0.0761,-0.0194,-0.403,0.238,group,88221,78851
direct_vs_group_psychosomatic,Punkte,5,6,11,0.0567,0.0761,-0.0194,-0.403,0.238,group,88221,78851
direct_vs_group_psychosomatic,Wechsel,5,6,11,0.0567,0.0761,-0.0194,-0.403,0.238,group,88221,78851
direct_vs_group_psychosomatic,Welche,5,6,11,0.0567,0.0761,-0.0194,-0.403,0.238,group,88221,78851
direct_vs_group_psychosomatic,anstrengend,5,6,11,0.0567,0.0761,-0.0194,-0.403,0.238,group,88221,78851
direct_vs_group_psychosomatic,häufiger,5,6,11,0.0567,0.0761,-0.0194,-0.403,0.238,group,88221,78851
direct_vs_group_psychosomatic,inhaltlich,5,6,11,0.0567,0.0761,-0.0194,-0.403,0.238,group,88221,78851
direct_vs_group_psychosomatic,mind,5,6,11,0.0567,0.0761,-0.0194,-0.403,0.238,group,88221,78851
direct_vs_group_psychosomatic,starten,5,6,11,0.0567,0.0761,-0.0194,-0.403,0.238,group,88221,78851
direct_vs_group_psychosomatic,unabhängig,5,6,11,0.0567,0.0761,-0.0194,-0.403,0.238,group,88221,78851
direct_vs_group_psychosomatic,+900g,2,1,3,0.0227,0.0127,0.01,0.575,0.237,direct,88221,78851
direct_vs_group_psychosomatic,18h,2,1,3,0.0227,0.0127,0.01,0.575,0.237,direct,88221,78851
direct_vs_group_psychosomatic,AD,2,1,3,0.0227,0.0127,0.01,0.575,0.237,direct,88221,78851
direct_vs_group_psychosomatic,Abstriche,2,1,3,0.0227,0.0127,0.01,0.575,0.237,direct,88221,78851
direct_vs_group_psychosomatic,Allergien,2,1,3,0.0227,0.0127,0.01,0.575,0.237,direct,88221,78851
direct_vs_group_psychosomatic,Amlodipin,2,1,3,0.0227,0.0127,0.01,0.575,0.237,direct,88221,78851
direct_vs_group_psychosomatic,Anlaufstellen,2,1,3,0.0227,0.0127,0.01,0.575,0.237,direct,88221,78851
direct_vs_group_psychosomatic,Anmerkung,2,1,3,0.0227,0.0127,0.01,0.575,0.237,direct,88221,78851
direct_vs_group_psychosomatic,Anspruch,2,1,3,0.0227,0.0127,0.01,0.575,0.237,direct,88221,78851
direct_vs_group_psychosomatic,Arztbriefes,2,1,3,0.0227,0.0127,0.01,0.575,0.237,direct,88221,78851
direct_vs_group_psychosomatic,Atypische,2,1,3,0.0227,0.0127,0.01,0.575,0.237,direct,88221,78851
direct_vs_group_psychosomatic,Aufteilung,2,1,3,0.0227,0.0127,0.01,0.575,0.237,direct,88221,78851
direct_vs_group_psychosomatic,Augenhöhe,2,1,3,0.0227,0.0127,0.01,0.575,0.237,direct,88221,78851
direct_vs_group_psychosomatic,Beachtung,2,1,3,0.0227,0.0127,0.01,0.575,0.237,direct,88221,78851
direct_vs_group_psychosomatic,Behandlungsvertrag,2,1,3,0.0227,0.0127,0.01,0.575,0.237,direct,88221,78851
direct_vs_group_psychosomatic,Beutel,2,1,3,0.0227,0.0127,0.01,0.575,0.237,direct,88221,78851
direct_vs_group_psychosomatic,Bezugstherapie,2,1,3,0.0227,0.0127,0.01,0.575,0.237,direct,88221,78851
direct_vs_group_psychosomatic,Browser,2,1,3,0.0227,0.0127,0.01,0.575,0.237,direct,88221,78851
direct_vs_group_psychosomatic,Buprenorphinpflaster,2,1,3,0.0227,0.0127,0.01,0.575,0.237,direct,88221,78851
direct_vs_group_psychosomatic,COPD,2,1,3,0.0227,0.0127,0.01,0.575,0.237,direct,88221,78851
direct_vs_group_psychosomatic,Cetirizin,2,1,3,0.0227,0.0127,0.01,0.575,0.237,direct,88221,78851
direct_vs_group_psychosomatic,Cholesterin,2,1,3,0.0227,0.0127,0.01,0.575,0.237,direct,88221,78851
direct_vs_group_psychosomatic,Chronische,2,1,3,0.0227,0.0127,0.01,0.575,0.237,direct,88221,78851
direct_vs_group_psychosomatic,Dadurch,2,1,3,0.0227,0.0127,0.01,0.575,0.237,direct,88221,78851
direct_vs_group_psychosomatic,Daten,2,1,3,0.0227,0.0127,0.01,0.575,0.237,direct,88221,78851
direct_vs_group_psychosomatic,Dok,2,1,3,0.0227,0.0127,0.01,0.575,0.237,direct,88221,78851
direct_vs_group_psychosomatic,Drang,2,1,3,0.0227,0.0127,0.01,0.575,0.237,direct,88221,78851
direct_vs_group_psychosomatic,EDQuest,2,1,3,0.0227,0.0127,0.01,0.575,0.237,direct,88221,78851
direct_vs_group_psychosomatic,EUS,2,1,3,0.0227,0.0127,0.01,0.575,0.237,direct,88221,78851
direct_vs_group_psychosomatic,Einfluss,2,1,3,0.0227,0.0127,0.01,0.575,0.237,direct,88221,78851
direct_vs_group_psychosomatic,Einschränkung,2,1,3,0.0227,0.0127,0.01,0.575,0.237,direct,88221,78851
direct_vs_group_psychosomatic,Eintragen,2,1,3,0.0227,0.0127,0.01,0.575,0.237,direct,88221,78851
direct_vs_group_psychosomatic,Einzeltermin,2,1,3,0.0227,0.0127,0.01,0.575,0.237,direct,88221,78851
direct_vs_group_psychosomatic,Emotionalität,2,1,3,0.0227,0.0127,0.01,0.575,0.237,direct,88221,78851
direct_vs_group_psychosomatic,Endokrinologie,2,1,3,0.0227,0.0127,0.01,0.575,0.237,direct,88221,78851
direct_vs_group_psychosomatic,Entlassungen,2,1,3,0.0227,0.0127,0.01,0.575,0.237,direct,88221,78851
direct_vs_group_psychosomatic,Essanamnese,2,1,3,0.0227,0.0127,0.01,0.575,0.237,direct,88221,78851
direct_vs_group_psychosomatic,F,2,1,3,0.0227,0.0127,0.01,0.575,0.237,direct,88221,78851
direct_vs_group_psychosomatic,Flasche,2,1,3,0.0227,0.0127,0.01,0.575,0.237,direct,88221,78851
direct_vs_group_psychosomatic,Flur,2,1,3,0.0227,0.0127,0.01,0.575,0.237,direct,88221,78851
direct_vs_group_psychosomatic,Freitagmorgen,2,1,3,0.0227,0.0127,0.01,0.575,0.237,direct,88221,78851
direct_vs_group_psychosomatic,Geldsorgen,2,1,3,0.0227,0.0127,0.01,0.575,0.237,direct,88221,78851
direct_vs_group_psychosomatic,Gewichtszieles,2,1,3,0.0227,0.0127,0.01,0.575,0.237,direct,88221,78851
direct_vs_group_psychosomatic,Gründen,2,1,3,0.0227,0.0127,0.01,0.575,0.237,direct,88221,78851
direct_vs_group_psychosomatic,H,2,1,3,0.0227,0.0127,0.01,0.575,0.237,direct,88221,78851
direct_vs_group_psychosomatic,Hashtag_Psychopharmaka,2,1,3,0.0227,0.0127,0.01,0.575,0.237,direct,88221,78851
direct_vs_group_psychosomatic,Hausaufgabe,2,1,3,0.0227,0.0127,0.01,0.575,0.237,direct,88221,78851
direct_vs_group_psychosomatic,Hausärztin,2,1,3,0.0227,0.0127,0.01,0.575,0.237,direct,88221,78851
direct_vs_group_psychosomatic,Home,2,1,3,0.0227,0.0127,0.01,0.575,0.237,direct,88221,78851
direct_vs_group_psychosomatic,Information,2,1,3,0.0227,0.0127,0.01,0.575,0.237,direct,88221,78851
direct_vs_group_psychosomatic,Intervallbehandlung,2,1,3,0.0227,0.0127,0.01,0.575,0.237,direct,88221,78851
direct_vs_group_psychosomatic,K,2,1,3,0.0227,0.0127,0.01,0.575,0.237,direct,88221,78851
direct_vs_group_psychosomatic,Kapazität,2,1,3,0.0227,0.0127,0.01,0.575,0.237,direct,88221,78851
direct_vs_group_psychosomatic,Kapsel,2,1,3,0.0227,0.0127,0.01,0.575,0.237,direct,88221,78851
direct_vs_group_psychosomatic,Kindern,2,1,3,0.0227,0.0127,0.01,0.575,0.237,direct,88221,78851
direct_vs_group_psychosomatic,Klingt,2,1,3,0.0227,0.0127,0.01,0.575,0.237,direct,88221,78851
direct_vs_group_psychosomatic,Konferenz,2,1,3,0.0227,0.0127,0.01,0.575,0.237,direct,88221,78851
direct_vs_group_psychosomatic,Konsums,2,1,3,0.0227,0.0127,0.01,0.575,0.237,direct,88221,78851
direct_vs_group_psychosomatic,Kontaktdaten,2,1,3,0.0227,0.0127,0.01,0.575,0.237,direct,88221,78851
direct_vs_group_psychosomatic,Kontexten,2,1,3,0.0227,0.0127,0.01,0.575,0.237,direct,88221,78851
direct_vs_group_psychosomatic,Krankheitsmodell,2,1,3,0.0227,0.0127,0.01,0.575,0.237,direct,88221,78851
direct_vs_group_psychosomatic,Könnten,2,1,3,0.0227,0.0127,0.01,0.575,0.237,direct,88221,78851
direct_vs_group_psychosomatic,Laborwerte,2,1,3,0.0227,0.0127,0.01,0.575,0.237,direct,88221,78851
direct_vs_group_psychosomatic,Leidensdruck,2,1,3,0.0227,0.0127,0.01,0.575,0.237,direct,88221,78851
direct_vs_group_psychosomatic,LuFu,2,1,3,0.0227,0.0127,0.01,0.575,0.237,direct,88221,78851
direct_vs_group_psychosomatic,Macht,2,1,3,0.0227,0.0127,0.01,0.575,0.237,direct,88221,78851
direct_vs_group_psychosomatic,Man,2,1,3,0.0227,0.0127,0.01,0.575,0.237,direct,88221,78851
direct_vs_group_psychosomatic,Merci,2,1,3,0.0227,0.0127,0.01,0.575,0.237,direct,88221,78851
direct_vs_group_psychosomatic,Migrationsgeschichte,2,1,3,0.0227,0.0127,0.01,0.575,0.237,direct,88221,78851
direct_vs_group_psychosomatic,Nebenwirkungen,2,1,3,0.0227,0.0127,0.01,0.575,0.237,direct,88221,78851
direct_vs_group_psychosomatic,Neuzugang,2,1,3,0.0227,0.0127,0.01,0.575,0.237,direct,88221,78851
direct_vs_group_psychosomatic,Notizen,2,1,3,0.0227,0.0127,0.01,0.575,0.237,direct,88221,78851
direct_vs_group_psychosomatic,Oberarztvisite,2,1,3,0.0227,0.0127,0.01,0.575,0.237,direct,88221,78851
direct_vs_group_psychosomatic,Online,2,1,3,0.0227,0.0127,0.01,0.575,0.237,direct,88221,78851
direct_vs_group_psychosomatic,Phasen,2,1,3,0.0227,0.0127,0.01,0.575,0.237,direct,88221,78851
direct_vs_group_psychosomatic,Phosphatausscheidung,2,1,3,0.0227,0.0127,0.01,0.575,0.237,direct,88221,78851
direct_vs_group_psychosomatic,Psychologin,2,1,3,0.0227,0.0127,0.01,0.575,0.237,direct,88221,78851
direct_vs_group_psychosomatic,Rückmeldungen,2,1,3,0.0227,0.0127,0.01,0.575,0.237,direct,88221,78851
direct_vs_group_psychosomatic,Schmerzbereich,2,1,3,0.0227,0.0127,0.01,0.575,0.237,direct,88221,78851
direct_vs_group_psychosomatic,Schnupfen,2,1,3,0.0227,0.0127,0.01,0.575,0.237,direct,88221,78851
direct_vs_group_psychosomatic,Serologie,2,1,3,0.0227,0.0127,0.01,0.575,0.237,direct,88221,78851
direct_vs_group_psychosomatic,Spannungsregulation,2,1,3,0.0227,0.0127,0.01,0.575,0.237,direct,88221,78851
direct_vs_group_psychosomatic,Stationsregeln,2,1,3,0.0227,0.0127,0.01,0.575,0.237,direct,88221,78851
direct_vs_group_psychosomatic,Stehen,2,1,3,0.0227,0.0127,0.01,0.575,0.237,direct,88221,78851
direct_vs_group_psychosomatic,Tagesverlauf,2,1,3,0.0227,0.0127,0.01,0.575,0.237,direct,88221,78851
direct_vs_group_psychosomatic,TansVer,2,1,3,0.0227,0.0127,0.01,0.575,0.237,direct,88221,78851
direct_vs_group_psychosomatic,Tanzen,2,1,3,0.0227,0.0127,0.01,0.575,0.237,direct,88221,78851
direct_vs_group_psychosomatic,Testungen,2,1,3,0.0227,0.0127,0.01,0.575,0.237,direct,88221,78851
direct_vs_group_psychosomatic,Text,2,1,3,0.0227,0.0127,0.01,0.575,0.237,direct,88221,78851
direct_vs_group_psychosomatic,Tilidin,2,1,3,0.0227,0.0127,0.01,0.575,0.237,direct,88221,78851
direct_vs_group_psychosomatic,Tja,2,1,3,0.0227,0.0127,0.01,0.575,0.237,direct,88221,78851
direct_vs_group_psychosomatic,Veranstaltung,2,1,3,0.0227,0.0127,0.01,0.575,0.237,direct,88221,78851
direct_vs_group_psychosomatic,Verträge,2,1,3,0.0227,0.0127,0.01,0.575,0.237,direct,88221,78851
direct_vs_group_psychosomatic,Weil,2,1,3,0.0227,0.0127,0.01,0.575,0.237,direct,88221,78851
direct_vs_group_psychosomatic,Weiter,2,1,3,0.0227,0.0127,0.01,0.575,0.237,direct,88221,78851
direct_vs_group_psychosomatic,Wochenplan,2,1,3,0.0227,0.0127,0.01,0.575,0.237,direct,88221,78851
direct_vs_group_psychosomatic,Zuerst,2,1,3,0.0227,0.0127,0.01,0.575,0.237,direct,88221,78851
direct_vs_group_psychosomatic,Zusätzlich,2,1,3,0.0227,0.0127,0.01,0.575,0.237,direct,88221,78851
direct_vs_group_psychosomatic,Zw,2,1,3,0.0227,0.0127,0.01,0.575,0.237,direct,88221,78851
direct_vs_group_psychosomatic,abgeneigt,2,1,3,0.0227,0.0127,0.01,0.575,0.237,direct,88221,78851
direct_vs_group_psychosomatic,abhole,2,1,3,0.0227,0.0127,0.01,0.575,0.237,direct,88221,78851
direct_vs_group_psychosomatic,absolut,2,1,3,0.0227,0.0127,0.01,0.575,0.237,direct,88221,78851
direct_vs_group_psychosomatic,aktuelles,2,1,3,0.0227,0.0127,0.01,0.575,0.237,direct,88221,78851
direct_vs_group_psychosomatic,allgemein,2,1,3,0.0227,0.0127,0.01,0.575,0.237,direct,88221,78851
direct_vs_group_psychosomatic,anzufangen,2,1,3,0.0227,0.0127,0.01,0.575,0.237,direct,88221,78851
direct_vs_group_psychosomatic,aufenthalt,2,1,3,0.0227,0.0127,0.01,0.575,0.237,direct,88221,78851
direct_vs_group_psychosomatic,aufessen,2,1,3,0.0227,0.0127,0.01,0.575,0.237,direct,88221,78851
direct_vs_group_psychosomatic,auffällt,2,1,3,0.0227,0.0127,0.01,0.575,0.237,direct,88221,78851
direct_vs_group_psychosomatic,aufgehoben,2,1,3,0.0227,0.0127,0.01,0.575,0.237,direct,88221,78851
direct_vs_group_psychosomatic,ausführlicher,2,1,3,0.0227,0.0127,0.01,0.575,0.237,direct,88221,78851
direct_vs_group_psychosomatic,auszuhalten,2,1,3,0.0227,0.0127,0.01,0.575,0.237,direct,88221,78851
direct_vs_group_psychosomatic,auszutauschen,2,1,3,0.0227,0.0127,0.01,0.575,0.237,direct,88221,78851
direct_vs_group_psychosomatic,beantragen,2,1,3,0.0227,0.0127,0.01,0.575,0.237,direct,88221,78851
direct_vs_group_psychosomatic,befürchte,2,1,3,0.0227,0.0127,0.01,0.575,0.237,direct,88221,78851
direct_vs_group_psychosomatic,beschrieb,2,1,3,0.0227,0.0127,0.01,0.575,0.237,direct,88221,78851
direct_vs_group_psychosomatic,bezogen,2,1,3,0.0227,0.0127,0.01,0.575,0.237,direct,88221,78851
direct_vs_group_psychosomatic,bezugstherapeutische,2,1,3,0.0227,0.0127,0.01,0.575,0.237,direct,88221,78851
direct_vs_group_psychosomatic,biogr,2,1,3,0.0227,0.0127,0.01,0.575,0.237,direct,88221,78851
direct_vs_group_psychosomatic,brauch,2,1,3,0.0227,0.0127,0.01,0.575,0.237,direct,88221,78851
direct_vs_group_psychosomatic,charite,2,1,3,0.0227,0.0127,0.01,0.575,0.237,direct,88221,78851
direct_vs_group_psychosomatic,dato,2,1,3,0.0227,0.0127,0.01,0.575,0.237,direct,88221,78851
direct_vs_group_psychosomatic,dauert,2,1,3,0.0227,0.0127,0.01,0.575,0.237,direct,88221,78851
direct_vs_group_psychosomatic,diesmal,2,1,3,0.0227,0.0127,0.01,0.575,0.237,direct,88221,78851
direct_vs_group_psychosomatic,dritt,2,1,3,0.0227,0.0127,0.01,0.575,0.237,direct,88221,78851
direct_vs_group_psychosomatic,drängt,2,1,3,0.0227,0.0127,0.01,0.575,0.237,direct,88221,78851
direct_vs_group_psychosomatic,eigentlichen,2,1,3,0.0227,0.0127,0.01,0.575,0.237,direct,88221,78851
direct_vs_group_psychosomatic,eingeplant,2,1,3,0.0227,0.0127,0.01,0.575,0.237,direct,88221,78851
direct_vs_group_psychosomatic,eingeschränkt,2,1,3,0.0227,0.0127,0.01,0.575,0.237,direct,88221,78851
direct_vs_group_psychosomatic,einspringen,2,1,3,0.0227,0.0127,0.01,0.575,0.237,direct,88221,78851
direct_vs_group_psychosomatic,endgültig,2,1,3,0.0227,0.0127,0.01,0.575,0.237,direct,88221,78851
direct_vs_group_psychosomatic,eng,2,1,3,0.0227,0.0127,0.01,0.575,0.237,direct,88221,78851
direct_vs_group_psychosomatic,entlassung,2,1,3,0.0227,0.0127,0.01,0.575,0.237,direct,88221,78851
direct_vs_group_psychosomatic,entsprechenden,2,1,3,0.0227,0.0127,0.01,0.575,0.237,direct,88221,78851
direct_vs_group_psychosomatic,erholsamen,2,1,3,0.0227,0.0127,0.01,0.575,0.237,direct,88221,78851
direct_vs_group_psychosomatic,erhöhte,2,1,3,0.0227,0.0127,0.01,0.575,0.237,direct,88221,78851
direct_vs_group_psychosomatic,erkannt,2,1,3,0.0227,0.0127,0.01,0.575,0.237,direct,88221,78851
direct_vs_group_psychosomatic,erkläre,2,1,3,0.0227,0.0127,0.01,0.575,0.237,direct,88221,78851
direct_vs_group_psychosomatic,erledigen,2,1,3,0.0227,0.0127,0.01,0.575,0.237,direct,88221,78851
direct_vs_group_psychosomatic,extra,2,1,3,0.0227,0.0127,0.01,0.575,0.237,direct,88221,78851
direct_vs_group_psychosomatic,fahre,2,1,3,0.0227,0.0127,0.01,0.575,0.237,direct,88221,78851
direct_vs_group_psychosomatic,fall,2,1,3,0.0227,0.0127,0.01,0.575,0.237,direct,88221,78851
direct_vs_group_psychosomatic,fallen,2,1,3,0.0227,0.0127,0.01,0.575,0.237,direct,88221,78851
direct_vs_group_psychosomatic,finale,2,1,3,0.0227,0.0127,0.01,0.575,0.237,direct,88221,78851
direct_vs_group_psychosomatic,fürchte,2,1,3,0.0227,0.0127,0.01,0.575,0.237,direct,88221,78851
direct_vs_group_psychosomatic,geboren,2,1,3,0.0227,0.0127,0.01,0.575,0.237,direct,88221,78851
direct_vs_group_psychosomatic,gedanklich,2,1,3,0.0227,0.0127,0.01,0.575,0.237,direct,88221,78851
direct_vs_group_psychosomatic,gehandhabt,2,1,3,0.0227,0.0127,0.01,0.575,0.237,direct,88221,78851
direct_vs_group_psychosomatic,geklebt,2,1,3,0.0227,0.0127,0.01,0.575,0.237,direct,88221,78851
direct_vs_group_psychosomatic,gesammelt,2,1,3,0.0227,0.0127,0.01,0.575,0.237,direct,88221,78851
direct_vs_group_psychosomatic,geschoben,2,1,3,0.0227,0.0127,0.01,0.575,0.237,direct,88221,78851
direct_vs_group_psychosomatic,gesichert,2,1,3,0.0227,0.0127,0.01,0.575,0.237,direct,88221,78851
direct_vs_group_psychosomatic,gründen,2,1,3,0.0227,0.0127,0.01,0.575,0.237,direct,88221,78851
direct_vs_group_psychosomatic,handy,2,1,3,0.0227,0.0127,0.01,0.575,0.237,direct,88221,78851
direct_vs_group_psychosomatic,hinbekommen,2,1,3,0.0227,0.0127,0.01,0.575,0.237,direct,88221,78851
direct_vs_group_psychosomatic,hinterfragt,2,1,3,0.0227,0.0127,0.01,0.575,0.237,direct,88221,78851
direct_vs_group_psychosomatic,holst,2,1,3,0.0227,0.0127,0.01,0.575,0.237,direct,88221,78851
direct_vs_group_psychosomatic,ind,2,1,3,0.0227,0.0127,0.01,0.575,0.237,direct,88221,78851
direct_vs_group_psychosomatic,info,2,1,3,0.0227,0.0127,0.01,0.575,0.237,direct,88221,78851
direct_vs_group_psychosomatic,instabil,2,1,3,0.0227,0.0127,0.01,0.575,0.237,direct,88221,78851
direct_vs_group_psychosomatic,interessanten,2,1,3,0.0227,0.0127,0.01,0.575,0.237,direct,88221,78851
direct_vs_group_psychosomatic,irgendjemand,2,1,3,0.0227,0.0127,0.01,0.575,0.237,direct,88221,78851
direct_vs_group_psychosomatic,ists,2,1,3,0.0227,0.0127,0.01,0.575,0.237,direct,88221,78851
direct_vs_group_psychosomatic,kalt,2,1,3,0.0227,0.0127,0.01,0.575,0.237,direct,88221,78851
direct_vs_group_psychosomatic,kl,2,1,3,0.0227,0.0127,0.01,0.575,0.237,direct,88221,78851
direct_vs_group_psychosomatic,kläre,2,1,3,0.0227,0.0127,0.01,0.575,0.237,direct,88221,78851
direct_vs_group_psychosomatic,kommentiert,2,1,3,0.0227,0.0127,0.01,0.575,0.237,direct,88221,78851
direct_vs_group_psychosomatic,kontakt,2,1,3,0.0227,0.0127,0.01,0.575,0.237,direct,88221,78851
direct_vs_group_psychosomatic,kopiert,2,1,3,0.0227,0.0127,0.01,0.575,0.237,direct,88221,78851
direct_vs_group_psychosomatic,krankheitsbedingt,2,1,3,0.0227,0.0127,0.01,0.575,0.237,direct,88221,78851
direct_vs_group_psychosomatic,kämpfen,2,1,3,0.0227,0.0127,0.01,0.575,0.237,direct,88221,78851
direct_vs_group_psychosomatic,körp,2,1,3,0.0227,0.0127,0.01,0.575,0.237,direct,88221,78851
direct_vs_group_psychosomatic,lieben,2,1,3,0.0227,0.0127,0.01,0.575,0.237,direct,88221,78851
direct_vs_group_psychosomatic,längeren,2,1,3,0.0227,0.0127,0.01,0.575,0.237,direct,88221,78851
direct_vs_group_psychosomatic,mitzubringen,2,1,3,0.0227,0.0127,0.01,0.575,0.237,direct,88221,78851
direct_vs_group_psychosomatic,nachbesprechen,2,1,3,0.0227,0.0127,0.01,0.575,0.237,direct,88221,78851
direct_vs_group_psychosomatic,nachts,2,1,3,0.0227,0.0127,0.01,0.575,0.237,direct,88221,78851
direct_vs_group_psychosomatic,nachvollziehen,2,1,3,0.0227,0.0127,0.01,0.575,0.237,direct,88221,78851
direct_vs_group_psychosomatic,ohnehin,2,1,3,0.0227,0.0127,0.01,0.575,0.237,direct,88221,78851
direct_vs_group_psychosomatic,online,2,1,3,0.0227,0.0127,0.01,0.575,0.237,direct,88221,78851
direct_vs_group_psychosomatic,ordentlich,2,1,3,0.0227,0.0127,0.01,0.575,0.237,direct,88221,78851
direct_vs_group_psychosomatic,pcr,2,1,3,0.0227,0.0127,0.01,0.575,0.237,direct,88221,78851
direct_vs_group_psychosomatic,psychologische,2,1,3,0.0227,0.0127,0.01,0.575,0.237,direct,88221,78851
direct_vs_group_psychosomatic,psychotherapeutisch,2,1,3,0.0227,0.0127,0.01,0.575,0.237,direct,88221,78851
direct_vs_group_psychosomatic,pulmonale,2,1,3,0.0227,0.0127,0.01,0.575,0.237,direct,88221,78851
direct_vs_group_psychosomatic,re,2,1,3,0.0227,0.0127,0.01,0.575,0.237,direct,88221,78851
direct_vs_group_psychosomatic,rede,2,1,3,0.0227,0.0127,0.01,0.575,0.237,direct,88221,78851
direct_vs_group_psychosomatic,reingeschaut,2,1,3,0.0227,0.0127,0.01,0.575,0.237,direct,88221,78851
direct_vs_group_psychosomatic,roter,2,1,3,0.0227,0.0127,0.01,0.575,0.237,direct,88221,78851
direct_vs_group_psychosomatic,räumen,2,1,3,0.0227,0.0127,0.01,0.575,0.237,direct,88221,78851
direct_vs_group_psychosomatic,schief,2,1,3,0.0227,0.0127,0.01,0.575,0.237,direct,88221,78851
direct_vs_group_psychosomatic,schöner,2,1,3,0.0227,0.0127,0.01,0.575,0.237,direct,88221,78851
direct_vs_group_psychosomatic,schüchtern,2,1,3,0.0227,0.0127,0.01,0.575,0.237,direct,88221,78851
direct_vs_group_psychosomatic,schützen,2,1,3,0.0227,0.0127,0.01,0.575,0.237,direct,88221,78851
direct_vs_group_psychosomatic,sicherstellen,2,1,3,0.0227,0.0127,0.01,0.575,0.237,direct,88221,78851
direct_vs_group_psychosomatic,som,2,1,3,0.0227,0.0127,0.01,0.575,0.237,direct,88221,78851
direct_vs_group_psychosomatic,soziales,2,1,3,0.0227,0.0127,0.01,0.575,0.237,direct,88221,78851
direct_vs_group_psychosomatic,steigendem,2,1,3,0.0227,0.0127,0.01,0.575,0.237,direct,88221,78851
direct_vs_group_psychosomatic,the,2,1,3,0.0227,0.0127,0.01,0.575,0.237,direct,88221,78851
direct_vs_group_psychosomatic,thematisierte,2,1,3,0.0227,0.0127,0.01,0.575,0.237,direct,88221,78851
direct_vs_group_psychosomatic,tolle,2,1,3,0.0227,0.0127,0.01,0.575,0.237,direct,88221,78851
direct_vs_group_psychosomatic,treten,2,1,3,0.0227,0.0127,0.01,0.575,0.237,direct,88221,78851
direct_vs_group_psychosomatic,umgezogen,2,1,3,0.0227,0.0127,0.01,0.575,0.237,direct,88221,78851
direct_vs_group_psychosomatic,ums,2,1,3,0.0227,0.0127,0.01,0.575,0.237,direct,88221,78851
direct_vs_group_psychosomatic,upside_down_face,2,1,3,0.0227,0.0127,0.01,0.575,0.237,direct,88221,78851
direct_vs_group_psychosomatic,verabredet,2,1,3,0.0227,0.0127,0.01,0.575,0.237,direct,88221,78851
direct_vs_group_psychosomatic,verfehlt,2,1,3,0.0227,0.0127,0.01,0.575,0.237,direct,88221,78851
direct_vs_group_psychosomatic,vermutet,2,1,3,0.0227,0.0127,0.01,0.575,0.237,direct,88221,78851
direct_vs_group_psychosomatic,versprochen,2,1,3,0.0227,0.0127,0.01,0.575,0.237,direct,88221,78851
direct_vs_group_psychosomatic,verwenden,2,1,3,0.0227,0.0127,0.01,0.575,0.237,direct,88221,78851
direct_vs_group_psychosomatic,vieles,2,1,3,0.0227,0.0127,0.01,0.575,0.237,direct,88221,78851
direct_vs_group_psychosomatic,visitieren,2,1,3,0.0227,0.0127,0.01,0.575,0.237,direct,88221,78851
direct_vs_group_psychosomatic,vorgesehen,2,1,3,0.0227,0.0127,0.01,0.575,0.237,direct,88221,78851
direct_vs_group_psychosomatic,wach,2,1,3,0.0227,0.0127,0.01,0.575,0.237,direct,88221,78851
direct_vs_group_psychosomatic,wackelig,2,1,3,0.0227,0.0127,0.01,0.575,0.237,direct,88221,78851
direct_vs_group_psychosomatic,wahnhaft,2,1,3,0.0227,0.0127,0.01,0.575,0.237,direct,88221,78851
direct_vs_group_psychosomatic,wechselt,2,1,3,0.0227,0.0127,0.01,0.575,0.237,direct,88221,78851
direct_vs_group_psychosomatic,weitermachen,2,1,3,0.0227,0.0127,0.01,0.575,0.237,direct,88221,78851
direct_vs_group_psychosomatic,weitersagen,2,1,3,0.0227,0.0127,0.01,0.575,0.237,direct,88221,78851
direct_vs_group_psychosomatic,wichtigen,2,1,3,0.0227,0.0127,0.01,0.575,0.237,direct,88221,78851
direct_vs_group_psychosomatic,wärst,2,1,3,0.0227,0.0127,0.01,0.575,0.237,direct,88221,78851
direct_vs_group_psychosomatic,zugewandt,2,1,3,0.0227,0.0127,0.01,0.575,0.237,direct,88221,78851
direct_vs_group_psychosomatic,zusammengefunden,2,1,3,0.0227,0.0127,0.01,0.575,0.237,direct,88221,78851
direct_vs_group_psychosomatic,Über,2,1,3,0.0227,0.0127,0.01,0.575,0.237,direct,88221,78851
direct_vs_group_psychosomatic,Übergriff,2,1,3,0.0227,0.0127,0.01,0.575,0.237,direct,88221,78851
direct_vs_group_psychosomatic,übermorgen,2,1,3,0.0227,0.0127,0.01,0.575,0.237,direct,88221,78851
direct_vs_group_psychosomatic,überprüft,2,1,3,0.0227,0.0127,0.01,0.575,0.237,direct,88221,78851
direct_vs_group_psychosomatic,fürs,13,14,27,0.1474,0.1776,-0.0302,-0.2651,0.2344,group,88221,78851
direct_vs_group_psychosomatic,hilfreich,13,14,27,0.1474,0.1776,-0.0302,-0.2651,0.2344,group,88221,78851
direct_vs_group_psychosomatic,Seite,12,13,25,0.136,0.1649,-0.0288,-0.273,0.2311,group,88221,78851
direct_vs_group_psychosomatic,positiv,12,13,25,0.136,0.1649,-0.0288,-0.273,0.2311,group,88221,78851
direct_vs_group_psychosomatic,Duloxetin,6,7,13,0.068,0.0888,-0.0208,-0.3684,0.2302,group,88221,78851
direct_vs_group_psychosomatic,Gewichtsvertrag,6,7,13,0.068,0.0888,-0.0208,-0.3684,0.2302,group,88221,78851
direct_vs_group_psychosomatic,Nachfrage,6,7,13,0.068,0.0888,-0.0208,-0.3684,0.2302,group,88221,78851
direct_vs_group_psychosomatic,Vormittag,6,7,13,0.068,0.0888,-0.0208,-0.3684,0.2302,group,88221,78851
direct_vs_group_psychosomatic,Vorstellung,6,7,13,0.068,0.0888,-0.0208,-0.3684,0.2302,group,88221,78851
direct_vs_group_psychosomatic,beginnen,6,7,13,0.068,0.0888,-0.0208,-0.3684,0.2302,group,88221,78851
direct_vs_group_psychosomatic,emotional,6,7,13,0.068,0.0888,-0.0208,-0.3684,0.2302,group,88221,78851
direct_vs_group_psychosomatic,o,6,7,13,0.068,0.0888,-0.0208,-0.3684,0.2302,group,88221,78851
direct_vs_group_psychosomatic,schreibt,6,7,13,0.068,0.0888,-0.0208,-0.3684,0.2302,group,88221,78851
direct_vs_group_psychosomatic,verlegt,6,7,13,0.068,0.0888,-0.0208,-0.3684,0.2302,group,88221,78851
direct_vs_group_psychosomatic,will,46,37,83,0.5214,0.4692,0.0522,0.1483,0.2287,direct,88221,78851
direct_vs_group_psychosomatic,1x,11,12,23,0.1247,0.1522,-0.0275,-0.2823,0.2282,group,88221,78851
direct_vs_group_psychosomatic,Sozialdienst,11,12,23,0.1247,0.1522,-0.0275,-0.2823,0.2282,group,88221,78851
direct_vs_group_psychosomatic,einige,11,12,23,0.1247,0.1522,-0.0275,-0.2823,0.2282,group,88221,78851
direct_vs_group_psychosomatic,dass,543,471,1014,6.155,5.9733,0.1817,0.043,0.2266,direct,88221,78851
direct_vs_group_psychosomatic,Belastung,7,8,15,0.0793,0.1015,-0.0221,-0.3426,0.2263,group,88221,78851
direct_vs_group_psychosomatic,Faktoren,7,8,15,0.0793,0.1015,-0.0221,-0.3426,0.2263,group,88221,78851
direct_vs_group_psychosomatic,Venlafaxin,7,8,15,0.0793,0.1015,-0.0221,-0.3426,0.2263,group,88221,78851
direct_vs_group_psychosomatic,Zielgewicht,7,8,15,0.0793,0.1015,-0.0221,-0.3426,0.2263,group,88221,78851
direct_vs_group_psychosomatic,fast,7,8,15,0.0793,0.1015,-0.0221,-0.3426,0.2263,group,88221,78851
direct_vs_group_psychosomatic,toll,7,8,15,0.0793,0.1015,-0.0221,-0.3426,0.2263,group,88221,78851
direct_vs_group_psychosomatic,erklärt,9,10,19,0.102,0.1268,-0.0248,-0.3064,0.2248,group,88221,78851
direct_vs_group_psychosomatic,seien,9,10,19,0.102,0.1268,-0.0248,-0.3064,0.2248,group,88221,78851
direct_vs_group_psychosomatic,selber,9,10,19,0.102,0.1268,-0.0248,-0.3064,0.2248,group,88221,78851
direct_vs_group_psychosomatic,Bedarfsmed,8,9,17,0.0907,0.1141,-0.0235,-0.3225,0.2247,group,88221,78851
direct_vs_group_psychosomatic,TTE,8,9,17,0.0907,0.1141,-0.0235,-0.3225,0.2247,group,88221,78851
direct_vs_group_psychosomatic,geändert,8,9,17,0.0907,0.1141,-0.0235,-0.3225,0.2247,group,88221,78851
direct_vs_group_psychosomatic,Aufnahme,35,35,70,0.3967,0.4439,-0.0471,-0.162,0.2205,group,88221,78851
direct_vs_group_psychosomatic,150mg,6,4,10,0.068,0.0507,0.0173,0.3685,0.2096,direct,88221,78851
direct_vs_group_psychosomatic,18,6,4,10,0.068,0.0507,0.0173,0.3685,0.2096,direct,88221,78851
direct_vs_group_psychosomatic,Ambulanzgespräch,6,4,10,0.068,0.0507,0.0173,0.3685,0.2096,direct,88221,78851
direct_vs_group_psychosomatic,Antidepressiva,6,4,10,0.068,0.0507,0.0173,0.3685,0.2096,direct,88221,78851
direct_vs_group_psychosomatic,Kalorien,6,4,10,0.068,0.0507,0.0173,0.3685,0.2096,direct,88221,78851
direct_vs_group_psychosomatic,Kinder,6,4,10,0.068,0.0507,0.0173,0.3685,0.2096,direct,88221,78851
direct_vs_group_psychosomatic,Lass,6,4,10,0.068,0.0507,0.0173,0.3685,0.2096,direct,88221,78851
direct_vs_group_psychosomatic,Nicht,6,4,10,0.068,0.0507,0.0173,0.3685,0.2096,direct,88221,78851
direct_vs_group_psychosomatic,Noch,6,4,10,0.068,0.0507,0.0173,0.3685,0.2096,direct,88221,78851
direct_vs_group_psychosomatic,Strategien,6,4,10,0.068,0.0507,0.0173,0.3685,0.2096,direct,88221,78851
direct_vs_group_psychosomatic,Willkommen,6,4,10,0.068,0.0507,0.0173,0.3685,0.2096,direct,88221,78851
direct_vs_group_psychosomatic,ans,6,4,10,0.068,0.0507,0.0173,0.3685,0.2096,direct,88221,78851
direct_vs_group_psychosomatic,bestimmen,6,4,10,0.068,0.0507,0.0173,0.3685,0.2096,direct,88221,78851
direct_vs_group_psychosomatic,erscheint,6,4,10,0.068,0.0507,0.0173,0.3685,0.2096,direct,88221,78851
direct_vs_group_psychosomatic,freue,6,4,10,0.068,0.0507,0.0173,0.3685,0.2096,direct,88221,78851
direct_vs_group_psychosomatic,kümmern,6,4,10,0.068,0.0507,0.0173,0.3685,0.2096,direct,88221,78851
direct_vs_group_psychosomatic,montags,6,4,10,0.068,0.0507,0.0173,0.3685,0.2096,direct,88221,78851
direct_vs_group_psychosomatic,nett,6,4,10,0.068,0.0507,0.0173,0.3685,0.2096,direct,88221,78851
direct_vs_group_psychosomatic,relativ,6,4,10,0.068,0.0507,0.0173,0.3685,0.2096,direct,88221,78851
direct_vs_group_psychosomatic,trinken,6,4,10,0.068,0.0507,0.0173,0.3685,0.2096,direct,88221,78851
direct_vs_group_psychosomatic,zweiten,6,4,10,0.068,0.0507,0.0173,0.3685,0.2096,direct,88221,78851
direct_vs_group_psychosomatic,nächsten,33,33,66,0.3741,0.4185,-0.0445,-0.162,0.2079,group,88221,78851
direct_vs_group_psychosomatic,eingetragen,11,8,19,0.1247,0.1015,0.0232,0.2741,0.1987,direct,88221,78851
direct_vs_group_psychosomatic,sage,11,8,19,0.1247,0.1015,0.0232,0.2741,0.1987,direct,88221,78851
direct_vs_group_psychosomatic,30,84,70,154,0.9522,0.8878,0.0644,0.0993,0.1876,direct,88221,78851
direct_vs_group_psychosomatic,nichts,70,58,128,0.7935,0.7356,0.0579,0.1072,0.1825,direct,88221,78851
direct_vs_group_psychosomatic,Wir,49,40,89,0.5554,0.5073,0.0481,0.1275,0.1815,direct,88221,78851
direct_vs_group_psychosomatic,nächste,123,116,239,1.3942,1.4711,-0.0769,-0.0778,0.172,group,88221,78851
direct_vs_group_psychosomatic,Pflege,42,41,83,0.4761,0.52,-0.0439,-0.1276,0.1612,group,88221,78851
direct_vs_group_psychosomatic,oft,12,9,21,0.136,0.1141,0.0219,0.2339,0.1593,direct,88221,78851
direct_vs_group_psychosomatic,letzte,25,25,50,0.2834,0.3171,-0.0337,-0.162,0.1575,group,88221,78851
direct_vs_group_psychosomatic,sollten,25,25,50,0.2834,0.3171,-0.0337,-0.162,0.1575,group,88221,78851
direct_vs_group_psychosomatic,Jahren,18,14,32,0.204,0.1776,0.0265,0.1895,0.153,direct,88221,78851
direct_vs_group_psychosomatic,AB,7,5,12,0.0793,0.0634,0.0159,0.2855,0.1481,direct,88221,78851
direct_vs_group_psychosomatic,Clonidin,7,5,12,0.0793,0.0634,0.0159,0.2855,0.1481,direct,88221,78851
direct_vs_group_psychosomatic,Ergebnisse,7,5,12,0.0793,0.0634,0.0159,0.2855,0.1481,direct,88221,78851
direct_vs_group_psychosomatic,Freundin,7,5,12,0.0793,0.0634,0.0159,0.2855,0.1481,direct,88221,78851
direct_vs_group_psychosomatic,HCT,7,5,12,0.0793,0.0634,0.0159,0.2855,0.1481,direct,88221,78851
direct_vs_group_psychosomatic,Personen,7,5,12,0.0793,0.0634,0.0159,0.2855,0.1481,direct,88221,78851
direct_vs_group_psychosomatic,Satz,7,5,12,0.0793,0.0634,0.0159,0.2855,0.1481,direct,88221,78851
direct_vs_group_psychosomatic,aktuelle,7,5,12,0.0793,0.0634,0.0159,0.2855,0.1481,direct,88221,78851
direct_vs_group_psychosomatic,bearbeiten,7,5,12,0.0793,0.0634,0.0159,0.2855,0.1481,direct,88221,78851
direct_vs_group_psychosomatic,beraten,7,5,12,0.0793,0.0634,0.0159,0.2855,0.1481,direct,88221,78851
direct_vs_group_psychosomatic,drei,7,5,12,0.0793,0.0634,0.0159,0.2855,0.1481,direct,88221,78851
direct_vs_group_psychosomatic,erinnern,7,5,12,0.0793,0.0634,0.0159,0.2855,0.1481,direct,88221,78851
direct_vs_group_psychosomatic,karte,7,5,12,0.0793,0.0634,0.0159,0.2855,0.1481,direct,88221,78851
direct_vs_group_psychosomatic,knapp,7,5,12,0.0793,0.0634,0.0159,0.2855,0.1481,direct,88221,78851
direct_vs_group_psychosomatic,stattdessen,7,5,12,0.0793,0.0634,0.0159,0.2855,0.1481,direct,88221,78851
direct_vs_group_psychosomatic,vermehrt,7,5,12,0.0793,0.0634,0.0159,0.2855,0.1481,direct,88221,78851
direct_vs_group_psychosomatic,besprochen,93,88,181,1.0542,1.116,-0.0619,-0.0827,0.1469,group,88221,78851
direct_vs_group_psychosomatic,bezüglich,23,23,46,0.2607,0.2917,-0.031,-0.162,0.1449,group,88221,78851
direct_vs_group_psychosomatic,sicher,25,20,45,0.2834,0.2536,0.0297,0.1529,0.137,direct,88221,78851
direct_vs_group_psychosomatic,Leider,13,10,23,0.1474,0.1268,0.0205,0.2006,0.128,direct,88221,78851
direct_vs_group_psychosomatic,beim,36,35,71,0.4081,0.4439,-0.0358,-0.1219,0.1255,group,88221,78851
direct_vs_group_psychosomatic,gesprochen,54,45,99,0.6121,0.5707,0.0414,0.0984,0.1206,direct,88221,78851
direct_vs_group_psychosomatic,kurze,19,19,38,0.2154,0.241,-0.0256,-0.162,0.1197,group,88221,78851
direct_vs_group_psychosomatic,bis,156,134,290,1.7683,1.6994,0.0689,0.0566,0.1139,direct,88221,78851
direct_vs_group_psychosomatic,Für,18,18,36,0.204,0.2283,-0.0242,-0.162,0.1134,group,88221,78851
direct_vs_group_psychosomatic,gab,18,18,36,0.204,0.2283,-0.0242,-0.162,0.1134,group,88221,78851
direct_vs_group_psychosomatic,neue,33,32,65,0.3741,0.4058,-0.0318,-0.1183,0.1079,group,88221,78851
direct_vs_group_psychosomatic,Konsequenz,17,17,34,0.1927,0.2156,-0.0229,-0.162,0.1071,group,88221,78851
direct_vs_group_psychosomatic,25,8,6,14,0.0907,0.0761,0.0146,0.225,0.1062,direct,88221,78851
direct_vs_group_psychosomatic,d,8,6,14,0.0907,0.0761,0.0146,0.225,0.1062,direct,88221,78851
direct_vs_group_psychosomatic,zugenommen,8,6,14,0.0907,0.0761,0.0146,0.225,0.1062,direct,88221,78851
direct_vs_group_psychosomatic,30Uhr,3,2,5,0.034,0.0254,0.0086,0.3234,0.1048,direct,88221,78851
direct_vs_group_psychosomatic,37,3,2,5,0.034,0.0254,0.0086,0.3234,0.1048,direct,88221,78851
direct_vs_group_psychosomatic,60,3,2,5,0.034,0.0254,0.0086,0.3234,0.1048,direct,88221,78851
direct_vs_group_psychosomatic,75mg,3,2,5,0.034,0.0254,0.0086,0.3234,0.1048,direct,88221,78851
direct_vs_group_psychosomatic,Anruf,3,2,5,0.034,0.0254,0.0086,0.3234,0.1048,direct,88221,78851
direct_vs_group_psychosomatic,Armut,3,2,5,0.034,0.0254,0.0086,0.3234,0.1048,direct,88221,78851
direct_vs_group_psychosomatic,Artikel,3,2,5,0.034,0.0254,0.0086,0.3234,0.1048,direct,88221,78851
direct_vs_group_psychosomatic,Arztbriefe,3,2,5,0.034,0.0254,0.0086,0.3234,0.1048,direct,88221,78851
direct_vs_group_psychosomatic,Auge,3,2,5,0.034,0.0254,0.0086,0.3234,0.1048,direct,88221,78851
direct_vs_group_psychosomatic,Bereiche,3,2,5,0.034,0.0254,0.0086,0.3234,0.1048,direct,88221,78851
direct_vs_group_psychosomatic,Bereichen,3,2,5,0.034,0.0254,0.0086,0.3234,0.1048,direct,88221,78851
direct_vs_group_psychosomatic,Blutentnahme,3,2,5,0.034,0.0254,0.0086,0.3234,0.1048,direct,88221,78851
direct_vs_group_psychosomatic,Dankeschön,3,2,5,0.034,0.0254,0.0086,0.3234,0.1048,direct,88221,78851
direct_vs_group_psychosomatic,Entzündungswerte,3,2,5,0.034,0.0254,0.0086,0.3234,0.1048,direct,88221,78851
direct_vs_group_psychosomatic,Esstagebuch,3,2,5,0.034,0.0254,0.0086,0.3234,0.1048,direct,88221,78851
direct_vs_group_psychosomatic,Expo,3,2,5,0.034,0.0254,0.0086,0.3234,0.1048,direct,88221,78851
direct_vs_group_psychosomatic,Gewichtsvereinbarungen,3,2,5,0.034,0.0254,0.0086,0.3234,0.1048,direct,88221,78851
direct_vs_group_psychosomatic,Intervall,3,2,5,0.034,0.0254,0.0086,0.3234,0.1048,direct,88221,78851
direct_vs_group_psychosomatic,Kost,3,2,5,0.034,0.0254,0.0086,0.3234,0.1048,direct,88221,78851
direct_vs_group_psychosomatic,Leid,3,2,5,0.034,0.0254,0.0086,0.3234,0.1048,direct,88221,78851
direct_vs_group_psychosomatic,Maßnahmen,3,2,5,0.034,0.0254,0.0086,0.3234,0.1048,direct,88221,78851
direct_vs_group_psychosomatic,Mittagspause,3,2,5,0.034,0.0254,0.0086,0.3234,0.1048,direct,88221,78851
direct_vs_group_psychosomatic,Niereninsuffizienz,3,2,5,0.034,0.0254,0.0086,0.3234,0.1048,direct,88221,78851
direct_vs_group_psychosomatic,Panaritium,3,2,5,0.034,0.0254,0.0086,0.3234,0.1048,direct,88221,78851
direct_vs_group_psychosomatic,Perfekt,3,2,5,0.034,0.0254,0.0086,0.3234,0.1048,direct,88221,78851
direct_vs_group_psychosomatic,Post,3,2,5,0.034,0.0254,0.0086,0.3234,0.1048,direct,88221,78851
direct_vs_group_psychosomatic,Rückruf,3,2,5,0.034,0.0254,0.0086,0.3234,0.1048,direct,88221,78851
direct_vs_group_psychosomatic,Schade,3,2,5,0.034,0.0254,0.0086,0.3234,0.1048,direct,88221,78851
direct_vs_group_psychosomatic,Symptomtagebuch,3,2,5,0.034,0.0254,0.0086,0.3234,0.1048,direct,88221,78851
direct_vs_group_psychosomatic,Teile,3,2,5,0.034,0.0254,0.0086,0.3234,0.1048,direct,88221,78851
direct_vs_group_psychosomatic,Umstände,3,2,5,0.034,0.0254,0.0086,0.3234,0.1048,direct,88221,78851
direct_vs_group_psychosomatic,Vorgehen,3,2,5,0.034,0.0254,0.0086,0.3234,0.1048,direct,88221,78851
direct_vs_group_psychosomatic,Weiterbildung,3,2,5,0.034,0.0254,0.0086,0.3234,0.1048,direct,88221,78851
direct_vs_group_psychosomatic,Wunde,3,2,5,0.034,0.0254,0.0086,0.3234,0.1048,direct,88221,78851
direct_vs_group_psychosomatic,Zwangsstörung,3,2,5,0.034,0.0254,0.0086,0.3234,0.1048,direct,88221,78851
direct_vs_group_psychosomatic,ankündigen,3,2,5,0.034,0.0254,0.0086,0.3234,0.1048,direct,88221,78851
direct_vs_group_psychosomatic,aufeinander,3,2,5,0.034,0.0254,0.0086,0.3234,0.1048,direct,88221,78851
direct_vs_group_psychosomatic,benötige,3,2,5,0.034,0.0254,0.0086,0.3234,0.1048,direct,88221,78851
direct_vs_group_psychosomatic,biographische,3,2,5,0.034,0.0254,0.0086,0.3234,0.1048,direct,88221,78851
direct_vs_group_psychosomatic,donnerstags,3,2,5,0.034,0.0254,0.0086,0.3234,0.1048,direct,88221,78851
direct_vs_group_psychosomatic,eingestuft,3,2,5,0.034,0.0254,0.0086,0.3234,0.1048,direct,88221,78851
direct_vs_group_psychosomatic,eins,3,2,5,0.034,0.0254,0.0086,0.3234,0.1048,direct,88221,78851
direct_vs_group_psychosomatic,erleichtert,3,2,5,0.034,0.0254,0.0086,0.3234,0.1048,direct,88221,78851
direct_vs_group_psychosomatic,fehlte,3,2,5,0.034,0.0254,0.0086,0.3234,0.1048,direct,88221,78851
direct_vs_group_psychosomatic,fiel,3,2,5,0.034,0.0254,0.0086,0.3234,0.1048,direct,88221,78851
direct_vs_group_psychosomatic,gestartet,3,2,5,0.034,0.0254,0.0086,0.3234,0.1048,direct,88221,78851
direct_vs_group_psychosomatic,gezogen,3,2,5,0.034,0.0254,0.0086,0.3234,0.1048,direct,88221,78851
direct_vs_group_psychosomatic,grinning,3,2,5,0.034,0.0254,0.0086,0.3234,0.1048,direct,88221,78851
direct_vs_group_psychosomatic,großen,3,2,5,0.034,0.0254,0.0086,0.3234,0.1048,direct,88221,78851
direct_vs_group_psychosomatic,gruppe,3,2,5,0.034,0.0254,0.0086,0.3234,0.1048,direct,88221,78851
direct_vs_group_psychosomatic,irgendwo,3,2,5,0.034,0.0254,0.0086,0.3234,0.1048,direct,88221,78851
direct_vs_group_psychosomatic,koordinieren,3,2,5,0.034,0.0254,0.0086,0.3234,0.1048,direct,88221,78851
direct_vs_group_psychosomatic,korrigieren,3,2,5,0.034,0.0254,0.0086,0.3234,0.1048,direct,88221,78851
direct_vs_group_psychosomatic,kurzem,3,2,5,0.034,0.0254,0.0086,0.3234,0.1048,direct,88221,78851
direct_vs_group_psychosomatic,mäßig,3,2,5,0.034,0.0254,0.0086,0.3234,0.1048,direct,88221,78851
direct_vs_group_psychosomatic,nachstationär,3,2,5,0.034,0.0254,0.0086,0.3234,0.1048,direct,88221,78851
direct_vs_group_psychosomatic,netterweise,3,2,5,0.034,0.0254,0.0086,0.3234,0.1048,direct,88221,78851
direct_vs_group_psychosomatic,notiert,3,2,5,0.034,0.0254,0.0086,0.3234,0.1048,direct,88221,78851
direct_vs_group_psychosomatic,pflege,3,2,5,0.034,0.0254,0.0086,0.3234,0.1048,direct,88221,78851
direct_vs_group_psychosomatic,psychosoziale,3,2,5,0.034,0.0254,0.0086,0.3234,0.1048,direct,88221,78851
direct_vs_group_psychosomatic,solange,3,2,5,0.034,0.0254,0.0086,0.3234,0.1048,direct,88221,78851
direct_vs_group_psychosomatic,stimmen,3,2,5,0.034,0.0254,0.0086,0.3234,0.1048,direct,88221,78851
direct_vs_group_psychosomatic,tag,3,2,5,0.034,0.0254,0.0086,0.3234,0.1048,direct,88221,78851
direct_vs_group_psychosomatic,vertrete,3,2,5,0.034,0.0254,0.0086,0.3234,0.1048,direct,88221,78851
direct_vs_group_psychosomatic,via,3,2,5,0.034,0.0254,0.0086,0.3234,0.1048,direct,88221,78851
direct_vs_group_psychosomatic,vorliegt,3,2,5,0.034,0.0254,0.0086,0.3234,0.1048,direct,88221,78851
direct_vs_group_psychosomatic,warte,3,2,5,0.034,0.0254,0.0086,0.3234,0.1048,direct,88221,78851
direct_vs_group_psychosomatic,wiegen,3,2,5,0.034,0.0254,0.0086,0.3234,0.1048,direct,88221,78851
direct_vs_group_psychosomatic,zeitlichen,3,2,5,0.034,0.0254,0.0086,0.3234,0.1048,direct,88221,78851
direct_vs_group_psychosomatic,zweimal,3,2,5,0.034,0.0254,0.0086,0.3234,0.1048,direct,88221,78851
direct_vs_group_psychosomatic,Änderungen,3,2,5,0.034,0.0254,0.0086,0.3234,0.1048,direct,88221,78851
direct_vs_group_psychosomatic,ä,3,2,5,0.034,0.0254,0.0086,0.3234,0.1048,direct,88221,78851
direct_vs_group_psychosomatic,ärztliche,3,2,5,0.034,0.0254,0.0086,0.3234,0.1048,direct,88221,78851
direct_vs_group_psychosomatic,darauf,27,22,49,0.306,0.279,0.027,0.1275,0.104,direct,88221,78851
direct_vs_group_psychosomatic,wohl,56,47,103,0.6348,0.5961,0.0387,0.0883,0.1013,direct,88221,78851
direct_vs_group_psychosomatic,übernehmen,45,43,88,0.5101,0.5453,-0.0352,-0.0971,0.0981,group,88221,78851
direct_vs_group_psychosomatic,Hinweis,15,15,30,0.17,0.1902,-0.0202,-0.162,0.0945,group,88221,78851
direct_vs_group_psychosomatic,14,44,42,86,0.4987,0.5327,-0.0339,-0.0957,0.0929,group,88221,78851
direct_vs_group_psychosomatic,etwas,120,103,223,1.3602,1.3063,0.054,0.0574,0.0909,direct,88221,78851
direct_vs_group_psychosomatic,Auch,14,14,28,0.1587,0.1776,-0.0189,-0.162,0.0882,group,88221,78851
direct_vs_group_psychosomatic,daran,14,14,28,0.1587,0.1776,-0.0189,-0.162,0.0882,group,88221,78851
direct_vs_group_psychosomatic,hatten,15,12,27,0.17,0.1522,0.0178,0.1483,0.0822,direct,88221,78851
direct_vs_group_psychosomatic,treffen,15,12,27,0.17,0.1522,0.0178,0.1483,0.0822,direct,88221,78851
direct_vs_group_psychosomatic,ansprechen,13,13,26,0.1474,0.1649,-0.0175,-0.162,0.0819,group,88221,78851
direct_vs_group_psychosomatic,unbedingt,13,13,26,0.1474,0.1649,-0.0175,-0.162,0.0819,group,88221,78851
direct_vs_group_psychosomatic,Beginn,41,39,80,0.4647,0.4946,-0.0299,-0.0907,0.0775,group,88221,78851
direct_vs_group_psychosomatic,200,9,7,16,0.102,0.0888,0.0132,0.179,0.0765,direct,88221,78851
direct_vs_group_psychosomatic,Struktur,9,7,16,0.102,0.0888,0.0132,0.179,0.0765,direct,88221,78851
direct_vs_group_psychosomatic,führen,9,7,16,0.102,0.0888,0.0132,0.179,0.0765,direct,88221,78851
direct_vs_group_psychosomatic,Symptome,12,12,24,0.136,0.1522,-0.0162,-0.162,0.0756,group,88221,78851
direct_vs_group_psychosomatic,ihrem,27,26,53,0.306,0.3297,-0.0237,-0.1086,0.0736,group,88221,78851
direct_vs_group_psychosomatic,nachdem,11,11,22,0.1247,0.1395,-0.0148,-0.162,0.0693,group,88221,78851
direct_vs_group_psychosomatic,versucht,30,25,55,0.3401,0.3171,0.023,0.0963,0.067,direct,88221,78851
direct_vs_group_psychosomatic,Escitalopram,10,10,20,0.1134,0.1268,-0.0135,-0.162,0.063,group,88221,78851
direct_vs_group_psychosomatic,Sicht,10,10,20,0.1134,0.1268,-0.0135,-0.162,0.063,group,88221,78851
direct_vs_group_psychosomatic,abends,10,10,20,0.1134,0.1268,-0.0135,-0.162,0.063,group,88221,78851
direct_vs_group_psychosomatic,somatische,10,10,20,0.1134,0.1268,-0.0135,-0.162,0.063,group,88221,78851
direct_vs_group_psychosomatic,sein,117,108,225,1.3262,1.3697,-0.0435,-0.047,0.0584,group,88221,78851
direct_vs_group_psychosomatic,Bei,61,57,118,0.6914,0.7229,-0.0314,-0.065,0.0582,group,88221,78851
direct_vs_group_psychosomatic,Haben,9,9,18,0.102,0.1141,-0.0121,-0.162,0.0567,group,88221,78851
direct_vs_group_psychosomatic,Schmerzstörung,9,9,18,0.102,0.1141,-0.0121,-0.162,0.0567,group,88221,78851
direct_vs_group_psychosomatic,amb,9,9,18,0.102,0.1141,-0.0121,-0.162,0.0567,group,88221,78851
direct_vs_group_psychosomatic,entscheiden,9,9,18,0.102,0.1141,-0.0121,-0.162,0.0567,group,88221,78851
direct_vs_group_psychosomatic,meldet,9,9,18,0.102,0.1141,-0.0121,-0.162,0.0567,group,88221,78851
direct_vs_group_psychosomatic,schaffe,9,9,18,0.102,0.1141,-0.0121,-0.162,0.0567,group,88221,78851
direct_vs_group_psychosomatic,Konsildienst,10,8,18,0.1134,0.1015,0.0119,0.1429,0.0548,direct,88221,78851
direct_vs_group_psychosomatic,ergänzt,10,8,18,0.1134,0.1015,0.0119,0.1429,0.0548,direct,88221,78851
direct_vs_group_psychosomatic,EKG,39,33,72,0.4421,0.4185,0.0236,0.0757,0.0537,direct,88221,78851
direct_vs_group_psychosomatic,vielen,39,33,72,0.4421,0.4185,0.0236,0.0757,0.0537,direct,88221,78851
direct_vs_group_psychosomatic,BB,4,3,7,0.0453,0.038,0.0073,0.2006,0.0531,direct,88221,78851
direct_vs_group_psychosomatic,BGA,4,3,7,0.0453,0.038,0.0073,0.2006,0.0531,direct,88221,78851
direct_vs_group_psychosomatic,Englisch,4,3,7,0.0453,0.038,0.0073,0.2006,0.0531,direct,88221,78851
direct_vs_group_psychosomatic,Gewichtsabnahme,4,3,7,0.0453,0.038,0.0073,0.2006,0.0531,direct,88221,78851
direct_vs_group_psychosomatic,Gut,4,3,7,0.0453,0.038,0.0073,0.2006,0.0531,direct,88221,78851
direct_vs_group_psychosomatic,II,4,3,7,0.0453,0.038,0.0073,0.2006,0.0531,direct,88221,78851
direct_vs_group_psychosomatic,Lebensmittel,4,3,7,0.0453,0.038,0.0073,0.2006,0.0531,direct,88221,78851
direct_vs_group_psychosomatic,Mitte,4,3,7,0.0453,0.038,0.0073,0.2006,0.0531,direct,88221,78851
direct_vs_group_psychosomatic,Musiktherapie,4,3,7,0.0453,0.038,0.0073,0.2006,0.0531,direct,88221,78851
direct_vs_group_psychosomatic,Notfallplan,4,3,7,0.0453,0.038,0.0073,0.2006,0.0531,direct,88221,78851
direct_vs_group_psychosomatic,Psych,4,3,7,0.0453,0.038,0.0073,0.2006,0.0531,direct,88221,78851
direct_vs_group_psychosomatic,bestätigt,4,3,7,0.0453,0.038,0.0073,0.2006,0.0531,direct,88221,78851
direct_vs_group_psychosomatic,feste,4,3,7,0.0453,0.038,0.0073,0.2006,0.0531,direct,88221,78851
direct_vs_group_psychosomatic,freitag,4,3,7,0.0453,0.038,0.0073,0.2006,0.0531,direct,88221,78851
direct_vs_group_psychosomatic,freut,4,3,7,0.0453,0.038,0.0073,0.2006,0.0531,direct,88221,78851
direct_vs_group_psychosomatic,gefehlt,4,3,7,0.0453,0.038,0.0073,0.2006,0.0531,direct,88221,78851
direct_vs_group_psychosomatic,jetzigen,4,3,7,0.0453,0.038,0.0073,0.2006,0.0531,direct,88221,78851
direct_vs_group_psychosomatic,komplett,4,3,7,0.0453,0.038,0.0073,0.2006,0.0531,direct,88221,78851
direct_vs_group_psychosomatic,montag,4,3,7,0.0453,0.038,0.0073,0.2006,0.0531,direct,88221,78851
direct_vs_group_psychosomatic,vereinbarung,4,3,7,0.0453,0.038,0.0073,0.2006,0.0531,direct,88221,78851
direct_vs_group_psychosomatic,verändern,4,3,7,0.0453,0.038,0.0073,0.2006,0.0531,direct,88221,78851
direct_vs_group_psychosomatic,vollständig,4,3,7,0.0453,0.038,0.0073,0.2006,0.0531,direct,88221,78851
direct_vs_group_psychosomatic,wiegt,4,3,7,0.0453,0.038,0.0073,0.2006,0.0531,direct,88221,78851
direct_vs_group_psychosomatic,zwischendurch,4,3,7,0.0453,0.038,0.0073,0.2006,0.0531,direct,88221,78851
direct_vs_group_psychosomatic,Medikation,23,22,45,0.2607,0.279,-0.0183,-0.0993,0.0517,group,88221,78851
direct_vs_group_psychosomatic,So,23,22,45,0.2607,0.279,-0.0183,-0.0993,0.0517,group,88221,78851
direct_vs_group_psychosomatic,telefoniert,17,14,31,0.1927,0.1776,0.0151,0.1093,0.0516,direct,88221,78851
direct_vs_group_psychosomatic,Grund,8,8,16,0.0907,0.1015,-0.0108,-0.162,0.0504,group,88221,78851
direct_vs_group_psychosomatic,SV,8,8,16,0.0907,0.1015,-0.0108,-0.162,0.0504,group,88221,78851
direct_vs_group_psychosomatic,aktuellen,8,8,16,0.0907,0.1015,-0.0108,-0.162,0.0504,group,88221,78851
direct_vs_group_psychosomatic,besteht,8,8,16,0.0907,0.1015,-0.0108,-0.162,0.0504,group,88221,78851
direct_vs_group_psychosomatic,bzw,35,33,68,0.3967,0.4185,-0.0218,-0.0783,0.0485,group,88221,78851
direct_vs_group_psychosomatic,Dienst,7,7,14,0.0793,0.0888,-0.0094,-0.162,0.0441,group,88221,78851
direct_vs_group_psychosomatic,EEG,7,7,14,0.0793,0.0888,-0.0094,-0.162,0.0441,group,88221,78851
direct_vs_group_psychosomatic,Email,7,7,14,0.0793,0.0888,-0.0094,-0.162,0.0441,group,88221,78851
direct_vs_group_psychosomatic,Entscheidung,7,7,14,0.0793,0.0888,-0.0094,-0.162,0.0441,group,88221,78851
direct_vs_group_psychosomatic,OAV,7,7,14,0.0793,0.0888,-0.0094,-0.162,0.0441,group,88221,78851
direct_vs_group_psychosomatic,niemand,7,7,14,0.0793,0.0888,-0.0094,-0.162,0.0441,group,88221,78851
direct_vs_group_psychosomatic,schafft,7,7,14,0.0793,0.0888,-0.0094,-0.162,0.0441,group,88221,78851
direct_vs_group_psychosomatic,therapeutischen,7,7,14,0.0793,0.0888,-0.0094,-0.162,0.0441,group,88221,78851
direct_vs_group_psychosomatic,Episode,21,20,41,0.238,0.2536,-0.0156,-0.0933,0.0413,group,88221,78851
direct_vs_group_psychosomatic,eines,18,15,33,0.204,0.1902,0.0138,0.0933,0.0402,direct,88221,78851
direct_vs_group_psychosomatic,viele,33,31,64,0.3741,0.3931,-0.0191,-0.0732,0.0396,group,88221,78851
direct_vs_group_psychosomatic,Abhängigkeit,11,9,20,0.1247,0.1141,0.0105,0.1136,0.0388,direct,88221,78851
direct_vs_group_psychosomatic,gebessert,11,9,20,0.1247,0.1141,0.0105,0.1136,0.0388,direct,88221,78851
direct_vs_group_psychosomatic,Abschlussgespräch,6,6,12,0.068,0.0761,-0.0081,-0.162,0.0378,group,88221,78851
direct_vs_group_psychosomatic,Kardio,6,6,12,0.068,0.0761,-0.0081,-0.162,0.0378,group,88221,78851
direct_vs_group_psychosomatic,Konsilschein,6,6,12,0.068,0.0761,-0.0081,-0.162,0.0378,group,88221,78851
direct_vs_group_psychosomatic,System,6,6,12,0.068,0.0761,-0.0081,-0.162,0.0378,group,88221,78851
direct_vs_group_psychosomatic,Tod,6,6,12,0.068,0.0761,-0.0081,-0.162,0.0378,group,88221,78851
direct_vs_group_psychosomatic,UCHI,6,6,12,0.068,0.0761,-0.0081,-0.162,0.0378,group,88221,78851
direct_vs_group_psychosomatic,DD,5,5,10,0.0567,0.0634,-0.0067,-0.162,0.0315,group,88221,78851
direct_vs_group_psychosomatic,Dialyse,5,5,10,0.0567,0.0634,-0.0067,-0.162,0.0315,group,88221,78851
direct_vs_group_psychosomatic,Ehemann,5,5,10,0.0567,0.0634,-0.0067,-0.162,0.0315,group,88221,78851
direct_vs_group_psychosomatic,Link_intern,5,5,10,0.0567,0.0634,-0.0067,-0.162,0.0315,group,88221,78851
direct_vs_group_psychosomatic,Neuro,5,5,10,0.0567,0.0634,-0.0067,-0.162,0.0315,group,88221,78851
direct_vs_group_psychosomatic,Schmerzkonsil,5,5,10,0.0567,0.0634,-0.0067,-0.162,0.0315,group,88221,78851
direct_vs_group_psychosomatic,TK,5,5,10,0.0567,0.0634,-0.0067,-0.162,0.0315,group,88221,78851
direct_vs_group_psychosomatic,angedacht,5,5,10,0.0567,0.0634,-0.0067,-0.162,0.0315,group,88221,78851
direct_vs_group_psychosomatic,aufgetreten,5,5,10,0.0567,0.0634,-0.0067,-0.162,0.0315,group,88221,78851
direct_vs_group_psychosomatic,bestellt,5,5,10,0.0567,0.0634,-0.0067,-0.162,0.0315,group,88221,78851
direct_vs_group_psychosomatic,entfernt,5,5,10,0.0567,0.0634,-0.0067,-0.162,0.0315,group,88221,78851
direct_vs_group_psychosomatic,erfolgen,5,5,10,0.0567,0.0634,-0.0067,-0.162,0.0315,group,88221,78851
direct_vs_group_psychosomatic,fühlte,5,5,10,0.0567,0.0634,-0.0067,-0.162,0.0315,group,88221,78851
direct_vs_group_psychosomatic,kommende,5,5,10,0.0567,0.0634,-0.0067,-0.162,0.0315,group,88221,78851
direct_vs_group_psychosomatic,letztes,5,5,10,0.0567,0.0634,-0.0067,-0.162,0.0315,group,88221,78851
direct_vs_group_psychosomatic,spätestens,5,5,10,0.0567,0.0634,-0.0067,-0.162,0.0315,group,88221,78851
direct_vs_group_psychosomatic,stellen,5,5,10,0.0567,0.0634,-0.0067,-0.162,0.0315,group,88221,78851
direct_vs_group_psychosomatic,trinkt,5,5,10,0.0567,0.0634,-0.0067,-0.162,0.0315,group,88221,78851
direct_vs_group_psychosomatic,weit,5,5,10,0.0567,0.0634,-0.0067,-0.162,0.0315,group,88221,78851
direct_vs_group_psychosomatic,ersten,19,18,37,0.2154,0.2283,-0.0129,-0.086,0.0313,group,88221,78851
direct_vs_group_psychosomatic,sollen,19,16,35,0.2154,0.2029,0.0125,0.079,0.0309,direct,88221,78851
direct_vs_group_psychosomatic,bekommen,76,66,142,0.8615,0.837,0.0245,0.0401,0.0293,direct,88221,78851
direct_vs_group_psychosomatic,zwei,43,37,80,0.4874,0.4692,0.0182,0.0521,0.0287,direct,88221,78851
direct_vs_group_psychosomatic,Ab,5,4,9,0.0567,0.0507,0.0059,0.1275,0.0274,direct,88221,78851
direct_vs_group_psychosomatic,Aus,5,4,9,0.0567,0.0507,0.0059,0.1275,0.0274,direct,88221,78851
direct_vs_group_psychosomatic,Bewegungsdrang,5,4,9,0.0567,0.0507,0.0059,0.1275,0.0274,direct,88221,78851
direct_vs_group_psychosomatic,Genau,5,4,9,0.0567,0.0507,0.0059,0.1275,0.0274,direct,88221,78851
direct_vs_group_psychosomatic,Gespräche,5,4,9,0.0567,0.0507,0.0059,0.1275,0.0274,direct,88221,78851
direct_vs_group_psychosomatic,Ihre,5,4,9,0.0567,0.0507,0.0059,0.1275,0.0274,direct,88221,78851
direct_vs_group_psychosomatic,OÄV,5,4,9,0.0567,0.0507,0.0059,0.1275,0.0274,direct,88221,78851
direct_vs_group_psychosomatic,Start,5,4,9,0.0567,0.0507,0.0059,0.1275,0.0274,direct,88221,78851
direct_vs_group_psychosomatic,ausgesprochen,5,4,9,0.0567,0.0507,0.0059,0.1275,0.0274,direct,88221,78851
direct_vs_group_psychosomatic,beachten,5,4,9,0.0567,0.0507,0.0059,0.1275,0.0274,direct,88221,78851
direct_vs_group_psychosomatic,beantworten,5,4,9,0.0567,0.0507,0.0059,0.1275,0.0274,direct,88221,78851
direct_vs_group_psychosomatic,beendet,5,4,9,0.0567,0.0507,0.0059,0.1275,0.0274,direct,88221,78851
direct_vs_group_psychosomatic,einscannen,5,4,9,0.0567,0.0507,0.0059,0.1275,0.0274,direct,88221,78851
direct_vs_group_psychosomatic,erhöhen,5,4,9,0.0567,0.0507,0.0059,0.1275,0.0274,direct,88221,78851
direct_vs_group_psychosomatic,kenne,5,4,9,0.0567,0.0507,0.0059,0.1275,0.0274,direct,88221,78851
direct_vs_group_psychosomatic,richtige,5,4,9,0.0567,0.0507,0.0059,0.1275,0.0274,direct,88221,78851
direct_vs_group_psychosomatic,rückläufig,5,4,9,0.0567,0.0507,0.0059,0.1275,0.0274,direct,88221,78851
direct_vs_group_psychosomatic,sitzen,5,4,9,0.0567,0.0507,0.0059,0.1275,0.0274,direct,88221,78851
direct_vs_group_psychosomatic,sprach,5,4,9,0.0567,0.0507,0.0059,0.1275,0.0274,direct,88221,78851
direct_vs_group_psychosomatic,tel,5,4,9,0.0567,0.0507,0.0059,0.1275,0.0274,direct,88221,78851
direct_vs_group_psychosomatic,voraussichtlich,5,4,9,0.0567,0.0507,0.0059,0.1275,0.0274,direct,88221,78851
direct_vs_group_psychosomatic,dafür,30,28,58,0.3401,0.3551,-0.015,-0.0641,0.0271,group,88221,78851
direct_vs_group_psychosomatic,11Uhr,4,4,8,0.0453,0.0507,-0.0054,-0.162,0.0252,group,88221,78851
direct_vs_group_psychosomatic,An,4,4,8,0.0453,0.0507,-0.0054,-0.162,0.0252,group,88221,78851
direct_vs_group_psychosomatic,Familiengespräch,4,4,8,0.0453,0.0507,-0.0054,-0.162,0.0252,group,88221,78851
direct_vs_group_psychosomatic,KHK,4,4,8,0.0453,0.0507,-0.0054,-0.162,0.0252,group,88221,78851
direct_vs_group_psychosomatic,Pausierung,4,4,8,0.0453,0.0507,-0.0054,-0.162,0.0252,group,88221,78851
direct_vs_group_psychosomatic,Psychosomatik,4,4,8,0.0453,0.0507,-0.0054,-0.162,0.0252,group,88221,78851
direct_vs_group_psychosomatic,Rente,4,4,8,0.0453,0.0507,-0.0054,-0.162,0.0252,group,88221,78851
direct_vs_group_psychosomatic,Schlafapnoe,4,4,8,0.0453,0.0507,-0.0054,-0.162,0.0252,group,88221,78851
direct_vs_group_psychosomatic,Sprechstörung,4,4,8,0.0453,0.0507,-0.0054,-0.162,0.0252,group,88221,78851
direct_vs_group_psychosomatic,Stat,4,4,8,0.0453,0.0507,-0.0054,-0.162,0.0252,group,88221,78851
direct_vs_group_psychosomatic,Urlaubsvertretung,4,4,8,0.0453,0.0507,-0.0054,-0.162,0.0252,group,88221,78851
direct_vs_group_psychosomatic,Warum,4,4,8,0.0453,0.0507,-0.0054,-0.162,0.0252,group,88221,78851
direct_vs_group_psychosomatic,Weiterhin,4,4,8,0.0453,0.0507,-0.0054,-0.162,0.0252,group,88221,78851
direct_vs_group_psychosomatic,ausgemacht,4,4,8,0.0453,0.0507,-0.0054,-0.162,0.0252,group,88221,78851
direct_vs_group_psychosomatic,bislang,4,4,8,0.0453,0.0507,-0.0054,-0.162,0.0252,group,88221,78851
direct_vs_group_psychosomatic,doppelt,4,4,8,0.0453,0.0507,-0.0054,-0.162,0.0252,group,88221,78851
direct_vs_group_psychosomatic,drum,4,4,8,0.0453,0.0507,-0.0054,-0.162,0.0252,group,88221,78851
direct_vs_group_psychosomatic,erstellen,4,4,8,0.0453,0.0507,-0.0054,-0.162,0.0252,group,88221,78851
direct_vs_group_psychosomatic,gewogen,4,4,8,0.0453,0.0507,-0.0054,-0.162,0.0252,group,88221,78851
direct_vs_group_psychosomatic,gleichzeitig,4,4,8,0.0453,0.0507,-0.0054,-0.162,0.0252,group,88221,78851
direct_vs_group_psychosomatic,mitteilen,4,4,8,0.0453,0.0507,-0.0054,-0.162,0.0252,group,88221,78851
direct_vs_group_psychosomatic,psycho,4,4,8,0.0453,0.0507,-0.0054,-0.162,0.0252,group,88221,78851
direct_vs_group_psychosomatic,schriftlich,4,4,8,0.0453,0.0507,-0.0054,-0.162,0.0252,group,88221,78851
direct_vs_group_psychosomatic,schwierige,4,4,8,0.0453,0.0507,-0.0054,-0.162,0.0252,group,88221,78851
direct_vs_group_psychosomatic,sitzt,4,4,8,0.0453,0.0507,-0.0054,-0.162,0.0252,group,88221,78851
direct_vs_group_psychosomatic,sozialer,4,4,8,0.0453,0.0507,-0.0054,-0.162,0.0252,group,88221,78851
direct_vs_group_psychosomatic,stationär,4,4,8,0.0453,0.0507,-0.0054,-0.162,0.0252,group,88221,78851
direct_vs_group_psychosomatic,wartet,4,4,8,0.0453,0.0507,-0.0054,-0.162,0.0252,group,88221,78851
direct_vs_group_psychosomatic,Agoraphobie,3,3,6,0.034,0.038,-0.004,-0.162,0.0189,group,88221,78851
direct_vs_group_psychosomatic,Beide,3,3,6,0.034,0.038,-0.004,-0.162,0.0189,group,88221,78851
direct_vs_group_psychosomatic,Bezugstherapeutin,3,3,6,0.034,0.038,-0.004,-0.162,0.0189,group,88221,78851
direct_vs_group_psychosomatic,Dyspnoe,3,3,6,0.034,0.038,-0.004,-0.162,0.0189,group,88221,78851
direct_vs_group_psychosomatic,Gehen,3,3,6,0.034,0.038,-0.004,-0.162,0.0189,group,88221,78851
direct_vs_group_psychosomatic,Gruppenraum,3,3,6,0.034,0.038,-0.004,-0.162,0.0189,group,88221,78851
direct_vs_group_psychosomatic,HSA,3,3,6,0.034,0.038,-0.004,-0.162,0.0189,group,88221,78851
direct_vs_group_psychosomatic,Hydromorphon,3,3,6,0.034,0.038,-0.004,-0.162,0.0189,group,88221,78851
direct_vs_group_psychosomatic,Hyponatriämie,3,3,6,0.034,0.038,-0.004,-0.162,0.0189,group,88221,78851
direct_vs_group_psychosomatic,Medis,3,3,6,0.034,0.038,-0.004,-0.162,0.0189,group,88221,78851
direct_vs_group_psychosomatic,Pad,3,3,6,0.034,0.038,-0.004,-0.162,0.0189,group,88221,78851
direct_vs_group_psychosomatic,Seiten,3,3,6,0.034,0.038,-0.004,-0.162,0.0189,group,88221,78851
direct_vs_group_psychosomatic,Somatisierungsstörung,3,3,6,0.034,0.038,-0.004,-0.162,0.0189,group,88221,78851
direct_vs_group_psychosomatic,Suizid,3,3,6,0.034,0.038,-0.004,-0.162,0.0189,group,88221,78851
direct_vs_group_psychosomatic,Suizidaufforderungen,3,3,6,0.034,0.038,-0.004,-0.162,0.0189,group,88221,78851
direct_vs_group_psychosomatic,Sätze,3,3,6,0.034,0.038,-0.004,-0.162,0.0189,group,88221,78851
direct_vs_group_psychosomatic,Verlaufsdoku,3,3,6,0.034,0.038,-0.004,-0.162,0.0189,group,88221,78851
direct_vs_group_psychosomatic,abgeklärt,3,3,6,0.034,0.038,-0.004,-0.162,0.0189,group,88221,78851
direct_vs_group_psychosomatic,ausdrucken,3,3,6,0.034,0.038,-0.004,-0.162,0.0189,group,88221,78851
direct_vs_group_psychosomatic,bezugstherapeutisch,3,3,6,0.034,0.038,-0.004,-0.162,0.0189,group,88221,78851
direct_vs_group_psychosomatic,dauerhaft,3,3,6,0.034,0.038,-0.004,-0.162,0.0189,group,88221,78851
direct_vs_group_psychosomatic,dienstag,3,3,6,0.034,0.038,-0.004,-0.162,0.0189,group,88221,78851
direct_vs_group_psychosomatic,ernst,3,3,6,0.034,0.038,-0.004,-0.162,0.0189,group,88221,78851
direct_vs_group_psychosomatic,fahren,3,3,6,0.034,0.038,-0.004,-0.162,0.0189,group,88221,78851
direct_vs_group_psychosomatic,falschen,3,3,6,0.034,0.038,-0.004,-0.162,0.0189,group,88221,78851
direct_vs_group_psychosomatic,freundlich,3,3,6,0.034,0.038,-0.004,-0.162,0.0189,group,88221,78851
direct_vs_group_psychosomatic,fühlen,3,3,6,0.034,0.038,-0.004,-0.162,0.0189,group,88221,78851
direct_vs_group_psychosomatic,geblieben,3,3,6,0.034,0.038,-0.004,-0.162,0.0189,group,88221,78851
direct_vs_group_psychosomatic,gehalten,3,3,6,0.034,0.038,-0.004,-0.162,0.0189,group,88221,78851
direct_vs_group_psychosomatic,gelöscht,3,3,6,0.034,0.038,-0.004,-0.162,0.0189,group,88221,78851
direct_vs_group_psychosomatic,getroffen,3,3,6,0.034,0.038,-0.004,-0.162,0.0189,group,88221,78851
direct_vs_group_psychosomatic,kognitive,3,3,6,0.034,0.038,-0.004,-0.162,0.0189,group,88221,78851
direct_vs_group_psychosomatic,kurzes,3,3,6,0.034,0.038,-0.004,-0.162,0.0189,group,88221,78851
direct_vs_group_psychosomatic,könntet,3,3,6,0.034,0.038,-0.004,-0.162,0.0189,group,88221,78851
direct_vs_group_psychosomatic,mittag,3,3,6,0.034,0.038,-0.004,-0.162,0.0189,group,88221,78851
direct_vs_group_psychosomatic,nachhaken,3,3,6,0.034,0.038,-0.004,-0.162,0.0189,group,88221,78851
direct_vs_group_psychosomatic,neg,3,3,6,0.034,0.038,-0.004,-0.162,0.0189,group,88221,78851
direct_vs_group_psychosomatic,niemanden,3,3,6,0.034,0.038,-0.004,-0.162,0.0189,group,88221,78851
direct_vs_group_psychosomatic,normalen,3,3,6,0.034,0.038,-0.004,-0.162,0.0189,group,88221,78851
direct_vs_group_psychosomatic,nutzt,3,3,6,0.034,0.038,-0.004,-0.162,0.0189,group,88221,78851
direct_vs_group_psychosomatic,symptomatisch,3,3,6,0.034,0.038,-0.004,-0.162,0.0189,group,88221,78851
direct_vs_group_psychosomatic,versteht,3,3,6,0.034,0.038,-0.004,-0.162,0.0189,group,88221,78851
direct_vs_group_psychosomatic,weitergeben,3,3,6,0.034,0.038,-0.004,-0.162,0.0189,group,88221,78851
direct_vs_group_psychosomatic,ärztlichen,3,3,6,0.034,0.038,-0.004,-0.162,0.0189,group,88221,78851
direct_vs_group_psychosomatic,gebeten,13,11,24,0.1474,0.1395,0.0079,0.0693,0.0179,direct,88221,78851
direct_vs_group_psychosomatic,eher,46,40,86,0.5214,0.5073,0.0141,0.0373,0.0162,direct,88221,78851
direct_vs_group_psychosomatic,weil,89,78,167,1.0088,0.9892,0.0196,0.0272,0.016,direct,88221,78851
direct_vs_group_psychosomatic,Reduktion,15,14,29,0.17,0.1776,-0.0075,-0.0658,0.0136,group,88221,78851
direct_vs_group_psychosomatic,Blut,6,5,11,0.068,0.0634,0.0046,0.079,0.0134,direct,88221,78851
direct_vs_group_psychosomatic,Lehrküche,6,5,11,0.068,0.0634,0.0046,0.079,0.0134,direct,88221,78851
direct_vs_group_psychosomatic,Richtung,6,5,11,0.068,0.0634,0.0046,0.079,0.0134,direct,88221,78851
direct_vs_group_psychosomatic,alten,6,5,11,0.068,0.0634,0.0046,0.079,0.0134,direct,88221,78851
direct_vs_group_psychosomatic,berichten,6,5,11,0.068,0.0634,0.0046,0.079,0.0134,direct,88221,78851
direct_vs_group_psychosomatic,beschrieben,6,5,11,0.068,0.0634,0.0046,0.079,0.0134,direct,88221,78851
direct_vs_group_psychosomatic,genauer,6,5,11,0.068,0.0634,0.0046,0.079,0.0134,direct,88221,78851
direct_vs_group_psychosomatic,geworden,6,5,11,0.068,0.0634,0.0046,0.079,0.0134,direct,88221,78851
direct_vs_group_psychosomatic,leichter,6,5,11,0.068,0.0634,0.0046,0.079,0.0134,direct,88221,78851
direct_vs_group_psychosomatic,mittags,6,5,11,0.068,0.0634,0.0046,0.079,0.0134,direct,88221,78851
direct_vs_group_psychosomatic,motivieren,6,5,11,0.068,0.0634,0.0046,0.079,0.0134,direct,88221,78851
direct_vs_group_psychosomatic,umgesetzt,6,5,11,0.068,0.0634,0.0046,0.079,0.0134,direct,88221,78851
direct_vs_group_psychosomatic,welches,6,5,11,0.068,0.0634,0.0046,0.079,0.0134,direct,88221,78851
direct_vs_group_psychosomatic,24h,2,2,4,0.0227,0.0254,-0.0027,-0.162,0.0126,group,88221,78851
direct_vs_group_psychosomatic,Auffälligkeiten,2,2,4,0.0227,0.0254,-0.0027,-0.162,0.0126,group,88221,78851
direct_vs_group_psychosomatic,Besten,2,2,4,0.0227,0.0254,-0.0027,-0.162,0.0126,group,88221,78851
direct_vs_group_psychosomatic,Bestätigung,2,2,4,0.0227,0.0254,-0.0027,-0.162,0.0126,group,88221,78851
direct_vs_group_psychosomatic,Buch,2,2,4,0.0227,0.0254,-0.0027,-0.162,0.0126,group,88221,78851
direct_vs_group_psychosomatic,Chron,2,2,4,0.0227,0.0254,-0.0027,-0.162,0.0126,group,88221,78851
direct_vs_group_psychosomatic,Date,2,2,4,0.0227,0.0254,-0.0027,-0.162,0.0126,group,88221,78851
direct_vs_group_psychosomatic,Dazu,2,2,4,0.0227,0.0254,-0.0027,-0.162,0.0126,group,88221,78851
direct_vs_group_psychosomatic,Deswegen,2,2,4,0.0227,0.0254,-0.0027,-0.162,0.0126,group,88221,78851
direct_vs_group_psychosomatic,Dokument,2,2,4,0.0227,0.0254,-0.0027,-0.162,0.0126,group,88221,78851
direct_vs_group_psychosomatic,Einstellung,2,2,4,0.0227,0.0254,-0.0027,-0.162,0.0126,group,88221,78851
direct_vs_group_psychosomatic,Entzug,2,2,4,0.0227,0.0254,-0.0027,-0.162,0.0126,group,88221,78851
direct_vs_group_psychosomatic,Fl,2,2,4,0.0227,0.0254,-0.0027,-0.162,0.0126,group,88221,78851
direct_vs_group_psychosomatic,Freue,2,2,4,0.0227,0.0254,-0.0027,-0.162,0.0126,group,88221,78851
direct_vs_group_psychosomatic,Füße,2,2,4,0.0227,0.0254,-0.0027,-0.162,0.0126,group,88221,78851
direct_vs_group_psychosomatic,Gegen,2,2,4,0.0227,0.0254,-0.0027,-0.162,0.0126,group,88221,78851
direct_vs_group_psychosomatic,Gerade,2,2,4,0.0227,0.0254,-0.0027,-0.162,0.0126,group,88221,78851
direct_vs_group_psychosomatic,Gewichtsverlust,2,2,4,0.0227,0.0254,-0.0027,-0.162,0.0126,group,88221,78851
direct_vs_group_psychosomatic,Hyponaträmie,2,2,4,0.0227,0.0254,-0.0027,-0.162,0.0126,group,88221,78851
direct_vs_group_psychosomatic,Häusliche,2,2,4,0.0227,0.0254,-0.0027,-0.162,0.0126,group,88221,78851
direct_vs_group_psychosomatic,Inhalation,2,2,4,0.0227,0.0254,-0.0027,-0.162,0.0126,group,88221,78851
direct_vs_group_psychosomatic,Irgendwie,2,2,4,0.0227,0.0254,-0.0027,-0.162,0.0126,group,88221,78851
direct_vs_group_psychosomatic,Klinkstandort,2,2,4,0.0227,0.0254,-0.0027,-0.162,0.0126,group,88221,78851
direct_vs_group_psychosomatic,Korrelat,2,2,4,0.0227,0.0254,-0.0027,-0.162,0.0126,group,88221,78851
direct_vs_group_psychosomatic,Mindestzunahme,2,2,4,0.0227,0.0254,-0.0027,-0.162,0.0126,group,88221,78851
direct_vs_group_psychosomatic,Nachsalzen,2,2,4,0.0227,0.0254,-0.0027,-0.162,0.0126,group,88221,78851
direct_vs_group_psychosomatic,Neurologen,2,2,4,0.0227,0.0254,-0.0027,-0.162,0.0126,group,88221,78851
direct_vs_group_psychosomatic,Office,2,2,4,0.0227,0.0254,-0.0027,-0.162,0.0126,group,88221,78851
direct_vs_group_psychosomatic,PC,2,2,4,0.0227,0.0254,-0.0027,-0.162,0.0126,group,88221,78851
direct_vs_group_psychosomatic,Pankreas,2,2,4,0.0227,0.0254,-0.0027,-0.162,0.0126,group,88221,78851
direct_vs_group_psychosomatic,Pantozol,2,2,4,0.0227,0.0254,-0.0027,-0.162,0.0126,group,88221,78851
direct_vs_group_psychosomatic,Retentionsparameter,2,2,4,0.0227,0.0254,-0.0027,-0.162,0.0126,group,88221,78851
direct_vs_group_psychosomatic,Rolle,2,2,4,0.0227,0.0254,-0.0027,-0.162,0.0126,group,88221,78851
direct_vs_group_psychosomatic,Rückhaltegründen,2,2,4,0.0227,0.0254,-0.0027,-0.162,0.0126,group,88221,78851
direct_vs_group_psychosomatic,Schmerzedukation,2,2,4,0.0227,0.0254,-0.0027,-0.162,0.0126,group,88221,78851
direct_vs_group_psychosomatic,Schönen,2,2,4,0.0227,0.0254,-0.0027,-0.162,0.0126,group,88221,78851
direct_vs_group_psychosomatic,Studienlage,2,2,4,0.0227,0.0254,-0.0027,-0.162,0.0126,group,88221,78851
direct_vs_group_psychosomatic,Stützstrümpfe,2,2,4,0.0227,0.0254,-0.0027,-0.162,0.0126,group,88221,78851
direct_vs_group_psychosomatic,Tür,2,2,4,0.0227,0.0254,-0.0027,-0.162,0.0126,group,88221,78851
direct_vs_group_psychosomatic,Usachen,2,2,4,0.0227,0.0254,-0.0027,-0.162,0.0126,group,88221,78851
direct_vs_group_psychosomatic,VPN,2,2,4,0.0227,0.0254,-0.0027,-0.162,0.0126,group,88221,78851
direct_vs_group_psychosomatic,Wartezeit,2,2,4,0.0227,0.0254,-0.0027,-0.162,0.0126,group,88221,78851
direct_vs_group_psychosomatic,Weiteres,2,2,4,0.0227,0.0254,-0.0027,-0.162,0.0126,group,88221,78851
direct_vs_group_psychosomatic,Wohngruppe,2,2,4,0.0227,0.0254,-0.0027,-0.162,0.0126,group,88221,78851
direct_vs_group_psychosomatic,Zimmerkonflikt,2,2,4,0.0227,0.0254,-0.0027,-0.162,0.0126,group,88221,78851
direct_vs_group_psychosomatic,Zusammenarbeit,2,2,4,0.0227,0.0254,-0.0027,-0.162,0.0126,group,88221,78851
direct_vs_group_psychosomatic,abgebrochen,2,2,4,0.0227,0.0254,-0.0027,-0.162,0.0126,group,88221,78851
direct_vs_group_psychosomatic,abgelehnt,2,2,4,0.0227,0.0254,-0.0027,-0.162,0.0126,group,88221,78851
direct_vs_group_psychosomatic,abgesagt,2,2,4,0.0227,0.0254,-0.0027,-0.162,0.0126,group,88221,78851
direct_vs_group_psychosomatic,anordnen,2,2,4,0.0227,0.0254,-0.0027,-0.162,0.0126,group,88221,78851
direct_vs_group_psychosomatic,anorektische,2,2,4,0.0227,0.0254,-0.0027,-0.162,0.0126,group,88221,78851
direct_vs_group_psychosomatic,anschließen,2,2,4,0.0227,0.0254,-0.0027,-0.162,0.0126,group,88221,78851
direct_vs_group_psychosomatic,anzupassen,2,2,4,0.0227,0.0254,-0.0027,-0.162,0.0126,group,88221,78851
direct_vs_group_psychosomatic,aufgelöst,2,2,4,0.0227,0.0254,-0.0027,-0.162,0.0126,group,88221,78851
direct_vs_group_psychosomatic,aufgeschlossen,2,2,4,0.0227,0.0254,-0.0027,-0.162,0.0126,group,88221,78851
direct_vs_group_psychosomatic,aufschreiben,2,2,4,0.0227,0.0254,-0.0027,-0.162,0.0126,group,88221,78851
direct_vs_group_psychosomatic,benutzen,2,2,4,0.0227,0.0254,-0.0027,-0.162,0.0126,group,88221,78851
direct_vs_group_psychosomatic,bezgl,2,2,4,0.0227,0.0254,-0.0027,-0.162,0.0126,group,88221,78851
direct_vs_group_psychosomatic,dadurch,2,2,4,0.0227,0.0254,-0.0027,-0.162,0.0126,group,88221,78851
direct_vs_group_psychosomatic,eCurve,2,2,4,0.0227,0.0254,-0.0027,-0.162,0.0126,group,88221,78851
direct_vs_group_psychosomatic,ehrlich,2,2,4,0.0227,0.0254,-0.0027,-0.162,0.0126,group,88221,78851
direct_vs_group_psychosomatic,einigermaßen,2,2,4,0.0227,0.0254,-0.0027,-0.162,0.0126,group,88221,78851
direct_vs_group_psychosomatic,entgegen,2,2,4,0.0227,0.0254,-0.0027,-0.162,0.0126,group,88221,78851
direct_vs_group_psychosomatic,ernährt,2,2,4,0.0227,0.0254,-0.0027,-0.162,0.0126,group,88221,78851
direct_vs_group_psychosomatic,ersichtlich,2,2,4,0.0227,0.0254,-0.0027,-0.162,0.0126,group,88221,78851
direct_vs_group_psychosomatic,folgen,2,2,4,0.0227,0.0254,-0.0027,-0.162,0.0126,group,88221,78851
direct_vs_group_psychosomatic,funktionieren,2,2,4,0.0227,0.0254,-0.0027,-0.162,0.0126,group,88221,78851
direct_vs_group_psychosomatic,gemerkt,2,2,4,0.0227,0.0254,-0.0027,-0.162,0.0126,group,88221,78851
direct_vs_group_psychosomatic,genauso,2,2,4,0.0227,0.0254,-0.0027,-0.162,0.0126,group,88221,78851
direct_vs_group_psychosomatic,geredet,2,2,4,0.0227,0.0254,-0.0027,-0.162,0.0126,group,88221,78851
direct_vs_group_psychosomatic,gesetzl,2,2,4,0.0227,0.0254,-0.0027,-0.162,0.0126,group,88221,78851
direct_vs_group_psychosomatic,gesunden,2,2,4,0.0227,0.0254,-0.0027,-0.162,0.0126,group,88221,78851
direct_vs_group_psychosomatic,gewechselt,2,2,4,0.0227,0.0254,-0.0027,-0.162,0.0126,group,88221,78851
direct_vs_group_psychosomatic,geweint,2,2,4,0.0227,0.0254,-0.0027,-0.162,0.0126,group,88221,78851
direct_vs_group_psychosomatic,halben,2,2,4,0.0227,0.0254,-0.0027,-0.162,0.0126,group,88221,78851
direct_vs_group_psychosomatic,hilfreiche,2,2,4,0.0227,0.0254,-0.0027,-0.162,0.0126,group,88221,78851
direct_vs_group_psychosomatic,holt,2,2,4,0.0227,0.0254,-0.0027,-0.162,0.0126,group,88221,78851
direct_vs_group_psychosomatic,hört,2,2,4,0.0227,0.0254,-0.0027,-0.162,0.0126,group,88221,78851
direct_vs_group_psychosomatic,irgendwelche,2,2,4,0.0227,0.0254,-0.0027,-0.162,0.0126,group,88221,78851
direct_vs_group_psychosomatic,jemandem,2,2,4,0.0227,0.0254,-0.0027,-0.162,0.0126,group,88221,78851
direct_vs_group_psychosomatic,k,2,2,4,0.0227,0.0254,-0.0027,-0.162,0.0126,group,88221,78851
direct_vs_group_psychosomatic,lag,2,2,4,0.0227,0.0254,-0.0027,-0.162,0.0126,group,88221,78851
direct_vs_group_psychosomatic,leidet,2,2,4,0.0227,0.0254,-0.0027,-0.162,0.0126,group,88221,78851
direct_vs_group_psychosomatic,lernen,2,2,4,0.0227,0.0254,-0.0027,-0.162,0.0126,group,88221,78851
direct_vs_group_psychosomatic,lief,2,2,4,0.0227,0.0254,-0.0027,-0.162,0.0126,group,88221,78851
direct_vs_group_psychosomatic,löse,2,2,4,0.0227,0.0254,-0.0027,-0.162,0.0126,group,88221,78851
direct_vs_group_psychosomatic,maximal,2,2,4,0.0227,0.0254,-0.0027,-0.162,0.0126,group,88221,78851
direct_vs_group_psychosomatic,meines,2,2,4,0.0227,0.0254,-0.0027,-0.162,0.0126,group,88221,78851
direct_vs_group_psychosomatic,ml,2,2,4,0.0227,0.0254,-0.0027,-0.162,0.0126,group,88221,78851
direct_vs_group_psychosomatic,notfalls,2,2,4,0.0227,0.0254,-0.0027,-0.162,0.0126,group,88221,78851
direct_vs_group_psychosomatic,nutze,2,2,4,0.0227,0.0254,-0.0027,-0.162,0.0126,group,88221,78851
direct_vs_group_psychosomatic,post,2,2,4,0.0227,0.0254,-0.0027,-0.162,0.0126,group,88221,78851
direct_vs_group_psychosomatic,produktiv,2,2,4,0.0227,0.0254,-0.0027,-0.162,0.0126,group,88221,78851
direct_vs_group_psychosomatic,rekrutieren,2,2,4,0.0227,0.0254,-0.0027,-0.162,0.0126,group,88221,78851
direct_vs_group_psychosomatic,rückgemeldet,2,2,4,0.0227,0.0254,-0.0027,-0.162,0.0126,group,88221,78851
direct_vs_group_psychosomatic,rückmelden,2,2,4,0.0227,0.0254,-0.0027,-0.162,0.0126,group,88221,78851
direct_vs_group_psychosomatic,sekundären,2,2,4,0.0227,0.0254,-0.0027,-0.162,0.0126,group,88221,78851
direct_vs_group_psychosomatic,selbstständig,2,2,4,0.0227,0.0254,-0.0027,-0.162,0.0126,group,88221,78851
direct_vs_group_psychosomatic,selbständig,2,2,4,0.0227,0.0254,-0.0027,-0.162,0.0126,group,88221,78851
direct_vs_group_psychosomatic,skeptisch,2,2,4,0.0227,0.0254,-0.0027,-0.162,0.0126,group,88221,78851
direct_vs_group_psychosomatic,speziell,2,2,4,0.0227,0.0254,-0.0027,-0.162,0.0126,group,88221,78851
direct_vs_group_psychosomatic,starkes,2,2,4,0.0227,0.0254,-0.0027,-0.162,0.0126,group,88221,78851
direct_vs_group_psychosomatic,stattgegeben,2,2,4,0.0227,0.0254,-0.0027,-0.162,0.0126,group,88221,78851
direct_vs_group_psychosomatic,ständig,2,2,4,0.0227,0.0254,-0.0027,-0.162,0.0126,group,88221,78851
direct_vs_group_psychosomatic,tägliche,2,2,4,0.0227,0.0254,-0.0027,-0.162,0.0126,group,88221,78851
direct_vs_group_psychosomatic,und/oder,2,2,4,0.0227,0.0254,-0.0027,-0.162,0.0126,group,88221,78851
direct_vs_group_psychosomatic,verfolgt,2,2,4,0.0227,0.0254,-0.0027,-0.162,0.0126,group,88221,78851
direct_vs_group_psychosomatic,verlauf,2,2,4,0.0227,0.0254,-0.0027,-0.162,0.0126,group,88221,78851
direct_vs_group_psychosomatic,vermehrte,2,2,4,0.0227,0.0254,-0.0027,-0.162,0.0126,group,88221,78851
direct_vs_group_psychosomatic,vermuten,2,2,4,0.0227,0.0254,-0.0027,-0.162,0.0126,group,88221,78851
direct_vs_group_psychosomatic,verschriftlicht,2,2,4,0.0227,0.0254,-0.0027,-0.162,0.0126,group,88221,78851
direct_vs_group_psychosomatic,verwirrt,2,2,4,0.0227,0.0254,-0.0027,-0.162,0.0126,group,88221,78851
direct_vs_group_psychosomatic,vier,2,2,4,0.0227,0.0254,-0.0027,-0.162,0.0126,group,88221,78851
direct_vs_group_psychosomatic,vorkommen,2,2,4,0.0227,0.0254,-0.0027,-0.162,0.0126,group,88221,78851
direct_vs_group_psychosomatic,vorliegen,2,2,4,0.0227,0.0254,-0.0027,-0.162,0.0126,group,88221,78851
direct_vs_group_psychosomatic,wechseln,2,2,4,0.0227,0.0254,-0.0027,-0.162,0.0126,group,88221,78851
direct_vs_group_psychosomatic,weitergeht,2,2,4,0.0227,0.0254,-0.0027,-0.162,0.0126,group,88221,78851
direct_vs_group_psychosomatic,weiterleiten,2,2,4,0.0227,0.0254,-0.0027,-0.162,0.0126,group,88221,78851
direct_vs_group_psychosomatic,wenigstens,2,2,4,0.0227,0.0254,-0.0027,-0.162,0.0126,group,88221,78851
direct_vs_group_psychosomatic,wiederkommen,2,2,4,0.0227,0.0254,-0.0027,-0.162,0.0126,group,88221,78851
direct_vs_group_psychosomatic,wieso,2,2,4,0.0227,0.0254,-0.0027,-0.162,0.0126,group,88221,78851
direct_vs_group_psychosomatic,wofür,2,2,4,0.0227,0.0254,-0.0027,-0.162,0.0126,group,88221,78851
direct_vs_group_psychosomatic,wundert,2,2,4,0.0227,0.0254,-0.0027,-0.162,0.0126,group,88221,78851
direct_vs_group_psychosomatic,wünschen,2,2,4,0.0227,0.0254,-0.0027,-0.162,0.0126,group,88221,78851
direct_vs_group_psychosomatic,ähnlich,2,2,4,0.0227,0.0254,-0.0027,-0.162,0.0126,group,88221,78851
direct_vs_group_psychosomatic,ähnliche,2,2,4,0.0227,0.0254,-0.0027,-0.162,0.0126,group,88221,78851
direct_vs_group_psychosomatic,Sonst,22,19,41,0.2494,0.241,0.0084,0.0445,0.012,direct,88221,78851
direct_vs_group_psychosomatic,läuft,14,12,26,0.1587,0.1522,0.0065,0.0521,0.0113,direct,88221,78851
direct_vs_group_psychosomatic,Aktuell,14,13,27,0.1587,0.1649,-0.0062,-0.0589,0.0098,group,88221,78851
direct_vs_group_psychosomatic,liegt,23,20,43,0.2607,0.2536,0.0071,0.035,0.0081,direct,88221,78851
direct_vs_group_psychosomatic,anmelden,15,13,28,0.17,0.1649,0.0052,0.0373,0.0066,direct,88221,78851
direct_vs_group_psychosomatic,hoch,13,12,25,0.1474,0.1522,-0.0048,-0.051,0.0065,group,88221,78851
direct_vs_group_psychosomatic,Sollte,7,6,13,0.0793,0.0761,0.0033,0.0445,0.0057,direct,88221,78851
direct_vs_group_psychosomatic,Stress,7,6,13,0.0793,0.0761,0.0033,0.0445,0.0057,direct,88221,78851
direct_vs_group_psychosomatic,besonders,7,6,13,0.0793,0.0761,0.0033,0.0445,0.0057,direct,88221,78851
direct_vs_group_psychosomatic,holen,7,6,13,0.0793,0.0761,0.0033,0.0445,0.0057,direct,88221,78851
direct_vs_group_psychosomatic,konkrete,7,6,13,0.0793,0.0761,0.0033,0.0445,0.0057,direct,88221,78851
direct_vs_group_psychosomatic,körperlichen,7,6,13,0.0793,0.0761,0.0033,0.0445,0.0057,direct,88221,78851
direct_vs_group_psychosomatic,spontan,7,6,13,0.0793,0.0761,0.0033,0.0445,0.0057,direct,88221,78851
direct_vs_group_psychosomatic,zwar,7,6,13,0.0793,0.0761,0.0033,0.0445,0.0057,direct,88221,78851
direct_vs_group_psychosomatic,gegeben,24,21,45,0.272,0.2663,0.0057,0.0265,0.0051,direct,88221,78851
direct_vs_group_psychosomatic,Team,73,66,139,0.8275,0.837,-0.0096,-0.0176,0.0046,group,88221,78851
direct_vs_group_psychosomatic,abgesetzt,12,11,23,0.136,0.1395,-0.0035,-0.0417,0.0037,group,88221,78851
direct_vs_group_psychosomatic,angesprochen,16,14,30,0.1814,0.1776,0.0038,0.0244,0.0034,direct,88221,78851
direct_vs_group_psychosomatic,recht,16,14,30,0.1814,0.1776,0.0038,0.0244,0.0034,direct,88221,78851
direct_vs_group_psychosomatic,daher,52,47,99,0.5894,0.5961,-0.0066,-0.0176,0.0031,group,88221,78851
direct_vs_group_psychosomatic,Kollegen,8,7,15,0.0907,0.0888,0.0019,0.0186,0.0017,direct,88221,78851
direct_vs_group_psychosomatic,Min,8,7,15,0.0907,0.0888,0.0019,0.0186,0.0017,direct,88221,78851
direct_vs_group_psychosomatic,Platz,8,7,15,0.0907,0.0888,0.0019,0.0186,0.0017,direct,88221,78851
direct_vs_group_psychosomatic,liegen,8,7,15,0.0907,0.0888,0.0019,0.0186,0.0017,direct,88221,78851
direct_vs_group_psychosomatic,Handy,11,10,21,0.1247,0.1268,-0.0021,-0.0307,0.0015,group,88221,78851
direct_vs_group_psychosomatic,je,11,10,21,0.1247,0.1268,-0.0021,-0.0307,0.0015,group,88221,78851
direct_vs_group_psychosomatic,weiteren,11,10,21,0.1247,0.1268,-0.0021,-0.0307,0.0015,group,88221,78851
direct_vs_group_psychosomatic,vorstellen,21,19,40,0.238,0.241,-0.0029,-0.0211,0.0015,group,88221,78851
direct_vs_group_psychosomatic,wird,144,129,273,1.6323,1.636,-0.0037,-0.0039,0.0004,group,88221,78851
direct_vs_group_psychosomatic,OA,18,16,34,0.204,0.2029,0.0011,0.0031,0.0003,direct,88221,78851
direct_vs_group_psychosomatic,teilnehmen,18,16,34,0.204,0.2029,0.0011,0.0031,0.0003,direct,88221,78851
direct_vs_group_psychosomatic,100,10,9,19,0.1134,0.1141,-0.0008,-0.0176,0.0002,group,88221,78851
direct_vs_group_psychosomatic,bräuchte,10,9,19,0.1134,0.1141,-0.0008,-0.0176,0.0002,group,88221,78851
direct_vs_group_psychosomatic,i,10,9,19,0.1134,0.1141,-0.0008,-0.0176,0.0002,group,88221,78851
direct_vs_group_psychosomatic,nutzen,10,9,19,0.1134,0.1141,-0.0008,-0.0176,0.0002,group,88221,78851
direct_vs_group_psychosomatic,Hier,29,26,55,0.3287,0.3297,-0.001,-0.0073,0.0001,group,88221,78851
direct_vs_group_psychosomatic,empfohlen,9,8,17,0.102,0.1015,0.0006,-0.0015,0.0001,group,88221,78851
direct_vs_group_psychosomatic,zuständig,9,8,17,0.102,0.1015,0.0006,-0.0015,0.0001,group,88221,78851
direct_vs_group_psychosomatic,bleibt,19,17,36,0.2154,0.2156,-0.0002,-0.0059,0.0,group,88221,78851
direct_vs_group_psychosomatic,klären,19,17,36,0.2154,0.2156,-0.0002,-0.0059,0.0,group,88221,78851
