comparison,item,direct_count,group_count,combined_count,direct_per_1000_tokens,group_per_1000_tokens,difference_direct_minus_group_per_1000,log_ratio_direct_vs_group,log_likelihood_g2,dominant_modality,direct_tokens_denominator,group_tokens_denominator
direct_vs_group_full,Hashtag_PatName,697,3270,3967,7.9006,36.2138,-28.3132,-2.1957,1752.3223,group,88221,90297
direct_vs_group_full,kein_Todo,11,651,662,0.1247,7.2095,-7.0849,-5.7905,790.9722,group,88221,90297
direct_vs_group_full,du,931,129,1060,10.553,1.4286,9.1244,2.8802,703.2444,direct,88221,90297
direct_vs_group_full,ich,1768,715,2483,20.0406,7.9183,12.1223,1.3391,485.8409,direct,88221,90297
direct_vs_group_full,Mention_KolName,86,606,692,0.9748,6.7112,-5.7364,-2.7762,427.8138,group,88221,90297
direct_vs_group_full,QuestionMark,1522,635,2157,17.2521,7.0323,10.2198,1.294,396.72,direct,88221,90297
direct_vs_group_full,dir,308,38,346,3.4912,0.4208,3.0704,3.0359,246.447,direct,88221,90297
direct_vs_group_full,anwesend,6,181,187,0.068,2.0045,-1.9365,-4.7698,202.1144,group,88221,90297
direct_vs_group_full,Gruppe,98,399,497,1.1108,4.4188,-3.3079,-1.9864,188.5608,group,88221,90297
direct_vs_group_full,PatName,1167,635,1802,13.2281,7.0323,6.1958,0.911,172.0437,direct,88221,90297
direct_vs_group_full,Du,272,51,323,3.0832,0.5648,2.5184,2.4372,171.1962,direct,88221,90297
direct_vs_group_full,sich,297,716,1013,3.3665,7.9294,-4.5628,-1.2345,169.014,group,88221,90297
direct_vs_group_full,ja,463,160,623,5.2482,1.7719,3.4763,1.5636,160.9391,direct,88221,90297
direct_vs_group_full,Rückmeldung,29,215,244,0.3287,2.381,-2.0523,-2.8353,156.022,group,88221,90297
direct_vs_group_full,hast,178,20,198,2.0177,0.2215,1.7962,3.1558,148.5785,direct,88221,90297
direct_vs_group_full,Datum,223,568,791,2.5277,6.2904,-3.7626,-1.3133,147.7325,group,88221,90297
direct_vs_group_full,Hi,144,10,154,1.6323,0.1107,1.5215,3.8162,142.6034,direct,88221,90297
direct_vs_group_full,KolName,1333,825,2158,15.1098,9.1365,5.9733,0.7254,132.822,direct,88221,90297
direct_vs_group_full,MT,0,96,96,0.0,1.0632,-1.0632,-7.5589,130.8644,group,88221,90297
direct_vs_group_full,ok,227,50,277,2.5731,0.5537,2.0194,2.2051,126.5818,direct,88221,90297
direct_vs_group_full,WE,6,121,127,0.068,1.34,-1.272,-4.1908,125.0607,group,88221,90297
direct_vs_group_full,mal,381,139,520,4.3187,1.5394,2.7793,1.485,122.787,direct,88221,90297
direct_vs_group_full,Thema,38,196,234,0.4307,2.1706,-1.7399,-2.318,113.1368,group,88221,90297
direct_vs_group_full,noch,880,511,1391,9.9749,5.6591,4.3158,0.8171,107.8396,direct,88221,90297
direct_vs_group_full,waren,37,188,225,0.4194,2.082,-1.6626,-2.296,107.2994,group,88221,90297
direct_vs_group_full,danke,193,45,238,2.1877,0.4984,1.6893,2.122,102.6098,direct,88221,90297
direct_vs_group_full,dich,125,15,140,1.4169,0.1661,1.2508,3.0509,101.3187,direct,88221,90297
direct_vs_group_full,wir,554,278,832,6.2797,3.0787,3.201,1.0271,99.8476,direct,88221,90297
direct_vs_group_full,Ausgang,7,104,111,0.0793,1.1518,-1.0724,-3.7669,99.3979,group,88221,90297
direct_vs_group_full,das,1007,641,1648,11.4145,7.0988,4.3157,0.6848,90.7015,direct,88221,90297
direct_vs_group_full,Ich,548,286,834,6.2117,3.1673,3.0443,0.9705,89.9239,direct,88221,90297
direct_vs_group_full,schon,400,182,582,4.5341,2.0156,2.5185,1.1675,88.831,direct,88221,90297
direct_vs_group_full,Hey,72,2,74,0.8161,0.0221,0.794,4.8915,85.8348,direct,88221,90297
direct_vs_group_full,Mention_All,0,62,62,0.0,0.6866,-0.6866,-6.9322,84.5166,group,88221,90297
direct_vs_group_full,mir,315,132,447,3.5706,1.4618,2.1087,1.2852,81.4836,direct,88221,90297
direct_vs_group_full,Klinik,47,179,226,0.5328,1.9823,-1.4496,-1.8844,79.179,group,88221,90297
direct_vs_group_full,BE,17,113,130,0.1927,1.2514,-1.0587,-2.6637,77.1629,group,88221,90297
direct_vs_group_full,Hallo,215,73,288,2.4371,0.8084,1.6286,1.5854,76.5107,direct,88221,90297
direct_vs_group_full,Brief,168,47,215,1.9043,0.5205,1.3838,1.8603,75.0881,direct,88221,90297
direct_vs_group_full,n,5,77,82,0.0567,0.8527,-0.7961,-3.7831,74.351,group,88221,90297
direct_vs_group_full,bist,80,7,87,0.9068,0.0775,0.8293,3.4576,73.6163,direct,88221,90297
direct_vs_group_full,kannst,135,31,166,1.5302,0.3433,1.1869,2.1384,72.7177,direct,88221,90297
direct_vs_group_full,so,301,132,433,3.4119,1.4618,1.95,1.2197,71.736,direct,88221,90297
direct_vs_group_full,eben,79,8,87,0.8955,0.0886,0.8069,3.259,68.8466,direct,88221,90297
direct_vs_group_full,KT,4,69,73,0.0453,0.7641,-0.7188,-3.9155,68.6875,group,88221,90297
direct_vs_group_full,konnte,37,144,181,0.4194,1.5947,-1.1753,-1.9126,65.1133,group,88221,90297
direct_vs_group_full,Übergabe,67,198,265,0.7595,2.1928,-1.4333,-1.5226,64.6826,group,88221,90297
direct_vs_group_full,Themen,7,75,82,0.0793,0.8306,-0.7512,-3.298,64.2696,group,88221,90297
direct_vs_group_full,GT,23,113,136,0.2607,1.2514,-0.9907,-2.2384,62.8413,group,88221,90297
direct_vs_group_full,gerade,193,70,263,2.1877,0.7752,1.4125,1.4902,62.7266,direct,88221,90297
direct_vs_group_full,mich,271,122,393,3.0718,1.3511,1.7207,1.1817,61.4476,direct,88221,90297
direct_vs_group_full,Z,8,75,83,0.0907,0.8306,-0.7399,-3.1174,60.882,group,88221,90297
direct_vs_group_full,20,9,77,86,0.102,0.8527,-0.7507,-2.9946,59.9997,group,88221,90297
direct_vs_group_full,hab,104,22,126,1.1789,0.2436,0.9352,2.2491,59.8935,direct,88221,90297
direct_vs_group_full,es,784,523,1307,8.8868,5.792,3.0948,0.6171,58.7196,direct,88221,90297
direct_vs_group_full,bitte,173,352,525,1.961,3.8982,-1.9373,-0.9891,58.1792,group,88221,90297
direct_vs_group_full,Raum,19,99,118,0.2154,1.0964,-0.881,-2.3177,57.5788,group,88221,90297
direct_vs_group_full,aktives,1,48,49,0.0113,0.5316,-0.5202,-4.9814,57.0788,group,88221,90297
direct_vs_group_full,00,58,172,230,0.6574,1.9048,-1.2474,-1.5265,56.4603,group,88221,90297
direct_vs_group_full,Ja,101,23,124,1.1449,0.2547,0.8901,2.1443,54.7887,direct,88221,90297
direct_vs_group_full,alle,62,175,237,0.7028,1.938,-1.2353,-1.456,53.5348,group,88221,90297
direct_vs_group_full,Alle,4,56,60,0.0453,0.6202,-0.5748,-3.6167,52.5847,group,88221,90297
direct_vs_group_full,ÖGD,9,70,79,0.102,0.7752,-0.6732,-2.8581,52.0757,group,88221,90297
direct_vs_group_full,am,366,597,963,4.1487,6.6115,-2.4628,-0.6716,50.7126,group,88221,90297
direct_vs_group_full,Umgang,5,57,62,0.0567,0.6313,-0.5746,-3.3525,49.9867,group,88221,90297
direct_vs_group_full,dann,541,342,883,6.1323,3.7875,2.3448,0.6944,49.9838,direct,88221,90297
direct_vs_group_full,fertig,94,22,116,1.0655,0.2436,0.8219,2.1039,49.8129,direct,88221,90297
direct_vs_group_full,Depression,6,59,65,0.068,0.6534,-0.5854,-3.1608,48.8654,group,88221,90297
direct_vs_group_full,ist,853,606,1459,9.6689,6.7112,2.9577,0.5264,47.96,direct,88221,90297
direct_vs_group_full,gleich,97,25,122,1.0995,0.2769,0.8226,1.9685,47.0757,direct,88221,90297
direct_vs_group_full,bB,3,48,51,0.034,0.5316,-0.4976,-3.759,46.842,group,88221,90297
direct_vs_group_full,Kannst,63,9,72,0.7141,0.0997,0.6144,2.7743,46.824,direct,88221,90297
direct_vs_group_full,Fach,33,0,33,0.3741,0.0,0.3741,6.0996,46.5197,direct,88221,90297
direct_vs_group_full,vom,36,120,156,0.4081,1.3289,-0.9209,-1.6895,45.7856,group,88221,90297
direct_vs_group_full,klar,112,34,146,1.2695,0.3765,0.893,1.7388,45.7561,direct,88221,90297
direct_vs_group_full,Patient,397,623,1020,4.5001,6.8995,-2.3994,-0.6159,45.3739,group,88221,90297
direct_vs_group_full,Hast,45,3,48,0.5101,0.0332,0.4769,3.734,45.0815,direct,88221,90297
direct_vs_group_full,würde,234,114,348,2.6524,1.2625,1.3899,1.0678,45.0792,direct,88221,90297
direct_vs_group_full,auch,690,477,1167,7.8213,5.2826,2.5387,0.5657,44.2074,direct,88221,90297
direct_vs_group_full,stabil,4,49,53,0.0453,0.5427,-0.4973,-3.4259,44.0719,group,88221,90297
direct_vs_group_full,Typ,1,38,39,0.0113,0.4208,-0.4095,-4.6483,43.9089,group,88221,90297
direct_vs_group_full,Kalinor,2,42,44,0.0227,0.4651,-0.4425,-4.0539,43.8007,group,88221,90297
direct_vs_group_full,hatte,222,107,329,2.5164,1.185,1.3314,1.083,43.7783,direct,88221,90297
direct_vs_group_full,Mo,21,89,110,0.238,0.9856,-0.7476,-2.024,43.6672,group,88221,90297
direct_vs_group_full,eingebracht,1,37,38,0.0113,0.4098,-0.3984,-4.6103,42.5984,group,88221,90297
direct_vs_group_full,Samstag,15,75,90,0.17,0.8306,-0.6606,-2.2507,42.2821,group,88221,90297
direct_vs_group_full,Danke,211,101,312,2.3917,1.1185,1.2732,1.0927,42.229,direct,88221,90297
direct_vs_group_full,Bitte,28,101,129,0.3174,1.1185,-0.8011,-1.7989,42.1777,group,88221,90297
direct_vs_group_full,morgen,371,221,592,4.2053,2.4475,1.7579,0.7796,41.9932,direct,88221,90297
direct_vs_group_full,hattest,35,1,36,0.3967,0.0111,0.3857,4.5983,41.5633,direct,88221,90297
direct_vs_group_full,super,85,22,107,0.9635,0.2436,0.7198,1.9596,41.0845,direct,88221,90297
direct_vs_group_full,also,99,30,129,1.1222,0.3322,0.7899,1.7394,40.5283,direct,88221,90297
direct_vs_group_full,Könntest,47,5,52,0.5328,0.0554,0.4774,3.144,40.1501,direct,88221,90297
direct_vs_group_full,deine,44,4,48,0.4987,0.0443,0.4544,3.3394,39.9427,direct,88221,90297
direct_vs_group_full,weißt,37,2,39,0.4194,0.0221,0.3973,3.9404,39.1075,direct,88221,90297
direct_vs_group_full,einfach,79,20,99,0.8955,0.2215,0.674,1.9889,38.9971,direct,88221,90297
direct_vs_group_full,RS,7,53,60,0.0793,0.587,-0.5076,-2.801,38.8882,group,88221,90297
direct_vs_group_full,nochmal,291,165,456,3.2985,1.8273,1.4712,0.8502,38.2653,direct,88221,90297
direct_vs_group_full,Dir,66,14,80,0.7481,0.155,0.5931,2.2309,37.9276,direct,88221,90297
direct_vs_group_full,werden,123,244,367,1.3942,2.7022,-1.308,-0.9518,37.8852,group,88221,90297
direct_vs_group_full,habe,722,521,1243,8.184,5.7698,2.4141,0.5039,37.4892,direct,88221,90297
direct_vs_group_full,und,1636,2050,3686,18.5443,22.7029,-4.1585,-0.2918,37.4666,group,88221,90297
direct_vs_group_full,kurz,133,53,186,1.5076,0.587,0.9206,1.3528,37.4427,direct,88221,90297
direct_vs_group_full,gerne,177,83,260,2.0063,0.9192,1.0871,1.1215,36.9882,direct,88221,90297
direct_vs_group_full,Moin,35,2,37,0.3967,0.0221,0.3746,3.8614,36.5045,direct,88221,90297
direct_vs_group_full,jedoch,14,67,81,0.1587,0.742,-0.5833,-2.1853,36.4897,group,88221,90297
direct_vs_group_full,Todo,10,58,68,0.1134,0.6423,-0.529,-2.4445,36.3708,group,88221,90297
direct_vs_group_full,jetzt,283,162,445,3.2079,1.7941,1.4138,0.8365,36.1936,direct,88221,90297
direct_vs_group_full,hallo,31,1,32,0.3514,0.0111,0.3403,4.4259,36.1636,direct,88221,90297
direct_vs_group_full,lg,31,1,32,0.3514,0.0111,0.3403,4.4259,36.1636,direct,88221,90297
direct_vs_group_full,könntest,100,34,134,1.1335,0.3765,0.757,1.5761,35.5222,direct,88221,90297
direct_vs_group_full,restriktiven,0,26,26,0.0,0.2879,-0.2879,-5.6944,35.4424,group,88221,90297
direct_vs_group_full,doch,91,29,120,1.0315,0.3212,0.7103,1.6666,35.0952,direct,88221,90297
direct_vs_group_full,Teil,63,14,77,0.7141,0.155,0.5591,2.1643,34.8773,direct,88221,90297
direct_vs_group_full,machen,176,85,261,1.995,0.9413,1.0537,1.0792,34.5561,direct,88221,90297
direct_vs_group_full,Torem,4,41,45,0.0453,0.4541,-0.4087,-3.1716,34.5324,group,88221,90297
direct_vs_group_full,Tacrolimus,0,25,25,0.0,0.2769,-0.2769,-5.6389,34.0793,group,88221,90297
direct_vs_group_full,Und,71,19,90,0.8048,0.2104,0.5944,1.908,33.2116,direct,88221,90297
direct_vs_group_full,schreiben,55,11,66,0.6234,0.1218,0.5016,2.3044,33.0537,direct,88221,90297
direct_vs_group_full,Morgen,113,44,157,1.2809,0.4873,0.7936,1.3844,33.0115,direct,88221,90297
direct_vs_group_full,IIÂ°,0,24,24,0.0,0.2658,-0.2658,-5.5812,32.7161,group,88221,90297
direct_vs_group_full,M,2,33,35,0.0227,0.3655,-0.3428,-3.7106,32.4717,group,88221,90297
direct_vs_group_full,sichten,2,33,35,0.0227,0.3655,-0.3428,-3.7106,32.4717,group,88221,90297
direct_vs_group_full,Beschwerden,4,39,43,0.0453,0.4319,-0.3866,-3.1003,32.1874,group,88221,90297
direct_vs_group_full,vielleicht,119,49,168,1.3489,0.5427,0.8062,1.3051,31.7262,direct,88221,90297
direct_vs_group_full,beteiligt,0,23,23,0.0,0.2547,-0.2547,-5.521,31.3529,group,88221,90297
direct_vs_group_full,Ah,34,3,37,0.3854,0.0332,0.3522,3.3347,31.1952,direct,88221,90297
direct_vs_group_full,passt,55,12,67,0.6234,0.1329,0.4905,2.1841,30.9065,direct,88221,90297
direct_vs_group_full,magst,27,1,28,0.306,0.0111,0.295,4.23,30.7965,direct,88221,90297
direct_vs_group_full,&,5,40,45,0.0567,0.443,-0.3863,-2.8469,30.1804,group,88221,90297
direct_vs_group_full,Kolo,7,45,52,0.0793,0.4984,-0.419,-2.5673,30.1235,group,88221,90297
direct_vs_group_full,sehen,98,37,135,1.1108,0.4098,0.7011,1.4268,30.0242,direct,88221,90297
direct_vs_group_full,Morning,0,22,22,0.0,0.2436,-0.2436,-5.4583,29.9897,group,88221,90297
direct_vs_group_full,klinisch,0,22,22,0.0,0.2436,-0.2436,-5.4583,29.9897,group,88221,90297
direct_vs_group_full,ERCP,2,31,33,0.0227,0.3433,-0.3206,-3.6218,29.988,group,88221,90297
direct_vs_group_full,zurückhaltend,2,31,33,0.0227,0.3433,-0.3206,-3.6218,29.988,group,88221,90297
direct_vs_group_full,Schmerzen,13,58,71,0.1474,0.6423,-0.495,-2.0819,29.7894,group,88221,90297
direct_vs_group_full,Dich,21,0,21,0.238,0.0,0.238,5.4598,29.6035,direct,88221,90297
direct_vs_group_full,sei,78,164,242,0.8841,1.8162,-0.9321,-1.0338,29.2726,group,88221,90297
direct_vs_group_full,alles,117,50,167,1.3262,0.5537,0.7725,1.2519,29.2332,direct,88221,90297
direct_vs_group_full,bin,205,113,318,2.3237,1.2514,1.0723,0.89,29.1835,direct,88221,90297
direct_vs_group_full,auf,392,569,961,4.4434,6.3014,-1.858,-0.5034,28.8004,group,88221,90297
direct_vs_group_full,Good,4,36,40,0.0453,0.3987,-0.3533,-2.9863,28.7063,group,88221,90297
direct_vs_group_full,könne,8,46,54,0.0907,0.5094,-0.4187,-2.4181,28.6791,group,88221,90297
direct_vs_group_full,vergessen,42,7,49,0.4761,0.0775,0.3986,2.5361,28.5577,direct,88221,90297
direct_vs_group_full,eigentlich,78,26,104,0.8841,0.2879,0.5962,1.6003,28.4324,direct,88221,90297
direct_vs_group_full,von,495,692,1187,5.6109,7.6636,-2.0527,-0.4494,28.4253,group,88221,90297
direct_vs_group_full,distanziert,1,26,27,0.0113,0.2879,-0.2766,-4.1094,28.2979,group,88221,90297
direct_vs_group_full,außer,8,45,53,0.0907,0.4984,-0.4077,-2.3868,27.6399,group,88221,90297
direct_vs_group_full,ah,31,3,34,0.3514,0.0332,0.3182,3.2035,27.4962,direct,88221,90297
direct_vs_group_full,deinen,31,3,34,0.3514,0.0332,0.3182,3.2035,27.4962,direct,88221,90297
direct_vs_group_full,2,95,185,280,1.0768,2.0488,-0.972,-0.9243,27.393,group,88221,90297
direct_vs_group_full,Link,117,52,169,1.3262,0.5759,0.7503,1.1958,27.1907,direct,88221,90297
direct_vs_group_full,Austausch,5,37,42,0.0567,0.4098,-0.3531,-2.7358,26.8238,group,88221,90297
direct_vs_group_full,glaube,64,19,83,0.7255,0.2104,0.515,1.7594,26.8185,direct,88221,90297
direct_vs_group_full,sag,19,0,19,0.2154,0.0,0.2154,5.319,26.7841,direct,88221,90297
direct_vs_group_full,Anwesenheit,2,28,30,0.0227,0.3101,-0.2874,-3.4774,26.2923,group,88221,90297
direct_vs_group_full,Kontrolle,17,62,79,0.1927,0.6866,-0.4939,-1.8029,26.2024,group,88221,90297
direct_vs_group_full,gar,52,13,65,0.5894,0.144,0.4455,1.9929,25.9727,direct,88221,90297
direct_vs_group_full,VP,0,19,19,0.0,0.2104,-0.2104,-5.2518,25.9002,group,88221,90297
direct_vs_group_full,oder,299,193,492,3.3892,2.1374,1.2518,0.6638,25.5495,direct,88221,90297
direct_vs_group_full,wollte,107,47,154,1.2129,0.5205,0.6924,1.2119,25.4236,direct,88221,90297
direct_vs_group_full,Desktop,18,0,18,0.204,0.0,0.204,5.243,25.3744,direct,88221,90297
direct_vs_group_full,dein,18,0,18,0.204,0.0,0.204,5.243,25.3744,direct,88221,90297
direct_vs_group_full,termin,18,0,18,0.204,0.0,0.204,5.243,25.3744,direct,88221,90297
direct_vs_group_full,Aber,53,14,67,0.6008,0.155,0.4457,1.917,25.1136,direct,88221,90297
direct_vs_group_full,Guten,96,40,136,1.0882,0.443,0.6452,1.2862,25.08,direct,88221,90297
direct_vs_group_full,Hab,26,2,28,0.2947,0.0221,0.2726,3.4395,24.9684,direct,88221,90297
direct_vs_group_full,wolle,7,40,47,0.0793,0.443,-0.3636,-2.3994,24.8339,group,88221,90297
direct_vs_group_full,große,5,35,40,0.0567,0.3876,-0.3309,-2.6568,24.6178,group,88221,90297
direct_vs_group_full,Anwesend,0,18,18,0.0,0.1993,-0.1993,-5.1759,24.5371,group,88221,90297
direct_vs_group_full,ERC,0,18,18,0.0,0.1993,-0.1993,-5.1759,24.5371,group,88221,90297
direct_vs_group_full,über,144,245,389,1.6323,2.7133,-1.081,-0.7311,24.23,group,88221,90297
direct_vs_group_full,BIA,22,1,23,0.2494,0.0111,0.2383,3.9404,24.1495,direct,88221,90297
direct_vs_group_full,schau,17,0,17,0.1927,0.0,0.1927,5.1628,23.9647,direct,88221,90297
direct_vs_group_full,kein,68,140,208,0.7708,1.5504,-0.7796,-1.0028,23.7998,group,88221,90297
direct_vs_group_full,Sa,7,39,46,0.0793,0.4319,-0.3526,-2.3633,23.797,group,88221,90297
direct_vs_group_full,geht,137,70,207,1.5529,0.7752,0.7777,0.9973,23.6678,direct,88221,90297
direct_vs_group_full,nachher,35,6,41,0.3967,0.0664,0.3303,2.4829,23.3807,direct,88221,90297
direct_vs_group_full,L,0,17,17,0.0,0.1883,-0.1883,-5.0957,23.1739,group,88221,90297
direct_vs_group_full,LTX,0,17,17,0.0,0.1883,-0.1883,-5.0957,23.1739,group,88221,90297
direct_vs_group_full,brachte,0,17,17,0.0,0.1883,-0.1883,-5.0957,23.1739,group,88221,90297
direct_vs_group_full,bisschen,30,4,34,0.3401,0.0443,0.2958,2.7944,23.113,direct,88221,90297
direct_vs_group_full,Bin,39,8,47,0.4421,0.0886,0.3535,2.2499,22.9982,direct,88221,90297
direct_vs_group_full,ne,21,1,22,0.238,0.0111,0.227,3.8749,22.8307,direct,88221,90297
direct_vs_group_full,verlassen,2,25,27,0.0227,0.2769,-0.2542,-3.3169,22.6398,group,88221,90297
direct_vs_group_full,irgendwie,32,5,37,0.3627,0.0554,0.3074,2.5965,22.6194,direct,88221,90297
direct_vs_group_full,Angst,16,56,72,0.1814,0.6202,-0.4388,-1.7422,22.6149,group,88221,90297
direct_vs_group_full,Bist,16,0,16,0.1814,0.0,0.1814,5.078,22.555,direct,88221,90297
direct_vs_group_full,deinem,16,0,16,0.1814,0.0,0.1814,5.078,22.555,direct,88221,90297
direct_vs_group_full,eigenen,6,35,41,0.068,0.3876,-0.3196,-2.4158,22.0317,group,88221,90297
direct_vs_group_full,fühle,4,30,34,0.0453,0.3322,-0.2869,-2.7273,21.9035,group,88221,90297
direct_vs_group_full,kaum,4,30,34,0.0453,0.3322,-0.2869,-2.7273,21.9035,group,88221,90297
direct_vs_group_full,Schmerz,1,21,22,0.0113,0.2326,-0.2212,-3.8077,21.9003,group,88221,90297
direct_vs_group_full,wegen,127,65,192,1.4396,0.7198,0.7197,0.9945,21.8522,direct,88221,90297
direct_vs_group_full,Hashtag_Schmerzedukation,0,16,16,0.0,0.1772,-0.1772,-5.0108,21.8107,group,88221,90297
direct_vs_group_full,Tac,0,16,16,0.0,0.1772,-0.1772,-5.0108,21.8107,group,88221,90297
direct_vs_group_full,uhr,20,1,21,0.2267,0.0111,0.2156,3.8061,21.5163,direct,88221,90297
direct_vs_group_full,EUS,2,24,26,0.0227,0.2658,-0.2431,-3.2592,21.4336,group,88221,90297
direct_vs_group_full,Kalium,5,32,37,0.0567,0.3544,-0.2977,-2.5294,21.3634,group,88221,90297
direct_vs_group_full,starke,5,32,37,0.0567,0.3544,-0.2977,-2.5294,21.3634,group,88221,90297
direct_vs_group_full,anrufen,61,21,82,0.6914,0.2326,0.4589,1.5498,21.3122,direct,88221,90297
direct_vs_group_full,meinst,15,0,15,0.17,0.0,0.17,4.9878,21.1453,direct,88221,90297
direct_vs_group_full,ruf,15,0,15,0.17,0.0,0.17,4.9878,21.1453,direct,88221,90297
direct_vs_group_full,Alles,28,4,32,0.3174,0.0443,0.2731,2.6965,20.8107,direct,88221,90297
direct_vs_group_full,Hintergrund,1,20,21,0.0113,0.2215,-0.2102,-3.739,20.6324,group,88221,90297
direct_vs_group_full,entschuldigt,1,20,21,0.0113,0.2215,-0.2102,-3.739,20.6324,group,88221,90297
direct_vs_group_full,den,577,444,1021,6.5404,4.9171,1.6233,0.4112,20.6061,direct,88221,90297
direct_vs_group_full,LG,48,14,62,0.5441,0.155,0.389,1.7755,20.5137,direct,88221,90297
direct_vs_group_full,Ösophagusvarizen,0,15,15,0.0,0.1661,-0.1661,-4.9206,20.4476,group,88221,90297
direct_vs_group_full,folgende,2,23,25,0.0227,0.2547,-0.232,-3.1991,20.2338,group,88221,90297
direct_vs_group_full,D,44,12,56,0.4987,0.1329,0.3659,1.8654,20.1914,direct,88221,90297
direct_vs_group_full,liebe,61,22,83,0.6914,0.2436,0.4478,1.4842,19.9857,direct,88221,90297
direct_vs_group_full,PCR,28,73,101,0.3174,0.8084,-0.4911,-1.3332,19.7389,group,88221,90297
direct_vs_group_full,Hättest,14,0,14,0.1587,0.0,0.1587,4.8915,19.7356,direct,88221,90297
direct_vs_group_full,al,14,0,14,0.1587,0.0,0.1587,4.8915,19.7356,direct,88221,90297
direct_vs_group_full,et,14,0,14,0.1587,0.0,0.1587,4.8915,19.7356,direct,88221,90297
direct_vs_group_full,rüber,14,0,14,0.1587,0.0,0.1587,4.8915,19.7356,direct,88221,90297
direct_vs_group_full,behandelt,4,28,32,0.0453,0.3101,-0.2647,-2.6294,19.6942,group,88221,90297
direct_vs_group_full,euch,12,45,57,0.136,0.4984,-0.3623,-1.8304,19.5885,group,88221,90297
direct_vs_group_full,Entlassung,30,76,106,0.3401,0.8417,-0.5016,-1.2931,19.5858,group,88221,90297
direct_vs_group_full,Stimmung,9,39,48,0.102,0.4319,-0.3299,-2.0223,19.5234,group,88221,90297
direct_vs_group_full,gewesen,17,54,71,0.1927,0.598,-0.4053,-1.6053,19.4149,group,88221,90297
direct_vs_group_full,Zi,5,30,35,0.0567,0.3322,-0.2756,-2.4377,19.2354,group,88221,90297
direct_vs_group_full,da,446,333,779,5.0555,3.6878,1.3677,0.4545,19.1831,direct,88221,90297
direct_vs_group_full,PSYCHE,0,14,14,0.0,0.155,-0.155,-4.8244,19.0844,group,88221,90297
direct_vs_group_full,SOMA,0,14,14,0.0,0.155,-0.155,-4.8244,19.0844,group,88221,90297
direct_vs_group_full,aktiven,0,14,14,0.0,0.155,-0.155,-4.8244,19.0844,group,88221,90297
direct_vs_group_full,Termin,138,77,215,1.5643,0.8527,0.7115,0.8712,18.9949,direct,88221,90297
direct_vs_group_full,forticreme,18,1,19,0.204,0.0111,0.193,3.658,18.9023,direct,88221,90297
direct_vs_group_full,Spiegel,10,40,50,0.1134,0.443,-0.3296,-1.914,18.5835,group,88221,90297
direct_vs_group_full,Studie,49,16,65,0.5554,0.1772,0.3782,1.6185,18.3364,direct,88221,90297
direct_vs_group_full,Weißt,13,0,13,0.1474,0.0,0.1474,4.7884,18.326,direct,88221,90297
direct_vs_group_full,kommst,13,0,13,0.1474,0.0,0.1474,4.7884,18.326,direct,88221,90297
direct_vs_group_full,Atosil,1,18,19,0.0113,0.1993,-0.188,-3.5909,18.1115,group,88221,90297
direct_vs_group_full,Übelkeit,3,24,27,0.034,0.2658,-0.2318,-2.7738,18.1082,group,88221,90297
direct_vs_group_full,angesetzt,7,33,40,0.0793,0.3655,-0.2861,-2.1256,17.7543,group,88221,90297
direct_vs_group_full,offen,11,41,52,0.1247,0.4541,-0.3294,-1.8179,17.7338,group,88221,90297
direct_vs_group_full,Atmosphäre,0,13,13,0.0,0.144,-0.144,-4.7213,17.7212,group,88221,90297
direct_vs_group_full,Hashtag_PsychÜbergabe,0,13,13,0.0,0.144,-0.144,-4.7213,17.7212,group,88221,90297
direct_vs_group_full,Wilson,0,13,13,0.0,0.144,-0.144,-4.7213,17.7212,group,88221,90297
direct_vs_group_full,doâs,0,13,13,0.0,0.144,-0.144,-4.7213,17.7212,group,88221,90297
direct_vs_group_full,viel,66,126,192,0.7481,1.3954,-0.6473,-0.8942,17.6982,group,88221,90297
direct_vs_group_full,dies,10,39,49,0.1134,0.4319,-0.3186,-1.8779,17.6717,group,88221,90297
direct_vs_group_full,Na,17,1,18,0.1927,0.0111,0.1816,3.5779,17.6038,direct,88221,90297
direct_vs_group_full,angefangen,17,1,18,0.1927,0.0111,0.1816,3.5779,17.6038,direct,88221,90297
direct_vs_group_full,okay,20,2,22,0.2267,0.0221,0.2046,3.0692,17.5161,direct,88221,90297
direct_vs_group_full,1,145,230,375,1.6436,2.5471,-0.9036,-0.6302,17.5088,group,88221,90297
direct_vs_group_full,Das,111,59,170,1.2582,0.6534,0.6048,0.9396,17.3962,direct,88221,90297
direct_vs_group_full,geschrieben,35,9,44,0.3967,0.0997,0.2971,1.9354,17.0234,direct,88221,90297
direct_vs_group_full,Mail,29,6,35,0.3287,0.0664,0.2623,2.2158,16.9899,direct,88221,90297
direct_vs_group_full,Fragebogen,12,0,12,0.136,0.0,0.136,4.6774,16.9163,direct,88221,90297
direct_vs_group_full,Sag,12,0,12,0.136,0.0,0.136,4.6774,16.9163,direct,88221,90297
direct_vs_group_full,brief,12,0,12,0.136,0.0,0.136,4.6774,16.9163,direct,88221,90297
direct_vs_group_full,doctalk,12,0,12,0.136,0.0,0.136,4.6774,16.9163,direct,88221,90297
direct_vs_group_full,gucken,12,0,12,0.136,0.0,0.136,4.6774,16.9163,direct,88221,90297
direct_vs_group_full,v,11,40,51,0.1247,0.443,-0.3183,-1.7827,16.8512,group,88221,90297
direct_vs_group_full,tgl,8,34,42,0.0907,0.3765,-0.2859,-1.9875,16.7246,group,88221,90297
direct_vs_group_full,Reducto,2,20,22,0.0227,0.2215,-0.1988,-3.0021,16.6788,group,88221,90297
direct_vs_group_full,gesehen,82,39,121,0.9295,0.4319,0.4976,1.0961,16.6366,direct,88221,90297
direct_vs_group_full,komme,40,12,52,0.4534,0.1329,0.3205,1.7295,16.5644,direct,88221,90297
direct_vs_group_full,wenn,307,220,527,3.4799,2.4364,1.0435,0.5134,16.5232,direct,88221,90297
direct_vs_group_full,aktiv,4,25,29,0.0453,0.2769,-0.2315,-2.4689,16.449,group,88221,90297
direct_vs_group_full,finde,45,15,60,0.5101,0.1661,0.344,1.5872,16.4033,direct,88221,90297
direct_vs_group_full,HCC,0,12,12,0.0,0.1329,-0.1329,-4.6103,16.358,group,88221,90297
direct_vs_group_full,Klärung,0,12,12,0.0,0.1329,-0.1329,-4.6103,16.358,group,88221,90297
direct_vs_group_full,Ligaturen,0,12,12,0.0,0.1329,-0.1329,-4.6103,16.358,group,88221,90297
direct_vs_group_full,Pfortaderthrombose,0,12,12,0.0,0.1329,-0.1329,-4.6103,16.358,group,88221,90297
direct_vs_group_full,Polytox,0,12,12,0.0,0.1329,-0.1329,-4.6103,16.358,group,88221,90297
direct_vs_group_full,Spiel,0,12,12,0.0,0.1329,-0.1329,-4.6103,16.358,group,88221,90297
direct_vs_group_full,Zusammen,0,12,12,0.0,0.1329,-0.1329,-4.6103,16.358,group,88221,90297
direct_vs_group_full,blutigem,0,12,12,0.0,0.1329,-0.1329,-4.6103,16.358,group,88221,90297
direct_vs_group_full,ethyltox,0,12,12,0.0,0.1329,-0.1329,-4.6103,16.358,group,88221,90297
direct_vs_group_full,zuerst,0,12,12,0.0,0.1329,-0.1329,-4.6103,16.358,group,88221,90297
direct_vs_group_full,Ösophagusvarizenblutung,0,12,12,0.0,0.1329,-0.1329,-4.6103,16.358,group,88221,90297
direct_vs_group_full,Namen,16,1,17,0.1814,0.0111,0.1703,3.493,16.3118,direct,88221,90297
direct_vs_group_full,freigegeben,16,1,17,0.1814,0.0111,0.1703,3.493,16.3118,direct,88221,90297
direct_vs_group_full,fehlt,19,2,21,0.2154,0.0221,0.1932,2.997,16.3018,direct,88221,90297
direct_vs_group_full,wirkte,5,27,32,0.0567,0.299,-0.2423,-2.2884,16.1165,group,88221,90297
direct_vs_group_full,weiterhin,16,48,64,0.1814,0.5316,-0.3502,-1.522,16.0083,group,88221,90297
direct_vs_group_full,ob,203,134,337,2.301,1.484,0.817,0.631,15.8785,direct,88221,90297
direct_vs_group_full,Gesprächstherapie,3,22,25,0.034,0.2436,-0.2096,-2.6509,15.8726,group,88221,90297
direct_vs_group_full,Liebes,1,16,17,0.0113,0.1772,-0.1659,-3.4259,15.614,group,88221,90297
direct_vs_group_full,drüber,21,3,24,0.238,0.0332,0.2048,2.6525,15.608,direct,88221,90297
direct_vs_group_full,ggü,2,19,21,0.0227,0.2104,-0.1877,-2.9299,15.5109,group,88221,90297
direct_vs_group_full,Download,11,0,11,0.1247,0.0,0.1247,4.5571,15.5066,direct,88221,90297
direct_vs_group_full,Rufst,11,0,11,0.1247,0.0,0.1247,4.5571,15.5066,direct,88221,90297
direct_vs_group_full,off,11,0,11,0.1247,0.0,0.1247,4.5571,15.5066,direct,88221,90297
direct_vs_group_full,Ok,55,22,77,0.6234,0.2436,0.3798,1.3361,15.3891,direct,88221,90297
direct_vs_group_full,Konflikt,4,24,28,0.0453,0.2658,-0.2204,-2.4112,15.3883,group,88221,90297
direct_vs_group_full,nur,209,140,349,2.3691,1.5504,0.8186,0.6099,15.3842,direct,88221,90297
direct_vs_group_full,Vielleicht,47,17,64,0.5328,0.1883,0.3445,1.4741,15.3354,direct,88221,90297
direct_vs_group_full,was,211,142,353,2.3917,1.5726,0.8191,0.6033,15.2271,direct,88221,90297
direct_vs_group_full,grade,23,4,27,0.2607,0.0443,0.2164,2.4182,15.2234,direct,88221,90297
direct_vs_group_full,deiner,18,2,20,0.204,0.0221,0.1819,2.9211,15.0974,direct,88221,90297
direct_vs_group_full,siehst,18,2,20,0.204,0.0221,0.1819,2.9211,15.0974,direct,88221,90297
direct_vs_group_full,a,44,90,134,0.4987,0.9967,-0.498,-0.9906,15.065,group,88221,90297
direct_vs_group_full,Deine,15,1,16,0.17,0.0111,0.159,3.4028,15.0272,direct,88221,90297
direct_vs_group_full,ft3,15,1,16,0.17,0.0111,0.159,3.4028,15.0272,direct,88221,90297
direct_vs_group_full,ft4,15,1,16,0.17,0.0111,0.159,3.4028,15.0272,direct,88221,90297
direct_vs_group_full,oh,15,1,16,0.17,0.0111,0.159,3.4028,15.0272,direct,88221,90297
direct_vs_group_full,gelbe,15,45,60,0.17,0.4984,-0.3283,-1.52,15.0078,group,88221,90297
direct_vs_group_full,Hashtag_Übergabe,0,11,11,0.0,0.1218,-0.1218,-4.49,14.9949,group,88221,90297
direct_vs_group_full,Selbstvertrauen,0,11,11,0.0,0.1218,-0.1218,-4.49,14.9949,group,88221,90297
direct_vs_group_full,Ton,0,11,11,0.0,0.1218,-0.1218,-4.49,14.9949,group,88221,90297
direct_vs_group_full,Werke,0,11,11,0.0,0.1218,-0.1218,-4.49,14.9949,group,88221,90297
direct_vs_group_full,absprachefähig,0,11,11,0.0,0.1218,-0.1218,-4.49,14.9949,group,88221,90297
direct_vs_group_full,gemischte,0,11,11,0.0,0.1218,-0.1218,-4.49,14.9949,group,88221,90297
direct_vs_group_full,teilgenommen,0,11,11,0.0,0.1218,-0.1218,-4.49,14.9949,group,88221,90297
direct_vs_group_full,weiß,89,46,135,1.0088,0.5094,0.4994,0.9782,14.9562,direct,88221,90297
direct_vs_group_full,rein,29,7,36,0.3287,0.0775,0.2512,2.0093,14.9557,direct,88221,90297
direct_vs_group_full,weg,27,6,33,0.306,0.0664,0.2396,2.1145,14.9474,direct,88221,90297
direct_vs_group_full,Phosphat,6,28,34,0.068,0.3101,-0.2421,-2.0989,14.939,group,88221,90297
direct_vs_group_full,Sonntag,8,32,40,0.0907,0.3544,-0.2637,-1.9013,14.8668,group,88221,90297
direct_vs_group_full,kriegt,8,32,40,0.0907,0.3544,-0.2637,-1.9013,14.8668,group,88221,90297
direct_vs_group_full,denn,48,18,66,0.5441,0.1993,0.3447,1.424,14.8564,direct,88221,90297
direct_vs_group_full,meine,48,18,66,0.5441,0.1993,0.3447,1.424,14.8564,direct,88221,90297
direct_vs_group_full,Grenzen,3,21,24,0.034,0.2326,-0.1986,-2.5854,14.7707,group,88221,90297
direct_vs_group_full,einlassen,3,21,24,0.034,0.2326,-0.1986,-2.5854,14.7707,group,88221,90297
direct_vs_group_full,Karte,17,48,65,0.1927,0.5316,-0.3389,-1.4371,14.6911,group,88221,90297
direct_vs_group_full,Idee,20,3,23,0.2267,0.0332,0.1935,2.5838,14.4715,direct,88221,90297
direct_vs_group_full,Modul,1,15,16,0.0113,0.1661,-0.1548,-3.3357,14.3759,group,88221,90297
direct_vs_group_full,hohe,1,15,16,0.0113,0.1661,-0.1548,-3.3357,14.3759,group,88221,90297
direct_vs_group_full,Insgesamt,2,18,20,0.0227,0.1993,-0.1767,-2.854,14.3531,group,88221,90297
direct_vs_group_full,bringt,2,18,20,0.0227,0.1993,-0.1767,-2.854,14.3531,group,88221,90297
direct_vs_group_full,mache,52,21,73,0.5894,0.2326,0.3569,1.3215,14.3226,direct,88221,90297
direct_vs_group_full,aber,416,322,738,4.7154,3.566,1.1494,0.4026,14.2917,direct,88221,90297
direct_vs_group_full,erst,109,62,171,1.2355,0.6866,0.5489,0.8426,14.2022,direct,88221,90297
direct_vs_group_full,eingescannt,10,0,10,0.1134,0.0,0.1134,4.4259,14.0969,direct,88221,90297
direct_vs_group_full,vlt,10,0,10,0.1134,0.0,0.1134,4.4259,14.0969,direct,88221,90297
direct_vs_group_full,wöchentlich,10,0,10,0.1134,0.0,0.1134,4.4259,14.0969,direct,88221,90297
direct_vs_group_full,statt,14,42,56,0.1587,0.4651,-0.3064,-1.5179,14.0073,group,88221,90297
direct_vs_group_full,erreichbar,28,7,35,0.3174,0.0775,0.2399,1.9596,13.9853,direct,88221,90297
direct_vs_group_full,erste,6,27,33,0.068,0.299,-0.231,-2.0474,13.9705,group,88221,90297
direct_vs_group_full,legen,26,6,32,0.2947,0.0664,0.2283,2.061,13.946,direct,88221,90297
direct_vs_group_full,gesagt,72,35,107,0.8161,0.3876,0.4285,1.0637,13.9375,direct,88221,90297
direct_vs_group_full,wirkt,7,29,36,0.0793,0.3212,-0.2418,-1.9422,13.9323,group,88221,90297
direct_vs_group_full,Befund,13,40,53,0.1474,0.443,-0.2956,-1.5514,13.8009,group,88221,90297
direct_vs_group_full,glaub,14,1,15,0.1587,0.0111,0.1476,3.3066,13.7509,direct,88221,90297
direct_vs_group_full,vllt,14,1,15,0.1587,0.0111,0.1476,3.3066,13.7509,direct,88221,90297
direct_vs_group_full,muss,126,76,202,1.4282,0.8417,0.5866,0.7592,13.6961,direct,88221,90297
direct_vs_group_full,soll,126,76,202,1.4282,0.8417,0.5866,0.7592,13.6961,direct,88221,90297
direct_vs_group_full,einen,234,165,399,2.6524,1.8273,0.8251,0.5363,13.6514,direct,88221,90297
direct_vs_group_full,0ml,0,10,10,0.0,0.1107,-0.1107,-4.3588,13.6317,group,88221,90297
direct_vs_group_full,Beteiligung,0,10,10,0.0,0.1107,-0.1107,-4.3588,13.6317,group,88221,90297
direct_vs_group_full,Brausetbl,0,10,10,0.0,0.1107,-0.1107,-4.3588,13.6317,group,88221,90297
direct_vs_group_full,Dilatation,0,10,10,0.0,0.1107,-0.1107,-4.3588,13.6317,group,88221,90297
direct_vs_group_full,Eating,0,10,10,0.0,0.1107,-0.1107,-4.3588,13.6317,group,88221,90297
direct_vs_group_full,Entlastung,0,10,10,0.0,0.1107,-0.1107,-4.3588,13.6317,group,88221,90297
direct_vs_group_full,Kritik,0,10,10,0.0,0.1107,-0.1107,-4.3588,13.6317,group,88221,90297
direct_vs_group_full,Nutzen,0,10,10,0.0,0.1107,-0.1107,-4.3588,13.6317,group,88221,90297
direct_vs_group_full,Tramal,0,10,10,0.0,0.1107,-0.1107,-4.3588,13.6317,group,88221,90297
direct_vs_group_full,unbeteiligt,0,10,10,0.0,0.1107,-0.1107,-4.3588,13.6317,group,88221,90297
direct_vs_group_full,würdigen,0,10,10,0.0,0.1107,-0.1107,-4.3588,13.6317,group,88221,90297
direct_vs_group_full,äußert,0,10,10,0.0,0.1107,-0.1107,-4.3588,13.6317,group,88221,90297
direct_vs_group_full,wurde,74,128,202,0.8388,1.4175,-0.5787,-0.7529,13.384,group,88221,90297
direct_vs_group_full,gelesen,19,3,22,0.2154,0.0332,0.1821,2.5116,13.3481,direct,88221,90297
direct_vs_group_full,inkl,19,3,22,0.2154,0.0332,0.1821,2.5116,13.3481,direct,88221,90297
direct_vs_group_full,Hause,10,34,44,0.1134,0.3765,-0.2632,-1.6827,13.2802,group,88221,90297
direct_vs_group_full,geben,68,33,101,0.7708,0.3655,0.4053,1.0655,13.2117,direct,88221,90297
direct_vs_group_full,Achtung,1,14,15,0.0113,0.155,-0.1437,-3.2395,13.1462,group,88221,90297
direct_vs_group_full,Berichtet,1,14,15,0.0113,0.155,-0.1437,-3.2395,13.1462,group,88221,90297
direct_vs_group_full,SKT,1,14,15,0.0113,0.155,-0.1437,-3.2395,13.1462,group,88221,90297
direct_vs_group_full,schien,1,14,15,0.0113,0.155,-0.1437,-3.2395,13.1462,group,88221,90297
direct_vs_group_full,Gastro,5,24,29,0.0567,0.2658,-0.2091,-2.1217,13.1023,group,88221,90297
direct_vs_group_full,konnten,5,24,29,0.0567,0.2658,-0.2091,-2.1217,13.1023,group,88221,90297
direct_vs_group_full,Schwierigkeiten,6,26,32,0.068,0.2879,-0.2199,-1.9939,13.0156,group,88221,90297
direct_vs_group_full,allen,6,26,32,0.068,0.2879,-0.2199,-1.9939,13.0156,group,88221,90297
direct_vs_group_full,Ihr,19,49,68,0.2154,0.5427,-0.3273,-1.3104,13.0135,group,88221,90297
direct_vs_group_full,gesteigert,7,28,35,0.0793,0.3101,-0.2307,-1.8924,13.0084,group,88221,90297
direct_vs_group_full,fand,23,5,28,0.2607,0.0554,0.2053,2.1287,12.9624,direct,88221,90297
direct_vs_group_full,Wann,25,6,31,0.2834,0.0664,0.2169,2.0055,12.9589,direct,88221,90297
direct_vs_group_full,/,39,79,118,0.4421,0.8749,-0.4328,-0.9755,12.9173,group,88221,90297
direct_vs_group_full,schauen,50,21,71,0.5668,0.2326,0.3342,1.2655,12.8827,direct,88221,90297
direct_vs_group_full,12,97,55,152,1.0995,0.6091,0.4904,0.8465,12.7551,direct,88221,90297
direct_vs_group_full,Gruß,16,2,18,0.1814,0.0221,0.1592,2.756,12.7234,direct,88221,90297
direct_vs_group_full,hi,16,2,18,0.1814,0.0221,0.1592,2.756,12.7234,direct,88221,90297
direct_vs_group_full,hoffentlich,16,2,18,0.1814,0.0221,0.1592,2.756,12.7234,direct,88221,90297
direct_vs_group_full,woche,16,2,18,0.1814,0.0221,0.1592,2.756,12.7234,direct,88221,90297
direct_vs_group_full,hoffe,42,16,58,0.4761,0.1772,0.2989,1.3986,12.6934,direct,88221,90297
direct_vs_group_full,Vereinbarungen,9,0,9,0.102,0.0,0.102,4.2815,12.6872,direct,88221,90297
direct_vs_group_full,Ärger,9,0,9,0.102,0.0,0.102,4.2815,12.6872,direct,88221,90297
direct_vs_group_full,Ergebnis,3,19,22,0.034,0.2104,-0.1764,-2.4445,12.6038,group,88221,90297
direct_vs_group_full,nachgemeldet,13,1,14,0.1474,0.0111,0.1363,3.2035,12.4842,direct,88221,90297
direct_vs_group_full,Briefe,30,9,39,0.3401,0.0997,0.2404,1.7164,12.4233,direct,88221,90297
direct_vs_group_full,Neuaufnahme,30,9,39,0.3401,0.0997,0.2404,1.7164,12.4233,direct,88221,90297
direct_vs_group_full,Super,40,15,55,0.4534,0.1661,0.2873,1.4192,12.3803,direct,88221,90297
direct_vs_group_full,Abendessen,0,9,9,0.0,0.0997,-0.0997,-4.2144,12.2685,group,88221,90297
direct_vs_group_full,Bedürfnisse,0,9,9,0.0,0.0997,-0.0997,-4.2144,12.2685,group,88221,90297
direct_vs_group_full,Fenster,0,9,9,0.0,0.0997,-0.0997,-4.2144,12.2685,group,88221,90297
direct_vs_group_full,Fraxiparin,0,9,9,0.0,0.0997,-0.0997,-4.2144,12.2685,group,88221,90297
direct_vs_group_full,Kapseln,0,9,9,0.0,0.0997,-0.0997,-4.2144,12.2685,group,88221,90297
direct_vs_group_full,Kultur,0,9,9,0.0,0.0997,-0.0997,-4.2144,12.2685,group,88221,90297
direct_vs_group_full,Leberkapselschmerz,0,9,9,0.0,0.0997,-0.0997,-4.2144,12.2685,group,88221,90297
direct_vs_group_full,Mitleid,0,9,9,0.0,0.0997,-0.0997,-4.2144,12.2685,group,88221,90297
direct_vs_group_full,Myoklonien,0,9,9,0.0,0.0997,-0.0997,-4.2144,12.2685,group,88221,90297
direct_vs_group_full,Persönlichkeitsstrg,0,9,9,0.0,0.0997,-0.0997,-4.2144,12.2685,group,88221,90297
direct_vs_group_full,Refluxösophagitis,0,9,9,0.0,0.0997,-0.0997,-4.2144,12.2685,group,88221,90297
direct_vs_group_full,Trpf,0,9,9,0.0,0.0997,-0.0997,-4.2144,12.2685,group,88221,90297
direct_vs_group_full,abgemacht,0,9,9,0.0,0.0997,-0.0997,-4.2144,12.2685,group,88221,90297
direct_vs_group_full,außerhalb,0,9,9,0.0,0.0997,-0.0997,-4.2144,12.2685,group,88221,90297
direct_vs_group_full,depress,0,9,9,0.0,0.0997,-0.0997,-4.2144,12.2685,group,88221,90297
direct_vs_group_full,festere,0,9,9,0.0,0.0997,-0.0997,-4.2144,12.2685,group,88221,90297
direct_vs_group_full,hypokaliäm,0,9,9,0.0,0.0997,-0.0997,-4.2144,12.2685,group,88221,90297
direct_vs_group_full,induz,0,9,9,0.0,0.0997,-0.0997,-4.2144,12.2685,group,88221,90297
direct_vs_group_full,klinische,0,9,9,0.0,0.0997,-0.0997,-4.2144,12.2685,group,88221,90297
direct_vs_group_full,li,0,9,9,0.0,0.0997,-0.0997,-4.2144,12.2685,group,88221,90297
direct_vs_group_full,malt,0,9,9,0.0,0.0997,-0.0997,-4.2144,12.2685,group,88221,90297
direct_vs_group_full,passiv,0,9,9,0.0,0.0997,-0.0997,-4.2144,12.2685,group,88221,90297
direct_vs_group_full,samstag,0,9,9,0.0,0.0997,-0.0997,-4.2144,12.2685,group,88221,90297
direct_vs_group_full,seither,0,9,9,0.0,0.0997,-0.0997,-4.2144,12.2685,group,88221,90297
direct_vs_group_full,spüren,0,9,9,0.0,0.0997,-0.0997,-4.2144,12.2685,group,88221,90297
direct_vs_group_full,verlässt,0,9,9,0.0,0.0997,-0.0997,-4.2144,12.2685,group,88221,90297
direct_vs_group_full,ÖGDs,0,9,9,0.0,0.0997,-0.0997,-4.2144,12.2685,group,88221,90297
direct_vs_group_full,Ösophagusstenose,0,9,9,0.0,0.0997,-0.0997,-4.2144,12.2685,group,88221,90297
direct_vs_group_full,hey,18,3,21,0.204,0.0332,0.1708,2.4357,12.239,direct,88221,90297
direct_vs_group_full,verschieben,18,3,21,0.204,0.0332,0.1708,2.4357,12.239,direct,88221,90297
direct_vs_group_full,übrigens,18,3,21,0.204,0.0332,0.1708,2.4357,12.239,direct,88221,90297
direct_vs_group_full,Heute,13,38,51,0.1474,0.4208,-0.2735,-1.4783,12.2254,group,88221,90297
direct_vs_group_full,mg,13,38,51,0.1474,0.4208,-0.2735,-1.4783,12.2254,group,88221,90297
direct_vs_group_full,Prozess,8,29,37,0.0907,0.3212,-0.2305,-1.7616,12.1757,group,88221,90297
direct_vs_group_full,Sitzung,7,27,34,0.0793,0.299,-0.2197,-1.8409,12.0988,group,88221,90297
direct_vs_group_full,seiner,6,25,31,0.068,0.2769,-0.2089,-1.9384,12.0751,group,88221,90297
direct_vs_group_full,Leberzirrhose,2,16,18,0.0227,0.1772,-0.1545,-2.6889,12.0721,group,88221,90297
direct_vs_group_full,einbringen,2,16,18,0.0227,0.1772,-0.1545,-2.6889,12.0721,group,88221,90297
direct_vs_group_full,Konsil,48,90,138,0.5441,0.9967,-0.4526,-0.8664,12.0294,group,88221,90297
direct_vs_group_full,jemand,15,41,56,0.17,0.4541,-0.284,-1.3873,11.9503,group,88221,90297
direct_vs_group_full,seine,15,41,56,0.17,0.4541,-0.284,-1.3873,11.9503,group,88221,90297
direct_vs_group_full,Gabe,1,13,14,0.0113,0.144,-0.1326,-3.1364,11.926,group,88221,90297
direct_vs_group_full,Tachykardie,1,13,14,0.0113,0.144,-0.1326,-3.1364,11.926,group,88221,90297
direct_vs_group_full,Werk,1,13,14,0.0113,0.144,-0.1326,-3.1364,11.926,group,88221,90297
direct_vs_group_full,0,69,118,187,0.7821,1.3068,-0.5247,-0.7362,11.8763,group,88221,90297
direct_vs_group_full,aus,172,247,419,1.9496,2.7354,-0.7858,-0.4873,11.8097,group,88221,90297
direct_vs_group_full,meinen,31,10,41,0.3514,0.1107,0.2406,1.6185,11.7781,direct,88221,90297
direct_vs_group_full,schön,31,10,41,0.3514,0.1107,0.2406,1.6185,11.7781,direct,88221,90297
direct_vs_group_full,anderen,47,88,135,0.5328,0.9746,-0.4418,-0.8642,11.7153,group,88221,90297
direct_vs_group_full,Frustration,3,18,21,0.034,0.1993,-0.1653,-2.3685,11.5412,group,88221,90297
direct_vs_group_full,fallend,3,18,21,0.034,0.1993,-0.1653,-2.3685,11.5412,group,88221,90297
direct_vs_group_full,nach,239,326,565,2.7091,3.6103,-0.9012,-0.4135,11.5028,group,88221,90297
direct_vs_group_full,deutlich,13,37,50,0.1474,0.4098,-0.2624,-1.4404,11.4576,group,88221,90297
direct_vs_group_full,bei,645,543,1188,7.3112,6.0135,1.2977,0.2817,11.3015,direct,88221,90297
direct_vs_group_full,Anamnesebogen,8,0,8,0.0907,0.0,0.0907,4.121,11.2775,direct,88221,90297
direct_vs_group_full,Dein,8,0,8,0.0907,0.0,0.0907,4.121,11.2775,direct,88221,90297
direct_vs_group_full,Geburtsdatum,8,0,8,0.0907,0.0,0.0907,4.121,11.2775,direct,88221,90297
direct_vs_group_full,Huhu,8,0,8,0.0907,0.0,0.0907,4.121,11.2775,direct,88221,90297
direct_vs_group_full,Sollten,8,0,8,0.0907,0.0,0.0907,4.121,11.2775,direct,88221,90297
direct_vs_group_full,Unterschrift,8,0,8,0.0907,0.0,0.0907,4.121,11.2775,direct,88221,90297
direct_vs_group_full,cut,8,0,8,0.0907,0.0,0.0907,4.121,11.2775,direct,88221,90297
direct_vs_group_full,eig,8,0,8,0.0907,0.0,0.0907,4.121,11.2775,direct,88221,90297
direct_vs_group_full,irgendwas,8,0,8,0.0907,0.0,0.0907,4.121,11.2775,direct,88221,90297
direct_vs_group_full,komisch,8,0,8,0.0907,0.0,0.0907,4.121,11.2775,direct,88221,90297
direct_vs_group_full,ebenfalls,4,20,24,0.0453,0.2215,-0.1762,-2.1541,11.2752,group,88221,90297
direct_vs_group_full,Dermakonsil,12,1,13,0.136,0.0111,0.1249,3.0924,11.2285,direct,88221,90297
direct_vs_group_full,Mestinon,12,1,13,0.136,0.0111,0.1249,3.0924,11.2285,direct,88221,90297
direct_vs_group_full,Muskelschmerzen,12,1,13,0.136,0.0111,0.1249,3.0924,11.2285,direct,88221,90297
direct_vs_group_full,erniedrigtem,12,1,13,0.136,0.0111,0.1249,3.0924,11.2285,direct,88221,90297
direct_vs_group_full,irgendwann,12,1,13,0.136,0.0111,0.1249,3.0924,11.2285,direct,88221,90297
direct_vs_group_full,melde,12,1,13,0.136,0.0111,0.1249,3.0924,11.2285,direct,88221,90297
direct_vs_group_full,erhöht,12,35,47,0.136,0.3876,-0.2516,-1.4723,11.2255,group,88221,90297
direct_vs_group_full,BEX,7,26,33,0.0793,0.2879,-0.2086,-1.7875,11.2045,group,88221,90297
direct_vs_group_full,möchte,71,119,190,0.8048,1.3179,-0.5131,-0.7074,11.168,group,88221,90297
direct_vs_group_full,gebe,25,7,32,0.2834,0.0775,0.2059,1.7991,11.1638,direct,88221,90297
direct_vs_group_full,Tag,24,54,78,0.272,0.598,-0.326,-1.1199,11.154,group,88221,90297
direct_vs_group_full,Mitpatient,6,24,30,0.068,0.2658,-0.1978,-1.8807,11.1501,group,88221,90297
direct_vs_group_full,mindestens,17,3,20,0.1927,0.0332,0.1595,2.3555,11.1459,direct,88221,90297
direct_vs_group_full,+1,23,6,29,0.2607,0.0664,0.1943,1.8877,11.0326,direct,88221,90297
direct_vs_group_full,Untersuchung,2,15,17,0.0227,0.1661,-0.1434,-2.5987,10.9518,group,88221,90297
direct_vs_group_full,schwere,2,15,17,0.0227,0.1661,-0.1434,-2.5987,10.9518,group,88221,90297
direct_vs_group_full,2xtgl,0,8,8,0.0,0.0886,-0.0886,-4.0539,10.9054,group,88221,90297
direct_vs_group_full,Archivierung,0,8,8,0.0,0.0886,-0.0886,-4.0539,10.9054,group,88221,90297
direct_vs_group_full,Bilder,0,8,8,0.0,0.0886,-0.0886,-4.0539,10.9054,group,88221,90297
direct_vs_group_full,Bio,0,8,8,0.0,0.0886,-0.0886,-4.0539,10.9054,group,88221,90297
direct_vs_group_full,Crohn,0,8,8,0.0,0.0886,-0.0886,-4.0539,10.9054,group,88221,90297
direct_vs_group_full,Entwicklungen,0,8,8,0.0,0.0886,-0.0886,-4.0539,10.9054,group,88221,90297
direct_vs_group_full,Ermüdungszustand,0,8,8,0.0,0.0886,-0.0886,-4.0539,10.9054,group,88221,90297
direct_vs_group_full,Erschöpfungs,0,8,8,0.0,0.0886,-0.0886,-4.0539,10.9054,group,88221,90297
direct_vs_group_full,Freude,0,8,8,0.0,0.0886,-0.0886,-4.0539,10.9054,group,88221,90297
direct_vs_group_full,Hashtag_GT_,0,8,8,0.0,0.0886,-0.0886,-4.0539,10.9054,group,88221,90297
direct_vs_group_full,Heiligen,0,8,8,0.0,0.0886,-0.0886,-4.0539,10.9054,group,88221,90297
direct_vs_group_full,Infusionen,0,8,8,0.0,0.0886,-0.0886,-4.0539,10.9054,group,88221,90297
direct_vs_group_full,Kanälen,0,8,8,0.0,0.0886,-0.0886,-4.0539,10.9054,group,88221,90297
direct_vs_group_full,M21,0,8,8,0.0,0.0886,-0.0886,-4.0539,10.9054,group,88221,90297
direct_vs_group_full,Meropenem,0,8,8,0.0,0.0886,-0.0886,-4.0539,10.9054,group,88221,90297
direct_vs_group_full,Messe,0,8,8,0.0,0.0886,-0.0886,-4.0539,10.9054,group,88221,90297
direct_vs_group_full,Obstipation,0,8,8,0.0,0.0886,-0.0886,-4.0539,10.9054,group,88221,90297
direct_vs_group_full,Pen,0,8,8,0.0,0.0886,-0.0886,-4.0539,10.9054,group,88221,90297
direct_vs_group_full,Sa+So,0,8,8,0.0,0.0886,-0.0886,-4.0539,10.9054,group,88221,90297
direct_vs_group_full,Sirdalud,0,8,8,0.0,0.0886,-0.0886,-4.0539,10.9054,group,88221,90297
direct_vs_group_full,Speckstein,0,8,8,0.0,0.0886,-0.0886,-4.0539,10.9054,group,88221,90297
direct_vs_group_full,Unsicherheiten,0,8,8,0.0,0.0886,-0.0886,-4.0539,10.9054,group,88221,90297
direct_vs_group_full,Vanco,0,8,8,0.0,0.0886,-0.0886,-4.0539,10.9054,group,88221,90297
direct_vs_group_full,Weitere,0,8,8,0.0,0.0886,-0.0886,-4.0539,10.9054,group,88221,90297
direct_vs_group_full,________________________________________________________________________________,0,8,8,0.0,0.0886,-0.0886,-4.0539,10.9054,group,88221,90297
direct_vs_group_full,begleitet,0,8,8,0.0,0.0886,-0.0886,-4.0539,10.9054,group,88221,90297
direct_vs_group_full,beteiligte,0,8,8,0.0,0.0886,-0.0886,-4.0539,10.9054,group,88221,90297
direct_vs_group_full,diskutieren,0,8,8,0.0,0.0886,-0.0886,-4.0539,10.9054,group,88221,90297
direct_vs_group_full,eigener,0,8,8,0.0,0.0886,-0.0886,-4.0539,10.9054,group,88221,90297
direct_vs_group_full,gesamte,0,8,8,0.0,0.0886,-0.0886,-4.0539,10.9054,group,88221,90297
direct_vs_group_full,kreativen,0,8,8,0.0,0.0886,-0.0886,-4.0539,10.9054,group,88221,90297
direct_vs_group_full,reflektiert,0,8,8,0.0,0.0886,-0.0886,-4.0539,10.9054,group,88221,90297
direct_vs_group_full,relevanter,0,8,8,0.0,0.0886,-0.0886,-4.0539,10.9054,group,88221,90297
direct_vs_group_full,öffentlicher,0,8,8,0.0,0.0886,-0.0886,-4.0539,10.9054,group,88221,90297
direct_vs_group_full,wäre,180,126,306,2.0403,1.3954,0.6449,0.5464,10.8769,direct,88221,90297
direct_vs_group_full,Bescheid,68,36,104,0.7708,0.3987,0.3721,0.9418,10.7661,direct,88221,90297
direct_vs_group_full,AWO,1,12,13,0.0113,0.1329,-0.1216,-3.0253,10.7168,group,88221,90297
direct_vs_group_full,AvD,1,12,13,0.0113,0.1329,-0.1216,-3.0253,10.7168,group,88221,90297
direct_vs_group_full,Bruder,1,12,13,0.0113,0.1329,-0.1216,-3.0253,10.7168,group,88221,90297
direct_vs_group_full,Bzgl,1,12,13,0.0113,0.1329,-0.1216,-3.0253,10.7168,group,88221,90297
direct_vs_group_full,Evaluation,1,12,13,0.0113,0.1329,-0.1216,-3.0253,10.7168,group,88221,90297
direct_vs_group_full,Nr,1,12,13,0.0113,0.1329,-0.1216,-3.0253,10.7168,group,88221,90297
direct_vs_group_full,Projekt_Nutzertreffen,1,12,13,0.0113,0.1329,-0.1216,-3.0253,10.7168,group,88221,90297
direct_vs_group_full,REA,1,12,13,0.0113,0.1329,-0.1216,-3.0253,10.7168,group,88221,90297
direct_vs_group_full,ausschweifend,1,12,13,0.0113,0.1329,-0.1216,-3.0253,10.7168,group,88221,90297
direct_vs_group_full,hängt,1,12,13,0.0113,0.1329,-0.1216,-3.0253,10.7168,group,88221,90297
direct_vs_group_full,möglich,42,79,121,0.4761,0.8749,-0.3988,-0.8699,10.6531,group,88221,90297
direct_vs_group_full,ambulante,9,29,38,0.102,0.3212,-0.2191,-1.6012,10.6158,group,88221,90297
direct_vs_group_full,Dann,51,24,75,0.5781,0.2658,0.3123,1.1053,10.5798,direct,88221,90297
direct_vs_group_full,BMI,36,14,50,0.4081,0.155,0.253,1.3654,10.5379,direct,88221,90297
direct_vs_group_full,Sono,12,34,46,0.136,0.3765,-0.2405,-1.4311,10.4593,group,88221,90297
direct_vs_group_full,genau,45,20,65,0.5101,0.2215,0.2886,1.1838,10.458,direct,88221,90297
direct_vs_group_full,sie,1059,938,1997,12.0039,10.3879,1.616,0.2085,10.4204,direct,88221,90297
direct_vs_group_full,Liste,14,2,16,0.1587,0.0221,0.1365,2.5696,10.4053,direct,88221,90297
direct_vs_group_full,OGTT,14,2,16,0.1587,0.0221,0.1365,2.5696,10.4053,direct,88221,90297
direct_vs_group_full,ergänzen,14,2,16,0.1587,0.0221,0.1365,2.5696,10.4053,direct,88221,90297
direct_vs_group_full,vor,112,169,281,1.2695,1.8716,-0.6021,-0.5578,10.3551,group,88221,90297
direct_vs_group_full,eigene,7,25,32,0.0793,0.2769,-0.1975,-1.732,10.3265,group,88221,90297
direct_vs_group_full,angespannt,4,19,23,0.0453,0.2104,-0.1651,-2.0819,10.2853,group,88221,90297
direct_vs_group_full,Suizidalität,34,67,101,0.3854,0.742,-0.3566,-0.9347,10.2288,group,88221,90297
direct_vs_group_full,Können,16,3,19,0.1814,0.0332,0.1481,2.2706,10.0704,direct,88221,90297
direct_vs_group_full,stimmt,16,3,19,0.1814,0.0332,0.1481,2.2706,10.0704,direct,88221,90297
direct_vs_group_full,Mirtazapin,10,30,40,0.1134,0.3322,-0.2189,-1.5049,10.0052,group,88221,90297
direct_vs_group_full,abgenommen,10,30,40,0.1134,0.3322,-0.2189,-1.5049,10.0052,group,88221,90297
direct_vs_group_full,dieser,10,30,40,0.1134,0.3322,-0.2189,-1.5049,10.0052,group,88221,90297
direct_vs_group_full,100ml,20,5,25,0.2267,0.0554,0.1713,1.9317,9.9895,direct,88221,90297
direct_vs_group_full,mach,20,5,25,0.2267,0.0554,0.1713,1.9317,9.9895,direct,88221,90297
direct_vs_group_full,Aufnahmen,11,1,12,0.1247,0.0111,0.1136,2.9722,9.9857,direct,88221,90297
direct_vs_group_full,Keratosen,11,1,12,0.1247,0.0111,0.1136,2.9722,9.9857,direct,88221,90297
direct_vs_group_full,Seb,11,1,12,0.1247,0.0111,0.1136,2.9722,9.9857,direct,88221,90297
direct_vs_group_full,müsstest,11,1,12,0.1247,0.0111,0.1136,2.9722,9.9857,direct,88221,90297
direct_vs_group_full,willst,11,1,12,0.1247,0.0111,0.1136,2.9722,9.9857,direct,88221,90297
direct_vs_group_full,hättest,18,4,22,0.204,0.0443,0.1597,2.0731,9.965,direct,88221,90297
direct_vs_group_full,Größe,7,0,7,0.0793,0.0,0.0793,3.9404,9.8678,direct,88221,90297
direct_vs_group_full,Schweigepflichtsentbindung,7,0,7,0.0793,0.0,0.0793,3.9404,9.8678,direct,88221,90297
direct_vs_group_full,Studienfach,7,0,7,0.0793,0.0,0.0793,3.9404,9.8678,direct,88221,90297
direct_vs_group_full,Website,7,0,7,0.0793,0.0,0.0793,3.9404,9.8678,direct,88221,90297
direct_vs_group_full,Windows,7,0,7,0.0793,0.0,0.0793,3.9404,9.8678,direct,88221,90297
direct_vs_group_full,eingerichtet,7,0,7,0.0793,0.0,0.0793,3.9404,9.8678,direct,88221,90297
direct_vs_group_full,entschuldige,7,0,7,0.0793,0.0,0.0793,3.9404,9.8678,direct,88221,90297
direct_vs_group_full,fragst,7,0,7,0.0793,0.0,0.0793,3.9404,9.8678,direct,88221,90297
direct_vs_group_full,fresubin,7,0,7,0.0793,0.0,0.0793,3.9404,9.8678,direct,88221,90297
direct_vs_group_full,geb,7,0,7,0.0793,0.0,0.0793,3.9404,9.8678,direct,88221,90297
direct_vs_group_full,heruntergeladen,7,0,7,0.0793,0.0,0.0793,3.9404,9.8678,direct,88221,90297
direct_vs_group_full,rufe,7,0,7,0.0793,0.0,0.0793,3.9404,9.8678,direct,88221,90297
direct_vs_group_full,slightly_smiling_face,7,0,7,0.0793,0.0,0.0793,3.9404,9.8678,direct,88221,90297
direct_vs_group_full,vorne,7,0,7,0.0793,0.0,0.0793,3.9404,9.8678,direct,88221,90297
direct_vs_group_full,11,73,41,114,0.8275,0.4541,0.3734,0.8582,9.864,direct,88221,90297
direct_vs_group_full,ganz,73,41,114,0.8275,0.4541,0.3734,0.8582,9.864,direct,88221,90297
direct_vs_group_full,akuter,2,14,16,0.0227,0.155,-0.1324,-2.5025,9.8471,group,88221,90297
direct_vs_group_full,genug,2,14,16,0.0227,0.155,-0.1324,-2.5025,9.8471,group,88221,90297
direct_vs_group_full,einmal,101,63,164,1.1449,0.6977,0.4472,0.7102,9.7914,direct,88221,90297
direct_vs_group_full,siehe,12,33,45,0.136,0.3655,-0.2294,-1.3887,9.7085,group,88221,90297
direct_vs_group_full,sagen,62,33,95,0.7028,0.3655,0.3373,0.9333,9.6829,direct,88221,90297
direct_vs_group_full,V,19,44,63,0.2154,0.4873,-0.2719,-1.1568,9.626,group,88221,90297
direct_vs_group_full,15mg,0,7,7,0.0,0.0775,-0.0775,-3.8733,9.5422,group,88221,90297
direct_vs_group_full,Abwesend,0,7,7,0.0,0.0775,-0.0775,-3.8733,9.5422,group,88221,90297
direct_vs_group_full,Atorva,0,7,7,0.0,0.0775,-0.0775,-3.8733,9.5422,group,88221,90297
direct_vs_group_full,Begrüßung,0,7,7,0.0,0.0775,-0.0775,-3.8733,9.5422,group,88221,90297
direct_vs_group_full,Bifiteral,0,7,7,0.0,0.0775,-0.0775,-3.8733,9.5422,group,88221,90297
direct_vs_group_full,Brause,0,7,7,0.0,0.0775,-0.0775,-3.8733,9.5422,group,88221,90297
direct_vs_group_full,Dienstags,0,7,7,0.0,0.0775,-0.0775,-3.8733,9.5422,group,88221,90297
direct_vs_group_full,Erysipel,0,7,7,0.0,0.0775,-0.0775,-3.8733,9.5422,group,88221,90297
direct_vs_group_full,Harmonie,0,7,7,0.0,0.0775,-0.0775,-3.8733,9.5422,group,88221,90297
direct_vs_group_full,Hb,0,7,7,0.0,0.0775,-0.0775,-3.8733,9.5422,group,88221,90297
direct_vs_group_full,Ibuprofen,0,7,7,0.0,0.0775,-0.0775,-3.8733,9.5422,group,88221,90297
direct_vs_group_full,Jahreswechsel,0,7,7,0.0,0.0775,-0.0775,-3.8733,9.5422,group,88221,90297
direct_vs_group_full,Komponente,0,7,7,0.0,0.0775,-0.0775,-3.8733,9.5422,group,88221,90297
direct_vs_group_full,Lunge,0,7,7,0.0,0.0775,-0.0775,-3.8733,9.5422,group,88221,90297
direct_vs_group_full,Ortoton,0,7,7,0.0,0.0775,-0.0775,-3.8733,9.5422,group,88221,90297
direct_vs_group_full,ProstataCA,0,7,7,0.0,0.0775,-0.0775,-3.8733,9.5422,group,88221,90297
direct_vs_group_full,SozD,0,7,7,0.0,0.0775,-0.0775,-3.8733,9.5422,group,88221,90297
direct_vs_group_full,Strukturen,0,7,7,0.0,0.0775,-0.0775,-3.8733,9.5422,group,88221,90297
direct_vs_group_full,Termins,0,7,7,0.0,0.0775,-0.0775,-3.8733,9.5422,group,88221,90297
direct_vs_group_full,VHF,0,7,7,0.0,0.0775,-0.0775,-3.8733,9.5422,group,88221,90297
direct_vs_group_full,ablenken,0,7,7,0.0,0.0775,-0.0775,-3.8733,9.5422,group,88221,90297
direct_vs_group_full,abwesend,0,7,7,0.0,0.0775,-0.0775,-3.8733,9.5422,group,88221,90297
direct_vs_group_full,bedrückt,0,7,7,0.0,0.0775,-0.0775,-3.8733,9.5422,group,88221,90297
direct_vs_group_full,belastenden,0,7,7,0.0,0.0775,-0.0775,-3.8733,9.5422,group,88221,90297
direct_vs_group_full,betätigt,0,7,7,0.0,0.0775,-0.0775,-3.8733,9.5422,group,88221,90297
direct_vs_group_full,blieb,0,7,7,0.0,0.0775,-0.0775,-3.8733,9.5422,group,88221,90297
direct_vs_group_full,deren,0,7,7,0.0,0.0775,-0.0775,-3.8733,9.5422,group,88221,90297
direct_vs_group_full,erfolgte,0,7,7,0.0,0.0775,-0.0775,-3.8733,9.5422,group,88221,90297
direct_vs_group_full,frustriert,0,7,7,0.0,0.0775,-0.0775,-3.8733,9.5422,group,88221,90297
direct_vs_group_full,gemeinsame,0,7,7,0.0,0.0775,-0.0775,-3.8733,9.5422,group,88221,90297
direct_vs_group_full,häuslichen,0,7,7,0.0,0.0775,-0.0775,-3.8733,9.5422,group,88221,90297
direct_vs_group_full,möglicher,0,7,7,0.0,0.0775,-0.0775,-3.8733,9.5422,group,88221,90297
direct_vs_group_full,psychosomatischen,0,7,7,0.0,0.0775,-0.0775,-3.8733,9.5422,group,88221,90297
direct_vs_group_full,redet,0,7,7,0.0,0.0775,-0.0775,-3.8733,9.5422,group,88221,90297
direct_vs_group_full,spielt,0,7,7,0.0,0.0775,-0.0775,-3.8733,9.5422,group,88221,90297
direct_vs_group_full,still,0,7,7,0.0,0.0775,-0.0775,-3.8733,9.5422,group,88221,90297
direct_vs_group_full,teilt,0,7,7,0.0,0.0775,-0.0775,-3.8733,9.5422,group,88221,90297
direct_vs_group_full,vakant,0,7,7,0.0,0.0775,-0.0775,-3.8733,9.5422,group,88221,90297
direct_vs_group_full,verbalisieren,0,7,7,0.0,0.0775,-0.0775,-3.8733,9.5422,group,88221,90297
direct_vs_group_full,verstärkt,0,7,7,0.0,0.0775,-0.0775,-3.8733,9.5422,group,88221,90297
direct_vs_group_full,vertragen,0,7,7,0.0,0.0775,-0.0775,-3.8733,9.5422,group,88221,90297
direct_vs_group_full,fragen,84,50,134,0.9522,0.5537,0.3984,0.7762,9.5308,direct,88221,90297
direct_vs_group_full,Binge,1,11,12,0.0113,0.1218,-0.1105,-2.905,9.5205,group,88221,90297
direct_vs_group_full,Schweigen,1,11,12,0.0113,0.1218,-0.1105,-2.905,9.5205,group,88221,90297
direct_vs_group_full,Selbstfürsorge,1,11,12,0.0113,0.1218,-0.1105,-2.905,9.5205,group,88221,90297
direct_vs_group_full,geöffnet,1,11,12,0.0113,0.1218,-0.1105,-2.905,9.5205,group,88221,90297
direct_vs_group_full,schlafen,1,11,12,0.0113,0.1218,-0.1105,-2.905,9.5205,group,88221,90297
direct_vs_group_full,Arztzimmer,3,16,19,0.034,0.1772,-0.1432,-2.2035,9.4656,group,88221,90297
direct_vs_group_full,zudem,3,16,19,0.034,0.1772,-0.1432,-2.2035,9.4656,group,88221,90297
direct_vs_group_full,niedrig,6,22,28,0.068,0.2436,-0.1756,-1.7579,9.3514,group,88221,90297
direct_vs_group_full,Da,60,32,92,0.6801,0.3544,0.3257,0.9301,9.3221,direct,88221,90297
direct_vs_group_full,hinzufügen,13,2,15,0.1474,0.0221,0.1252,2.4665,9.2721,direct,88221,90297
direct_vs_group_full,wann,57,30,87,0.6461,0.3322,0.3139,0.9483,9.159,direct,88221,90297
direct_vs_group_full,richtig,43,20,63,0.4874,0.2215,0.2659,1.1189,9.1376,direct,88221,90297
direct_vs_group_full,immer,108,70,178,1.2242,0.7752,0.449,0.6556,9.0831,direct,88221,90297
direct_vs_group_full,meinem,26,9,35,0.2947,0.0997,0.195,1.5135,9.0171,direct,88221,90297
direct_vs_group_full,bezugstherapeutischen,15,3,18,0.17,0.0332,0.1368,2.1804,9.0146,direct,88221,90297
direct_vs_group_full,unsere,15,3,18,0.17,0.0332,0.1368,2.1804,9.0146,direct,88221,90297
direct_vs_group_full,45,29,11,40,0.3287,0.1218,0.2069,1.3926,8.8223,direct,88221,90297
direct_vs_group_full,Sie,148,208,356,1.6776,2.3035,-0.6259,-0.456,8.8134,group,88221,90297
direct_vs_group_full,Abschied,2,13,15,0.0227,0.144,-0.1213,-2.3994,8.7604,group,88221,90297
direct_vs_group_full,CT,2,13,15,0.0227,0.144,-0.1213,-2.3994,8.7604,group,88221,90297
direct_vs_group_full,Infliximab,2,13,15,0.0227,0.144,-0.1213,-2.3994,8.7604,group,88221,90297
direct_vs_group_full,Leberwerte,2,13,15,0.0227,0.144,-0.1213,-2.3994,8.7604,group,88221,90297
direct_vs_group_full,Verhalten,2,13,15,0.0227,0.144,-0.1213,-2.3994,8.7604,group,88221,90297
direct_vs_group_full,starker,2,13,15,0.0227,0.144,-0.1213,-2.3994,8.7604,group,88221,90297
direct_vs_group_full,verstehen,2,13,15,0.0227,0.144,-0.1213,-2.3994,8.7604,group,88221,90297
direct_vs_group_full,Messung,10,1,11,0.1134,0.0111,0.1023,2.8409,8.7581,direct,88221,90297
direct_vs_group_full,Okay,10,1,11,0.1134,0.0111,0.1023,2.8409,8.7581,direct,88221,90297
direct_vs_group_full,findest,10,1,11,0.1134,0.0111,0.1023,2.8409,8.7581,direct,88221,90297
direct_vs_group_full,musst,10,1,11,0.1134,0.0111,0.1023,2.8409,8.7581,direct,88221,90297
direct_vs_group_full,würdest,10,1,11,0.1134,0.0111,0.1023,2.8409,8.7581,direct,88221,90297
direct_vs_group_full,zeit,10,1,11,0.1134,0.0111,0.1023,2.8409,8.7581,direct,88221,90297
direct_vs_group_full,anschauen,24,8,32,0.272,0.0886,0.1834,1.5608,8.7484,direct,88221,90297
direct_vs_group_full,bescheid,24,8,32,0.272,0.0886,0.1834,1.5608,8.7484,direct,88221,90297
direct_vs_group_full,gedacht,24,8,32,0.272,0.0886,0.1834,1.5608,8.7484,direct,88221,90297
direct_vs_group_full,Gefühl,13,33,46,0.1474,0.3655,-0.2181,-1.2776,8.5338,group,88221,90297
direct_vs_group_full,berichtet,13,33,46,0.1474,0.3655,-0.2181,-1.2776,8.5338,group,88221,90297
direct_vs_group_full,uns,139,97,236,1.5756,1.0742,0.5014,0.5503,8.5233,direct,88221,90297
direct_vs_group_full,Supervision,22,7,29,0.2494,0.0775,0.1719,1.6185,8.5008,direct,88221,90297
direct_vs_group_full,Lieber,42,20,62,0.4761,0.2215,0.2546,1.0854,8.4992,direct,88221,90297
direct_vs_group_full,erfolgt,25,51,76,0.2834,0.5648,-0.2814,-0.9805,8.4824,group,88221,90297
direct_vs_group_full,Besprechung,6,21,27,0.068,0.2326,-0.1646,-1.6923,8.4806,group,88221,90297
direct_vs_group_full,Achso,6,0,6,0.068,0.0,0.068,3.734,8.4581,direct,88221,90297
direct_vs_group_full,Anleitung,6,0,6,0.068,0.0,0.068,3.734,8.4581,direct,88221,90297
direct_vs_group_full,BA,6,0,6,0.068,0.0,0.068,3.734,8.4581,direct,88221,90297
direct_vs_group_full,Deinen,6,0,6,0.068,0.0,0.068,3.734,8.4581,direct,88221,90297
direct_vs_group_full,Gewichtshaltevertrag,6,0,6,0.068,0.0,0.068,3.734,8.4581,direct,88221,90297
direct_vs_group_full,Glühwein,6,0,6,0.068,0.0,0.068,3.734,8.4581,direct,88221,90297
direct_vs_group_full,Mache,6,0,6,0.068,0.0,0.068,3.734,8.4581,direct,88221,90297
direct_vs_group_full,Mensa,6,0,6,0.068,0.0,0.068,3.734,8.4581,direct,88221,90297
direct_vs_group_full,Normbereich,6,0,6,0.068,0.0,0.068,3.734,8.4581,direct,88221,90297
direct_vs_group_full,Selbsterfahrung,6,0,6,0.068,0.0,0.068,3.734,8.4581,direct,88221,90297
direct_vs_group_full,Wo,6,0,6,0.068,0.0,0.068,3.734,8.4581,direct,88221,90297
direct_vs_group_full,abzusprechen,6,0,6,0.068,0.0,0.068,3.734,8.4581,direct,88221,90297
direct_vs_group_full,bestehender,6,0,6,0.068,0.0,0.068,3.734,8.4581,direct,88221,90297
direct_vs_group_full,installieren,6,0,6,0.068,0.0,0.068,3.734,8.4581,direct,88221,90297
direct_vs_group_full,kleines,6,0,6,0.068,0.0,0.068,3.734,8.4581,direct,88221,90297
direct_vs_group_full,no,6,0,6,0.068,0.0,0.068,3.734,8.4581,direct,88221,90297
direct_vs_group_full,sagst,6,0,6,0.068,0.0,0.068,3.734,8.4581,direct,88221,90297
direct_vs_group_full,sprich,6,0,6,0.068,0.0,0.068,3.734,8.4581,direct,88221,90297
direct_vs_group_full,vermeiden,6,0,6,0.068,0.0,0.068,3.734,8.4581,direct,88221,90297
direct_vs_group_full,wen,6,0,6,0.068,0.0,0.068,3.734,8.4581,direct,88221,90297
direct_vs_group_full,zurückrufen,6,0,6,0.068,0.0,0.068,3.734,8.4581,direct,88221,90297
direct_vs_group_full,Emotionen,3,15,18,0.034,0.1661,-0.1321,-2.1133,8.4564,group,88221,90297
direct_vs_group_full,Telefonnummer,104,68,172,1.1789,0.7531,0.4258,0.6429,8.4515,direct,88221,90297
direct_vs_group_full,Suizidgedanken,5,19,24,0.0567,0.2104,-0.1537,-1.7924,8.3852,group,88221,90297
direct_vs_group_full,Wer,5,19,24,0.0567,0.2104,-0.1537,-1.7924,8.3852,group,88221,90297
direct_vs_group_full,16,19,42,61,0.2154,0.4651,-0.2498,-1.0904,8.3636,group,88221,90297
direct_vs_group_full,gemacht,70,41,111,0.7935,0.4541,0.3394,0.7981,8.3547,direct,88221,90297
direct_vs_group_full,6h,1,10,11,0.0113,0.1107,-0.0994,-2.7738,8.3394,group,88221,90297
direct_vs_group_full,Besuch,1,10,11,0.0113,0.1107,-0.0994,-2.7738,8.3394,group,88221,90297
direct_vs_group_full,HG,1,10,11,0.0113,0.1107,-0.0994,-2.7738,8.3394,group,88221,90297
direct_vs_group_full,Nachtrag,1,10,11,0.0113,0.1107,-0.0994,-2.7738,8.3394,group,88221,90297
direct_vs_group_full,festen,1,10,11,0.0113,0.1107,-0.0994,-2.7738,8.3394,group,88221,90297
direct_vs_group_full,öffnen,1,10,11,0.0113,0.1107,-0.0994,-2.7738,8.3394,group,88221,90297
direct_vs_group_full,Neuaufnahmen,20,6,26,0.2267,0.0664,0.1603,1.6907,8.2822,direct,88221,90297
direct_vs_group_full,bevor,20,6,26,0.2267,0.0664,0.1603,1.6907,8.2822,direct,88221,90297
direct_vs_group_full,Station,61,99,160,0.6914,1.0964,-0.4049,-0.6606,8.2496,group,88221,90297
direct_vs_group_full,zu,627,749,1376,7.1072,8.2948,-1.1877,-0.2228,8.1796,group,88221,90297
direct_vs_group_full,ABiose,0,6,6,0.0,0.0664,-0.0664,-3.6669,8.179,group,88221,90297
direct_vs_group_full,Antriebslosigkeit,0,6,6,0.0,0.0664,-0.0664,-3.6669,8.179,group,88221,90297
direct_vs_group_full,Antworten,0,6,6,0.0,0.0664,-0.0664,-3.6669,8.179,group,88221,90297
direct_vs_group_full,Begleitung,0,6,6,0.0,0.0664,-0.0664,-3.6669,8.179,group,88221,90297
direct_vs_group_full,Begrenzung,0,6,6,0.0,0.0664,-0.0664,-3.6669,8.179,group,88221,90297
direct_vs_group_full,Bex,0,6,6,0.0,0.0664,-0.0664,-3.6669,8.179,group,88221,90297
direct_vs_group_full,Blutgruppe,0,6,6,0.0,0.0664,-0.0664,-3.6669,8.179,group,88221,90297
direct_vs_group_full,Bringt,0,6,6,0.0,0.0664,-0.0664,-3.6669,8.179,group,88221,90297
direct_vs_group_full,Eintragung,0,6,6,0.0,0.0664,-0.0664,-3.6669,8.179,group,88221,90297
direct_vs_group_full,Elternhaus,0,6,6,0.0,0.0664,-0.0664,-3.6669,8.179,group,88221,90297
direct_vs_group_full,Endosono,0,6,6,0.0,0.0664,-0.0664,-3.6669,8.179,group,88221,90297
direct_vs_group_full,Entlasstermin,0,6,6,0.0,0.0664,-0.0664,-3.6669,8.179,group,88221,90297
direct_vs_group_full,Erwartungen,0,6,6,0.0,0.0664,-0.0664,-3.6669,8.179,group,88221,90297
direct_vs_group_full,Farbe,0,6,6,0.0,0.0664,-0.0664,-3.6669,8.179,group,88221,90297
direct_vs_group_full,Fosfomycin,0,6,6,0.0,0.0664,-0.0664,-3.6669,8.179,group,88221,90297
direct_vs_group_full,Gelände,0,6,6,0.0,0.0664,-0.0664,-3.6669,8.179,group,88221,90297
direct_vs_group_full,Hashtag_Erschöpfung,0,6,6,0.0,0.0664,-0.0664,-3.6669,8.179,group,88221,90297
direct_vs_group_full,Koloskopie,0,6,6,0.0,0.0664,-0.0664,-3.6669,8.179,group,88221,90297
direct_vs_group_full,Kommunikation,0,6,6,0.0,0.0664,-0.0664,-3.6669,8.179,group,88221,90297
direct_vs_group_full,Krankheitsverständnis,0,6,6,0.0,0.0664,-0.0664,-3.6669,8.179,group,88221,90297
direct_vs_group_full,LAE,0,6,6,0.0,0.0664,-0.0664,-3.6669,8.179,group,88221,90297
direct_vs_group_full,MDMAppstore,0,6,6,0.0,0.0664,-0.0664,-3.6669,8.179,group,88221,90297
direct_vs_group_full,Meinungen,0,6,6,0.0,0.0664,-0.0664,-3.6669,8.179,group,88221,90297
direct_vs_group_full,Mobile,0,6,6,0.0,0.0664,-0.0664,-3.6669,8.179,group,88221,90297
direct_vs_group_full,Nierenwerte,0,6,6,0.0,0.0664,-0.0664,-3.6669,8.179,group,88221,90297
direct_vs_group_full,Ostern,0,6,6,0.0,0.0664,-0.0664,-3.6669,8.179,group,88221,90297
direct_vs_group_full,Phase,0,6,6,0.0,0.0664,-0.0664,-3.6669,8.179,group,88221,90297
direct_vs_group_full,Profil,0,6,6,0.0,0.0664,-0.0664,-3.6669,8.179,group,88221,90297
direct_vs_group_full,SAPEMR,0,6,6,0.0,0.0664,-0.0664,-3.6669,8.179,group,88221,90297
direct_vs_group_full,Schnarchen,0,6,6,0.0,0.0664,-0.0664,-3.6669,8.179,group,88221,90297
direct_vs_group_full,Song,0,6,6,0.0,0.0664,-0.0664,-3.6669,8.179,group,88221,90297
direct_vs_group_full,Soziale,0,6,6,0.0,0.0664,-0.0664,-3.6669,8.179,group,88221,90297
direct_vs_group_full,Studieninformation,0,6,6,0.0,0.0664,-0.0664,-3.6669,8.179,group,88221,90297
direct_vs_group_full,Therapeuten,0,6,6,0.0,0.0664,-0.0664,-3.6669,8.179,group,88221,90297
direct_vs_group_full,Therapieversuch,0,6,6,0.0,0.0664,-0.0664,-3.6669,8.179,group,88221,90297
direct_vs_group_full,Trop,0,6,6,0.0,0.0664,-0.0664,-3.6669,8.179,group,88221,90297
direct_vs_group_full,Tränen,0,6,6,0.0,0.0664,-0.0664,-3.6669,8.179,group,88221,90297
direct_vs_group_full,Verantwortung,0,6,6,0.0,0.0664,-0.0664,-3.6669,8.179,group,88221,90297
direct_vs_group_full,Wärme,0,6,6,0.0,0.0664,-0.0664,-3.6669,8.179,group,88221,90297
direct_vs_group_full,belasten,0,6,6,0.0,0.0664,-0.0664,-3.6669,8.179,group,88221,90297
direct_vs_group_full,betont,0,6,6,0.0,0.0664,-0.0664,-3.6669,8.179,group,88221,90297
direct_vs_group_full,de,0,6,6,0.0,0.0664,-0.0664,-3.6669,8.179,group,88221,90297
direct_vs_group_full,einerseits,0,6,6,0.0,0.0664,-0.0664,-3.6669,8.179,group,88221,90297
direct_vs_group_full,eingehen,0,6,6,0.0,0.0664,-0.0664,-3.6669,8.179,group,88221,90297
direct_vs_group_full,entschuldigen,0,6,6,0.0,0.0664,-0.0664,-3.6669,8.179,group,88221,90297
direct_vs_group_full,erkennen,0,6,6,0.0,0.0664,-0.0664,-3.6669,8.179,group,88221,90297
direct_vs_group_full,erreichte,0,6,6,0.0,0.0664,-0.0664,-3.6669,8.179,group,88221,90297
direct_vs_group_full,erschöpft,0,6,6,0.0,0.0664,-0.0664,-3.6669,8.179,group,88221,90297
direct_vs_group_full,gebraucht,0,6,6,0.0,0.0664,-0.0664,-3.6669,8.179,group,88221,90297
direct_vs_group_full,iphone,0,6,6,0.0,0.0664,-0.0664,-3.6669,8.179,group,88221,90297
direct_vs_group_full,niedrigem,0,6,6,0.0,0.0664,-0.0664,-3.6669,8.179,group,88221,90297
direct_vs_group_full,positioniert,0,6,6,0.0,0.0664,-0.0664,-3.6669,8.179,group,88221,90297
direct_vs_group_full,rot,0,6,6,0.0,0.0664,-0.0664,-3.6669,8.179,group,88221,90297
direct_vs_group_full,schriftlichen,0,6,6,0.0,0.0664,-0.0664,-3.6669,8.179,group,88221,90297
direct_vs_group_full,schwierigen,0,6,6,0.0,0.0664,-0.0664,-3.6669,8.179,group,88221,90297
direct_vs_group_full,suizidal,0,6,6,0.0,0.0664,-0.0664,-3.6669,8.179,group,88221,90297
direct_vs_group_full,vorgenommen,0,6,6,0.0,0.0664,-0.0664,-3.6669,8.179,group,88221,90297
direct_vs_group_full,widersprochen,0,6,6,0.0,0.0664,-0.0664,-3.6669,8.179,group,88221,90297
direct_vs_group_full,zahlreiche,0,6,6,0.0,0.0664,-0.0664,-3.6669,8.179,group,88221,90297
direct_vs_group_full,Kurve,12,2,14,0.136,0.0221,0.1139,2.3555,8.1593,direct,88221,90297
direct_vs_group_full,brauchst,12,2,14,0.136,0.0221,0.1139,2.3555,8.1593,direct,88221,90297
direct_vs_group_full,bestimmt,18,5,23,0.204,0.0554,0.1487,1.7836,8.1053,direct,88221,90297
direct_vs_group_full,ihr,422,352,774,4.7834,3.8982,0.8852,0.2949,8.0722,direct,88221,90297
direct_vs_group_full,laut,20,43,63,0.2267,0.4762,-0.2495,-1.0518,8.0676,group,88221,90297
direct_vs_group_full,Nachricht,28,11,39,0.3174,0.1218,0.1956,1.3429,8.0655,direct,88221,90297
direct_vs_group_full,denke,34,15,49,0.3854,0.1661,0.2193,1.1879,8.0126,direct,88221,90297
direct_vs_group_full,Umstellung,8,24,32,0.0907,0.2658,-0.1751,-1.4937,8.0042,group,88221,90297
direct_vs_group_full,während,8,24,32,0.0907,0.2658,-0.1751,-1.4937,8.0042,group,88221,90297
direct_vs_group_full,gefragt,44,22,66,0.4987,0.2436,0.2551,1.0174,7.9962,direct,88221,90297
direct_vs_group_full,Nein,16,4,20,0.1814,0.0443,0.1371,1.908,7.9916,direct,88221,90297
direct_vs_group_full,Schirm,14,3,17,0.1587,0.0332,0.1255,2.0842,7.9812,direct,88221,90297
direct_vs_group_full,kommen,64,37,101,0.7255,0.4098,0.3157,0.816,7.948,direct,88221,90297
direct_vs_group_full,gern,52,28,80,0.5894,0.3101,0.2793,0.9149,7.8811,direct,88221,90297
direct_vs_group_full,die,1363,1250,2613,15.4498,13.8432,1.6066,0.1584,7.8699,direct,88221,90297
direct_vs_group_full,zeigte,13,32,45,0.1474,0.3544,-0.207,-1.2339,7.8436,group,88221,90297
direct_vs_group_full,Empfehlung,7,22,29,0.0793,0.2436,-0.1643,-1.5514,7.803,group,88221,90297
direct_vs_group_full,Weihnachten,7,22,29,0.0793,0.2436,-0.1643,-1.5514,7.803,group,88221,90297
direct_vs_group_full,Anorexie,21,44,65,0.238,0.4873,-0.2492,-1.0159,7.7912,group,88221,90297
direct_vs_group_full,RR,15,35,50,0.17,0.3876,-0.2176,-1.162,7.7699,group,88221,90297
direct_vs_group_full,Gruppen,10,27,37,0.1134,0.299,-0.1857,-1.3555,7.7215,group,88221,90297
direct_vs_group_full,erneut,10,27,37,0.1134,0.299,-0.1857,-1.3555,7.7215,group,88221,90297
direct_vs_group_full,Kanäle,2,12,14,0.0227,0.1329,-0.1102,-2.2884,7.6942,group,88221,90297
direct_vs_group_full,Kopfschmerzen,2,12,14,0.0227,0.1329,-0.1102,-2.2884,7.6942,group,88221,90297
direct_vs_group_full,Maske,2,12,14,0.0227,0.1329,-0.1102,-2.2884,7.6942,group,88221,90297
direct_vs_group_full,Ruf,2,12,14,0.0227,0.1329,-0.1102,-2.2884,7.6942,group,88221,90297
direct_vs_group_full,Versuch,2,12,14,0.0227,0.1329,-0.1102,-2.2884,7.6942,group,88221,90297
direct_vs_group_full,akute,2,12,14,0.0227,0.1329,-0.1102,-2.2884,7.6942,group,88221,90297
direct_vs_group_full,anzusprechen,2,12,14,0.0227,0.1329,-0.1102,-2.2884,7.6942,group,88221,90297
direct_vs_group_full,angepasst,6,20,26,0.068,0.2215,-0.1535,-1.6236,7.6309,group,88221,90297
direct_vs_group_full,inzwischen,6,20,26,0.068,0.2215,-0.1535,-1.6236,7.6309,group,88221,90297
direct_vs_group_full,im,516,622,1138,5.8489,6.8884,-1.0394,-0.2357,7.5762,group,88221,90297
direct_vs_group_full,3,53,87,140,0.6008,0.9635,-0.3627,-0.6762,7.5684,group,88221,90297
direct_vs_group_full,Situation,12,30,42,0.136,0.3322,-0.1962,-1.2533,7.5567,group,88221,90297
direct_vs_group_full,Arthrose,9,1,10,0.102,0.0111,0.0909,2.6965,7.5487,direct,88221,90297
direct_vs_group_full,Chat,9,1,10,0.102,0.0111,0.0909,2.6965,7.5487,direct,88221,90297
direct_vs_group_full,ausgefüllt,9,1,10,0.102,0.0111,0.0909,2.6965,7.5487,direct,88221,90297
direct_vs_group_full,gehst,9,1,10,0.102,0.0111,0.0909,2.6965,7.5487,direct,88221,90297
direct_vs_group_full,habs,9,1,10,0.102,0.0111,0.0909,2.6965,7.5487,direct,88221,90297
direct_vs_group_full,mittwoch,9,1,10,0.102,0.0111,0.0909,2.6965,7.5487,direct,88221,90297
direct_vs_group_full,tauschen,9,1,10,0.102,0.0111,0.0909,2.6965,7.5487,direct,88221,90297
direct_vs_group_full,damit,87,56,143,0.9862,0.6202,0.366,0.6646,7.5143,direct,88221,90297
direct_vs_group_full,A,5,18,23,0.0567,0.1993,-0.1427,-1.7165,7.5005,group,88221,90297
direct_vs_group_full,Erbrechen,5,18,23,0.0567,0.1993,-0.1427,-1.7165,7.5005,group,88221,90297
direct_vs_group_full,Gruppentherapie,5,18,23,0.0567,0.1993,-0.1427,-1.7165,7.5005,group,88221,90297
direct_vs_group_full,Nacht,5,18,23,0.0567,0.1993,-0.1427,-1.7165,7.5005,group,88221,90297
direct_vs_group_full,Teilnahme,5,18,23,0.0567,0.1993,-0.1427,-1.7165,7.5005,group,88221,90297
direct_vs_group_full,25mg,3,14,17,0.034,0.155,-0.121,-2.0171,7.4695,group,88221,90297
direct_vs_group_full,Arzt,3,14,17,0.034,0.155,-0.121,-2.0171,7.4695,group,88221,90297
direct_vs_group_full,Wünsche,3,14,17,0.034,0.155,-0.121,-2.0171,7.4695,group,88221,90297
direct_vs_group_full,festgelegt,3,14,17,0.034,0.155,-0.121,-2.0171,7.4695,group,88221,90297
direct_vs_group_full,kommt,68,41,109,0.7708,0.4541,0.3167,0.7565,7.4009,direct,88221,90297
direct_vs_group_full,Fresubin,55,31,86,0.6234,0.3433,0.2801,0.8507,7.3573,direct,88221,90297
direct_vs_group_full,Steigerung,8,23,31,0.0907,0.2547,-0.164,-1.4336,7.227,group,88221,90297
direct_vs_group_full,darf,21,43,64,0.238,0.4762,-0.2382,-0.9831,7.2159,group,88221,90297
direct_vs_group_full,schaue,17,5,22,0.1927,0.0554,0.1373,1.7034,7.1983,direct,88221,90297
direct_vs_group_full,1h,1,9,10,0.0113,0.0997,-0.0883,-2.6294,7.1766,group,88221,90297
direct_vs_group_full,30mg,1,9,10,0.0113,0.0997,-0.0883,-2.6294,7.1766,group,88221,90297
direct_vs_group_full,Abgrenzung,1,9,10,0.0113,0.0997,-0.0883,-2.6294,7.1766,group,88221,90297
direct_vs_group_full,Entscheidungen,1,9,10,0.0113,0.0997,-0.0883,-2.6294,7.1766,group,88221,90297
direct_vs_group_full,Stuhlgang,1,9,10,0.0113,0.0997,-0.0883,-2.6294,7.1766,group,88221,90297
direct_vs_group_full,akuten,1,9,10,0.0113,0.0997,-0.0883,-2.6294,7.1766,group,88221,90297
direct_vs_group_full,geplante,1,9,10,0.0113,0.0997,-0.0883,-2.6294,7.1766,group,88221,90297
direct_vs_group_full,kamen,1,9,10,0.0113,0.0997,-0.0883,-2.6294,7.1766,group,88221,90297
direct_vs_group_full,klagt,1,9,10,0.0113,0.0997,-0.0883,-2.6294,7.1766,group,88221,90297
direct_vs_group_full,medikamentös,1,9,10,0.0113,0.0997,-0.0883,-2.6294,7.1766,group,88221,90297
direct_vs_group_full,ruhiger,1,9,10,0.0113,0.0997,-0.0883,-2.6294,7.1766,group,88221,90297
direct_vs_group_full,Überblick,1,9,10,0.0113,0.0997,-0.0883,-2.6294,7.1766,group,88221,90297
direct_vs_group_full,ohne,29,54,83,0.3287,0.598,-0.2693,-0.852,7.0781,group,88221,90297
direct_vs_group_full,Erinnerung,11,2,13,0.1247,0.0221,0.1025,2.2352,7.0705,direct,88221,90297
direct_vs_group_full,Feierabend,11,2,13,0.1247,0.0221,0.1025,2.2352,7.0705,direct,88221,90297
direct_vs_group_full,unten,11,2,13,0.1247,0.0221,0.1025,2.2352,7.0705,direct,88221,90297
direct_vs_group_full,unterschreiben,11,2,13,0.1247,0.0221,0.1025,2.2352,7.0705,direct,88221,90297
direct_vs_group_full,ACT,5,0,5,0.0567,0.0,0.0567,3.493,7.0484,direct,88221,90297
direct_vs_group_full,Atrophie,5,0,5,0.0567,0.0,0.0567,3.493,7.0484,direct,88221,90297
direct_vs_group_full,Aufnahmegespräch,5,0,5,0.0567,0.0,0.0567,3.493,7.0484,direct,88221,90297
direct_vs_group_full,Bestellung,5,0,5,0.0567,0.0,0.0567,3.493,7.0484,direct,88221,90297
direct_vs_group_full,Fehler,5,0,5,0.0567,0.0,0.0567,3.493,7.0484,direct,88221,90297
direct_vs_group_full,Gang,5,0,5,0.0567,0.0,0.0567,3.493,7.0484,direct,88221,90297
direct_vs_group_full,Gesprächs,5,0,5,0.0567,0.0,0.0567,3.493,7.0484,direct,88221,90297
direct_vs_group_full,Hej,5,0,5,0.0567,0.0,0.0567,3.493,7.0484,direct,88221,90297
direct_vs_group_full,Homeoffice,5,0,5,0.0567,0.0,0.0567,3.493,7.0484,direct,88221,90297
direct_vs_group_full,Interessant,5,0,5,0.0567,0.0,0.0567,3.493,7.0484,direct,88221,90297
direct_vs_group_full,Liegen,5,0,5,0.0567,0.0,0.0567,3.493,7.0484,direct,88221,90297
direct_vs_group_full,Mittw,5,0,5,0.0567,0.0,0.0567,3.493,7.0484,direct,88221,90297
direct_vs_group_full,Sollen,5,0,5,0.0567,0.0,0.0567,3.493,7.0484,direct,88221,90297
direct_vs_group_full,Untergrenze,5,0,5,0.0567,0.0,0.0567,3.493,7.0484,direct,88221,90297
direct_vs_group_full,Zusatznahrung,5,0,5,0.0567,0.0,0.0567,3.493,7.0484,direct,88221,90297
direct_vs_group_full,angezeigt,5,0,5,0.0567,0.0,0.0567,3.493,7.0484,direct,88221,90297
direct_vs_group_full,ausgehändigt,5,0,5,0.0567,0.0,0.0567,3.493,7.0484,direct,88221,90297
direct_vs_group_full,blöd,5,0,5,0.0567,0.0,0.0567,3.493,7.0484,direct,88221,90297
direct_vs_group_full,chaotisch,5,0,5,0.0567,0.0,0.0567,3.493,7.0484,direct,88221,90297
direct_vs_group_full,deines,5,0,5,0.0567,0.0,0.0567,3.493,7.0484,direct,88221,90297
direct_vs_group_full,euer,5,0,5,0.0567,0.0,0.0567,3.493,7.0484,direct,88221,90297
direct_vs_group_full,for,5,0,5,0.0567,0.0,0.0567,3.493,7.0484,direct,88221,90297
direct_vs_group_full,klicken,5,0,5,0.0567,0.0,0.0567,3.493,7.0484,direct,88221,90297
direct_vs_group_full,letzteres,5,0,5,0.0567,0.0,0.0567,3.493,7.0484,direct,88221,90297
direct_vs_group_full,nee,5,0,5,0.0567,0.0,0.0567,3.493,7.0484,direct,88221,90297
direct_vs_group_full,rief,5,0,5,0.0567,0.0,0.0567,3.493,7.0484,direct,88221,90297
direct_vs_group_full,unaufällig,5,0,5,0.0567,0.0,0.0567,3.493,7.0484,direct,88221,90297
direct_vs_group_full,versendet,5,0,5,0.0567,0.0,0.0567,3.493,7.0484,direct,88221,90297
direct_vs_group_full,vorbeischauen,5,0,5,0.0567,0.0,0.0567,3.493,7.0484,direct,88221,90297
direct_vs_group_full,vorbereitet,5,0,5,0.0567,0.0,0.0567,3.493,7.0484,direct,88221,90297
direct_vs_group_full,Praktikantin,15,4,19,0.17,0.0443,0.1257,1.8178,7.0412,direct,88221,90297
direct_vs_group_full,lass,15,4,19,0.17,0.0443,0.1257,1.8178,7.0412,direct,88221,90297
direct_vs_group_full,Abdomen,7,21,28,0.0793,0.2326,-0.1532,-1.4858,7.0036,group,88221,90297
direct_vs_group_full,leicht,7,21,28,0.0793,0.2326,-0.1532,-1.4858,7.0036,group,88221,90297
direct_vs_group_full,leider,111,77,188,1.2582,0.8527,0.4055,0.5583,6.9991,direct,88221,90297
direct_vs_group_full,Ach,13,3,16,0.1474,0.0332,0.1141,1.9811,6.973,direct,88221,90297
direct_vs_group_full,Anmeldung,13,3,16,0.1474,0.0332,0.1141,1.9811,6.973,direct,88221,90297
direct_vs_group_full,Lust,13,3,16,0.1474,0.0332,0.1141,1.9811,6.973,direct,88221,90297
direct_vs_group_full,TSH,13,3,16,0.1474,0.0332,0.1141,1.9811,6.973,direct,88221,90297
direct_vs_group_full,sweat_smile,13,3,16,0.1474,0.0332,0.1141,1.9811,6.973,direct,88221,90297
direct_vs_group_full,3h,0,5,5,0.0,0.0554,-0.0554,-3.4259,6.8159,group,88221,90297
direct_vs_group_full,AGS,0,5,5,0.0,0.0554,-0.0554,-3.4259,6.8159,group,88221,90297
direct_vs_group_full,Abilify,0,5,5,0.0,0.0554,-0.0554,-3.4259,6.8159,group,88221,90297
direct_vs_group_full,Abstimmung,0,5,5,0.0,0.0554,-0.0554,-3.4259,6.8159,group,88221,90297
direct_vs_group_full,Agnus,0,5,5,0.0,0.0554,-0.0554,-3.4259,6.8159,group,88221,90297
direct_vs_group_full,Akzeptanz,0,5,5,0.0,0.0554,-0.0554,-3.4259,6.8159,group,88221,90297
direct_vs_group_full,Anhalt,0,5,5,0.0,0.0554,-0.0554,-3.4259,6.8159,group,88221,90297
direct_vs_group_full,Ankunft,0,5,5,0.0,0.0554,-0.0554,-3.4259,6.8159,group,88221,90297
direct_vs_group_full,Ansatzpunkte,0,5,5,0.0,0.0554,-0.0554,-3.4259,6.8159,group,88221,90297
direct_vs_group_full,Ansätzen,0,5,5,0.0,0.0554,-0.0554,-3.4259,6.8159,group,88221,90297
direct_vs_group_full,Anästhesie,0,5,5,0.0,0.0554,-0.0554,-3.4259,6.8159,group,88221,90297
direct_vs_group_full,Balance,0,5,5,0.0,0.0554,-0.0554,-3.4259,6.8159,group,88221,90297
direct_vs_group_full,Ball,0,5,5,0.0,0.0554,-0.0554,-3.4259,6.8159,group,88221,90297
direct_vs_group_full,Begutachtung,0,5,5,0.0,0.0554,-0.0554,-3.4259,6.8159,group,88221,90297
direct_vs_group_full,Buprenorphin,0,5,5,0.0,0.0554,-0.0554,-3.4259,6.8159,group,88221,90297
direct_vs_group_full,Castus,0,5,5,0.0,0.0554,-0.0554,-3.4259,6.8159,group,88221,90297
direct_vs_group_full,Cave,0,5,5,0.0,0.0554,-0.0554,-3.4259,6.8159,group,88221,90297
direct_vs_group_full,ES,0,5,5,0.0,0.0554,-0.0554,-3.4259,6.8159,group,88221,90297
direct_vs_group_full,Eindrücke,0,5,5,0.0,0.0554,-0.0554,-3.4259,6.8159,group,88221,90297
direct_vs_group_full,Einmalgabe,0,5,5,0.0,0.0554,-0.0554,-3.4259,6.8159,group,88221,90297
direct_vs_group_full,Einzelzimmer,0,5,5,0.0,0.0554,-0.0554,-3.4259,6.8159,group,88221,90297
direct_vs_group_full,Elektrolyt,0,5,5,0.0,0.0554,-0.0554,-3.4259,6.8159,group,88221,90297
direct_vs_group_full,Emotion,0,5,5,0.0,0.0554,-0.0554,-3.4259,6.8159,group,88221,90297
direct_vs_group_full,Erhält,0,5,5,0.0,0.0554,-0.0554,-3.4259,6.8159,group,88221,90297
direct_vs_group_full,Essgruppenraum,0,5,5,0.0,0.0554,-0.0554,-3.4259,6.8159,group,88221,90297
direct_vs_group_full,Eure,0,5,5,0.0,0.0554,-0.0554,-3.4259,6.8159,group,88221,90297
direct_vs_group_full,Exploration,0,5,5,0.0,0.0554,-0.0554,-3.4259,6.8159,group,88221,90297
direct_vs_group_full,Fatigue,0,5,5,0.0,0.0554,-0.0554,-3.4259,6.8159,group,88221,90297
direct_vs_group_full,Fraglich,0,5,5,0.0,0.0554,-0.0554,-3.4259,6.8159,group,88221,90297
direct_vs_group_full,Freundeskreis,0,5,5,0.0,0.0554,-0.0554,-3.4259,6.8159,group,88221,90297
direct_vs_group_full,Frust,0,5,5,0.0,0.0554,-0.0554,-3.4259,6.8159,group,88221,90297
direct_vs_group_full,Fühle,0,5,5,0.0,0.0554,-0.0554,-3.4259,6.8159,group,88221,90297
direct_vs_group_full,Gesundheitszustand,0,5,5,0.0,0.0554,-0.0554,-3.4259,6.8159,group,88221,90297
direct_vs_group_full,Grundsätzlich,0,5,5,0.0,0.0554,-0.0554,-3.4259,6.8159,group,88221,90297
direct_vs_group_full,Gymnastikraum,0,5,5,0.0,0.0554,-0.0554,-3.4259,6.8159,group,88221,90297
direct_vs_group_full,Hauspost,0,5,5,0.0,0.0554,-0.0554,-3.4259,6.8159,group,88221,90297
direct_vs_group_full,Infektion,0,5,5,0.0,0.0554,-0.0554,-3.4259,6.8159,group,88221,90297
direct_vs_group_full,Instrumente,0,5,5,0.0,0.0554,-0.0554,-3.4259,6.8159,group,88221,90297
direct_vs_group_full,Insuffizienz,0,5,5,0.0,0.0554,-0.0554,-3.4259,6.8159,group,88221,90297
direct_vs_group_full,Iono,0,5,5,0.0,0.0554,-0.0554,-3.4259,6.8159,group,88221,90297
direct_vs_group_full,K+,0,5,5,0.0,0.0554,-0.0554,-3.4259,6.8159,group,88221,90297
direct_vs_group_full,Kopfschmerz,0,5,5,0.0,0.0554,-0.0554,-3.4259,6.8159,group,88221,90297
direct_vs_group_full,Kuchen,0,5,5,0.0,0.0554,-0.0554,-3.4259,6.8159,group,88221,90297
direct_vs_group_full,Leistungsdruck,0,5,5,0.0,0.0554,-0.0554,-3.4259,6.8159,group,88221,90297
direct_vs_group_full,Lenkung,0,5,5,0.0,0.0554,-0.0554,-3.4259,6.8159,group,88221,90297
direct_vs_group_full,Luftnot,0,5,5,0.0,0.0554,-0.0554,-3.4259,6.8159,group,88221,90297
direct_vs_group_full,Male,0,5,5,0.0,0.0554,-0.0554,-3.4259,6.8159,group,88221,90297
direct_vs_group_full,Malen,0,5,5,0.0,0.0554,-0.0554,-3.4259,6.8159,group,88221,90297
direct_vs_group_full,Manie,0,5,5,0.0,0.0554,-0.0554,-3.4259,6.8159,group,88221,90297
direct_vs_group_full,Material,0,5,5,0.0,0.0554,-0.0554,-3.4259,6.8159,group,88221,90297
direct_vs_group_full,Materialien,0,5,5,0.0,0.0554,-0.0554,-3.4259,6.8159,group,88221,90297
direct_vs_group_full,Misstrauen,0,5,5,0.0,0.0554,-0.0554,-3.4259,6.8159,group,88221,90297
direct_vs_group_full,Mönchspfeffer,0,5,5,0.0,0.0554,-0.0554,-3.4259,6.8159,group,88221,90297
direct_vs_group_full,Nachtruhe,0,5,5,0.0,0.0554,-0.0554,-3.4259,6.8159,group,88221,90297
direct_vs_group_full,Nachweis,0,5,5,0.0,0.0554,-0.0554,-3.4259,6.8159,group,88221,90297
direct_vs_group_full,Nephro,0,5,5,0.0,0.0554,-0.0554,-3.4259,6.8159,group,88221,90297
direct_vs_group_full,Neue,0,5,5,0.0,0.0554,-0.0554,-3.4259,6.8159,group,88221,90297
direct_vs_group_full,Orthoton,0,5,5,0.0,0.0554,-0.0554,-3.4259,6.8159,group,88221,90297
direct_vs_group_full,PMS,0,5,5,0.0,0.0554,-0.0554,-3.4259,6.8159,group,88221,90297
direct_vs_group_full,Pflaster,0,5,5,0.0,0.0554,-0.0554,-3.4259,6.8159,group,88221,90297
direct_vs_group_full,Phospat,0,5,5,0.0,0.0554,-0.0554,-3.4259,6.8159,group,88221,90297
direct_vs_group_full,Polarisierung,0,5,5,0.0,0.0554,-0.0554,-3.4259,6.8159,group,88221,90297
direct_vs_group_full,Psycho,0,5,5,0.0,0.0554,-0.0554,-3.4259,6.8159,group,88221,90297
direct_vs_group_full,Soziales,0,5,5,0.0,0.0554,-0.0554,-3.4259,6.8159,group,88221,90297
direct_vs_group_full,Teller,0,5,5,0.0,0.0554,-0.0554,-3.4259,6.8159,group,88221,90297
direct_vs_group_full,Today,0,5,5,0.0,0.0554,-0.0554,-3.4259,6.8159,group,88221,90297
direct_vs_group_full,Toxurin,0,5,5,0.0,0.0554,-0.0554,-3.4259,6.8159,group,88221,90297
direct_vs_group_full,Ungeduld,0,5,5,0.0,0.0554,-0.0554,-3.4259,6.8159,group,88221,90297
direct_vs_group_full,Verdachtdiagnosen,0,5,5,0.0,0.0554,-0.0554,-3.4259,6.8159,group,88221,90297
direct_vs_group_full,Verspannungen,0,5,5,0.0,0.0554,-0.0554,-3.4259,6.8159,group,88221,90297
direct_vs_group_full,Werdegang,0,5,5,0.0,0.0554,-0.0554,-3.4259,6.8159,group,88221,90297
direct_vs_group_full,Zeichen,0,5,5,0.0,0.0554,-0.0554,-3.4259,6.8159,group,88221,90297
direct_vs_group_full,Zimmersituation,0,5,5,0.0,0.0554,-0.0554,-3.4259,6.8159,group,88221,90297
direct_vs_group_full,Zuge,0,5,5,0.0,0.0554,-0.0554,-3.4259,6.8159,group,88221,90297
direct_vs_group_full,anfangs,0,5,5,0.0,0.0554,-0.0554,-3.4259,6.8159,group,88221,90297
direct_vs_group_full,ausgeatmet,0,5,5,0.0,0.0554,-0.0554,-3.4259,6.8159,group,88221,90297
direct_vs_group_full,begleiten,0,5,5,0.0,0.0554,-0.0554,-3.4259,6.8159,group,88221,90297
direct_vs_group_full,beruhigen,0,5,5,0.0,0.0554,-0.0554,-3.4259,6.8159,group,88221,90297
direct_vs_group_full,darstellen,0,5,5,0.0,0.0554,-0.0554,-3.4259,6.8159,group,88221,90297
direct_vs_group_full,einsam,0,5,5,0.0,0.0554,-0.0554,-3.4259,6.8159,group,88221,90297
direct_vs_group_full,einschl,0,5,5,0.0,0.0554,-0.0554,-3.4259,6.8159,group,88221,90297
direct_vs_group_full,empfahl,0,5,5,0.0,0.0554,-0.0554,-3.4259,6.8159,group,88221,90297
direct_vs_group_full,engen,0,5,5,0.0,0.0554,-0.0554,-3.4259,6.8159,group,88221,90297
direct_vs_group_full,erleben,0,5,5,0.0,0.0554,-0.0554,-3.4259,6.8159,group,88221,90297
direct_vs_group_full,fokussiert,0,5,5,0.0,0.0554,-0.0554,-3.4259,6.8159,group,88221,90297
direct_vs_group_full,geplanter,0,5,5,0.0,0.0554,-0.0554,-3.4259,6.8159,group,88221,90297
direct_vs_group_full,geseufzt,0,5,5,0.0,0.0554,-0.0554,-3.4259,6.8159,group,88221,90297
direct_vs_group_full,gestresst,0,5,5,0.0,0.0554,-0.0554,-3.4259,6.8159,group,88221,90297
direct_vs_group_full,herrschte,0,5,5,0.0,0.0554,-0.0554,-3.4259,6.8159,group,88221,90297
direct_vs_group_full,hiermit,0,5,5,0.0,0.0554,-0.0554,-3.4259,6.8159,group,88221,90297
direct_vs_group_full,intensive,0,5,5,0.0,0.0554,-0.0554,-3.4259,6.8159,group,88221,90297
direct_vs_group_full,introspektionsfähig,0,5,5,0.0,0.0554,-0.0554,-3.4259,6.8159,group,88221,90297
direct_vs_group_full,klinischen,0,5,5,0.0,0.0554,-0.0554,-3.4259,6.8159,group,88221,90297
direct_vs_group_full,kreative,0,5,5,0.0,0.0554,-0.0554,-3.4259,6.8159,group,88221,90297
direct_vs_group_full,latent,0,5,5,0.0,0.0554,-0.0554,-3.4259,6.8159,group,88221,90297
direct_vs_group_full,lösen,0,5,5,0.0,0.0554,-0.0554,-3.4259,6.8159,group,88221,90297
direct_vs_group_full,misstrauischen,0,5,5,0.0,0.0554,-0.0554,-3.4259,6.8159,group,88221,90297
direct_vs_group_full,oraler,0,5,5,0.0,0.0554,-0.0554,-3.4259,6.8159,group,88221,90297
direct_vs_group_full,passend,0,5,5,0.0,0.0554,-0.0554,-3.4259,6.8159,group,88221,90297
direct_vs_group_full,pausiert,0,5,5,0.0,0.0554,-0.0554,-3.4259,6.8159,group,88221,90297
direct_vs_group_full,psychischer,0,5,5,0.0,0.0554,-0.0554,-3.4259,6.8159,group,88221,90297
direct_vs_group_full,reger,0,5,5,0.0,0.0554,-0.0554,-3.4259,6.8159,group,88221,90297
direct_vs_group_full,resonierte,0,5,5,0.0,0.0554,-0.0554,-3.4259,6.8159,group,88221,90297
direct_vs_group_full,schlug,0,5,5,0.0,0.0554,-0.0554,-3.4259,6.8159,group,88221,90297
direct_vs_group_full,seitens,0,5,5,0.0,0.0554,-0.0554,-3.4259,6.8159,group,88221,90297
direct_vs_group_full,sichtlich,0,5,5,0.0,0.0554,-0.0554,-3.4259,6.8159,group,88221,90297
direct_vs_group_full,sinkt,0,5,5,0.0,0.0554,-0.0554,-3.4259,6.8159,group,88221,90297
direct_vs_group_full,sortieren,0,5,5,0.0,0.0554,-0.0554,-3.4259,6.8159,group,88221,90297
direct_vs_group_full,sprachliche,0,5,5,0.0,0.0554,-0.0554,-3.4259,6.8159,group,88221,90297
direct_vs_group_full,sympathisierte,0,5,5,0.0,0.0554,-0.0554,-3.4259,6.8159,group,88221,90297
direct_vs_group_full,thorakale,0,5,5,0.0,0.0554,-0.0554,-3.4259,6.8159,group,88221,90297
direct_vs_group_full,unangenehm,0,5,5,0.0,0.0554,-0.0554,-3.4259,6.8159,group,88221,90297
direct_vs_group_full,verließ,0,5,5,0.0,0.0554,-0.0554,-3.4259,6.8159,group,88221,90297
direct_vs_group_full,vorsichtige,0,5,5,0.0,0.0554,-0.0554,-3.4259,6.8159,group,88221,90297
direct_vs_group_full,wertschätzende,0,5,5,0.0,0.0554,-0.0554,-3.4259,6.8159,group,88221,90297
direct_vs_group_full,zN,0,5,5,0.0,0.0554,-0.0554,-3.4259,6.8159,group,88221,90297
direct_vs_group_full,berichtete,6,19,25,0.068,0.2104,-0.1424,-1.5514,6.8044,group,88221,90297
direct_vs_group_full,tatsächlich,23,9,32,0.2607,0.0997,0.161,1.3402,6.6671,direct,88221,90297
direct_vs_group_full,Gewicht,80,52,132,0.9068,0.5759,0.3309,0.6502,6.6539,direct,88221,90297
direct_vs_group_full,Beratung,2,11,13,0.0227,0.1218,-0.0991,-2.1681,6.6519,group,88221,90297
direct_vs_group_full,Hashtag_Fr,2,11,13,0.0227,0.1218,-0.0991,-2.1681,6.6519,group,88221,90297
direct_vs_group_full,Tafel,2,11,13,0.0227,0.1218,-0.0991,-2.1681,6.6519,group,88221,90297
direct_vs_group_full,dessen,2,11,13,0.0227,0.1218,-0.0991,-2.1681,6.6519,group,88221,90297
direct_vs_group_full,mobil,2,11,13,0.0227,0.1218,-0.0991,-2.1681,6.6519,group,88221,90297
direct_vs_group_full,offene,2,11,13,0.0227,0.1218,-0.0991,-2.1681,6.6519,group,88221,90297
direct_vs_group_full,man,70,44,114,0.7935,0.4873,0.3062,0.6974,6.6025,direct,88221,90297
direct_vs_group_full,per,18,6,24,0.204,0.0664,0.1376,1.5426,6.5613,direct,88221,90297
direct_vs_group_full,Adipositas,4,15,19,0.0453,0.1661,-0.1208,-1.7507,6.5295,group,88221,90297
direct_vs_group_full,Alltag,4,15,19,0.0453,0.1661,-0.1208,-1.7507,6.5295,group,88221,90297
direct_vs_group_full,Anliegen,4,15,19,0.0453,0.1661,-0.1208,-1.7507,6.5295,group,88221,90297
direct_vs_group_full,bekannt,4,15,19,0.0453,0.1661,-0.1208,-1.7507,6.5295,group,88221,90297
direct_vs_group_full,Leben,3,13,16,0.034,0.144,-0.11,-1.914,6.5078,group,88221,90297
direct_vs_group_full,Spaß,3,13,16,0.034,0.144,-0.11,-1.914,6.5078,group,88221,90297
direct_vs_group_full,Studentenunterricht,3,13,16,0.034,0.144,-0.11,-1.914,6.5078,group,88221,90297
direct_vs_group_full,Zunahme,3,13,16,0.034,0.144,-0.11,-1.914,6.5078,group,88221,90297
direct_vs_group_full,einnehmen,3,13,16,0.034,0.144,-0.11,-1.914,6.5078,group,88221,90297
direct_vs_group_full,gefühlt,3,13,16,0.034,0.144,-0.11,-1.914,6.5078,group,88221,90297
direct_vs_group_full,suchen,3,13,16,0.034,0.144,-0.11,-1.914,6.5078,group,88221,90297
direct_vs_group_full,seinen,8,22,30,0.0907,0.2436,-0.153,-1.3708,6.4723,group,88221,90297
direct_vs_group_full,Ist,40,21,61,0.4534,0.2326,0.2208,0.9471,6.4678,direct,88221,90297
direct_vs_group_full,könnte,108,76,184,1.2242,0.8417,0.3825,0.5377,6.3628,direct,88221,90297
direct_vs_group_full,Forticreme,8,1,9,0.0907,0.0111,0.0796,2.5361,6.3617,direct,88221,90297
direct_vs_group_full,Lg,8,1,9,0.0907,0.0111,0.0796,2.5361,6.3617,direct,88221,90297
direct_vs_group_full,Statin,8,1,9,0.0907,0.0111,0.0796,2.5361,6.3617,direct,88221,90297
direct_vs_group_full,besten,30,14,44,0.3401,0.155,0.185,1.1063,6.3318,direct,88221,90297
direct_vs_group_full,vereinbaren,16,5,21,0.1814,0.0554,0.126,1.6185,6.3181,direct,88221,90297
direct_vs_group_full,Screening,24,10,34,0.272,0.1107,0.1613,1.2559,6.27,direct,88221,90297
direct_vs_group_full,hin,24,10,34,0.272,0.1107,0.1613,1.2559,6.27,direct,88221,90297
direct_vs_group_full,der,1044,1188,2232,11.8339,13.1566,-1.3227,-0.1528,6.2493,group,88221,90297
direct_vs_group_full,BZ,7,20,27,0.0793,0.2215,-0.1421,-1.4171,6.2281,group,88221,90297
direct_vs_group_full,belastet,7,20,27,0.0793,0.2215,-0.1421,-1.4171,6.2281,group,88221,90297
direct_vs_group_full,macht,54,32,86,0.6121,0.3544,0.2577,0.7794,6.2143,direct,88221,90297
direct_vs_group_full,er,196,254,450,2.2217,2.8129,-0.5912,-0.3396,6.2082,group,88221,90297
direct_vs_group_full,schönen,14,4,18,0.1587,0.0443,0.1144,1.7216,6.1189,direct,88221,90297
direct_vs_group_full,umsetzen,14,4,18,0.1587,0.0443,0.1144,1.7216,6.1189,direct,88221,90297
direct_vs_group_full,könnten,42,23,65,0.4761,0.2547,0.2214,0.8884,6.0865,direct,88221,90297
direct_vs_group_full,h,31,15,46,0.3514,0.1661,0.1853,1.0566,6.0616,direct,88221,90297
direct_vs_group_full,einverstanden,19,7,26,0.2154,0.0775,0.1378,1.4121,6.0367,direct,88221,90297
direct_vs_group_full,nehme,19,7,26,0.2154,0.0775,0.1378,1.4121,6.0367,direct,88221,90297
direct_vs_group_full,AP,1,8,9,0.0113,0.0886,-0.0773,-2.4689,6.0361,group,88221,90297
direct_vs_group_full,Beine,1,8,9,0.0113,0.0886,-0.0773,-2.4689,6.0361,group,88221,90297
direct_vs_group_full,Gesprächstherapiegruppe,1,8,9,0.0113,0.0886,-0.0773,-2.4689,6.0361,group,88221,90297
direct_vs_group_full,Konflikte,1,8,9,0.0113,0.0886,-0.0773,-2.4689,6.0361,group,88221,90297
direct_vs_group_full,Krankheitskonzept,1,8,9,0.0113,0.0886,-0.0773,-2.4689,6.0361,group,88221,90297
direct_vs_group_full,Musik,1,8,9,0.0113,0.0886,-0.0773,-2.4689,6.0361,group,88221,90297
direct_vs_group_full,Stent,1,8,9,0.0113,0.0886,-0.0773,-2.4689,6.0361,group,88221,90297
direct_vs_group_full,Veränderungen,1,8,9,0.0113,0.0886,-0.0773,-2.4689,6.0361,group,88221,90297
direct_vs_group_full,alte,1,8,9,0.0113,0.0886,-0.0773,-2.4689,6.0361,group,88221,90297
direct_vs_group_full,ausführliche,1,8,9,0.0113,0.0886,-0.0773,-2.4689,6.0361,group,88221,90297
direct_vs_group_full,bedingt,1,8,9,0.0113,0.0886,-0.0773,-2.4689,6.0361,group,88221,90297
direct_vs_group_full,bekannte,1,8,9,0.0113,0.0886,-0.0773,-2.4689,6.0361,group,88221,90297
direct_vs_group_full,deutliche,1,8,9,0.0113,0.0886,-0.0773,-2.4689,6.0361,group,88221,90297
direct_vs_group_full,dosiert,1,8,9,0.0113,0.0886,-0.0773,-2.4689,6.0361,group,88221,90297
direct_vs_group_full,erlaubt,1,8,9,0.0113,0.0886,-0.0773,-2.4689,6.0361,group,88221,90297
direct_vs_group_full,parallel,1,8,9,0.0113,0.0886,-0.0773,-2.4689,6.0361,group,88221,90297
direct_vs_group_full,seines,1,8,9,0.0113,0.0886,-0.0773,-2.4689,6.0361,group,88221,90297
direct_vs_group_full,sozialen,1,8,9,0.0113,0.0886,-0.0773,-2.4689,6.0361,group,88221,90297
direct_vs_group_full,vmtl,1,8,9,0.0113,0.0886,-0.0773,-2.4689,6.0361,group,88221,90297
direct_vs_group_full,Gelegenheit,10,2,12,0.1134,0.0221,0.0912,2.1039,6.0098,direct,88221,90297
direct_vs_group_full,Oh,10,2,12,0.1134,0.0221,0.0912,2.1039,6.0098,direct,88221,90297
direct_vs_group_full,reicht,10,2,12,0.1134,0.0221,0.0912,2.1039,6.0098,direct,88221,90297
direct_vs_group_full,tut,10,2,12,0.1134,0.0221,0.0912,2.1039,6.0098,direct,88221,90297
direct_vs_group_full,jeweils,6,18,24,0.068,0.1993,-0.1313,-1.4755,6.0031,group,88221,90297
direct_vs_group_full,EB,12,3,15,0.136,0.0332,0.1028,1.8701,5.9937,direct,88221,90297
direct_vs_group_full,Kapazitäten,12,3,15,0.136,0.0332,0.1028,1.8701,5.9937,direct,88221,90297
direct_vs_group_full,denkst,12,3,15,0.136,0.0332,0.1028,1.8701,5.9937,direct,88221,90297
direct_vs_group_full,sehr,231,293,524,2.6184,3.2448,-0.6264,-0.3088,5.9819,group,88221,90297
direct_vs_group_full,erreichen,28,13,41,0.3174,0.144,0.1734,1.1116,5.9717,direct,88221,90297
direct_vs_group_full,zwischen,17,35,52,0.1927,0.3876,-0.1949,-0.9869,5.9499,group,88221,90297
direct_vs_group_full,erstmal,47,27,74,0.5328,0.299,0.2337,0.8221,5.9484,direct,88221,90297
direct_vs_group_full,keine,132,178,310,1.4962,1.9713,-0.475,-0.3964,5.8231,group,88221,90297
direct_vs_group_full,Ziele,5,16,21,0.0567,0.1772,-0.1205,-1.5514,5.8064,group,88221,90297
direct_vs_group_full,wollen,44,25,69,0.4987,0.2769,0.2219,0.8369,5.7513,direct,88221,90297
direct_vs_group_full,SKID,17,6,23,0.1927,0.0664,0.1263,1.4624,5.7414,direct,88221,90297
direct_vs_group_full,geklappt,17,6,23,0.1927,0.0664,0.1263,1.4624,5.7414,direct,88221,90297
direct_vs_group_full,sagte,17,6,23,0.1927,0.0664,0.1263,1.4624,5.7414,direct,88221,90297
direct_vs_group_full,essen,40,22,62,0.4534,0.2436,0.2098,0.8816,5.7289,direct,88221,90297
direct_vs_group_full,seit,60,91,151,0.6801,1.0078,-0.3277,-0.5633,5.7091,group,88221,90297
direct_vs_group_full,BEs,4,14,18,0.0453,0.155,-0.1097,-1.6545,5.6537,group,88221,90297
direct_vs_group_full,Sertralin,4,14,18,0.0453,0.155,-0.1097,-1.6545,5.6537,group,88221,90297
direct_vs_group_full,vorerst,4,14,18,0.0453,0.155,-0.1097,-1.6545,5.6537,group,88221,90297
direct_vs_group_full,in,760,875,1635,8.6147,9.6902,-1.0755,-0.1696,5.6417,group,88221,90297
direct_vs_group_full,/psom/channels/visite,4,0,4,0.0453,0.0,0.0453,3.2035,5.6388,direct,88221,90297
direct_vs_group_full,2000,4,0,4,0.0453,0.0,0.0453,3.2035,5.6388,direct,88221,90297
direct_vs_group_full,50kg,4,0,4,0.0453,0.0,0.0453,3.2035,5.6388,direct,88221,90297
direct_vs_group_full,Abfragen,4,0,4,0.0453,0.0,0.0453,3.2035,5.6388,direct,88221,90297
direct_vs_group_full,Akten,4,0,4,0.0453,0.0,0.0453,3.2035,5.6388,direct,88221,90297
direct_vs_group_full,Aktivität,4,0,4,0.0453,0.0,0.0453,3.2035,5.6388,direct,88221,90297
direct_vs_group_full,Benutzernamen,4,0,4,0.0453,0.0,0.0453,3.2035,5.6388,direct,88221,90297
direct_vs_group_full,Bzw,4,0,4,0.0453,0.0,0.0453,3.2035,5.6388,direct,88221,90297
direct_vs_group_full,Danek,4,0,4,0.0453,0.0,0.0453,3.2035,5.6388,direct,88221,90297
direct_vs_group_full,Deshalb,4,0,4,0.0453,0.0,0.0453,3.2035,5.6388,direct,88221,90297
direct_vs_group_full,Desktoparbeitsplatz,4,0,4,0.0453,0.0,0.0453,3.2035,5.6388,direct,88221,90297
direct_vs_group_full,Dissoziieren,4,0,4,0.0453,0.0,0.0453,3.2035,5.6388,direct,88221,90297
direct_vs_group_full,Doch,4,0,4,0.0453,0.0,0.0453,3.2035,5.6388,direct,88221,90297
direct_vs_group_full,EDquest,4,0,4,0.0453,0.0,0.0453,3.2035,5.6388,direct,88221,90297
direct_vs_group_full,Einwilligung,4,0,4,0.0453,0.0,0.0453,3.2035,5.6388,direct,88221,90297
direct_vs_group_full,Einzeltermine,4,0,4,0.0453,0.0,0.0453,3.2035,5.6388,direct,88221,90297
direct_vs_group_full,Evidenz,4,0,4,0.0453,0.0,0.0453,3.2035,5.6388,direct,88221,90297
direct_vs_group_full,FZA,4,0,4,0.0453,0.0,0.0453,3.2035,5.6388,direct,88221,90297
direct_vs_group_full,Fett,4,0,4,0.0453,0.0,0.0453,3.2035,5.6388,direct,88221,90297
direct_vs_group_full,Folgen,4,0,4,0.0453,0.0,0.0453,3.2035,5.6388,direct,88221,90297
direct_vs_group_full,Formular,4,0,4,0.0453,0.0,0.0453,3.2035,5.6388,direct,88221,90297
direct_vs_group_full,Forschung,4,0,4,0.0453,0.0,0.0453,3.2035,5.6388,direct,88221,90297
direct_vs_group_full,Fortbildung,4,0,4,0.0453,0.0,0.0453,3.2035,5.6388,direct,88221,90297
direct_vs_group_full,Installation,4,0,4,0.0453,0.0,0.0453,3.2035,5.6388,direct,88221,90297
direct_vs_group_full,Jahres,4,0,4,0.0453,0.0,0.0453,3.2035,5.6388,direct,88221,90297
direct_vs_group_full,Kommst,4,0,4,0.0453,0.0,0.0453,3.2035,5.6388,direct,88221,90297
direct_vs_group_full,Kopie,4,0,4,0.0453,0.0,0.0453,3.2035,5.6388,direct,88221,90297
direct_vs_group_full,Kündigungsfrist,4,0,4,0.0453,0.0,0.0453,3.2035,5.6388,direct,88221,90297
direct_vs_group_full,Lage,4,0,4,0.0453,0.0,0.0453,3.2035,5.6388,direct,88221,90297
direct_vs_group_full,Laufzeit,4,0,4,0.0453,0.0,0.0453,3.2035,5.6388,direct,88221,90297
direct_vs_group_full,Lebensjahr,4,0,4,0.0453,0.0,0.0453,3.2035,5.6388,direct,88221,90297
direct_vs_group_full,Mach,4,0,4,0.0453,0.0,0.0453,3.2035,5.6388,direct,88221,90297
direct_vs_group_full,Meinst,4,0,4,0.0453,0.0,0.0453,3.2035,5.6388,direct,88221,90297
direct_vs_group_full,Mitschrift,4,0,4,0.0453,0.0,0.0453,3.2035,5.6388,direct,88221,90297
direct_vs_group_full,Monatsschluss,4,0,4,0.0453,0.0,0.0453,3.2035,5.6388,direct,88221,90297
direct_vs_group_full,Muskeln,4,0,4,0.0453,0.0,0.0453,3.2035,5.6388,direct,88221,90297
direct_vs_group_full,NT,4,0,4,0.0453,0.0,0.0453,3.2035,5.6388,direct,88221,90297
direct_vs_group_full,Nazis,4,0,4,0.0453,0.0,0.0453,3.2035,5.6388,direct,88221,90297
direct_vs_group_full,Omeprazol,4,0,4,0.0453,0.0,0.0453,3.2035,5.6388,direct,88221,90297
direct_vs_group_full,Overdue,4,0,4,0.0453,0.0,0.0453,3.2035,5.6388,direct,88221,90297
direct_vs_group_full,Owner,4,0,4,0.0453,0.0,0.0453,3.2035,5.6388,direct,88221,90297
direct_vs_group_full,Protokoll,4,0,4,0.0453,0.0,0.0453,3.2035,5.6388,direct,88221,90297
direct_vs_group_full,Schreib,4,0,4,0.0453,0.0,0.0453,3.2035,5.6388,direct,88221,90297
direct_vs_group_full,Skalen,4,0,4,0.0453,0.0,0.0453,3.2035,5.6388,direct,88221,90297
direct_vs_group_full,Untersuchungen,4,0,4,0.0453,0.0,0.0453,3.2035,5.6388,direct,88221,90297
direct_vs_group_full,Updates,4,0,4,0.0453,0.0,0.0453,3.2035,5.6388,direct,88221,90297
direct_vs_group_full,Vita,4,0,4,0.0453,0.0,0.0453,3.2035,5.6388,direct,88221,90297
direct_vs_group_full,Vorgespräch,4,0,4,0.0453,0.0,0.0453,3.2035,5.6388,direct,88221,90297
direct_vs_group_full,Vorlage,4,0,4,0.0453,0.0,0.0453,3.2035,5.6388,direct,88221,90297
direct_vs_group_full,Würdest,4,0,4,0.0453,0.0,0.0453,3.2035,5.6388,direct,88221,90297
direct_vs_group_full,You,4,0,4,0.0453,0.0,0.0453,3.2035,5.6388,direct,88221,90297
direct_vs_group_full,ZVA,4,0,4,0.0453,0.0,0.0453,3.2035,5.6388,direct,88221,90297
direct_vs_group_full,[Visite],4,0,4,0.0453,0.0,0.0453,3.2035,5.6388,direct,88221,90297
direct_vs_group_full,achso,4,0,4,0.0453,0.0,0.0453,3.2035,5.6388,direct,88221,90297
direct_vs_group_full,anklicken,4,0,4,0.0453,0.0,0.0453,3.2035,5.6388,direct,88221,90297
direct_vs_group_full,ausfällt,4,0,4,0.0453,0.0,0.0453,3.2035,5.6388,direct,88221,90297
direct_vs_group_full,ausmachen,4,0,4,0.0453,0.0,0.0453,3.2035,5.6388,direct,88221,90297
direct_vs_group_full,befragen,4,0,4,0.0453,0.0,0.0453,3.2035,5.6388,direct,88221,90297
direct_vs_group_full,bekomme,4,0,4,0.0453,0.0,0.0453,3.2035,5.6388,direct,88221,90297
direct_vs_group_full,bereich,4,0,4,0.0453,0.0,0.0453,3.2035,5.6388,direct,88221,90297
direct_vs_group_full,besprechung,4,0,4,0.0453,0.0,0.0453,3.2035,5.6388,direct,88221,90297
direct_vs_group_full,beträgt,4,0,4,0.0453,0.0,0.0453,3.2035,5.6388,direct,88221,90297
direct_vs_group_full,bio,4,0,4,0.0453,0.0,0.0453,3.2035,5.6388,direct,88221,90297
direct_vs_group_full,bißchen,4,0,4,0.0453,0.0,0.0453,3.2035,5.6388,direct,88221,90297
direct_vs_group_full,dank,4,0,4,0.0453,0.0,0.0453,3.2035,5.6388,direct,88221,90297
direct_vs_group_full,dienstfrei,4,0,4,0.0453,0.0,0.0453,3.2035,5.6388,direct,88221,90297
direct_vs_group_full,diskussion,4,0,4,0.0453,0.0,0.0453,3.2035,5.6388,direct,88221,90297
direct_vs_group_full,drunter,4,0,4,0.0453,0.0,0.0453,3.2035,5.6388,direct,88221,90297
direct_vs_group_full,einpflegen,4,0,4,0.0453,0.0,0.0453,3.2035,5.6388,direct,88221,90297
direct_vs_group_full,einträgst,4,0,4,0.0453,0.0,0.0453,3.2035,5.6388,direct,88221,90297
direct_vs_group_full,erheben,4,0,4,0.0453,0.0,0.0453,3.2035,5.6388,direct,88221,90297
direct_vs_group_full,face_with_rolling_eyes,4,0,4,0.0453,0.0,0.0453,3.2035,5.6388,direct,88221,90297
direct_vs_group_full,fehlende,4,0,4,0.0453,0.0,0.0453,3.2035,5.6388,direct,88221,90297
direct_vs_group_full,freu,4,0,4,0.0453,0.0,0.0453,3.2035,5.6388,direct,88221,90297
direct_vs_group_full,gefällt,4,0,4,0.0453,0.0,0.0453,3.2035,5.6388,direct,88221,90297
direct_vs_group_full,gehören,4,0,4,0.0453,0.0,0.0453,3.2035,5.6388,direct,88221,90297
direct_vs_group_full,gelb,4,0,4,0.0453,0.0,0.0453,3.2035,5.6388,direct,88221,90297
direct_vs_group_full,guck,4,0,4,0.0453,0.0,0.0453,3.2035,5.6388,direct,88221,90297
direct_vs_group_full,gucke,4,0,4,0.0453,0.0,0.0453,3.2035,5.6388,direct,88221,90297
direct_vs_group_full,have,4,0,4,0.0453,0.0,0.0453,3.2035,5.6388,direct,88221,90297
direct_vs_group_full,heim,4,0,4,0.0453,0.0,0.0453,3.2035,5.6388,direct,88221,90297
direct_vs_group_full,hmm,4,0,4,0.0453,0.0,0.0453,3.2035,5.6388,direct,88221,90297
direct_vs_group_full,indem,4,0,4,0.0453,0.0,0.0453,3.2035,5.6388,direct,88221,90297
direct_vs_group_full,installiert,4,0,4,0.0453,0.0,0.0453,3.2035,5.6388,direct,88221,90297
direct_vs_group_full,kennen,4,0,4,0.0453,0.0,0.0453,3.2035,5.6388,direct,88221,90297
direct_vs_group_full,kopieren,4,0,4,0.0453,0.0,0.0453,3.2035,5.6388,direct,88221,90297
direct_vs_group_full,korrigiert,4,0,4,0.0453,0.0,0.0453,3.2035,5.6388,direct,88221,90297
direct_vs_group_full,langfristig,4,0,4,0.0453,0.0,0.0453,3.2035,5.6388,direct,88221,90297
direct_vs_group_full,lese,4,0,4,0.0453,0.0,0.0453,3.2035,5.6388,direct,88221,90297
direct_vs_group_full,letztens,4,0,4,0.0453,0.0,0.0453,3.2035,5.6388,direct,88221,90297
direct_vs_group_full,mail,4,0,4,0.0453,0.0,0.0453,3.2035,5.6388,direct,88221,90297
direct_vs_group_full,merci,4,0,4,0.0453,0.0,0.0453,3.2035,5.6388,direct,88221,90297
direct_vs_group_full,nachschauen,4,0,4,0.0453,0.0,0.0453,3.2035,5.6388,direct,88221,90297
direct_vs_group_full,nachtdienste,4,0,4,0.0453,0.0,0.0453,3.2035,5.6388,direct,88221,90297
direct_vs_group_full,niedrigen,4,0,4,0.0453,0.0,0.0453,3.2035,5.6388,direct,88221,90297
direct_vs_group_full,nr,4,0,4,0.0453,0.0,0.0453,3.2035,5.6388,direct,88221,90297
direct_vs_group_full,oberärztlich,4,0,4,0.0453,0.0,0.0453,3.2035,5.6388,direct,88221,90297
direct_vs_group_full,oki,4,0,4,0.0453,0.0,0.0453,3.2035,5.6388,direct,88221,90297
direct_vs_group_full,overdue,4,0,4,0.0453,0.0,0.0453,3.2035,5.6388,direct,88221,90297
direct_vs_group_full,proBNP,4,0,4,0.0453,0.0,0.0453,3.2035,5.6388,direct,88221,90297
direct_vs_group_full,regeln,4,0,4,0.0453,0.0,0.0453,3.2035,5.6388,direct,88221,90297
direct_vs_group_full,rufst,4,0,4,0.0453,0.0,0.0453,3.2035,5.6388,direct,88221,90297
direct_vs_group_full,ruft,4,0,4,0.0453,0.0,0.0453,3.2035,5.6388,direct,88221,90297
direct_vs_group_full,schätze,4,0,4,0.0453,0.0,0.0453,3.2035,5.6388,direct,88221,90297
direct_vs_group_full,sonstige,4,0,4,0.0453,0.0,0.0453,3.2035,5.6388,direct,88221,90297
direct_vs_group_full,sry,4,0,4,0.0453,0.0,0.0453,3.2035,5.6388,direct,88221,90297
direct_vs_group_full,stehst,4,0,4,0.0453,0.0,0.0453,3.2035,5.6388,direct,88221,90297
direct_vs_group_full,strukturelle,4,0,4,0.0453,0.0,0.0453,3.2035,5.6388,direct,88221,90297
direct_vs_group_full,studiert,4,0,4,0.0453,0.0,0.0453,3.2035,5.6388,direct,88221,90297
direct_vs_group_full,telem=todo_overduestatus_clicked&forceRHSOpen,4,0,4,0.0453,0.0,0.0453,3.2035,5.6388,direct,88221,90297
direct_vs_group_full,test,4,0,4,0.0453,0.0,0.0453,3.2035,5.6388,direct,88221,90297
direct_vs_group_full,tlw,4,0,4,0.0453,0.0,0.0453,3.2035,5.6388,direct,88221,90297
direct_vs_group_full,trage,4,0,4,0.0453,0.0,0.0453,3.2035,5.6388,direct,88221,90297
direct_vs_group_full,umziehen,4,0,4,0.0453,0.0,0.0453,3.2035,5.6388,direct,88221,90297
direct_vs_group_full,vegetativen,4,0,4,0.0453,0.0,0.0453,3.2035,5.6388,direct,88221,90297
direct_vs_group_full,verblieben,4,0,4,0.0453,0.0,0.0453,3.2035,5.6388,direct,88221,90297
direct_vs_group_full,vertretungsweise,4,0,4,0.0453,0.0,0.0453,3.2035,5.6388,direct,88221,90297
direct_vs_group_full,wert,4,0,4,0.0453,0.0,0.0453,3.2035,5.6388,direct,88221,90297
direct_vs_group_full,wiederholter,4,0,4,0.0453,0.0,0.0453,3.2035,5.6388,direct,88221,90297
direct_vs_group_full,wirst,4,0,4,0.0453,0.0,0.0453,3.2035,5.6388,direct,88221,90297
direct_vs_group_full,wohne,4,0,4,0.0453,0.0,0.0453,3.2035,5.6388,direct,88221,90297
direct_vs_group_full,yes,4,0,4,0.0453,0.0,0.0453,3.2035,5.6388,direct,88221,90297
direct_vs_group_full,Überstunden,4,0,4,0.0453,0.0,0.0453,3.2035,5.6388,direct,88221,90297
direct_vs_group_full,Übrigens,4,0,4,0.0453,0.0,0.0453,3.2035,5.6388,direct,88221,90297
direct_vs_group_full,Erkrankung,2,10,12,0.0227,0.1107,-0.0881,-2.0368,5.6376,group,88221,90297
direct_vs_group_full,KomBew,2,10,12,0.0227,0.1107,-0.0881,-2.0368,5.6376,group,88221,90297
direct_vs_group_full,Lebertransplantation,2,10,12,0.0227,0.1107,-0.0881,-2.0368,5.6376,group,88221,90297
direct_vs_group_full,Risiko,2,10,12,0.0227,0.1107,-0.0881,-2.0368,5.6376,group,88221,90297
direct_vs_group_full,Transaminasen,2,10,12,0.0227,0.1107,-0.0881,-2.0368,5.6376,group,88221,90297
direct_vs_group_full,angekündigt,2,10,12,0.0227,0.1107,-0.0881,-2.0368,5.6376,group,88221,90297
direct_vs_group_full,miteinander,2,10,12,0.0227,0.1107,-0.0881,-2.0368,5.6376,group,88221,90297
direct_vs_group_full,probieren,2,10,12,0.0227,0.1107,-0.0881,-2.0368,5.6376,group,88221,90297
direct_vs_group_full,sowohl,2,10,12,0.0227,0.1107,-0.0881,-2.0368,5.6376,group,88221,90297
direct_vs_group_full,wiederholt,2,10,12,0.0227,0.1107,-0.0881,-2.0368,5.6376,group,88221,90297
direct_vs_group_full,Übungen,2,10,12,0.0227,0.1107,-0.0881,-2.0368,5.6376,group,88221,90297
direct_vs_group_full,findet,16,33,49,0.1814,0.3655,-0.1841,-0.9881,5.6336,group,88221,90297
direct_vs_group_full,iPad,20,8,28,0.2267,0.0886,0.1381,1.3036,5.596,direct,88221,90297
direct_vs_group_full,Krea,3,12,15,0.034,0.1329,-0.0989,-1.8029,5.575,group,88221,90297
direct_vs_group_full,Kurze,3,12,15,0.034,0.1329,-0.0989,-1.8029,5.575,group,88221,90297
direct_vs_group_full,Leitungsvisite,3,12,15,0.034,0.1329,-0.0989,-1.8029,5.575,group,88221,90297
direct_vs_group_full,Mann,3,12,15,0.034,0.1329,-0.0989,-1.8029,5.575,group,88221,90297
direct_vs_group_full,Therapien,3,12,15,0.034,0.1329,-0.0989,-1.8029,5.575,group,88221,90297
direct_vs_group_full,bringen,3,12,15,0.034,0.1329,-0.0989,-1.8029,5.575,group,88221,90297
direct_vs_group_full,chron,3,12,15,0.034,0.1329,-0.0989,-1.8029,5.575,group,88221,90297
direct_vs_group_full,Oder,23,10,33,0.2607,0.1107,0.15,1.1958,5.5695,direct,88221,90297
direct_vs_group_full,nicht,944,865,1809,10.7004,9.5795,1.1209,0.1596,5.5332,direct,88221,90297
direct_vs_group_full,bleiben,27,48,75,0.306,0.5316,-0.2255,-0.785,5.481,group,88221,90297
direct_vs_group_full,Nahrung,7,19,26,0.0793,0.2104,-0.1311,-1.345,5.4785,group,88221,90297
direct_vs_group_full,erhalten,7,19,26,0.0793,0.2104,-0.1311,-1.345,5.4785,group,88221,90297
direct_vs_group_full,Hatte,15,5,20,0.17,0.0554,0.1147,1.5283,5.4678,direct,88221,90297
direct_vs_group_full,Mi,15,5,20,0.17,0.0554,0.1147,1.5283,5.4678,direct,88221,90297
direct_vs_group_full,Rö,15,5,20,0.17,0.0554,0.1147,1.5283,5.4678,direct,88221,90297
direct_vs_group_full,heißt,15,5,20,0.17,0.0554,0.1147,1.5283,5.4678,direct,88221,90297
direct_vs_group_full,10min,0,4,4,0.0,0.0443,-0.0443,-3.1364,5.4527,group,88221,90297
direct_vs_group_full,112,0,4,4,0.0,0.0443,-0.0443,-3.1364,5.4527,group,88221,90297
direct_vs_group_full,1mg,0,4,4,0.0,0.0443,-0.0443,-3.1364,5.4527,group,88221,90297
direct_vs_group_full,220/90mmHg,0,4,4,0.0,0.0443,-0.0443,-3.1364,5.4527,group,88221,90297
direct_vs_group_full,2GefäßKHK,0,4,4,0.0,0.0443,-0.0443,-3.1364,5.4527,group,88221,90297
direct_vs_group_full,2h,0,4,4,0.0,0.0443,-0.0443,-3.1364,5.4527,group,88221,90297
direct_vs_group_full,32a,0,4,4,0.0,0.0443,-0.0443,-3.1364,5.4527,group,88221,90297
direct_vs_group_full,32b,0,4,4,0.0,0.0443,-0.0443,-3.1364,5.4527,group,88221,90297
direct_vs_group_full,5jähriger,0,4,4,0.0,0.0443,-0.0443,-3.1364,5.4527,group,88221,90297
direct_vs_group_full,788,0,4,4,0.0,0.0443,-0.0443,-3.1364,5.4527,group,88221,90297
direct_vs_group_full,788917847,0,4,4,0.0,0.0443,-0.0443,-3.1364,5.4527,group,88221,90297
direct_vs_group_full,80%,0,4,4,0.0,0.0443,-0.0443,-3.1364,5.4527,group,88221,90297
direct_vs_group_full,847,0,4,4,0.0,0.0443,-0.0443,-3.1364,5.4527,group,88221,90297
direct_vs_group_full,85%,0,4,4,0.0,0.0443,-0.0443,-3.1364,5.4527,group,88221,90297
direct_vs_group_full,917,0,4,4,0.0,0.0443,-0.0443,-3.1364,5.4527,group,88221,90297
direct_vs_group_full,98%,0,4,4,0.0,0.0443,-0.0443,-3.1364,5.4527,group,88221,90297
direct_vs_group_full,AEG1,0,4,4,0.0,0.0443,-0.0443,-3.1364,5.4527,group,88221,90297
direct_vs_group_full,APC,0,4,4,0.0,0.0443,-0.0443,-3.1364,5.4527,group,88221,90297
direct_vs_group_full,Allgemeinsymtomatik,0,4,4,0.0,0.0443,-0.0443,-3.1364,5.4527,group,88221,90297
direct_vs_group_full,Anderen,0,4,4,0.0,0.0443,-0.0443,-3.1364,5.4527,group,88221,90297
direct_vs_group_full,Anfangsrunde,0,4,4,0.0,0.0443,-0.0443,-3.1364,5.4527,group,88221,90297
direct_vs_group_full,Angehörigen,0,4,4,0.0,0.0443,-0.0443,-3.1364,5.4527,group,88221,90297
direct_vs_group_full,Ansprechen,0,4,4,0.0,0.0443,-0.0443,-3.1364,5.4527,group,88221,90297
direct_vs_group_full,Ansprechpersonen,0,4,4,0.0,0.0443,-0.0443,-3.1364,5.4527,group,88221,90297
direct_vs_group_full,Arcoxia,0,4,4,0.0,0.0443,-0.0443,-3.1364,5.4527,group,88221,90297
direct_vs_group_full,Atosiltropfen,0,4,4,0.0,0.0443,-0.0443,-3.1364,5.4527,group,88221,90297
direct_vs_group_full,Au,0,4,4,0.0,0.0443,-0.0443,-3.1364,5.4527,group,88221,90297
direct_vs_group_full,Audio,0,4,4,0.0,0.0443,-0.0443,-3.1364,5.4527,group,88221,90297
direct_vs_group_full,Auszug,0,4,4,0.0,0.0443,-0.0443,-3.1364,5.4527,group,88221,90297
direct_vs_group_full,BDI,0,4,4,0.0,0.0443,-0.0443,-3.1364,5.4527,group,88221,90297
direct_vs_group_full,Bearbeitung,0,4,4,0.0,0.0443,-0.0443,-3.1364,5.4527,group,88221,90297
direct_vs_group_full,Behandlerwechsel,0,4,4,0.0,0.0443,-0.0443,-3.1364,5.4527,group,88221,90297
direct_vs_group_full,Beschützerrolle,0,4,4,0.0,0.0443,-0.0443,-3.1364,5.4527,group,88221,90297
direct_vs_group_full,Besprechungsoptionen,0,4,4,0.0,0.0443,-0.0443,-3.1364,5.4527,group,88221,90297
direct_vs_group_full,Bewegungsstörung,0,4,4,0.0,0.0443,-0.0443,-3.1364,5.4527,group,88221,90297
direct_vs_group_full,Bipolar,0,4,4,0.0,0.0443,-0.0443,-3.1364,5.4527,group,88221,90297
direct_vs_group_full,Blutentnahmen,0,4,4,0.0,0.0443,-0.0443,-3.1364,5.4527,group,88221,90297
direct_vs_group_full,Carotiden,0,4,4,0.0,0.0443,-0.0443,-3.1364,5.4527,group,88221,90297
direct_vs_group_full,Chance,0,4,4,0.0,0.0443,-0.0443,-3.1364,5.4527,group,88221,90297
direct_vs_group_full,Chemo,0,4,4,0.0,0.0443,-0.0443,-3.1364,5.4527,group,88221,90297
direct_vs_group_full,Colitis,0,4,4,0.0,0.0443,-0.0443,-3.1364,5.4527,group,88221,90297
direct_vs_group_full,Computer,0,4,4,0.0,0.0443,-0.0443,-3.1364,5.4527,group,88221,90297
direct_vs_group_full,Ding,0,4,4,0.0,0.0443,-0.0443,-3.1364,5.4527,group,88221,90297
direct_vs_group_full,Doppler,0,4,4,0.0,0.0443,-0.0443,-3.1364,5.4527,group,88221,90297
direct_vs_group_full,Dosisfindung,0,4,4,0.0,0.0443,-0.0443,-3.1364,5.4527,group,88221,90297
direct_vs_group_full,Ehrlichkeit,0,4,4,0.0,0.0443,-0.0443,-3.1364,5.4527,group,88221,90297
direct_vs_group_full,Eingangsrunde,0,4,4,0.0,0.0443,-0.0443,-3.1364,5.4527,group,88221,90297
direct_vs_group_full,Elyte,0,4,4,0.0,0.0443,-0.0443,-3.1364,5.4527,group,88221,90297
direct_vs_group_full,Entzügigkeit,0,4,4,0.0,0.0443,-0.0443,-3.1364,5.4527,group,88221,90297
direct_vs_group_full,Epilepsie,0,4,4,0.0,0.0443,-0.0443,-3.1364,5.4527,group,88221,90297
direct_vs_group_full,Erkältungssymptomatik,0,4,4,0.0,0.0443,-0.0443,-3.1364,5.4527,group,88221,90297
direct_vs_group_full,Erstellung,0,4,4,0.0,0.0443,-0.0443,-3.1364,5.4527,group,88221,90297
direct_vs_group_full,Fazit,0,4,4,0.0,0.0443,-0.0443,-3.1364,5.4527,group,88221,90297
direct_vs_group_full,Feuerwerk,0,4,4,0.0,0.0443,-0.0443,-3.1364,5.4527,group,88221,90297
direct_vs_group_full,Frührentnerin,0,4,4,0.0,0.0443,-0.0443,-3.1364,5.4527,group,88221,90297
direct_vs_group_full,G,0,4,4,0.0,0.0443,-0.0443,-3.1364,5.4527,group,88221,90297
direct_vs_group_full,Gegenstand,0,4,4,0.0,0.0443,-0.0443,-3.1364,5.4527,group,88221,90297
direct_vs_group_full,Germany,0,4,4,0.0,0.0443,-0.0443,-3.1364,5.4527,group,88221,90297
direct_vs_group_full,Gesamtzustandes,0,4,4,0.0,0.0443,-0.0443,-3.1364,5.4527,group,88221,90297
direct_vs_group_full,Gruppenmitgliedern,0,4,4,0.0,0.0443,-0.0443,-3.1364,5.4527,group,88221,90297
direct_vs_group_full,HAP,0,4,4,0.0,0.0443,-0.0443,-3.1364,5.4527,group,88221,90297
direct_vs_group_full,Hashtag_GT_Diagnostik,0,4,4,0.0,0.0443,-0.0443,-3.1364,5.4527,group,88221,90297
direct_vs_group_full,Hd,0,4,4,0.0,0.0443,-0.0443,-3.1364,5.4527,group,88221,90297
direct_vs_group_full,Herzenzyme,0,4,4,0.0,0.0443,-0.0443,-3.1364,5.4527,group,88221,90297
direct_vs_group_full,Hypotonie,0,4,4,0.0,0.0443,-0.0443,-3.1364,5.4527,group,88221,90297
direct_vs_group_full,Hände,0,4,4,0.0,0.0443,-0.0443,-3.1364,5.4527,group,88221,90297
direct_vs_group_full,Häufung,0,4,4,0.0,0.0443,-0.0443,-3.1364,5.4527,group,88221,90297
direct_vs_group_full,ID,0,4,4,0.0,0.0443,-0.0443,-3.1364,5.4527,group,88221,90297
direct_vs_group_full,Ihrem,0,4,4,0.0,0.0443,-0.0443,-3.1364,5.4527,group,88221,90297
direct_vs_group_full,Ihres,0,4,4,0.0,0.0443,-0.0443,-3.1364,5.4527,group,88221,90297
direct_vs_group_full,Intellektualisierung,0,4,4,0.0,0.0443,-0.0443,-3.1364,5.4527,group,88221,90297
direct_vs_group_full,Jemand,0,4,4,0.0,0.0443,-0.0443,-3.1364,5.4527,group,88221,90297
direct_vs_group_full,KEIN,0,4,4,0.0,0.0443,-0.0443,-3.1364,5.4527,group,88221,90297
direct_vs_group_full,Kissen,0,4,4,0.0,0.0443,-0.0443,-3.1364,5.4527,group,88221,90297
direct_vs_group_full,Klavier,0,4,4,0.0,0.0443,-0.0443,-3.1364,5.4527,group,88221,90297
direct_vs_group_full,Klicken,0,4,4,0.0,0.0443,-0.0443,-3.1364,5.4527,group,88221,90297
direct_vs_group_full,Knieprobleme,0,4,4,0.0,0.0443,-0.0443,-3.1364,5.4527,group,88221,90297
direct_vs_group_full,Koloraum,0,4,4,0.0,0.0443,-0.0443,-3.1364,5.4527,group,88221,90297
direct_vs_group_full,Kraft,0,4,4,0.0,0.0443,-0.0443,-3.1364,5.4527,group,88221,90297
direct_vs_group_full,Lokale,0,4,4,0.0,0.0443,-0.0443,-3.1364,5.4527,group,88221,90297
direct_vs_group_full,Magenhochzug,0,4,4,0.0,0.0443,-0.0443,-3.1364,5.4527,group,88221,90297
direct_vs_group_full,Mehr,0,4,4,0.0,0.0443,-0.0443,-3.1364,5.4527,group,88221,90297
direct_vs_group_full,Melden,0,4,4,0.0,0.0443,-0.0443,-3.1364,5.4527,group,88221,90297
direct_vs_group_full,Mitgliedern,0,4,4,0.0,0.0443,-0.0443,-3.1364,5.4527,group,88221,90297
direct_vs_group_full,Nehmen,0,4,4,0.0,0.0443,-0.0443,-3.1364,5.4527,group,88221,90297
direct_vs_group_full,Neu,0,4,4,0.0,0.0443,-0.0443,-3.1364,5.4527,group,88221,90297
direct_vs_group_full,Nichte,0,4,4,0.0,0.0443,-0.0443,-3.1364,5.4527,group,88221,90297
direct_vs_group_full,Nichterreichen,0,4,4,0.0,0.0443,-0.0443,-3.1364,5.4527,group,88221,90297
direct_vs_group_full,Nitraten,0,4,4,0.0,0.0443,-0.0443,-3.1364,5.4527,group,88221,90297
direct_vs_group_full,Nochmal,0,4,4,0.0,0.0443,-0.0443,-3.1364,5.4527,group,88221,90297
direct_vs_group_full,Non,0,4,4,0.0,0.0443,-0.0443,-3.1364,5.4527,group,88221,90297
direct_vs_group_full,Notfall,0,4,4,0.0,0.0443,-0.0443,-3.1364,5.4527,group,88221,90297
direct_vs_group_full,Oberärztin,0,4,4,0.0,0.0443,-0.0443,-3.1364,5.4527,group,88221,90297
direct_vs_group_full,Orientierende,0,4,4,0.0,0.0443,-0.0443,-3.1364,5.4527,group,88221,90297
direct_vs_group_full,Orientierung,0,4,4,0.0,0.0443,-0.0443,-3.1364,5.4527,group,88221,90297
direct_vs_group_full,Orientierungslosigkeit,0,4,4,0.0,0.0443,-0.0443,-3.1364,5.4527,group,88221,90297
direct_vs_group_full,Oxycodonentzug,0,4,4,0.0,0.0443,-0.0443,-3.1364,5.4527,group,88221,90297
direct_vs_group_full,PHQ,0,4,4,0.0,0.0443,-0.0443,-3.1364,5.4527,group,88221,90297
direct_vs_group_full,PIN,0,4,4,0.0,0.0443,-0.0443,-3.1364,5.4527,group,88221,90297
direct_vs_group_full,Plasmaproteinbindung,0,4,4,0.0,0.0443,-0.0443,-3.1364,5.4527,group,88221,90297
direct_vs_group_full,Plasmaproteinbindungskapazität,0,4,4,0.0,0.0443,-0.0443,-3.1364,5.4527,group,88221,90297
direct_vs_group_full,Plasmaspiegelbestimmungen,0,4,4,0.0,0.0443,-0.0443,-3.1364,5.4527,group,88221,90297
direct_vs_group_full,Praktikanten,0,4,4,0.0,0.0443,-0.0443,-3.1364,5.4527,group,88221,90297
direct_vs_group_full,Problemfelder,0,4,4,0.0,0.0443,-0.0443,-3.1364,5.4527,group,88221,90297
direct_vs_group_full,Profitiere,0,4,4,0.0,0.0443,-0.0443,-3.1364,5.4527,group,88221,90297
direct_vs_group_full,Pulsoxy,0,4,4,0.0,0.0443,-0.0443,-3.1364,5.4527,group,88221,90297
direct_vs_group_full,Punktionsgerät,0,4,4,0.0,0.0443,-0.0443,-3.1364,5.4527,group,88221,90297
direct_vs_group_full,Rückblick,0,4,4,0.0,0.0443,-0.0443,-3.1364,5.4527,group,88221,90297
direct_vs_group_full,Rücken,0,4,4,0.0,0.0443,-0.0443,-3.1364,5.4527,group,88221,90297
direct_vs_group_full,SZ,0,4,4,0.0,0.0443,-0.0443,-3.1364,5.4527,group,88221,90297
direct_vs_group_full,Samstagnacht,0,4,4,0.0,0.0443,-0.0443,-3.1364,5.4527,group,88221,90297
direct_vs_group_full,Schlaflosigkeit,0,4,4,0.0,0.0443,-0.0443,-3.1364,5.4527,group,88221,90297
direct_vs_group_full,Schlafmedikation,0,4,4,0.0,0.0443,-0.0443,-3.1364,5.4527,group,88221,90297
direct_vs_group_full,Schlafstörungen,0,4,4,0.0,0.0443,-0.0443,-3.1364,5.4527,group,88221,90297
direct_vs_group_full,Schmerzmed,0,4,4,0.0,0.0443,-0.0443,-3.1364,5.4527,group,88221,90297
direct_vs_group_full,Schwangerschaft,0,4,4,0.0,0.0443,-0.0443,-3.1364,5.4527,group,88221,90297
direct_vs_group_full,SigmaCA,0,4,4,0.0,0.0443,-0.0443,-3.1364,5.4527,group,88221,90297
direct_vs_group_full,Sofa,0,4,4,0.0,0.0443,-0.0443,-3.1364,5.4527,group,88221,90297
direct_vs_group_full,Soz,0,4,4,0.0,0.0443,-0.0443,-3.1364,5.4527,group,88221,90297
direct_vs_group_full,Spironolacton,0,4,4,0.0,0.0443,-0.0443,-3.1364,5.4527,group,88221,90297
direct_vs_group_full,Spitze,0,4,4,0.0,0.0443,-0.0443,-3.1364,5.4527,group,88221,90297
direct_vs_group_full,Sprache,0,4,4,0.0,0.0443,-0.0443,-3.1364,5.4527,group,88221,90297
direct_vs_group_full,Sprachstörung,0,4,4,0.0,0.0443,-0.0443,-3.1364,5.4527,group,88221,90297
direct_vs_group_full,Sprachstörung/,0,4,4,0.0,0.0443,-0.0443,-3.1364,5.4527,group,88221,90297
direct_vs_group_full,Stenosen,0,4,4,0.0,0.0443,-0.0443,-3.1364,5.4527,group,88221,90297
direct_vs_group_full,Strickwolle,0,4,4,0.0,0.0443,-0.0443,-3.1364,5.4527,group,88221,90297
direct_vs_group_full,Substanzen,0,4,4,0.0,0.0443,-0.0443,-3.1364,5.4527,group,88221,90297
direct_vs_group_full,Sucht,0,4,4,0.0,0.0443,-0.0443,-3.1364,5.4527,group,88221,90297
direct_vs_group_full,Suizidintentionen,0,4,4,0.0,0.0443,-0.0443,-3.1364,5.4527,group,88221,90297
direct_vs_group_full,Suizidversuch,0,4,4,0.0,0.0443,-0.0443,-3.1364,5.4527,group,88221,90297
direct_vs_group_full,TN,0,4,4,0.0,0.0443,-0.0443,-3.1364,5.4527,group,88221,90297
direct_vs_group_full,TVT,0,4,4,0.0,0.0443,-0.0443,-3.1364,5.4527,group,88221,90297
direct_vs_group_full,Tagesmüdigkeit,0,4,4,0.0,0.0443,-0.0443,-3.1364,5.4527,group,88221,90297
direct_vs_group_full,Tee,0,4,4,0.0,0.0443,-0.0443,-3.1364,5.4527,group,88221,90297
direct_vs_group_full,Telefonkonferenz,0,4,4,0.0,0.0443,-0.0443,-3.1364,5.4527,group,88221,90297
direct_vs_group_full,Thematisiert,0,4,4,0.0,0.0443,-0.0443,-3.1364,5.4527,group,88221,90297
direct_vs_group_full,Tools,0,4,4,0.0,0.0443,-0.0443,-3.1364,5.4527,group,88221,90297
direct_vs_group_full,Tremor,0,4,4,0.0,0.0443,-0.0443,-3.1364,5.4527,group,88221,90297
direct_vs_group_full,Trimipramin,0,4,4,0.0,0.0443,-0.0443,-3.1364,5.4527,group,88221,90297
direct_vs_group_full,Trinkmenge,0,4,4,0.0,0.0443,-0.0443,-3.1364,5.4527,group,88221,90297
direct_vs_group_full,Trinknahrung,0,4,4,0.0,0.0443,-0.0443,-3.1364,5.4527,group,88221,90297
direct_vs_group_full,Trizyclika,0,4,4,0.0,0.0443,-0.0443,-3.1364,5.4527,group,88221,90297
direct_vs_group_full,Tumor,0,4,4,0.0,0.0443,-0.0443,-3.1364,5.4527,group,88221,90297
direct_vs_group_full,UE,0,4,4,0.0,0.0443,-0.0443,-3.1364,5.4527,group,88221,90297
direct_vs_group_full,Umbenennung,0,4,4,0.0,0.0443,-0.0443,-3.1364,5.4527,group,88221,90297
direct_vs_group_full,Unbehagen,0,4,4,0.0,0.0443,-0.0443,-3.1364,5.4527,group,88221,90297
direct_vs_group_full,Unsicherheit,0,4,4,0.0,0.0443,-0.0443,-3.1364,5.4527,group,88221,90297
direct_vs_group_full,VE,0,4,4,0.0,0.0443,-0.0443,-3.1364,5.4527,group,88221,90297
direct_vs_group_full,Videospiele,0,4,4,0.0,0.0443,-0.0443,-3.1364,5.4527,group,88221,90297
direct_vs_group_full,Volljährigkeit,0,4,4,0.0,0.0443,-0.0443,-3.1364,5.4527,group,88221,90297
direct_vs_group_full,WHD,0,4,4,0.0,0.0443,-0.0443,-3.1364,5.4527,group,88221,90297
direct_vs_group_full,WS,0,4,4,0.0,0.0443,-0.0443,-3.1364,5.4527,group,88221,90297
direct_vs_group_full,Werken,0,4,4,0.0,0.0443,-0.0443,-3.1364,5.4527,group,88221,90297
direct_vs_group_full,Wichtige,0,4,4,0.0,0.0443,-0.0443,-3.1364,5.4527,group,88221,90297
direct_vs_group_full,Wiedersehen,0,4,4,0.0,0.0443,-0.0443,-3.1364,5.4527,group,88221,90297
direct_vs_group_full,Wärmflasche,0,4,4,0.0,0.0443,-0.0443,-3.1364,5.4527,group,88221,90297
direct_vs_group_full,Zeitintervalls,0,4,4,0.0,0.0443,-0.0443,-3.1364,5.4527,group,88221,90297
direct_vs_group_full,Zielbereich,0,4,4,0.0,0.0443,-0.0443,-3.1364,5.4527,group,88221,90297
direct_vs_group_full,Zshg,0,4,4,0.0,0.0443,-0.0443,-3.1364,5.4527,group,88221,90297
direct_vs_group_full,Zuckungen,0,4,4,0.0,0.0443,-0.0443,-3.1364,5.4527,group,88221,90297
direct_vs_group_full,Zunächst,0,4,4,0.0,0.0443,-0.0443,-3.1364,5.4527,group,88221,90297
direct_vs_group_full,abzuschließen,0,4,4,0.0,0.0443,-0.0443,-3.1364,5.4527,group,88221,90297
direct_vs_group_full,anhaltende,0,4,4,0.0,0.0443,-0.0443,-3.1364,5.4527,group,88221,90297
direct_vs_group_full,ansehen+,0,4,4,0.0,0.0443,-0.0443,-3.1364,5.4527,group,88221,90297
direct_vs_group_full,ansteckend,0,4,4,0.0,0.0443,-0.0443,-3.1364,5.4527,group,88221,90297
direct_vs_group_full,anwenden,0,4,4,0.0,0.0443,-0.0443,-3.1364,5.4527,group,88221,90297
direct_vs_group_full,auffallend,0,4,4,0.0,0.0443,-0.0443,-3.1364,5.4527,group,88221,90297
direct_vs_group_full,aufgewühlt,0,4,4,0.0,0.0443,-0.0443,-3.1364,5.4527,group,88221,90297
direct_vs_group_full,ausgeglichen,0,4,4,0.0,0.0443,-0.0443,-3.1364,5.4527,group,88221,90297
direct_vs_group_full,ausschließlich,0,4,4,0.0,0.0443,-0.0443,-3.1364,5.4527,group,88221,90297
direct_vs_group_full,aussprechen,0,4,4,0.0,0.0443,-0.0443,-3.1364,5.4527,group,88221,90297
direct_vs_group_full,bedanke,0,4,4,0.0,0.0443,-0.0443,-3.1364,5.4527,group,88221,90297
direct_vs_group_full,beginn,0,4,4,0.0,0.0443,-0.0443,-3.1364,5.4527,group,88221,90297
direct_vs_group_full,beginnt,0,4,4,0.0,0.0443,-0.0443,-3.1364,5.4527,group,88221,90297
direct_vs_group_full,beidseits,0,4,4,0.0,0.0443,-0.0443,-3.1364,5.4527,group,88221,90297
direct_vs_group_full,beinahe,0,4,4,0.0,0.0443,-0.0443,-3.1364,5.4527,group,88221,90297
direct_vs_group_full,beleuchten,0,4,4,0.0,0.0443,-0.0443,-3.1364,5.4527,group,88221,90297
direct_vs_group_full,benennen,0,4,4,0.0,0.0443,-0.0443,-3.1364,5.4527,group,88221,90297
direct_vs_group_full,beobachten,0,4,4,0.0,0.0443,-0.0443,-3.1364,5.4527,group,88221,90297
direct_vs_group_full,beteiligen,0,4,4,0.0,0.0443,-0.0443,-3.1364,5.4527,group,88221,90297
direct_vs_group_full,beurteilen,0,4,4,0.0,0.0443,-0.0443,-3.1364,5.4527,group,88221,90297
direct_vs_group_full,bipolarer,0,4,4,0.0,0.0443,-0.0443,-3.1364,5.4527,group,88221,90297
direct_vs_group_full,daraufhin,0,4,4,0.0,0.0443,-0.0443,-3.1364,5.4527,group,88221,90297
direct_vs_group_full,dauerhafte,0,4,4,0.0,0.0443,-0.0443,-3.1364,5.4527,group,88221,90297
direct_vs_group_full,dazukommen,0,4,4,0.0,0.0443,-0.0443,-3.1364,5.4527,group,88221,90297
direct_vs_group_full,defensiv,0,4,4,0.0,0.0443,-0.0443,-3.1364,5.4527,group,88221,90297
direct_vs_group_full,diagnostiziert,0,4,4,0.0,0.0443,-0.0443,-3.1364,5.4527,group,88221,90297
direct_vs_group_full,dialyseinduzierten,0,4,4,0.0,0.0443,-0.0443,-3.1364,5.4527,group,88221,90297
direct_vs_group_full,dialysepflichtigen,0,4,4,0.0,0.0443,-0.0443,-3.1364,5.4527,group,88221,90297
direct_vs_group_full,dysurische,0,4,4,0.0,0.0443,-0.0443,-3.1364,5.4527,group,88221,90297
direct_vs_group_full,eigenes,0,4,4,0.0,0.0443,-0.0443,-3.1364,5.4527,group,88221,90297
direct_vs_group_full,einfließen,0,4,4,0.0,0.0443,-0.0443,-3.1364,5.4527,group,88221,90297
direct_vs_group_full,einkaufen,0,4,4,0.0,0.0443,-0.0443,-3.1364,5.4527,group,88221,90297
direct_vs_group_full,einnehme,0,4,4,0.0,0.0443,-0.0443,-3.1364,5.4527,group,88221,90297
direct_vs_group_full,einzufangen,0,4,4,0.0,0.0443,-0.0443,-3.1364,5.4527,group,88221,90297
direct_vs_group_full,eliminiert,0,4,4,0.0,0.0443,-0.0443,-3.1364,5.4527,group,88221,90297
direct_vs_group_full,entspannend,0,4,4,0.0,0.0443,-0.0443,-3.1364,5.4527,group,88221,90297
direct_vs_group_full,erschrocken,0,4,4,0.0,0.0443,-0.0443,-3.1364,5.4527,group,88221,90297
direct_vs_group_full,fertigt,0,4,4,0.0,0.0443,-0.0443,-3.1364,5.4527,group,88221,90297
direct_vs_group_full,fraglicher,0,4,4,0.0,0.0443,-0.0443,-3.1364,5.4527,group,88221,90297
direct_vs_group_full,führte,0,4,4,0.0,0.0443,-0.0443,-3.1364,5.4527,group,88221,90297
direct_vs_group_full,getrennt,0,4,4,0.0,0.0443,-0.0443,-3.1364,5.4527,group,88221,90297
direct_vs_group_full,gewohnt,0,4,4,0.0,0.0443,-0.0443,-3.1364,5.4527,group,88221,90297
direct_vs_group_full,gänzlich,0,4,4,0.0,0.0443,-0.0443,-3.1364,5.4527,group,88221,90297
direct_vs_group_full,herum,0,4,4,0.0,0.0443,-0.0443,-3.1364,5.4527,group,88221,90297
direct_vs_group_full,hinterfrage,0,4,4,0.0,0.0443,-0.0443,-3.1364,5.4527,group,88221,90297
direct_vs_group_full,hochfieberhafter,0,4,4,0.0,0.0443,-0.0443,-3.1364,5.4527,group,88221,90297
direct_vs_group_full,hämodynamisch,0,4,4,0.0,0.0443,-0.0443,-3.1364,5.4527,group,88221,90297
direct_vs_group_full,häufigen,0,4,4,0.0,0.0443,-0.0443,-3.1364,5.4527,group,88221,90297
direct_vs_group_full,häuslicher,0,4,4,0.0,0.0443,-0.0443,-3.1364,5.4527,group,88221,90297
direct_vs_group_full,intellektualisierend,0,4,4,0.0,0.0443,-0.0443,-3.1364,5.4527,group,88221,90297
direct_vs_group_full,kA,0,4,4,0.0,0.0443,-0.0443,-3.1364,5.4527,group,88221,90297
direct_vs_group_full,klagsam,0,4,4,0.0,0.0443,-0.0443,-3.1364,5.4527,group,88221,90297
direct_vs_group_full,klagte,0,4,4,0.0,0.0443,-0.0443,-3.1364,5.4527,group,88221,90297
direct_vs_group_full,komplikativer,0,4,4,0.0,0.0443,-0.0443,-3.1364,5.4527,group,88221,90297
direct_vs_group_full,langjährige,0,4,4,0.0,0.0443,-0.0443,-3.1364,5.4527,group,88221,90297
direct_vs_group_full,lebensüberdrüssiger,0,4,4,0.0,0.0443,-0.0443,-3.1364,5.4527,group,88221,90297
direct_vs_group_full,mehrfacher,0,4,4,0.0,0.0443,-0.0443,-3.1364,5.4527,group,88221,90297
direct_vs_group_full,mmol/l,0,4,4,0.0,0.0443,-0.0443,-3.1364,5.4527,group,88221,90297
direct_vs_group_full,mobilen,0,4,4,0.0,0.0443,-0.0443,-3.1364,5.4527,group,88221,90297
direct_vs_group_full,musikalische,0,4,4,0.0,0.0443,-0.0443,-3.1364,5.4527,group,88221,90297
direct_vs_group_full,muskuläre,0,4,4,0.0,0.0443,-0.0443,-3.1364,5.4527,group,88221,90297
direct_vs_group_full,mündlich,0,4,4,0.0,0.0443,-0.0443,-3.1364,5.4527,group,88221,90297
direct_vs_group_full,non,0,4,4,0.0,0.0443,-0.0443,-3.1364,5.4527,group,88221,90297
direct_vs_group_full,nächtlicher,0,4,4,0.0,0.0443,-0.0443,-3.1364,5.4527,group,88221,90297
direct_vs_group_full,oftmals,0,4,4,0.0,0.0443,-0.0443,-3.1364,5.4527,group,88221,90297
direct_vs_group_full,orthostatischen,0,4,4,0.0,0.0443,-0.0443,-3.1364,5.4527,group,88221,90297
direct_vs_group_full,potenziell,0,4,4,0.0,0.0443,-0.0443,-3.1364,5.4527,group,88221,90297
direct_vs_group_full,prüfen,0,4,4,0.0,0.0443,-0.0443,-3.1364,5.4527,group,88221,90297
direct_vs_group_full,psychoedukatives,0,4,4,0.0,0.0443,-0.0443,-3.1364,5.4527,group,88221,90297
direct_vs_group_full,reevaluieren,0,4,4,0.0,0.0443,-0.0443,-3.1364,5.4527,group,88221,90297
direct_vs_group_full,regelrechte,0,4,4,0.0,0.0443,-0.0443,-3.1364,5.4527,group,88221,90297
direct_vs_group_full,restliche,0,4,4,0.0,0.0443,-0.0443,-3.1364,5.4527,group,88221,90297
direct_vs_group_full,schmeckt,0,4,4,0.0,0.0443,-0.0443,-3.1364,5.4527,group,88221,90297
direct_vs_group_full,schuldig,0,4,4,0.0,0.0443,-0.0443,-3.1364,5.4527,group,88221,90297
direct_vs_group_full,sept,0,4,4,0.0,0.0443,-0.0443,-3.1364,5.4527,group,88221,90297
direct_vs_group_full,strukturgebende,0,4,4,0.0,0.0443,-0.0443,-3.1364,5.4527,group,88221,90297
direct_vs_group_full,symptomatik,0,4,4,0.0,0.0443,-0.0443,-3.1364,5.4527,group,88221,90297
direct_vs_group_full,teilen,0,4,4,0.0,0.0443,-0.0443,-3.1364,5.4527,group,88221,90297
direct_vs_group_full,teilhaben,0,4,4,0.0,0.0443,-0.0443,-3.1364,5.4527,group,88221,90297
direct_vs_group_full,ulcerosa,0,4,4,0.0,0.0443,-0.0443,-3.1364,5.4527,group,88221,90297
direct_vs_group_full,unbekannten,0,4,4,0.0,0.0443,-0.0443,-3.1364,5.4527,group,88221,90297
direct_vs_group_full,unmittelbar,0,4,4,0.0,0.0443,-0.0443,-3.1364,5.4527,group,88221,90297
direct_vs_group_full,unzureichender,0,4,4,0.0,0.0443,-0.0443,-3.1364,5.4527,group,88221,90297
direct_vs_group_full,vermehrter,0,4,4,0.0,0.0443,-0.0443,-3.1364,5.4527,group,88221,90297
direct_vs_group_full,vermieden,0,4,4,0.0,0.0443,-0.0443,-3.1364,5.4527,group,88221,90297
direct_vs_group_full,verschlafen,0,4,4,0.0,0.0443,-0.0443,-3.1364,5.4527,group,88221,90297
direct_vs_group_full,verschlossen,0,4,4,0.0,0.0443,-0.0443,-3.1364,5.4527,group,88221,90297
direct_vs_group_full,vorbek,0,4,4,0.0,0.0443,-0.0443,-3.1364,5.4527,group,88221,90297
direct_vs_group_full,vorbesprechen,0,4,4,0.0,0.0443,-0.0443,-3.1364,5.4527,group,88221,90297
direct_vs_group_full,vorherrschende,0,4,4,0.0,0.0443,-0.0443,-3.1364,5.4527,group,88221,90297
direct_vs_group_full,wiederkehren,0,4,4,0.0,0.0443,-0.0443,-3.1364,5.4527,group,88221,90297
direct_vs_group_full,zugehörig,0,4,4,0.0,0.0443,-0.0443,-3.1364,5.4527,group,88221,90297
direct_vs_group_full,zukünftig,0,4,4,0.0,0.0443,-0.0443,-3.1364,5.4527,group,88221,90297
direct_vs_group_full,zurecht,0,4,4,0.0,0.0443,-0.0443,-3.1364,5.4527,group,88221,90297
direct_vs_group_full,zurücksetzen,0,4,4,0.0,0.0443,-0.0443,-3.1364,5.4527,group,88221,90297
direct_vs_group_full,zusätzlicher,0,4,4,0.0,0.0443,-0.0443,-3.1364,5.4527,group,88221,90297
direct_vs_group_full,Äußert,0,4,4,0.0,0.0443,-0.0443,-3.1364,5.4527,group,88221,90297
direct_vs_group_full,Äußerte,0,4,4,0.0,0.0443,-0.0443,-3.1364,5.4527,group,88221,90297
direct_vs_group_full,Ösophagektomie,0,4,4,0.0,0.0443,-0.0443,-3.1364,5.4527,group,88221,90297
direct_vs_group_full,Übergabe/,0,4,4,0.0,0.0443,-0.0443,-3.1364,5.4527,group,88221,90297
direct_vs_group_full,â¯B,0,4,4,0.0,0.0443,-0.0443,-3.1364,5.4527,group,88221,90297
direct_vs_group_full,ärztlicher,0,4,4,0.0,0.0443,-0.0443,-3.1364,5.4527,group,88221,90297
direct_vs_group_full,übergewichtig,0,4,4,0.0,0.0443,-0.0443,-3.1364,5.4527,group,88221,90297
direct_vs_group_full,Aufenthalt,17,34,51,0.1927,0.3765,-0.1838,-0.9457,5.3881,group,88221,90297
direct_vs_group_full,gegen,34,18,52,0.3854,0.1993,0.1861,0.9326,5.383,direct,88221,90297
direct_vs_group_full,eine,441,384,825,4.9988,4.2526,0.7462,0.233,5.3787,direct,88221,90297
direct_vs_group_full,Beruf,27,13,40,0.306,0.144,0.1621,1.06,5.3363,direct,88221,90297
direct_vs_group_full,musste,9,22,31,0.102,0.2436,-0.1416,-1.2104,5.3257,group,88221,90297
direct_vs_group_full,kam,28,49,77,0.3174,0.5427,-0.2253,-0.7629,5.3224,group,88221,90297
direct_vs_group_full,achten,11,25,36,0.1247,0.2769,-0.1522,-1.1153,5.27,group,88221,90297
direct_vs_group_full,Büro,18,7,25,0.204,0.0775,0.1265,1.3361,5.2689,direct,88221,90297
direct_vs_group_full,steht,43,25,68,0.4874,0.2769,0.2105,0.8041,5.2498,direct,88221,90297
direct_vs_group_full,Wollen,13,4,17,0.1474,0.0443,0.1031,1.6185,5.2284,direct,88221,90297
direct_vs_group_full,eintragen,13,4,17,0.1474,0.0443,0.1031,1.6185,5.2284,direct,88221,90297
direct_vs_group_full,vorhin,13,4,17,0.1474,0.0443,0.1031,1.6185,5.2284,direct,88221,90297
direct_vs_group_full,wusste,13,4,17,0.1474,0.0443,0.1031,1.6185,5.2284,direct,88221,90297
direct_vs_group_full,Akte,7,1,8,0.0793,0.0111,0.0683,2.3555,5.2027,direct,88221,90297
direct_vs_group_full,Ernährungsplan,7,1,8,0.0793,0.0111,0.0683,2.3555,5.2027,direct,88221,90297
direct_vs_group_full,I,7,1,8,0.0793,0.0111,0.0683,2.3555,5.2027,direct,88221,90297
direct_vs_group_full,Konsum,7,1,8,0.0793,0.0111,0.0683,2.3555,5.2027,direct,88221,90297
direct_vs_group_full,Krankenkasse,7,1,8,0.0793,0.0111,0.0683,2.3555,5.2027,direct,88221,90297
direct_vs_group_full,LDH,7,1,8,0.0793,0.0111,0.0683,2.3555,5.2027,direct,88221,90297
direct_vs_group_full,ND,7,1,8,0.0793,0.0111,0.0683,2.3555,5.2027,direct,88221,90297
direct_vs_group_full,abnimmt,7,1,8,0.0793,0.0111,0.0683,2.3555,5.2027,direct,88221,90297
direct_vs_group_full,anfordern,7,1,8,0.0793,0.0111,0.0683,2.3555,5.2027,direct,88221,90297
direct_vs_group_full,dokumentiert,7,1,8,0.0793,0.0111,0.0683,2.3555,5.2027,direct,88221,90297
direct_vs_group_full,eingeladen,7,1,8,0.0793,0.0111,0.0683,2.3555,5.2027,direct,88221,90297
direct_vs_group_full,geschaut,7,1,8,0.0793,0.0111,0.0683,2.3555,5.2027,direct,88221,90297
direct_vs_group_full,kg,48,29,77,0.5441,0.3212,0.2229,0.7508,5.1894,direct,88221,90297
direct_vs_group_full,vertreten,18,35,53,0.204,0.3876,-0.1836,-0.9067,5.1622,group,88221,90297
direct_vs_group_full,Bereich,39,63,102,0.4421,0.6977,-0.2556,-0.6513,5.1559,group,88221,90297
direct_vs_group_full,Freitag,77,110,187,0.8728,1.2182,-0.3454,-0.4782,5.1119,group,88221,90297
direct_vs_group_full,erreicht,28,14,42,0.3174,0.155,0.1623,1.0085,5.0885,direct,88221,90297
direct_vs_group_full,Dort,11,3,14,0.1247,0.0332,0.0915,1.7498,5.0479,direct,88221,90297
direct_vs_group_full,Uchi,11,3,14,0.1247,0.0332,0.0915,1.7498,5.0479,direct,88221,90297
direct_vs_group_full,beides,11,3,14,0.1247,0.0332,0.0915,1.7498,5.0479,direct,88221,90297
direct_vs_group_full,echt,11,3,14,0.1247,0.0332,0.0915,1.7498,5.0479,direct,88221,90297
direct_vs_group_full,gearbeitet,11,3,14,0.1247,0.0332,0.0915,1.7498,5.0479,direct,88221,90297
direct_vs_group_full,freuen,5,15,20,0.0567,0.1661,-0.1094,-1.4612,5.0026,group,88221,90297
direct_vs_group_full,Diagnose,14,29,43,0.1587,0.3212,-0.1625,-0.9911,5.0011,group,88221,90297
direct_vs_group_full,Gedächtnissprechstunde,9,2,11,0.102,0.0221,0.0799,1.9596,4.9825,direct,88221,90297
direct_vs_group_full,Monaten,9,2,11,0.102,0.0221,0.0799,1.9596,4.9825,direct,88221,90297
direct_vs_group_full,Spätmahlzeit,9,2,11,0.102,0.0221,0.0799,1.9596,4.9825,direct,88221,90297
direct_vs_group_full,Um,9,2,11,0.102,0.0221,0.0799,1.9596,4.9825,direct,88221,90297
direct_vs_group_full,allein,9,2,11,0.102,0.0221,0.0799,1.9596,4.9825,direct,88221,90297
direct_vs_group_full,cool,9,2,11,0.102,0.0221,0.0799,1.9596,4.9825,direct,88221,90297
direct_vs_group_full,hinzugefügt,9,2,11,0.102,0.0221,0.0799,1.9596,4.9825,direct,88221,90297
direct_vs_group_full,schönes,16,6,22,0.1814,0.0664,0.1149,1.3775,4.9521,direct,88221,90297
direct_vs_group_full,total,16,6,22,0.1814,0.0664,0.1149,1.3775,4.9521,direct,88221,90297
direct_vs_group_full,ANV,1,7,8,0.0113,0.0775,-0.0662,-2.2884,4.9236,group,88221,90297
direct_vs_group_full,COVID,1,7,8,0.0113,0.0775,-0.0662,-2.2884,4.9236,group,88221,90297
direct_vs_group_full,Enttäuschung,1,7,8,0.0113,0.0775,-0.0662,-2.2884,4.9236,group,88221,90297
direct_vs_group_full,Ergänzung,1,7,8,0.0113,0.0775,-0.0662,-2.2884,4.9236,group,88221,90297
direct_vs_group_full,Ihnen,1,7,8,0.0113,0.0775,-0.0662,-2.2884,4.9236,group,88221,90297
direct_vs_group_full,Mannes,1,7,8,0.0113,0.0775,-0.0662,-2.2884,4.9236,group,88221,90297
direct_vs_group_full,Medikamenten,1,7,8,0.0113,0.0775,-0.0662,-2.2884,4.9236,group,88221,90297
direct_vs_group_full,Schuldgefühle,1,7,8,0.0113,0.0775,-0.0662,-2.2884,4.9236,group,88221,90297
direct_vs_group_full,Spricht,1,7,8,0.0113,0.0775,-0.0662,-2.2884,4.9236,group,88221,90297
direct_vs_group_full,US,1,7,8,0.0113,0.0775,-0.0662,-2.2884,4.9236,group,88221,90297
direct_vs_group_full,ausdrücken,1,7,8,0.0113,0.0775,-0.0662,-2.2884,4.9236,group,88221,90297
direct_vs_group_full,bekäme,1,7,8,0.0113,0.0775,-0.0662,-2.2884,4.9236,group,88221,90297
direct_vs_group_full,ermutigt,1,7,8,0.0113,0.0775,-0.0662,-2.2884,4.9236,group,88221,90297
direct_vs_group_full,iPads,1,7,8,0.0113,0.0775,-0.0662,-2.2884,4.9236,group,88221,90297
direct_vs_group_full,kaufen,1,7,8,0.0113,0.0775,-0.0662,-2.2884,4.9236,group,88221,90297
direct_vs_group_full,kritisch,1,7,8,0.0113,0.0775,-0.0662,-2.2884,4.9236,group,88221,90297
direct_vs_group_full,teilzunehmen,1,7,8,0.0113,0.0775,-0.0662,-2.2884,4.9236,group,88221,90297
direct_vs_group_full,verletzt,1,7,8,0.0113,0.0775,-0.0662,-2.2884,4.9236,group,88221,90297
direct_vs_group_full,früh,22,10,32,0.2494,0.1107,0.1386,1.1331,4.8953,direct,88221,90297
direct_vs_group_full,halten,22,10,32,0.2494,0.1107,0.1386,1.1331,4.8953,direct,88221,90297
direct_vs_group_full,200ml,19,8,27,0.2154,0.0886,0.1268,1.2315,4.874,direct,88221,90297
direct_vs_group_full,Atorvastatin,19,8,27,0.2154,0.0886,0.1268,1.2315,4.874,direct,88221,90297
direct_vs_group_full,laufen,19,8,27,0.2154,0.0886,0.1268,1.2315,4.874,direct,88221,90297
direct_vs_group_full,andere,25,44,69,0.2834,0.4873,-0.2039,-0.7698,4.8675,group,88221,90297
direct_vs_group_full,deshalb,29,15,44,0.3287,0.1661,0.1626,0.962,4.8645,direct,88221,90297
direct_vs_group_full,wo,37,21,58,0.4194,0.2326,0.1868,0.8361,4.8515,direct,88221,90297
direct_vs_group_full,Es,58,86,144,0.6574,0.9524,-0.295,-0.5307,4.8475,group,88221,90297
direct_vs_group_full,Besserung,4,13,17,0.0453,0.144,-0.0986,-1.5514,4.8098,group,88221,90297
direct_vs_group_full,Bewegung,4,13,17,0.0453,0.144,-0.0986,-1.5514,4.8098,group,88221,90297
direct_vs_group_full,Erfahrungen,4,13,17,0.0453,0.144,-0.0986,-1.5514,4.8098,group,88221,90297
direct_vs_group_full,ruhig,4,13,17,0.0453,0.144,-0.0986,-1.5514,4.8098,group,88221,90297
direct_vs_group_full,zeigt,4,13,17,0.0453,0.144,-0.0986,-1.5514,4.8098,group,88221,90297
direct_vs_group_full,Ängste,4,13,17,0.0453,0.144,-0.0986,-1.5514,4.8098,group,88221,90297
direct_vs_group_full,Hat,32,53,85,0.3627,0.587,-0.2242,-0.6855,4.7654,group,88221,90297
direct_vs_group_full,davon,20,37,57,0.2267,0.4098,-0.1831,-0.8377,4.7605,group,88221,90297
direct_vs_group_full,zuletzt,7,18,25,0.0793,0.1993,-0.12,-1.269,4.7572,group,88221,90297
direct_vs_group_full,App,26,13,39,0.2947,0.144,0.1507,1.0066,4.725,direct,88221,90297
direct_vs_group_full,Uhr,167,133,300,1.893,1.4729,0.4201,0.3609,4.693,direct,88221,90297
direct_vs_group_full,auffällig,3,11,14,0.034,0.1218,-0.0878,-1.6827,4.6757,group,88221,90297
direct_vs_group_full,spielen,3,11,14,0.034,0.1218,-0.0878,-1.6827,4.6757,group,88221,90297
direct_vs_group_full,P,9,21,30,0.102,0.2326,-0.1305,-1.1448,4.6619,group,88221,90297
direct_vs_group_full,Betreuerin,2,9,11,0.0227,0.0997,-0.077,-1.8924,4.6568,group,88221,90297
direct_vs_group_full,Modell,2,9,11,0.0227,0.0997,-0.077,-1.8924,4.6568,group,88221,90297
direct_vs_group_full,Traurigkeit,2,9,11,0.0227,0.0997,-0.077,-1.8924,4.6568,group,88221,90297
direct_vs_group_full,Zuhause,2,9,11,0.0227,0.0997,-0.077,-1.8924,4.6568,group,88221,90297
direct_vs_group_full,entspannter,2,9,11,0.0227,0.0997,-0.077,-1.8924,4.6568,group,88221,90297
direct_vs_group_full,erstellt,2,9,11,0.0227,0.0997,-0.077,-1.8924,4.6568,group,88221,90297
direct_vs_group_full,solle,2,9,11,0.0227,0.0997,-0.077,-1.8924,4.6568,group,88221,90297
direct_vs_group_full,weniger,11,24,35,0.1247,0.2658,-0.1411,-1.0576,4.6486,group,88221,90297
direct_vs_group_full,schnell,23,11,34,0.2607,0.1218,0.1389,1.0646,4.6116,direct,88221,90297
direct_vs_group_full,angemeldet,30,50,80,0.3401,0.5537,-0.2137,-0.6939,4.5991,group,88221,90297
direct_vs_group_full,5,41,64,105,0.4647,0.7088,-0.244,-0.6026,4.5584,group,88221,90297
direct_vs_group_full,versuche,20,9,29,0.2267,0.0997,0.127,1.1432,4.5385,direct,88221,90297
direct_vs_group_full,Ordnung,17,7,24,0.1927,0.0775,0.1152,1.2559,4.5323,direct,88221,90297
direct_vs_group_full,dem,289,246,535,3.2759,2.7243,0.5515,0.2655,4.5323,direct,88221,90297
direct_vs_group_full,Bezug,6,16,22,0.068,0.1772,-0.1092,-1.3104,4.4869,group,88221,90297
direct_vs_group_full,Bild,6,16,22,0.068,0.1772,-0.1092,-1.3104,4.4869,group,88221,90297
direct_vs_group_full,Druck,6,16,22,0.068,0.1772,-0.1092,-1.3104,4.4869,group,88221,90297
direct_vs_group_full,Feedback,6,16,22,0.068,0.1772,-0.1092,-1.3104,4.4869,group,88221,90297
direct_vs_group_full,s,31,17,48,0.3514,0.1883,0.1631,0.8816,4.4754,direct,88221,90297
direct_vs_group_full,beiden,25,43,68,0.2834,0.4762,-0.1928,-0.737,4.4125,group,88221,90297
direct_vs_group_full,Hello,12,4,16,0.136,0.0443,0.0917,1.5075,4.3742,direct,88221,90297
direct_vs_group_full,angerufen,12,4,16,0.136,0.0443,0.0917,1.5075,4.3742,direct,88221,90297
direct_vs_group_full,innerer,12,4,16,0.136,0.0443,0.0917,1.5075,4.3742,direct,88221,90297
direct_vs_group_full,reden,12,4,16,0.136,0.0443,0.0917,1.5075,4.3742,direct,88221,90297
direct_vs_group_full,Euch,12,25,37,0.136,0.2769,-0.1408,-0.995,4.3692,group,88221,90297
direct_vs_group_full,Werte,12,25,37,0.136,0.2769,-0.1408,-0.995,4.3692,group,88221,90297
direct_vs_group_full,gute,24,12,36,0.272,0.1329,0.1391,1.0044,4.3616,direct,88221,90297
direct_vs_group_full,telefonieren,24,12,36,0.272,0.1329,0.1391,1.0044,4.3616,direct,88221,90297
direct_vs_group_full,Wenn,62,42,104,0.7028,0.4651,0.2376,0.5899,4.3495,direct,88221,90297
direct_vs_group_full,diesem,10,22,32,0.1134,0.2436,-0.1303,-1.066,4.3371,group,88221,90297
direct_vs_group_full,welche,28,15,43,0.3174,0.1661,0.1513,0.9122,4.3006,direct,88221,90297
direct_vs_group_full,ggf,57,83,140,0.6461,0.9192,-0.2731,-0.5047,4.2709,group,88221,90297
direct_vs_group_full,Sonde,21,10,31,0.238,0.1107,0.1273,1.0675,4.2496,direct,88221,90297
direct_vs_group_full,Hilfe,5,14,19,0.0567,0.155,-0.0984,-1.365,4.2321,group,88221,90297
direct_vs_group_full,Möchte,5,14,19,0.0567,0.155,-0.0984,-1.365,4.2321,group,88221,90297
direct_vs_group_full,Zusammenhang,5,14,19,0.0567,0.155,-0.0984,-1.365,4.2321,group,88221,90297
direct_vs_group_full,explizit,5,14,19,0.0567,0.155,-0.0984,-1.365,4.2321,group,88221,90297
direct_vs_group_full,nachmittags,5,14,19,0.0567,0.155,-0.0984,-1.365,4.2321,group,88221,90297
direct_vs_group_full,+/,3,0,3,0.034,0.0,0.034,2.8409,4.2291,direct,88221,90297
direct_vs_group_full,10Uhr,3,0,3,0.034,0.0,0.034,2.8409,4.2291,direct,88221,90297
direct_vs_group_full,200g,3,0,3,0.034,0.0,0.034,2.8409,4.2291,direct,88221,90297
direct_vs_group_full,35,3,0,3,0.034,0.0,0.034,2.8409,4.2291,direct,88221,90297
direct_vs_group_full,56,3,0,3,0.034,0.0,0.034,2.8409,4.2291,direct,88221,90297
direct_vs_group_full,80ml/h,3,0,3,0.034,0.0,0.034,2.8409,4.2291,direct,88221,90297
direct_vs_group_full,9Uhr,3,0,3,0.034,0.0,0.034,2.8409,4.2291,direct,88221,90297
direct_vs_group_full,Abhängigkeitspotential,3,0,3,0.034,0.0,0.034,2.8409,4.2291,direct,88221,90297
direct_vs_group_full,Alkohol,3,0,3,0.034,0.0,0.034,2.8409,4.2291,direct,88221,90297
direct_vs_group_full,Amt,3,0,3,0.034,0.0,0.034,2.8409,4.2291,direct,88221,90297
direct_vs_group_full,Angeboten,3,0,3,0.034,0.0,0.034,2.8409,4.2291,direct,88221,90297
direct_vs_group_full,Anordnungen,3,0,3,0.034,0.0,0.034,2.8409,4.2291,direct,88221,90297
direct_vs_group_full,Ansage,3,0,3,0.034,0.0,0.034,2.8409,4.2291,direct,88221,90297
direct_vs_group_full,Aufnahmetag,3,0,3,0.034,0.0,0.034,2.8409,4.2291,direct,88221,90297
direct_vs_group_full,Autismus,3,0,3,0.034,0.0,0.034,2.8409,4.2291,direct,88221,90297
direct_vs_group_full,Basisdiagnostik,3,0,3,0.034,0.0,0.034,2.8409,4.2291,direct,88221,90297
direct_vs_group_full,Beitrag,3,0,3,0.034,0.0,0.034,2.8409,4.2291,direct,88221,90297
direct_vs_group_full,Belastungen,3,0,3,0.034,0.0,0.034,2.8409,4.2291,direct,88221,90297
direct_vs_group_full,Benachrichtigung,3,0,3,0.034,0.0,0.034,2.8409,4.2291,direct,88221,90297
direct_vs_group_full,Beweglichkeit,3,0,3,0.034,0.0,0.034,2.8409,4.2291,direct,88221,90297
direct_vs_group_full,Co,3,0,3,0.034,0.0,0.034,2.8409,4.2291,direct,88221,90297
direct_vs_group_full,Computerspiele,3,0,3,0.034,0.0,0.034,2.8409,4.2291,direct,88221,90297
direct_vs_group_full,Denkst,3,0,3,0.034,0.0,0.034,2.8409,4.2291,direct,88221,90297
direct_vs_group_full,Dienstnummer,3,0,3,0.034,0.0,0.034,2.8409,4.2291,direct,88221,90297
direct_vs_group_full,Dieses,3,0,3,0.034,0.0,0.034,2.8409,4.2291,direct,88221,90297
direct_vs_group_full,Differentialdiagnostik,3,0,3,0.034,0.0,0.034,2.8409,4.2291,direct,88221,90297
direct_vs_group_full,Doppeltherapie,3,0,3,0.034,0.0,0.034,2.8409,4.2291,direct,88221,90297
direct_vs_group_full,Drogen,3,0,3,0.034,0.0,0.034,2.8409,4.2291,direct,88221,90297
direct_vs_group_full,Einverstanden,3,0,3,0.034,0.0,0.034,2.8409,4.2291,direct,88221,90297
direct_vs_group_full,Einverständniserklärungen,3,0,3,0.034,0.0,0.034,2.8409,4.2291,direct,88221,90297
direct_vs_group_full,Eis,3,0,3,0.034,0.0,0.034,2.8409,4.2291,direct,88221,90297
direct_vs_group_full,Emailadresse,3,0,3,0.034,0.0,0.034,2.8409,4.2291,direct,88221,90297
direct_vs_group_full,Ex,3,0,3,0.034,0.0,0.034,2.8409,4.2291,direct,88221,90297
direct_vs_group_full,Formatierung,3,0,3,0.034,0.0,0.034,2.8409,4.2291,direct,88221,90297
direct_vs_group_full,Gastro/Kolo,3,0,3,0.034,0.0,0.034,2.8409,4.2291,direct,88221,90297
direct_vs_group_full,Genetik,3,0,3,0.034,0.0,0.034,2.8409,4.2291,direct,88221,90297
direct_vs_group_full,Geschwistern,3,0,3,0.034,0.0,0.034,2.8409,4.2291,direct,88221,90297
direct_vs_group_full,Gruppendiskussion,3,0,3,0.034,0.0,0.034,2.8409,4.2291,direct,88221,90297
direct_vs_group_full,Hatten,3,0,3,0.034,0.0,0.034,2.8409,4.2291,direct,88221,90297
direct_vs_group_full,Heyy,3,0,3,0.034,0.0,0.034,2.8409,4.2291,direct,88221,90297
direct_vs_group_full,Hypercholesterinämie,3,0,3,0.034,0.0,0.034,2.8409,4.2291,direct,88221,90297
direct_vs_group_full,ICh,3,0,3,0.034,0.0,0.034,2.8409,4.2291,direct,88221,90297
direct_vs_group_full,Interventionen,3,0,3,0.034,0.0,0.034,2.8409,4.2291,direct,88221,90297
direct_vs_group_full,Kalorienbedarf,3,0,3,0.034,0.0,0.034,2.8409,4.2291,direct,88221,90297
direct_vs_group_full,Kennst,3,0,3,0.034,0.0,0.034,2.8409,4.2291,direct,88221,90297
direct_vs_group_full,Komisch,3,0,3,0.034,0.0,0.034,2.8409,4.2291,direct,88221,90297
direct_vs_group_full,Kontaktperson,3,0,3,0.034,0.0,0.034,2.8409,4.2291,direct,88221,90297
direct_vs_group_full,Kostabsprache,3,0,3,0.034,0.0,0.034,2.8409,4.2291,direct,88221,90297
direct_vs_group_full,Kränkung,3,0,3,0.034,0.0,0.034,2.8409,4.2291,direct,88221,90297
direct_vs_group_full,Küche,3,0,3,0.034,0.0,0.034,2.8409,4.2291,direct,88221,90297
direct_vs_group_full,LJ,3,0,3,0.034,0.0,0.034,2.8409,4.2291,direct,88221,90297
direct_vs_group_full,Lebensgefahr,3,0,3,0.034,0.0,0.034,2.8409,4.2291,direct,88221,90297
direct_vs_group_full,Lebt,3,0,3,0.034,0.0,0.034,2.8409,4.2291,direct,88221,90297
direct_vs_group_full,Leerstelle,3,0,3,0.034,0.0,0.034,2.8409,4.2291,direct,88221,90297
direct_vs_group_full,MDA,3,0,3,0.034,0.0,0.034,2.8409,4.2291,direct,88221,90297
direct_vs_group_full,MVZ,3,0,3,0.034,0.0,0.034,2.8409,4.2291,direct,88221,90297
direct_vs_group_full,Magst,3,0,3,0.034,0.0,0.034,2.8409,4.2291,direct,88221,90297
direct_vs_group_full,Mails,3,0,3,0.034,0.0,0.034,2.8409,4.2291,direct,88221,90297
direct_vs_group_full,Meeting,3,0,3,0.034,0.0,0.034,2.8409,4.2291,direct,88221,90297
direct_vs_group_full,Menge,3,0,3,0.034,0.0,0.034,2.8409,4.2291,direct,88221,90297
direct_vs_group_full,Minute,3,0,3,0.034,0.0,0.034,2.8409,4.2291,direct,88221,90297
direct_vs_group_full,Montags,3,0,3,0.034,0.0,0.034,2.8409,4.2291,direct,88221,90297
direct_vs_group_full,Naja,3,0,3,0.034,0.0,0.034,2.8409,4.2291,direct,88221,90297
direct_vs_group_full,Nimmst,3,0,3,0.034,0.0,0.034,2.8409,4.2291,direct,88221,90297
direct_vs_group_full,Oberarzt,3,0,3,0.034,0.0,0.034,2.8409,4.2291,direct,88221,90297
direct_vs_group_full,Panini,3,0,3,0.034,0.0,0.034,2.8409,4.2291,direct,88221,90297
direct_vs_group_full,Pflegeperson,3,0,3,0.034,0.0,0.034,2.8409,4.2291,direct,88221,90297
direct_vs_group_full,Prob,3,0,3,0.034,0.0,0.034,2.8409,4.2291,direct,88221,90297
direct_vs_group_full,Programm,3,0,3,0.034,0.0,0.034,2.8409,4.2291,direct,88221,90297
direct_vs_group_full,Psychotherapeutin,3,0,3,0.034,0.0,0.034,2.8409,4.2291,direct,88221,90297
direct_vs_group_full,Reicht,3,0,3,0.034,0.0,0.034,2.8409,4.2291,direct,88221,90297
direct_vs_group_full,Resonium,3,0,3,0.034,0.0,0.034,2.8409,4.2291,direct,88221,90297
direct_vs_group_full,Rettungsstelle,3,0,3,0.034,0.0,0.034,2.8409,4.2291,direct,88221,90297
direct_vs_group_full,Rotation,3,0,3,0.034,0.0,0.034,2.8409,4.2291,direct,88221,90297
direct_vs_group_full,Rutsch,3,0,3,0.034,0.0,0.034,2.8409,4.2291,direct,88221,90297
direct_vs_group_full,Salzzufuhr,3,0,3,0.034,0.0,0.034,2.8409,4.2291,direct,88221,90297
direct_vs_group_full,Samedi,3,0,3,0.034,0.0,0.034,2.8409,4.2291,direct,88221,90297
direct_vs_group_full,Schlüssel,3,0,3,0.034,0.0,0.034,2.8409,4.2291,direct,88221,90297
direct_vs_group_full,Schreiben,3,0,3,0.034,0.0,0.034,2.8409,4.2291,direct,88221,90297
direct_vs_group_full,Schwerpunkt,3,0,3,0.034,0.0,0.034,2.8409,4.2291,direct,88221,90297
direct_vs_group_full,Sinustachykardie,3,0,3,0.034,0.0,0.034,2.8409,4.2291,direct,88221,90297
direct_vs_group_full,Slot,3,0,3,0.034,0.0,0.034,2.8409,4.2291,direct,88221,90297
direct_vs_group_full,Sondenerhöhung,3,0,3,0.034,0.0,0.034,2.8409,4.2291,direct,88221,90297
direct_vs_group_full,Sonne,3,0,3,0.034,0.0,0.034,2.8409,4.2291,direct,88221,90297
direct_vs_group_full,Springer,3,0,3,0.034,0.0,0.034,2.8409,4.2291,direct,88221,90297
direct_vs_group_full,Stationsarzt,3,0,3,0.034,0.0,0.034,2.8409,4.2291,direct,88221,90297
direct_vs_group_full,Stillstand,3,0,3,0.034,0.0,0.034,2.8409,4.2291,direct,88221,90297
direct_vs_group_full,Studien,3,0,3,0.034,0.0,0.034,2.8409,4.2291,direct,88221,90297
direct_vs_group_full,Studienergebnisse,3,0,3,0.034,0.0,0.034,2.8409,4.2291,direct,88221,90297
direct_vs_group_full,Substanz,3,0,3,0.034,0.0,0.034,2.8409,4.2291,direct,88221,90297
direct_vs_group_full,TV,3,0,3,0.034,0.0,0.034,2.8409,4.2291,direct,88221,90297
direct_vs_group_full,Tagesstruktur,3,0,3,0.034,0.0,0.034,2.8409,4.2291,direct,88221,90297
direct_vs_group_full,Telefonnr,3,0,3,0.034,0.0,0.034,2.8409,4.2291,direct,88221,90297
direct_vs_group_full,Therapieplan,3,0,3,0.034,0.0,0.034,2.8409,4.2291,direct,88221,90297
direct_vs_group_full,Tianeptin,3,0,3,0.034,0.0,0.034,2.8409,4.2291,direct,88221,90297
direct_vs_group_full,Tip,3,0,3,0.034,0.0,0.034,2.8409,4.2291,direct,88221,90297
direct_vs_group_full,Umfang,3,0,3,0.034,0.0,0.034,2.8409,4.2291,direct,88221,90297
direct_vs_group_full,Umschulung,3,0,3,0.034,0.0,0.034,2.8409,4.2291,direct,88221,90297
direct_vs_group_full,Unterbringung,3,0,3,0.034,0.0,0.034,2.8409,4.2291,direct,88221,90297
direct_vs_group_full,Wahnhaft,3,0,3,0.034,0.0,0.034,2.8409,4.2291,direct,88221,90297
direct_vs_group_full,Wahrscheinlich,3,0,3,0.034,0.0,0.034,2.8409,4.2291,direct,88221,90297
direct_vs_group_full,Wasserlassen,3,0,3,0.034,0.0,0.034,2.8409,4.2291,direct,88221,90297
direct_vs_group_full,Weihnachtsbaum,3,0,3,0.034,0.0,0.034,2.8409,4.2291,direct,88221,90297
direct_vs_group_full,Willst,3,0,3,0.034,0.0,0.034,2.8409,4.2291,direct,88221,90297
direct_vs_group_full,Yoga,3,0,3,0.034,0.0,0.034,2.8409,4.2291,direct,88221,90297
direct_vs_group_full,Zeiten,3,0,3,0.034,0.0,0.034,2.8409,4.2291,direct,88221,90297
direct_vs_group_full,Zug,3,0,3,0.034,0.0,0.034,2.8409,4.2291,direct,88221,90297
direct_vs_group_full,^^,3,0,3,0.034,0.0,0.034,2.8409,4.2291,direct,88221,90297
direct_vs_group_full,abgelegt,3,0,3,0.034,0.0,0.034,2.8409,4.2291,direct,88221,90297
direct_vs_group_full,abstimmen,3,0,3,0.034,0.0,0.034,2.8409,4.2291,direct,88221,90297
direct_vs_group_full,ach,3,0,3,0.034,0.0,0.034,2.8409,4.2291,direct,88221,90297
direct_vs_group_full,allzu,3,0,3,0.034,0.0,0.034,2.8409,4.2291,direct,88221,90297
direct_vs_group_full,angeben,3,0,3,0.034,0.0,0.034,2.8409,4.2291,direct,88221,90297
direct_vs_group_full,angedeutet,3,0,3,0.034,0.0,0.034,2.8409,4.2291,direct,88221,90297
direct_vs_group_full,anhand,3,0,3,0.034,0.0,0.034,2.8409,4.2291,direct,88221,90297
direct_vs_group_full,anzumelden,3,0,3,0.034,0.0,0.034,2.8409,4.2291,direct,88221,90297
direct_vs_group_full,anzutreffen,3,0,3,0.034,0.0,0.034,2.8409,4.2291,direct,88221,90297
direct_vs_group_full,arme,3,0,3,0.034,0.0,0.034,2.8409,4.2291,direct,88221,90297
direct_vs_group_full,aufgezählten,3,0,3,0.034,0.0,0.034,2.8409,4.2291,direct,88221,90297
direct_vs_group_full,aufhören,3,0,3,0.034,0.0,0.034,2.8409,4.2291,direct,88221,90297
direct_vs_group_full,aufklären,3,0,3,0.034,0.0,0.034,2.8409,4.2291,direct,88221,90297
direct_vs_group_full,aufmachen,3,0,3,0.034,0.0,0.034,2.8409,4.2291,direct,88221,90297
direct_vs_group_full,aufs,3,0,3,0.034,0.0,0.034,2.8409,4.2291,direct,88221,90297
direct_vs_group_full,ausgeprägter,3,0,3,0.034,0.0,0.034,2.8409,4.2291,direct,88221,90297
direct_vs_group_full,ausstellen,3,0,3,0.034,0.0,0.034,2.8409,4.2291,direct,88221,90297
direct_vs_group_full,belegt,3,0,3,0.034,0.0,0.034,2.8409,4.2291,direct,88221,90297
direct_vs_group_full,berichte,3,0,3,0.034,0.0,0.034,2.8409,4.2291,direct,88221,90297
direct_vs_group_full,betreuen,3,0,3,0.034,0.0,0.034,2.8409,4.2291,direct,88221,90297
direct_vs_group_full,blick,3,0,3,0.034,0.0,0.034,2.8409,4.2291,direct,88221,90297
direct_vs_group_full,bräuchten,3,0,3,0.034,0.0,0.034,2.8409,4.2291,direct,88221,90297
direct_vs_group_full,böse,3,0,3,0.034,0.0,0.034,2.8409,4.2291,direct,88221,90297
direct_vs_group_full,checke,3,0,3,0.034,0.0,0.034,2.8409,4.2291,direct,88221,90297
direct_vs_group_full,dazwischen,3,0,3,0.034,0.0,0.034,2.8409,4.2291,direct,88221,90297
direct_vs_group_full,derzeitige,3,0,3,0.034,0.0,0.034,2.8409,4.2291,direct,88221,90297
direct_vs_group_full,digital,3,0,3,0.034,0.0,0.034,2.8409,4.2291,direct,88221,90297
direct_vs_group_full,dünn,3,0,3,0.034,0.0,0.034,2.8409,4.2291,direct,88221,90297
direct_vs_group_full,eCRF,3,0,3,0.034,0.0,0.034,2.8409,4.2291,direct,88221,90297
direct_vs_group_full,einnehmend/implizit,3,0,3,0.034,0.0,0.034,2.8409,4.2291,direct,88221,90297
direct_vs_group_full,einnimmt,3,0,3,0.034,0.0,0.034,2.8409,4.2291,direct,88221,90297
direct_vs_group_full,einscannt,3,0,3,0.034,0.0,0.034,2.8409,4.2291,direct,88221,90297
direct_vs_group_full,einzuladen,3,0,3,0.034,0.0,0.034,2.8409,4.2291,direct,88221,90297
direct_vs_group_full,entdeckt,3,0,3,0.034,0.0,0.034,2.8409,4.2291,direct,88221,90297
direct_vs_group_full,entlang,3,0,3,0.034,0.0,0.034,2.8409,4.2291,direct,88221,90297
direct_vs_group_full,entspannt,3,0,3,0.034,0.0,0.034,2.8409,4.2291,direct,88221,90297
direct_vs_group_full,ergänze,3,0,3,0.034,0.0,0.034,2.8409,4.2291,direct,88221,90297
direct_vs_group_full,euren,3,0,3,0.034,0.0,0.034,2.8409,4.2291,direct,88221,90297
direct_vs_group_full,familiäre,3,0,3,0.034,0.0,0.034,2.8409,4.2291,direct,88221,90297
direct_vs_group_full,festzustellen,3,0,3,0.034,0.0,0.034,2.8409,4.2291,direct,88221,90297
direct_vs_group_full,freies,3,0,3,0.034,0.0,0.034,2.8409,4.2291,direct,88221,90297
direct_vs_group_full,führten,3,0,3,0.034,0.0,0.034,2.8409,4.2291,direct,88221,90297
direct_vs_group_full,geh,3,0,3,0.034,0.0,0.034,2.8409,4.2291,direct,88221,90297
direct_vs_group_full,gemeint,3,0,3,0.034,0.0,0.034,2.8409,4.2291,direct,88221,90297
direct_vs_group_full,gering,3,0,3,0.034,0.0,0.034,2.8409,4.2291,direct,88221,90297
direct_vs_group_full,gescheckt,3,0,3,0.034,0.0,0.034,2.8409,4.2291,direct,88221,90297
direct_vs_group_full,gesteigerte,3,0,3,0.034,0.0,0.034,2.8409,4.2291,direct,88221,90297
direct_vs_group_full,gewichtsziel,3,0,3,0.034,0.0,0.034,2.8409,4.2291,direct,88221,90297
direct_vs_group_full,gewichtszunahme,3,0,3,0.034,0.0,0.034,2.8409,4.2291,direct,88221,90297
direct_vs_group_full,gewöhnlich,3,0,3,0.034,0.0,0.034,2.8409,4.2291,direct,88221,90297
direct_vs_group_full,gib,3,0,3,0.034,0.0,0.034,2.8409,4.2291,direct,88221,90297
direct_vs_group_full,grenzwertig,3,0,3,0.034,0.0,0.034,2.8409,4.2291,direct,88221,90297
direct_vs_group_full,grenzwertige,3,0,3,0.034,0.0,0.034,2.8409,4.2291,direct,88221,90297
direct_vs_group_full,grün,3,0,3,0.034,0.0,0.034,2.8409,4.2291,direct,88221,90297
direct_vs_group_full,hello,3,0,3,0.034,0.0,0.034,2.8409,4.2291,direct,88221,90297
direct_vs_group_full,hingenommen,3,0,3,0.034,0.0,0.034,2.8409,4.2291,direct,88221,90297
direct_vs_group_full,hinsetzen,3,0,3,0.034,0.0,0.034,2.8409,4.2291,direct,88221,90297
direct_vs_group_full,hinterher,3,0,3,0.034,0.0,0.034,2.8409,4.2291,direct,88221,90297
direct_vs_group_full,hole,3,0,3,0.034,0.0,0.034,2.8409,4.2291,direct,88221,90297
direct_vs_group_full,höheren,3,0,3,0.034,0.0,0.034,2.8409,4.2291,direct,88221,90297
direct_vs_group_full,höre,3,0,3,0.034,0.0,0.034,2.8409,4.2291,direct,88221,90297
direct_vs_group_full,idealerweise,3,0,3,0.034,0.0,0.034,2.8409,4.2291,direct,88221,90297
direct_vs_group_full,jegliche,3,0,3,0.034,0.0,0.034,2.8409,4.2291,direct,88221,90297
direct_vs_group_full,komplex,3,0,3,0.034,0.0,0.034,2.8409,4.2291,direct,88221,90297
direct_vs_group_full,kriegen,3,0,3,0.034,0.0,0.034,2.8409,4.2291,direct,88221,90297
direct_vs_group_full,label,3,0,3,0.034,0.0,0.034,2.8409,4.2291,direct,88221,90297
direct_vs_group_full,leite,3,0,3,0.034,0.0,0.034,2.8409,4.2291,direct,88221,90297
direct_vs_group_full,losgehen,3,0,3,0.034,0.0,0.034,2.8409,4.2291,direct,88221,90297
direct_vs_group_full,läufts,3,0,3,0.034,0.0,0.034,2.8409,4.2291,direct,88221,90297
direct_vs_group_full,mittlerweile,3,0,3,0.034,0.0,0.034,2.8409,4.2291,direct,88221,90297
direct_vs_group_full,neuaufnahme,3,0,3,0.034,0.0,0.034,2.8409,4.2291,direct,88221,90297
direct_vs_group_full,registriert,3,0,3,0.034,0.0,0.034,2.8409,4.2291,direct,88221,90297
direct_vs_group_full,reingeschrieben,3,0,3,0.034,0.0,0.034,2.8409,4.2291,direct,88221,90297
direct_vs_group_full,reinschreiben,3,0,3,0.034,0.0,0.034,2.8409,4.2291,direct,88221,90297
direct_vs_group_full,richtigen,3,0,3,0.034,0.0,0.034,2.8409,4.2291,direct,88221,90297
direct_vs_group_full,roll_eyes,3,0,3,0.034,0.0,0.034,2.8409,4.2291,direct,88221,90297
direct_vs_group_full,scanne,3,0,3,0.034,0.0,0.034,2.8409,4.2291,direct,88221,90297
direct_vs_group_full,scheinbar,3,0,3,0.034,0.0,0.034,2.8409,4.2291,direct,88221,90297
direct_vs_group_full,see_no_evil,3,0,3,0.034,0.0,0.034,2.8409,4.2291,direct,88221,90297
direct_vs_group_full,seid,3,0,3,0.034,0.0,0.034,2.8409,4.2291,direct,88221,90297
direct_vs_group_full,sinn,3,0,3,0.034,0.0,0.034,2.8409,4.2291,direct,88221,90297
direct_vs_group_full,somatoform,3,0,3,0.034,0.0,0.034,2.8409,4.2291,direct,88221,90297
direct_vs_group_full,somatoforme,3,0,3,0.034,0.0,0.034,2.8409,4.2291,direct,88221,90297
direct_vs_group_full,stunden,3,0,3,0.034,0.0,0.034,2.8409,4.2291,direct,88221,90297
direct_vs_group_full,teilweisen,3,0,3,0.034,0.0,0.034,2.8409,4.2291,direct,88221,90297
direct_vs_group_full,thinking_face,3,0,3,0.034,0.0,0.034,2.8409,4.2291,direct,88221,90297
direct_vs_group_full,unamused,3,0,3,0.034,0.0,0.034,2.8409,4.2291,direct,88221,90297
direct_vs_group_full,unterschreibe,3,0,3,0.034,0.0,0.034,2.8409,4.2291,direct,88221,90297
direct_vs_group_full,vereinbarten,3,0,3,0.034,0.0,0.034,2.8409,4.2291,direct,88221,90297
direct_vs_group_full,vermerkt,3,0,3,0.034,0.0,0.034,2.8409,4.2291,direct,88221,90297
direct_vs_group_full,verplant,3,0,3,0.034,0.0,0.034,2.8409,4.2291,direct,88221,90297
direct_vs_group_full,weisen,3,0,3,0.034,0.0,0.034,2.8409,4.2291,direct,88221,90297
direct_vs_group_full,weiss,3,0,3,0.034,0.0,0.034,2.8409,4.2291,direct,88221,90297
direct_vs_group_full,woman_shrugging,3,0,3,0.034,0.0,0.034,2.8409,4.2291,direct,88221,90297
direct_vs_group_full,zusammensetzen,3,0,3,0.034,0.0,0.034,2.8409,4.2291,direct,88221,90297
direct_vs_group_full,zw,3,0,3,0.034,0.0,0.034,2.8409,4.2291,direct,88221,90297
direct_vs_group_full,Übersicht,3,0,3,0.034,0.0,0.034,2.8409,4.2291,direct,88221,90297
direct_vs_group_full,Übertragung,3,0,3,0.034,0.0,0.034,2.8409,4.2291,direct,88221,90297
direct_vs_group_full,ändert,3,0,3,0.034,0.0,0.034,2.8409,4.2291,direct,88221,90297
direct_vs_group_full,überlege,3,0,3,0.034,0.0,0.034,2.8409,4.2291,direct,88221,90297
direct_vs_group_full,übersehen,3,0,3,0.034,0.0,0.034,2.8409,4.2291,direct,88221,90297
direct_vs_group_full,aufgrund,15,29,44,0.17,0.3212,-0.1511,-0.8949,4.2133,group,88221,90297
direct_vs_group_full,dieses,10,3,13,0.1134,0.0332,0.0801,1.6185,4.1411,direct,88221,90297
direct_vs_group_full,dringend,10,3,13,0.1134,0.0332,0.0801,1.6185,4.1411,direct,88221,90297
direct_vs_group_full,festlegen,10,3,13,0.1134,0.0332,0.0801,1.6185,4.1411,direct,88221,90297
direct_vs_group_full,machst,10,3,13,0.1134,0.0332,0.0801,1.6185,4.1411,direct,88221,90297
direct_vs_group_full,sogar,10,3,13,0.1134,0.0332,0.0801,1.6185,4.1411,direct,88221,90297
direct_vs_group_full,zufällig,10,3,13,0.1134,0.0332,0.0801,1.6185,4.1411,direct,88221,90297
direct_vs_group_full,Bis,25,13,38,0.2834,0.144,0.1394,0.9511,4.1394,direct,88221,90297
direct_vs_group_full,nein,25,13,38,0.2834,0.144,0.1394,0.9511,4.1394,direct,88221,90297
direct_vs_group_full,ihre,59,85,144,0.6688,0.9413,-0.2726,-0.4895,4.135,group,88221,90297
direct_vs_group_full,Tavor,29,16,45,0.3287,0.1772,0.1515,0.8718,4.1181,direct,88221,90297
direct_vs_group_full,12h,0,3,3,0.0,0.0332,-0.0332,-2.7738,4.0895,group,88221,90297
direct_vs_group_full,20mg,0,3,3,0.0,0.0332,-0.0332,-2.7738,4.0895,group,88221,90297
direct_vs_group_full,28,0,3,3,0.0,0.0332,-0.0332,-2.7738,4.0895,group,88221,90297
direct_vs_group_full,2L,0,3,3,0.0,0.0332,-0.0332,-2.7738,4.0895,group,88221,90297
direct_vs_group_full,2x20,0,3,3,0.0,0.0332,-0.0332,-2.7738,4.0895,group,88221,90297
direct_vs_group_full,3/tgl,0,3,3,0.0,0.0332,-0.0332,-2.7738,4.0895,group,88221,90297
direct_vs_group_full,34a,0,3,3,0.0,0.0332,-0.0332,-2.7738,4.0895,group,88221,90297
direct_vs_group_full,34b,0,3,3,0.0,0.0332,-0.0332,-2.7738,4.0895,group,88221,90297
direct_vs_group_full,3xtgl,0,3,3,0.0,0.0332,-0.0332,-2.7738,4.0895,group,88221,90297
direct_vs_group_full,400mg,0,3,3,0.0,0.0332,-0.0332,-2.7738,4.0895,group,88221,90297
direct_vs_group_full,500ml,0,3,3,0.0,0.0332,-0.0332,-2.7738,4.0895,group,88221,90297
direct_vs_group_full,ASV,0,3,3,0.0,0.0332,-0.0332,-2.7738,4.0895,group,88221,90297
direct_vs_group_full,Abwicklung,0,3,3,0.0,0.0332,-0.0332,-2.7738,4.0895,group,88221,90297
direct_vs_group_full,Aklärung,0,3,3,0.0,0.0332,-0.0332,-2.7738,4.0895,group,88221,90297
direct_vs_group_full,Aktuelle,0,3,3,0.0,0.0332,-0.0332,-2.7738,4.0895,group,88221,90297
direct_vs_group_full,Allgemein,0,3,3,0.0,0.0332,-0.0332,-2.7738,4.0895,group,88221,90297
direct_vs_group_full,Allgemeinchirurgie,0,3,3,0.0,0.0332,-0.0332,-2.7738,4.0895,group,88221,90297
direct_vs_group_full,Allianz,0,3,3,0.0,0.0332,-0.0332,-2.7738,4.0895,group,88221,90297
direct_vs_group_full,Anlass,0,3,3,0.0,0.0332,-0.0332,-2.7738,4.0895,group,88221,90297
direct_vs_group_full,Anlaufstelle,0,3,3,0.0,0.0332,-0.0332,-2.7738,4.0895,group,88221,90297
direct_vs_group_full,Anreize,0,3,3,0.0,0.0332,-0.0332,-2.7738,4.0895,group,88221,90297
direct_vs_group_full,Ansprüche,0,3,3,0.0,0.0332,-0.0332,-2.7738,4.0895,group,88221,90297
direct_vs_group_full,Anstieg,0,3,3,0.0,0.0332,-0.0332,-2.7738,4.0895,group,88221,90297
direct_vs_group_full,Arbeitgebers,0,3,3,0.0,0.0332,-0.0332,-2.7738,4.0895,group,88221,90297
direct_vs_group_full,Arz,0,3,3,0.0,0.0332,-0.0332,-2.7738,4.0895,group,88221,90297
direct_vs_group_full,Augen,0,3,3,0.0,0.0332,-0.0332,-2.7738,4.0895,group,88221,90297
direct_vs_group_full,Augenkonsils,0,3,3,0.0,0.0332,-0.0332,-2.7738,4.0895,group,88221,90297
direct_vs_group_full,Augenrollen,0,3,3,0.0,0.0332,-0.0332,-2.7738,4.0895,group,88221,90297
direct_vs_group_full,Auseinandersetzen,0,3,3,0.0,0.0332,-0.0332,-2.7738,4.0895,group,88221,90297
direct_vs_group_full,Ausführliche,0,3,3,0.0,0.0332,-0.0332,-2.7738,4.0895,group,88221,90297
direct_vs_group_full,Aussprache_PatName,0,3,3,0.0,0.0332,-0.0332,-2.7738,4.0895,group,88221,90297
direct_vs_group_full,Axios,0,3,3,0.0,0.0332,-0.0332,-2.7738,4.0895,group,88221,90297
direct_vs_group_full,BU,0,3,3,0.0,0.0332,-0.0332,-2.7738,4.0895,group,88221,90297
direct_vs_group_full,Bauarbeiten,0,3,3,0.0,0.0332,-0.0332,-2.7738,4.0895,group,88221,90297
direct_vs_group_full,Bedürfnissen,0,3,3,0.0,0.0332,-0.0332,-2.7738,4.0895,group,88221,90297
direct_vs_group_full,Beitrage,0,3,3,0.0,0.0332,-0.0332,-2.7738,4.0895,group,88221,90297
direct_vs_group_full,Bemerke,0,3,3,0.0,0.0332,-0.0332,-2.7738,4.0895,group,88221,90297
direct_vs_group_full,Benennt,0,3,3,0.0,0.0332,-0.0332,-2.7738,4.0895,group,88221,90297
direct_vs_group_full,Beratungsstelle,0,3,3,0.0,0.0332,-0.0332,-2.7738,4.0895,group,88221,90297
direct_vs_group_full,Besetzung,0,3,3,0.0,0.0332,-0.0332,-2.7738,4.0895,group,88221,90297
direct_vs_group_full,Besprochen,0,3,3,0.0,0.0332,-0.0332,-2.7738,4.0895,group,88221,90297
direct_vs_group_full,Bitten,0,3,3,0.0,0.0332,-0.0332,-2.7738,4.0895,group,88221,90297
direct_vs_group_full,Blähbauch,0,3,3,0.0,0.0332,-0.0332,-2.7738,4.0895,group,88221,90297
direct_vs_group_full,Candesartan,0,3,3,0.0,0.0332,-0.0332,-2.7738,4.0895,group,88221,90297
direct_vs_group_full,Cholestase,0,3,3,0.0,0.0332,-0.0332,-2.7738,4.0895,group,88221,90297
direct_vs_group_full,CoV,0,3,3,0.0,0.0332,-0.0332,-2.7738,4.0895,group,88221,90297
direct_vs_group_full,Cyprexa,0,3,3,0.0,0.0332,-0.0332,-2.7738,4.0895,group,88221,90297
direct_vs_group_full,Daraufhin,0,3,3,0.0,0.0332,-0.0332,-2.7738,4.0895,group,88221,90297
direct_vs_group_full,Darm,0,3,3,0.0,0.0332,-0.0332,-2.7738,4.0895,group,88221,90297
direct_vs_group_full,Defizit,0,3,3,0.0,0.0332,-0.0332,-2.7738,4.0895,group,88221,90297
direct_vs_group_full,Details,0,3,3,0.0,0.0332,-0.0332,-2.7738,4.0895,group,88221,90297
direct_vs_group_full,Dimer,0,3,3,0.0,0.0332,-0.0332,-2.7738,4.0895,group,88221,90297
direct_vs_group_full,Div,0,3,3,0.0,0.0332,-0.0332,-2.7738,4.0895,group,88221,90297
direct_vs_group_full,Dritten,0,3,3,0.0,0.0332,-0.0332,-2.7738,4.0895,group,88221,90297
direct_vs_group_full,Dx,0,3,3,0.0,0.0332,-0.0332,-2.7738,4.0895,group,88221,90297
direct_vs_group_full,Dysphagie,0,3,3,0.0,0.0332,-0.0332,-2.7738,4.0895,group,88221,90297
direct_vs_group_full,EKs,0,3,3,0.0,0.0332,-0.0332,-2.7738,4.0895,group,88221,90297
direct_vs_group_full,Eingetroffenen,0,3,3,0.0,0.0332,-0.0332,-2.7738,4.0895,group,88221,90297
direct_vs_group_full,Einige,0,3,3,0.0,0.0332,-0.0332,-2.7738,4.0895,group,88221,90297
direct_vs_group_full,Einleitungsrunde,0,3,3,0.0,0.0332,-0.0332,-2.7738,4.0895,group,88221,90297
direct_vs_group_full,Empfindungen,0,3,3,0.0,0.0332,-0.0332,-2.7738,4.0895,group,88221,90297
direct_vs_group_full,Endoskopiedienst,0,3,3,0.0,0.0332,-0.0332,-2.7738,4.0895,group,88221,90297
direct_vs_group_full,Entfernung,0,3,3,0.0,0.0332,-0.0332,-2.7738,4.0895,group,88221,90297
direct_vs_group_full,Entspannung,0,3,3,0.0,0.0332,-0.0332,-2.7738,4.0895,group,88221,90297
direct_vs_group_full,Erkenntnis,0,3,3,0.0,0.0332,-0.0332,-2.7738,4.0895,group,88221,90297
direct_vs_group_full,Erwerben,0,3,3,0.0,0.0332,-0.0332,-2.7738,4.0895,group,88221,90297
direct_vs_group_full,Erzählt,0,3,3,0.0,0.0332,-0.0332,-2.7738,4.0895,group,88221,90297
direct_vs_group_full,Ess,0,3,3,0.0,0.0332,-0.0332,-2.7738,4.0895,group,88221,90297
direct_vs_group_full,Essgruppenregeln,0,3,3,0.0,0.0332,-0.0332,-2.7738,4.0895,group,88221,90297
direct_vs_group_full,Etoricoxib,0,3,3,0.0,0.0332,-0.0332,-2.7738,4.0895,group,88221,90297
direct_vs_group_full,FLO,0,3,3,0.0,0.0332,-0.0332,-2.7738,4.0895,group,88221,90297
direct_vs_group_full,Fachkraft,0,3,3,0.0,0.0332,-0.0332,-2.7738,4.0895,group,88221,90297
direct_vs_group_full,Fan,0,3,3,0.0,0.0332,-0.0332,-2.7738,4.0895,group,88221,90297
direct_vs_group_full,Formal,0,3,3,0.0,0.0332,-0.0332,-2.7738,4.0895,group,88221,90297
direct_vs_group_full,Fortkommen,0,3,3,0.0,0.0332,-0.0332,-2.7738,4.0895,group,88221,90297
direct_vs_group_full,Fühlt,0,3,3,0.0,0.0332,-0.0332,-2.7738,4.0895,group,88221,90297
direct_vs_group_full,Führerscheins,0,3,3,0.0,0.0332,-0.0332,-2.7738,4.0895,group,88221,90297
direct_vs_group_full,Gabapentin,0,3,3,0.0,0.0332,-0.0332,-2.7738,4.0895,group,88221,90297
direct_vs_group_full,Gefahr,0,3,3,0.0,0.0332,-0.0332,-2.7738,4.0895,group,88221,90297
direct_vs_group_full,Gefährdungsrisikos,0,3,3,0.0,0.0332,-0.0332,-2.7738,4.0895,group,88221,90297
direct_vs_group_full,Gefühle/,0,3,3,0.0,0.0332,-0.0332,-2.7738,4.0895,group,88221,90297
direct_vs_group_full,Gelbe,0,3,3,0.0,0.0332,-0.0332,-2.7738,4.0895,group,88221,90297
direct_vs_group_full,Geschenk,0,3,3,0.0,0.0332,-0.0332,-2.7738,4.0895,group,88221,90297
direct_vs_group_full,Gespräches,0,3,3,0.0,0.0332,-0.0332,-2.7738,4.0895,group,88221,90297
direct_vs_group_full,Gesprächsinhalte,0,3,3,0.0,0.0332,-0.0332,-2.7738,4.0895,group,88221,90297
direct_vs_group_full,Grp,0,3,3,0.0,0.0332,-0.0332,-2.7738,4.0895,group,88221,90297
direct_vs_group_full,Gruppenchat,0,3,3,0.0,0.0332,-0.0332,-2.7738,4.0895,group,88221,90297
direct_vs_group_full,Gruppenkonstellation,0,3,3,0.0,0.0332,-0.0332,-2.7738,4.0895,group,88221,90297
direct_vs_group_full,Halllo,0,3,3,0.0,0.0332,-0.0332,-2.7738,4.0895,group,88221,90297
direct_vs_group_full,Hashtag_Gewichtsvereinbarung,0,3,3,0.0,0.0332,-0.0332,-2.7738,4.0895,group,88221,90297
direct_vs_group_full,Hashtag_Post_Covid,0,3,3,0.0,0.0332,-0.0332,-2.7738,4.0895,group,88221,90297
direct_vs_group_full,Hauptthema,0,3,3,0.0,0.0332,-0.0332,-2.7738,4.0895,group,88221,90297
direct_vs_group_full,Haut,0,3,3,0.0,0.0332,-0.0332,-2.7738,4.0895,group,88221,90297
direct_vs_group_full,Hochhaus,0,3,3,0.0,0.0332,-0.0332,-2.7738,4.0895,group,88221,90297
direct_vs_group_full,Hustenreiz,0,3,3,0.0,0.0332,-0.0332,-2.7738,4.0895,group,88221,90297
direct_vs_group_full,Identität,0,3,3,0.0,0.0332,-0.0332,-2.7738,4.0895,group,88221,90297
direct_vs_group_full,Infektparameter,0,3,3,0.0,0.0332,-0.0332,-2.7738,4.0895,group,88221,90297
direct_vs_group_full,Infusion,0,3,3,0.0,0.0332,-0.0332,-2.7738,4.0895,group,88221,90297
direct_vs_group_full,Inhalt,0,3,3,0.0,0.0332,-0.0332,-2.7738,4.0895,group,88221,90297
direct_vs_group_full,Interessierte,0,3,3,0.0,0.0332,-0.0332,-2.7738,4.0895,group,88221,90297
direct_vs_group_full,KM,0,3,3,0.0,0.0332,-0.0332,-2.7738,4.0895,group,88221,90297
direct_vs_group_full,Kardiomyopathie,0,3,3,0.0,0.0332,-0.0332,-2.7738,4.0895,group,88221,90297
direct_vs_group_full,Kinderschutzbundes,0,3,3,0.0,0.0332,-0.0332,-2.7738,4.0895,group,88221,90297
direct_vs_group_full,Kompromisse,0,3,3,0.0,0.0332,-0.0332,-2.7738,4.0895,group,88221,90297
direct_vs_group_full,Konkurrenz,0,3,3,0.0,0.0332,-0.0332,-2.7738,4.0895,group,88221,90297
direct_vs_group_full,Kontakten,0,3,3,0.0,0.0332,-0.0332,-2.7738,4.0895,group,88221,90297
direct_vs_group_full,Krämpfe,0,3,3,0.0,0.0332,-0.0332,-2.7738,4.0895,group,88221,90297
direct_vs_group_full,Kuscheltier,0,3,3,0.0,0.0332,-0.0332,-2.7738,4.0895,group,88221,90297
direct_vs_group_full,Laune,0,3,3,0.0,0.0332,-0.0332,-2.7738,4.0895,group,88221,90297
direct_vs_group_full,Leicht,0,3,3,0.0,0.0332,-0.0332,-2.7738,4.0895,group,88221,90297
direct_vs_group_full,Leistungsorientierung,0,3,3,0.0,0.0332,-0.0332,-2.7738,4.0895,group,88221,90297
direct_vs_group_full,Lumboischialgie,0,3,3,0.0,0.0332,-0.0332,-2.7738,4.0895,group,88221,90297
direct_vs_group_full,Lungenfunktion,0,3,3,0.0,0.0332,-0.0332,-2.7738,4.0895,group,88221,90297
direct_vs_group_full,Lösungsmöglichkeiten,0,3,3,0.0,0.0332,-0.0332,-2.7738,4.0895,group,88221,90297
direct_vs_group_full,Magengegend,0,3,3,0.0,0.0332,-0.0332,-2.7738,4.0895,group,88221,90297
direct_vs_group_full,Magenschlauch,0,3,3,0.0,0.0332,-0.0332,-2.7738,4.0895,group,88221,90297
direct_vs_group_full,Masken,0,3,3,0.0,0.0332,-0.0332,-2.7738,4.0895,group,88221,90297
direct_vs_group_full,NRS,0,3,3,0.0,0.0332,-0.0332,-2.7738,4.0895,group,88221,90297
direct_vs_group_full,Nachbesprechung,0,3,3,0.0,0.0332,-0.0332,-2.7738,4.0895,group,88221,90297
direct_vs_group_full,Nachnamens,0,3,3,0.0,0.0332,-0.0332,-2.7738,4.0895,group,88221,90297
direct_vs_group_full,Natrium,0,3,3,0.0,0.0332,-0.0332,-2.7738,4.0895,group,88221,90297
direct_vs_group_full,Nierenparameter,0,3,3,0.0,0.0332,-0.0332,-2.7738,4.0895,group,88221,90297
direct_vs_group_full,Nierenspende,0,3,3,0.0,0.0332,-0.0332,-2.7738,4.0895,group,88221,90297
direct_vs_group_full,Nochmals,0,3,3,0.0,0.0332,-0.0332,-2.7738,4.0895,group,88221,90297
direct_vs_group_full,Normalbefund,0,3,3,0.0,0.0332,-0.0332,-2.7738,4.0895,group,88221,90297
direct_vs_group_full,Offlabel,0,3,3,0.0,0.0332,-0.0332,-2.7738,4.0895,group,88221,90297
direct_vs_group_full,Opipramol,0,3,3,0.0,0.0332,-0.0332,-2.7738,4.0895,group,88221,90297
direct_vs_group_full,Orangefärbung,0,3,3,0.0,0.0332,-0.0332,-2.7738,4.0895,group,88221,90297
direct_vs_group_full,PP,0,3,3,0.0,0.0332,-0.0332,-2.7738,4.0895,group,88221,90297
direct_vs_group_full,PPI,0,3,3,0.0,0.0332,-0.0332,-2.7738,4.0895,group,88221,90297
direct_vs_group_full,PSOM,0,3,3,0.0,0.0332,-0.0332,-2.7738,4.0895,group,88221,90297
direct_vs_group_full,Partnerin,0,3,3,0.0,0.0332,-0.0332,-2.7738,4.0895,group,88221,90297
direct_vs_group_full,Pathologie,0,3,3,0.0,0.0332,-0.0332,-2.7738,4.0895,group,88221,90297
direct_vs_group_full,Peritonealdialyse,0,3,3,0.0,0.0332,-0.0332,-2.7738,4.0895,group,88221,90297
direct_vs_group_full,Personalabteilung,0,3,3,0.0,0.0332,-0.0332,-2.7738,4.0895,group,88221,90297
direct_vs_group_full,Physikalisches,0,3,3,0.0,0.0332,-0.0332,-2.7738,4.0895,group,88221,90297
direct_vs_group_full,Polyneuropathie,0,3,3,0.0,0.0332,-0.0332,-2.7738,4.0895,group,88221,90297
direct_vs_group_full,Position,0,3,3,0.0,0.0332,-0.0332,-2.7738,4.0895,group,88221,90297
direct_vs_group_full,Positionierung,0,3,3,0.0,0.0332,-0.0332,-2.7738,4.0895,group,88221,90297
direct_vs_group_full,Positivbilanziert,0,3,3,0.0,0.0332,-0.0332,-2.7738,4.0895,group,88221,90297
direct_vs_group_full,Prozesses,0,3,3,0.0,0.0332,-0.0332,-2.7738,4.0895,group,88221,90297
direct_vs_group_full,Psyche,0,3,3,0.0,0.0332,-0.0332,-2.7738,4.0895,group,88221,90297
direct_vs_group_full,Psychisch,0,3,3,0.0,0.0332,-0.0332,-2.7738,4.0895,group,88221,90297
direct_vs_group_full,Raster,0,3,3,0.0,0.0332,-0.0332,-2.7738,4.0895,group,88221,90297
direct_vs_group_full,Raumbelegung,0,3,3,0.0,0.0332,-0.0332,-2.7738,4.0895,group,88221,90297
direct_vs_group_full,Redebedarf,0,3,3,0.0,0.0332,-0.0332,-2.7738,4.0895,group,88221,90297
direct_vs_group_full,Resonanz,0,3,3,0.0,0.0332,-0.0332,-2.7738,4.0895,group,88221,90297
direct_vs_group_full,Ressourcen,0,3,3,0.0,0.0332,-0.0332,-2.7738,4.0895,group,88221,90297
direct_vs_group_full,Ring,0,3,3,0.0,0.0332,-0.0332,-2.7738,4.0895,group,88221,90297
direct_vs_group_full,Riopan,0,3,3,0.0,0.0332,-0.0332,-2.7738,4.0895,group,88221,90297
direct_vs_group_full,Rossmann,0,3,3,0.0,0.0332,-0.0332,-2.7738,4.0895,group,88221,90297
direct_vs_group_full,Räume,0,3,3,0.0,0.0332,-0.0332,-2.7738,4.0895,group,88221,90297
direct_vs_group_full,Rückverlegung,0,3,3,0.0,0.0332,-0.0332,-2.7738,4.0895,group,88221,90297
direct_vs_group_full,Rückzug,0,3,3,0.0,0.0332,-0.0332,-2.7738,4.0895,group,88221,90297
direct_vs_group_full,SUE,0,3,3,0.0,0.0332,-0.0332,-2.7738,4.0895,group,88221,90297
direct_vs_group_full,Sammelurin,0,3,3,0.0,0.0332,-0.0332,-2.7738,4.0895,group,88221,90297
direct_vs_group_full,Schmerztherapie,0,3,3,0.0,0.0332,-0.0332,-2.7738,4.0895,group,88221,90297
direct_vs_group_full,Schöner,0,3,3,0.0,0.0332,-0.0332,-2.7738,4.0895,group,88221,90297
direct_vs_group_full,Screenshot,0,3,3,0.0,0.0332,-0.0332,-2.7738,4.0895,group,88221,90297
direct_vs_group_full,Selbstverletzung,0,3,3,0.0,0.0332,-0.0332,-2.7738,4.0895,group,88221,90297
direct_vs_group_full,Selbstwert,0,3,3,0.0,0.0332,-0.0332,-2.7738,4.0895,group,88221,90297
direct_vs_group_full,Sigma,0,3,3,0.0,0.0332,-0.0332,-2.7738,4.0895,group,88221,90297
direct_vs_group_full,Songs,0,3,3,0.0,0.0332,-0.0332,-2.7738,4.0895,group,88221,90297
direct_vs_group_full,Soweit,0,3,3,0.0,0.0332,-0.0332,-2.7738,4.0895,group,88221,90297
direct_vs_group_full,Spüre,0,3,3,0.0,0.0332,-0.0332,-2.7738,4.0895,group,88221,90297
direct_vs_group_full,Stigma,0,3,3,0.0,0.0332,-0.0332,-2.7738,4.0895,group,88221,90297
direct_vs_group_full,Stärke,0,3,3,0.0,0.0332,-0.0332,-2.7738,4.0895,group,88221,90297
direct_vs_group_full,Tassen,0,3,3,0.0,0.0332,-0.0332,-2.7738,4.0895,group,88221,90297
direct_vs_group_full,Teilnehmende,0,3,3,0.0,0.0332,-0.0332,-2.7738,4.0895,group,88221,90297
direct_vs_group_full,Tendenz,0,3,3,0.0,0.0332,-0.0332,-2.7738,4.0895,group,88221,90297
direct_vs_group_full,Themas,0,3,3,0.0,0.0332,-0.0332,-2.7738,4.0895,group,88221,90297
direct_vs_group_full,Therapiemotivation,0,3,3,0.0,0.0332,-0.0332,-2.7738,4.0895,group,88221,90297
direct_vs_group_full,Therapieraum,0,3,3,0.0,0.0332,-0.0332,-2.7738,4.0895,group,88221,90297
direct_vs_group_full,Trost,0,3,3,0.0,0.0332,-0.0332,-2.7738,4.0895,group,88221,90297
direct_vs_group_full,Typ1,0,3,3,0.0,0.0332,-0.0332,-2.7738,4.0895,group,88221,90297
direct_vs_group_full,Unacid,0,3,3,0.0,0.0332,-0.0332,-2.7738,4.0895,group,88221,90297
direct_vs_group_full,Unfähigkeit,0,3,3,0.0,0.0332,-0.0332,-2.7738,4.0895,group,88221,90297
direct_vs_group_full,Universität,0,3,3,0.0,0.0332,-0.0332,-2.7738,4.0895,group,88221,90297
direct_vs_group_full,Ustix,0,3,3,0.0,0.0332,-0.0332,-2.7738,4.0895,group,88221,90297
direct_vs_group_full,Valproat,0,3,3,0.0,0.0332,-0.0332,-2.7738,4.0895,group,88221,90297
direct_vs_group_full,Verla,0,3,3,0.0,0.0332,-0.0332,-2.7738,4.0895,group,88221,90297
direct_vs_group_full,Verlassenwordenseins,0,3,3,0.0,0.0332,-0.0332,-2.7738,4.0895,group,88221,90297
direct_vs_group_full,Verlaufs,0,3,3,0.0,0.0332,-0.0332,-2.7738,4.0895,group,88221,90297
direct_vs_group_full,Verunsicherung,0,3,3,0.0,0.0332,-0.0332,-2.7738,4.0895,group,88221,90297
direct_vs_group_full,Wahrnehmung,0,3,3,0.0,0.0332,-0.0332,-2.7738,4.0895,group,88221,90297
direct_vs_group_full,Weggang,0,3,3,0.0,0.0332,-0.0332,-2.7738,4.0895,group,88221,90297
direct_vs_group_full,WeiterbildendeÄrztin/weiterbildender,0,3,3,0.0,0.0332,-0.0332,-2.7738,4.0895,group,88221,90297
direct_vs_group_full,Wiedereingliederung,0,3,3,0.0,0.0332,-0.0332,-2.7738,4.0895,group,88221,90297
direct_vs_group_full,Wiederholtes,0,3,3,0.0,0.0332,-0.0332,-2.7738,4.0895,group,88221,90297
direct_vs_group_full,Wochenenden,0,3,3,0.0,0.0332,-0.0332,-2.7738,4.0895,group,88221,90297
direct_vs_group_full,Wunschemotion,0,3,3,0.0,0.0332,-0.0332,-2.7738,4.0895,group,88221,90297
direct_vs_group_full,Zeigt,0,3,3,0.0,0.0332,-0.0332,-2.7738,4.0895,group,88221,90297
direct_vs_group_full,Zusammenschau,0,3,3,0.0,0.0332,-0.0332,-2.7738,4.0895,group,88221,90297
direct_vs_group_full,Zuständigkeit,0,3,3,0.0,0.0332,-0.0332,-2.7738,4.0895,group,88221,90297
direct_vs_group_full,abschließt,0,3,3,0.0,0.0332,-0.0332,-2.7738,4.0895,group,88221,90297
direct_vs_group_full,abzusetzen,0,3,3,0.0,0.0332,-0.0332,-2.7738,4.0895,group,88221,90297
direct_vs_group_full,affektisoliert,0,3,3,0.0,0.0332,-0.0332,-2.7738,4.0895,group,88221,90297
direct_vs_group_full,andererseits,0,3,3,0.0,0.0332,-0.0332,-2.7738,4.0895,group,88221,90297
direct_vs_group_full,andocken,0,3,3,0.0,0.0332,-0.0332,-2.7738,4.0895,group,88221,90297
direct_vs_group_full,anfänglicher,0,3,3,0.0,0.0332,-0.0332,-2.7738,4.0895,group,88221,90297
direct_vs_group_full,angespannte,0,3,3,0.0,0.0332,-0.0332,-2.7738,4.0895,group,88221,90297
direct_vs_group_full,anschließend,0,3,3,0.0,0.0332,-0.0332,-2.7738,4.0895,group,88221,90297
direct_vs_group_full,antidepressive,0,3,3,0.0,0.0332,-0.0332,-2.7738,4.0895,group,88221,90297
direct_vs_group_full,antriggern,0,3,3,0.0,0.0332,-0.0332,-2.7738,4.0895,group,88221,90297
direct_vs_group_full,anwesenden,0,3,3,0.0,0.0332,-0.0332,-2.7738,4.0895,group,88221,90297
direct_vs_group_full,arbeitend,0,3,3,0.0,0.0332,-0.0332,-2.7738,4.0895,group,88221,90297
direct_vs_group_full,aufdrängende,0,3,3,0.0,0.0332,-0.0332,-2.7738,4.0895,group,88221,90297
direct_vs_group_full,auffälligem,0,3,3,0.0,0.0332,-0.0332,-2.7738,4.0895,group,88221,90297
direct_vs_group_full,aufgebracht,0,3,3,0.0,0.0332,-0.0332,-2.7738,4.0895,group,88221,90297
direct_vs_group_full,aufregendes,0,3,3,0.0,0.0332,-0.0332,-2.7738,4.0895,group,88221,90297
direct_vs_group_full,ausgehalten,0,3,3,0.0,0.0332,-0.0332,-2.7738,4.0895,group,88221,90297
direct_vs_group_full,baldiges,0,3,3,0.0,0.0332,-0.0332,-2.7738,4.0895,group,88221,90297
direct_vs_group_full,bearbeitet,0,3,3,0.0,0.0332,-0.0332,-2.7738,4.0895,group,88221,90297
direct_vs_group_full,bedarfsmed,0,3,3,0.0,0.0332,-0.0332,-2.7738,4.0895,group,88221,90297
direct_vs_group_full,bedeutsam,0,3,3,0.0,0.0332,-0.0332,-2.7738,4.0895,group,88221,90297
direct_vs_group_full,beginnende,0,3,3,0.0,0.0332,-0.0332,-2.7738,4.0895,group,88221,90297
direct_vs_group_full,bemerkbar,0,3,3,0.0,0.0332,-0.0332,-2.7738,4.0895,group,88221,90297
direct_vs_group_full,bemerkt,0,3,3,0.0,0.0332,-0.0332,-2.7738,4.0895,group,88221,90297
direct_vs_group_full,benutzt,0,3,3,0.0,0.0332,-0.0332,-2.7738,4.0895,group,88221,90297
direct_vs_group_full,berichteten,0,3,3,0.0,0.0332,-0.0332,-2.7738,4.0895,group,88221,90297
direct_vs_group_full,beschuldigt,0,3,3,0.0,0.0332,-0.0332,-2.7738,4.0895,group,88221,90297
direct_vs_group_full,beschwert,0,3,3,0.0,0.0332,-0.0332,-2.7738,4.0895,group,88221,90297
direct_vs_group_full,besserer,0,3,3,0.0,0.0332,-0.0332,-2.7738,4.0895,group,88221,90297
direct_vs_group_full,betonte,0,3,3,0.0,0.0332,-0.0332,-2.7738,4.0895,group,88221,90297
direct_vs_group_full,bezugstherapeutisches,0,3,3,0.0,0.0332,-0.0332,-2.7738,4.0895,group,88221,90297
direct_vs_group_full,bilden,0,3,3,0.0,0.0332,-0.0332,-2.7738,4.0895,group,88221,90297
direct_vs_group_full,bisherigen,0,3,3,0.0,0.0332,-0.0332,-2.7738,4.0895,group,88221,90297
direct_vs_group_full,bringe,0,3,3,0.0,0.0332,-0.0332,-2.7738,4.0895,group,88221,90297
direct_vs_group_full,checken,0,3,3,0.0,0.0332,-0.0332,-2.7738,4.0895,group,88221,90297
direct_vs_group_full,dahinter,0,3,3,0.0,0.0332,-0.0332,-2.7738,4.0895,group,88221,90297
direct_vs_group_full,dargestellt,0,3,3,0.0,0.0332,-0.0332,-2.7738,4.0895,group,88221,90297
direct_vs_group_full,darzustellen,0,3,3,0.0,0.0332,-0.0332,-2.7738,4.0895,group,88221,90297
direct_vs_group_full,desto,0,3,3,0.0,0.0332,-0.0332,-2.7738,4.0895,group,88221,90297
direct_vs_group_full,diagnostisch,0,3,3,0.0,0.0332,-0.0332,-2.7738,4.0895,group,88221,90297
direct_vs_group_full,dissoziativer,0,3,3,0.0,0.0332,-0.0332,-2.7738,4.0895,group,88221,90297
direct_vs_group_full,durchsetzen,0,3,3,0.0,0.0332,-0.0332,-2.7738,4.0895,group,88221,90297
direct_vs_group_full,eFTR,0,3,3,0.0,0.0332,-0.0332,-2.7738,4.0895,group,88221,90297
direct_vs_group_full,ei,0,3,3,0.0,0.0332,-0.0332,-2.7738,4.0895,group,88221,90297
direct_vs_group_full,eingeholt,0,3,3,0.0,0.0332,-0.0332,-2.7738,4.0895,group,88221,90297
direct_vs_group_full,einstündig,0,3,3,0.0,0.0332,-0.0332,-2.7738,4.0895,group,88221,90297
direct_vs_group_full,emotionaler,0,3,3,0.0,0.0332,-0.0332,-2.7738,4.0895,group,88221,90297
direct_vs_group_full,enge,0,3,3,0.0,0.0332,-0.0332,-2.7738,4.0895,group,88221,90297
direct_vs_group_full,entschlossen,0,3,3,0.0,0.0332,-0.0332,-2.7738,4.0895,group,88221,90297
direct_vs_group_full,erbrochen,0,3,3,0.0,0.0332,-0.0332,-2.7738,4.0895,group,88221,90297
direct_vs_group_full,erfahrene,0,3,3,0.0,0.0332,-0.0332,-2.7738,4.0895,group,88221,90297
direct_vs_group_full,erkenne,0,3,3,0.0,0.0332,-0.0332,-2.7738,4.0895,group,88221,90297
direct_vs_group_full,erneuter,0,3,3,0.0,0.0332,-0.0332,-2.7738,4.0895,group,88221,90297
direct_vs_group_full,erschöpfend,0,3,3,0.0,0.0332,-0.0332,-2.7738,4.0895,group,88221,90297
direct_vs_group_full,erworbenes,0,3,3,0.0,0.0332,-0.0332,-2.7738,4.0895,group,88221,90297
direct_vs_group_full,erzählte,0,3,3,0.0,0.0332,-0.0332,-2.7738,4.0895,group,88221,90297
direct_vs_group_full,exploriert,0,3,3,0.0,0.0332,-0.0332,-2.7738,4.0895,group,88221,90297
direct_vs_group_full,fassen,0,3,3,0.0,0.0332,-0.0332,-2.7738,4.0895,group,88221,90297
direct_vs_group_full,fehlten,0,3,3,0.0,0.0332,-0.0332,-2.7738,4.0895,group,88221,90297
direct_vs_group_full,fix,0,3,3,0.0,0.0332,-0.0332,-2.7738,4.0895,group,88221,90297
direct_vs_group_full,fragliche,0,3,3,0.0,0.0332,-0.0332,-2.7738,4.0895,group,88221,90297
direct_vs_group_full,freundliche,0,3,3,0.0,0.0332,-0.0332,-2.7738,4.0895,group,88221,90297
direct_vs_group_full,frustrane,0,3,3,0.0,0.0332,-0.0332,-2.7738,4.0895,group,88221,90297
direct_vs_group_full,frühestens,0,3,3,0.0,0.0332,-0.0332,-2.7738,4.0895,group,88221,90297
direct_vs_group_full,geeignete,0,3,3,0.0,0.0332,-0.0332,-2.7738,4.0895,group,88221,90297
direct_vs_group_full,gefaxt,0,3,3,0.0,0.0332,-0.0332,-2.7738,4.0895,group,88221,90297
direct_vs_group_full,gegenseitig,0,3,3,0.0,0.0332,-0.0332,-2.7738,4.0895,group,88221,90297
direct_vs_group_full,gehtâs,0,3,3,0.0,0.0332,-0.0332,-2.7738,4.0895,group,88221,90297
direct_vs_group_full,gekümmert,0,3,3,0.0,0.0332,-0.0332,-2.7738,4.0895,group,88221,90297
direct_vs_group_full,gelöst,0,3,3,0.0,0.0332,-0.0332,-2.7738,4.0895,group,88221,90297
direct_vs_group_full,gemailt,0,3,3,0.0,0.0332,-0.0332,-2.7738,4.0895,group,88221,90297
direct_vs_group_full,gereizt,0,3,3,0.0,0.0332,-0.0332,-2.7738,4.0895,group,88221,90297
direct_vs_group_full,gescheitert,0,3,3,0.0,0.0332,-0.0332,-2.7738,4.0895,group,88221,90297
direct_vs_group_full,geschlafen,0,3,3,0.0,0.0332,-0.0332,-2.7738,4.0895,group,88221,90297
direct_vs_group_full,geschlossen,0,3,3,0.0,0.0332,-0.0332,-2.7738,4.0895,group,88221,90297
direct_vs_group_full,gespalten,0,3,3,0.0,0.0332,-0.0332,-2.7738,4.0895,group,88221,90297
direct_vs_group_full,gespielt,0,3,3,0.0,0.0332,-0.0332,-2.7738,4.0895,group,88221,90297
direct_vs_group_full,gesprächsfähig,0,3,3,0.0,0.0332,-0.0332,-2.7738,4.0895,group,88221,90297
direct_vs_group_full,gesundheitsbezogene,0,3,3,0.0,0.0332,-0.0332,-2.7738,4.0895,group,88221,90297
direct_vs_group_full,geweckt,0,3,3,0.0,0.0332,-0.0332,-2.7738,4.0895,group,88221,90297
direct_vs_group_full,gewissen,0,3,3,0.0,0.0332,-0.0332,-2.7738,4.0895,group,88221,90297
direct_vs_group_full,glaubhaft,0,3,3,0.0,0.0332,-0.0332,-2.7738,4.0895,group,88221,90297
direct_vs_group_full,glaubten,0,3,3,0.0,0.0332,-0.0332,-2.7738,4.0895,group,88221,90297
direct_vs_group_full,grapefruit,0,3,3,0.0,0.0332,-0.0332,-2.7738,4.0895,group,88221,90297
direct_vs_group_full,halbwegs,0,3,3,0.0,0.0332,-0.0332,-2.7738,4.0895,group,88221,90297
direct_vs_group_full,handeln,0,3,3,0.0,0.0332,-0.0332,-2.7738,4.0895,group,88221,90297
direct_vs_group_full,hauptsächlich,0,3,3,0.0,0.0332,-0.0332,-2.7738,4.0895,group,88221,90297
direct_vs_group_full,helfe,0,3,3,0.0,0.0332,-0.0332,-2.7738,4.0895,group,88221,90297
direct_vs_group_full,hochgradigem,0,3,3,0.0,0.0332,-0.0332,-2.7738,4.0895,group,88221,90297
direct_vs_group_full,imstande,0,3,3,0.0,0.0332,-0.0332,-2.7738,4.0895,group,88221,90297
direct_vs_group_full,insoweit,0,3,3,0.0,0.0332,-0.0332,-2.7738,4.0895,group,88221,90297
direct_vs_group_full,interessierte,0,3,3,0.0,0.0332,-0.0332,-2.7738,4.0895,group,88221,90297
direct_vs_group_full,internistische,0,3,3,0.0,0.0332,-0.0332,-2.7738,4.0895,group,88221,90297
direct_vs_group_full,kompetent,0,3,3,0.0,0.0332,-0.0332,-2.7738,4.0895,group,88221,90297
direct_vs_group_full,konservativ,0,3,3,0.0,0.0332,-0.0332,-2.7738,4.0895,group,88221,90297
direct_vs_group_full,l,0,3,3,0.0,0.0332,-0.0332,-2.7738,4.0895,group,88221,90297
direct_vs_group_full,lebend,0,3,3,0.0,0.0332,-0.0332,-2.7738,4.0895,group,88221,90297
direct_vs_group_full,lebenslang,0,3,3,0.0,0.0332,-0.0332,-2.7738,4.0895,group,88221,90297
direct_vs_group_full,lehrreiches,0,3,3,0.0,0.0332,-0.0332,-2.7738,4.0895,group,88221,90297
direct_vs_group_full,leide,0,3,3,0.0,0.0332,-0.0332,-2.7738,4.0895,group,88221,90297
direct_vs_group_full,leise,0,3,3,0.0,0.0332,-0.0332,-2.7738,4.0895,group,88221,90297
direct_vs_group_full,liebes,0,3,3,0.0,0.0332,-0.0332,-2.7738,4.0895,group,88221,90297
direct_vs_group_full,logorrhoisch,0,3,3,0.0,0.0332,-0.0332,-2.7738,4.0895,group,88221,90297
direct_vs_group_full,mainly,0,3,3,0.0,0.0332,-0.0332,-2.7738,4.0895,group,88221,90297
direct_vs_group_full,malen,0,3,3,0.0,0.0332,-0.0332,-2.7738,4.0895,group,88221,90297
direct_vs_group_full,mitzukommen,0,3,3,0.0,0.0332,-0.0332,-2.7738,4.0895,group,88221,90297
direct_vs_group_full,mitzuteilen,0,3,3,0.0,0.0332,-0.0332,-2.7738,4.0895,group,88221,90297
direct_vs_group_full,musikalisch,0,3,3,0.0,0.0332,-0.0332,-2.7738,4.0895,group,88221,90297
direct_vs_group_full,mögl,0,3,3,0.0,0.0332,-0.0332,-2.7738,4.0895,group,88221,90297
direct_vs_group_full,nachlässt,0,3,3,0.0,0.0332,-0.0332,-2.7738,4.0895,group,88221,90297
direct_vs_group_full,namentlich,0,3,3,0.0,0.0332,-0.0332,-2.7738,4.0895,group,88221,90297
direct_vs_group_full,negativer,0,3,3,0.0,0.0332,-0.0332,-2.7738,4.0895,group,88221,90297
direct_vs_group_full,neugierig,0,3,3,0.0,0.0332,-0.0332,-2.7738,4.0895,group,88221,90297
direct_vs_group_full,niedergeschlagen,0,3,3,0.0,0.0332,-0.0332,-2.7738,4.0895,group,88221,90297
direct_vs_group_full,operieren,0,3,3,0.0,0.0332,-0.0332,-2.7738,4.0895,group,88221,90297
direct_vs_group_full,passe,0,3,3,0.0,0.0332,-0.0332,-2.7738,4.0895,group,88221,90297
direct_vs_group_full,preisgegeben,0,3,3,0.0,0.0332,-0.0332,-2.7738,4.0895,group,88221,90297
direct_vs_group_full,pulmologische,0,3,3,0.0,0.0332,-0.0332,-2.7738,4.0895,group,88221,90297
direct_vs_group_full,punktieren,0,3,3,0.0,0.0332,-0.0332,-2.7738,4.0895,group,88221,90297
direct_vs_group_full,quittiert,0,3,3,0.0,0.0332,-0.0332,-2.7738,4.0895,group,88221,90297
direct_vs_group_full,retard,0,3,3,0.0,0.0332,-0.0332,-2.7738,4.0895,group,88221,90297
direct_vs_group_full,rufen,0,3,3,0.0,0.0332,-0.0332,-2.7738,4.0895,group,88221,90297
direct_vs_group_full,sagten,0,3,3,0.0,0.0332,-0.0332,-2.7738,4.0895,group,88221,90297
direct_vs_group_full,satt,0,3,3,0.0,0.0332,-0.0332,-2.7738,4.0895,group,88221,90297
direct_vs_group_full,schlechtes,0,3,3,0.0,0.0332,-0.0332,-2.7738,4.0895,group,88221,90297
direct_vs_group_full,schläft,0,3,3,0.0,0.0332,-0.0332,-2.7738,4.0895,group,88221,90297
direct_vs_group_full,schmerzhaften,0,3,3,0.0,0.0332,-0.0332,-2.7738,4.0895,group,88221,90297
direct_vs_group_full,seelischen,0,3,3,0.0,0.0332,-0.0332,-2.7738,4.0895,group,88221,90297
direct_vs_group_full,sexualisierte,0,3,3,0.0,0.0332,-0.0332,-2.7738,4.0895,group,88221,90297
direct_vs_group_full,sogenannte,0,3,3,0.0,0.0332,-0.0332,-2.7738,4.0895,group,88221,90297
direct_vs_group_full,somat,0,3,3,0.0,0.0332,-0.0332,-2.7738,4.0895,group,88221,90297
direct_vs_group_full,somatischorientiertes,0,3,3,0.0,0.0332,-0.0332,-2.7738,4.0895,group,88221,90297
direct_vs_group_full,sonntag,0,3,3,0.0,0.0332,-0.0332,-2.7738,4.0895,group,88221,90297
direct_vs_group_full,sonstigen,0,3,3,0.0,0.0332,-0.0332,-2.7738,4.0895,group,88221,90297
direct_vs_group_full,springen,0,3,3,0.0,0.0332,-0.0332,-2.7738,4.0895,group,88221,90297
direct_vs_group_full,spüre,0,3,3,0.0,0.0332,-0.0332,-2.7738,4.0895,group,88221,90297
direct_vs_group_full,stehende,0,3,3,0.0,0.0332,-0.0332,-2.7738,4.0895,group,88221,90297
direct_vs_group_full,stört,0,3,3,0.0,0.0332,-0.0332,-2.7738,4.0895,group,88221,90297
direct_vs_group_full,substituiert,0,3,3,0.0,0.0332,-0.0332,-2.7738,4.0895,group,88221,90297
direct_vs_group_full,suizidalen,0,3,3,0.0,0.0332,-0.0332,-2.7738,4.0895,group,88221,90297
direct_vs_group_full,sunflower,0,3,3,0.0,0.0332,-0.0332,-2.7738,4.0895,group,88221,90297
direct_vs_group_full,supportives,0,3,3,0.0,0.0332,-0.0332,-2.7738,4.0895,group,88221,90297
direct_vs_group_full,teilnimmt,0,3,3,0.0,0.0332,-0.0332,-2.7738,4.0895,group,88221,90297
direct_vs_group_full,telefonische,0,3,3,0.0,0.0332,-0.0332,-2.7738,4.0895,group,88221,90297
direct_vs_group_full,tägl,0,3,3,0.0,0.0332,-0.0332,-2.7738,4.0895,group,88221,90297
direct_vs_group_full,unentschlossen,0,3,3,0.0,0.0332,-0.0332,-2.7738,4.0895,group,88221,90297
direct_vs_group_full,ungeduldig,0,3,3,0.0,0.0332,-0.0332,-2.7738,4.0895,group,88221,90297
direct_vs_group_full,unheimlich,0,3,3,0.0,0.0332,-0.0332,-2.7738,4.0895,group,88221,90297
direct_vs_group_full,unruhig,0,3,3,0.0,0.0332,-0.0332,-2.7738,4.0895,group,88221,90297
direct_vs_group_full,unseres,0,3,3,0.0,0.0332,-0.0332,-2.7738,4.0895,group,88221,90297
direct_vs_group_full,unspez,0,3,3,0.0,0.0332,-0.0332,-2.7738,4.0895,group,88221,90297
direct_vs_group_full,unterschwellig,0,3,3,0.0,0.0332,-0.0332,-2.7738,4.0895,group,88221,90297
direct_vs_group_full,verallgemeinert,0,3,3,0.0,0.0332,-0.0332,-2.7738,4.0895,group,88221,90297
direct_vs_group_full,verbal,0,3,3,0.0,0.0332,-0.0332,-2.7738,4.0895,group,88221,90297
direct_vs_group_full,verbalisiert,0,3,3,0.0,0.0332,-0.0332,-2.7738,4.0895,group,88221,90297
direct_vs_group_full,vermeintlich,0,3,3,0.0,0.0332,-0.0332,-2.7738,4.0895,group,88221,90297
direct_vs_group_full,vermuteten,0,3,3,0.0,0.0332,-0.0332,-2.7738,4.0895,group,88221,90297
direct_vs_group_full,versprechen,0,3,3,0.0,0.0332,-0.0332,-2.7738,4.0895,group,88221,90297
direct_vs_group_full,versterben,0,3,3,0.0,0.0332,-0.0332,-2.7738,4.0895,group,88221,90297
direct_vs_group_full,verteten,0,3,3,0.0,0.0332,-0.0332,-2.7738,4.0895,group,88221,90297
direct_vs_group_full,väterlich,0,3,3,0.0,0.0332,-0.0332,-2.7738,4.0895,group,88221,90297
direct_vs_group_full,wahrgenommen/gemessen,0,3,3,0.0,0.0332,-0.0332,-2.7738,4.0895,group,88221,90297
direct_vs_group_full,wecken,0,3,3,0.0,0.0332,-0.0332,-2.7738,4.0895,group,88221,90297
direct_vs_group_full,wendet,0,3,3,0.0,0.0332,-0.0332,-2.7738,4.0895,group,88221,90297
direct_vs_group_full,wichtiger,0,3,3,0.0,0.0332,-0.0332,-2.7738,4.0895,group,88221,90297
direct_vs_group_full,wiederholen,0,3,3,0.0,0.0332,-0.0332,-2.7738,4.0895,group,88221,90297
direct_vs_group_full,wirke,0,3,3,0.0,0.0332,-0.0332,-2.7738,4.0895,group,88221,90297
direct_vs_group_full,wohlwollende,0,3,3,0.0,0.0332,-0.0332,-2.7738,4.0895,group,88221,90297
direct_vs_group_full,worauf,0,3,3,0.0,0.0332,-0.0332,-2.7738,4.0895,group,88221,90297
direct_vs_group_full,zugehen,0,3,3,0.0,0.0332,-0.0332,-2.7738,4.0895,group,88221,90297
direct_vs_group_full,zugelegt,0,3,3,0.0,0.0332,-0.0332,-2.7738,4.0895,group,88221,90297
direct_vs_group_full,zuordnen,0,3,3,0.0,0.0332,-0.0332,-2.7738,4.0895,group,88221,90297
direct_vs_group_full,zögerlich,0,3,3,0.0,0.0332,-0.0332,-2.7738,4.0895,group,88221,90297
direct_vs_group_full,Änderung,0,3,3,0.0,0.0332,-0.0332,-2.7738,4.0895,group,88221,90297
direct_vs_group_full,Öffnung,0,3,3,0.0,0.0332,-0.0332,-2.7738,4.0895,group,88221,90297
direct_vs_group_full,Ölfarben,0,3,3,0.0,0.0332,-0.0332,-2.7738,4.0895,group,88221,90297
direct_vs_group_full,ÖsophagusCA,0,3,3,0.0,0.0332,-0.0332,-2.7738,4.0895,group,88221,90297
direct_vs_group_full,Übersichtsartikel,0,3,3,0.0,0.0332,-0.0332,-2.7738,4.0895,group,88221,90297
direct_vs_group_full,Überwältigung,0,3,3,0.0,0.0332,-0.0332,-2.7738,4.0895,group,88221,90297
direct_vs_group_full,ï,0,3,3,0.0,0.0332,-0.0332,-2.7738,4.0895,group,88221,90297
direct_vs_group_full,überdauernde,0,3,3,0.0,0.0332,-0.0332,-2.7738,4.0895,group,88221,90297
direct_vs_group_full,übereinander,0,3,3,0.0,0.0332,-0.0332,-2.7738,4.0895,group,88221,90297
direct_vs_group_full,überschritten,0,3,3,0.0,0.0332,-0.0332,-2.7738,4.0895,group,88221,90297
direct_vs_group_full,danach,38,23,61,0.4307,0.2547,0.176,0.7458,4.0838,direct,88221,90297
direct_vs_group_full,300,6,1,7,0.068,0.0111,0.0569,2.149,4.0797,direct,88221,90297
direct_vs_group_full,Anhang,6,1,7,0.068,0.0111,0.0569,2.149,4.0797,direct,88221,90297
direct_vs_group_full,Ausbildung,6,1,7,0.068,0.0111,0.0569,2.149,4.0797,direct,88221,90297
direct_vs_group_full,Berechtigung,6,1,7,0.068,0.0111,0.0569,2.149,4.0797,direct,88221,90297
direct_vs_group_full,Beste,6,1,7,0.068,0.0111,0.0569,2.149,4.0797,direct,88221,90297
direct_vs_group_full,Eigentlich,6,1,7,0.068,0.0111,0.0569,2.149,4.0797,direct,88221,90297
direct_vs_group_full,Fragestellung,6,1,7,0.068,0.0111,0.0569,2.149,4.0797,direct,88221,90297
direct_vs_group_full,Hattest,6,1,7,0.068,0.0111,0.0569,2.149,4.0797,direct,88221,90297
direct_vs_group_full,LDL,6,1,7,0.068,0.0111,0.0569,2.149,4.0797,direct,88221,90297
direct_vs_group_full,Verständnis,6,1,7,0.068,0.0111,0.0569,2.149,4.0797,direct,88221,90297
direct_vs_group_full,Wegen,6,1,7,0.068,0.0111,0.0569,2.149,4.0797,direct,88221,90297
direct_vs_group_full,aufgewachsen,6,1,7,0.068,0.0111,0.0569,2.149,4.0797,direct,88221,90297
direct_vs_group_full,einladen,6,1,7,0.068,0.0111,0.0569,2.149,4.0797,direct,88221,90297
direct_vs_group_full,einzel,6,1,7,0.068,0.0111,0.0569,2.149,4.0797,direct,88221,90297
direct_vs_group_full,erwarten,6,1,7,0.068,0.0111,0.0569,2.149,4.0797,direct,88221,90297
direct_vs_group_full,eurem,6,1,7,0.068,0.0111,0.0569,2.149,4.0797,direct,88221,90297
direct_vs_group_full,klingt,6,1,7,0.068,0.0111,0.0569,2.149,4.0797,direct,88221,90297
direct_vs_group_full,konsequenz,6,1,7,0.068,0.0111,0.0569,2.149,4.0797,direct,88221,90297
direct_vs_group_full,kurzfristig,6,1,7,0.068,0.0111,0.0569,2.149,4.0797,direct,88221,90297
direct_vs_group_full,mitbekommen,6,1,7,0.068,0.0111,0.0569,2.149,4.0797,direct,88221,90297
direct_vs_group_full,nix,6,1,7,0.068,0.0111,0.0569,2.149,4.0797,direct,88221,90297
direct_vs_group_full,poststationär,6,1,7,0.068,0.0111,0.0569,2.149,4.0797,direct,88221,90297
direct_vs_group_full,prima,6,1,7,0.068,0.0111,0.0569,2.149,4.0797,direct,88221,90297
direct_vs_group_full,top,6,1,7,0.068,0.0111,0.0569,2.149,4.0797,direct,88221,90297
direct_vs_group_full,usw,6,1,7,0.068,0.0111,0.0569,2.149,4.0797,direct,88221,90297
direct_vs_group_full,x,6,1,7,0.068,0.0111,0.0569,2.149,4.0797,direct,88221,90297
direct_vs_group_full,zunehmen,6,1,7,0.068,0.0111,0.0569,2.149,4.0797,direct,88221,90297
direct_vs_group_full,negativ,7,17,24,0.0793,0.1883,-0.1089,-1.1888,4.0671,group,88221,90297
direct_vs_group_full,Stunde,11,23,34,0.1247,0.2547,-0.13,-0.9975,4.0534,group,88221,90297
direct_vs_group_full,Die,131,103,234,1.4849,1.1407,0.3442,0.379,4.0414,direct,88221,90297
direct_vs_group_full,Zum,4,12,16,0.0453,0.1329,-0.0876,-1.4404,4.0021,group,88221,90297
direct_vs_group_full,morning,4,12,16,0.0453,0.1329,-0.0876,-1.4404,4.0021,group,88221,90297
direct_vs_group_full,normwertig,4,12,16,0.0453,0.1329,-0.0876,-1.4404,4.0021,group,88221,90297
direct_vs_group_full,notwendig,4,12,16,0.0453,0.1329,-0.0876,-1.4404,4.0021,group,88221,90297
direct_vs_group_full,Anforderung,8,2,10,0.0907,0.0221,0.0685,1.7991,3.9958,direct,88221,90297
direct_vs_group_full,Antrag,8,2,10,0.0907,0.0221,0.0685,1.7991,3.9958,direct,88221,90297
direct_vs_group_full,Zeh,8,2,10,0.0907,0.0221,0.0685,1.7991,3.9958,direct,88221,90297
direct_vs_group_full,fkt,8,2,10,0.0907,0.0221,0.0685,1.7991,3.9958,direct,88221,90297
direct_vs_group_full,gespannt,8,2,10,0.0907,0.0221,0.0685,1.7991,3.9958,direct,88221,90297
direct_vs_group_full,mehreren,8,2,10,0.0907,0.0221,0.0685,1.7991,3.9958,direct,88221,90297
direct_vs_group_full,sitze,8,2,10,0.0907,0.0221,0.0685,1.7991,3.9958,direct,88221,90297
direct_vs_group_full,umfassende,8,2,10,0.0907,0.0221,0.0685,1.7991,3.9958,direct,88221,90297
direct_vs_group_full,welchen,8,2,10,0.0907,0.0221,0.0685,1.7991,3.9958,direct,88221,90297
direct_vs_group_full,übernimmst,8,2,10,0.0907,0.0221,0.0685,1.7991,3.9958,direct,88221,90297
direct_vs_group_full,gefunden,30,17,47,0.3401,0.1883,0.1518,0.835,3.9518,direct,88221,90297
direct_vs_group_full,aufgenommen,26,14,40,0.2947,0.155,0.1397,0.9035,3.9406,direct,88221,90297
direct_vs_group_full,dran,26,14,40,0.2947,0.155,0.1397,0.9035,3.9406,direct,88221,90297
direct_vs_group_full,Gedanken,14,27,41,0.1587,0.299,-0.1403,-0.8898,3.8971,group,88221,90297
direct_vs_group_full,Belastungsfaktoren,13,5,18,0.1474,0.0554,0.092,1.329,3.8715,direct,88221,90297
direct_vs_group_full,dachte,13,5,18,0.1474,0.0554,0.092,1.329,3.8715,direct,88221,90297
direct_vs_group_full,depressive,13,5,18,0.1474,0.0554,0.092,1.329,3.8715,direct,88221,90297
direct_vs_group_full,eh,13,5,18,0.1474,0.0554,0.092,1.329,3.8715,direct,88221,90297
direct_vs_group_full,möchtest,13,5,18,0.1474,0.0554,0.092,1.329,3.8715,direct,88221,90297
direct_vs_group_full,AVD,1,6,7,0.0113,0.0664,-0.0551,-2.0819,3.8471,group,88221,90297
direct_vs_group_full,Alkoholkonsum,1,6,7,0.0113,0.0664,-0.0551,-2.0819,3.8471,group,88221,90297
direct_vs_group_full,Bauchschmerzen,1,6,7,0.0113,0.0664,-0.0551,-2.0819,3.8471,group,88221,90297
direct_vs_group_full,Deutsch,1,6,7,0.0113,0.0664,-0.0551,-2.0819,3.8471,group,88221,90297
direct_vs_group_full,Einwilligungserklärung,1,6,7,0.0113,0.0664,-0.0551,-2.0819,3.8471,group,88221,90297
direct_vs_group_full,Fieber,1,6,7,0.0113,0.0664,-0.0551,-2.0819,3.8471,group,88221,90297
direct_vs_group_full,Fortschritt,1,6,7,0.0113,0.0664,-0.0551,-2.0819,3.8471,group,88221,90297
direct_vs_group_full,Fotos,1,6,7,0.0113,0.0664,-0.0551,-2.0819,3.8471,group,88221,90297
direct_vs_group_full,Heimweh,1,6,7,0.0113,0.0664,-0.0551,-2.0819,3.8471,group,88221,90297
direct_vs_group_full,Kontaktaufnahme,1,6,7,0.0113,0.0664,-0.0551,-2.0819,3.8471,group,88221,90297
direct_vs_group_full,Möglichkeiten,1,6,7,0.0113,0.0664,-0.0551,-2.0819,3.8471,group,88221,90297
direct_vs_group_full,Novalgin,1,6,7,0.0113,0.0664,-0.0551,-2.0819,3.8471,group,88221,90297
direct_vs_group_full,Option,1,6,7,0.0113,0.0664,-0.0551,-2.0819,3.8471,group,88221,90297
direct_vs_group_full,Pieper,1,6,7,0.0113,0.0664,-0.0551,-2.0819,3.8471,group,88221,90297
direct_vs_group_full,Prozedere,1,6,7,0.0113,0.0664,-0.0551,-2.0819,3.8471,group,88221,90297
direct_vs_group_full,Scham,1,6,7,0.0113,0.0664,-0.0551,-2.0819,3.8471,group,88221,90297
direct_vs_group_full,Sichtung,1,6,7,0.0113,0.0664,-0.0551,-2.0819,3.8471,group,88221,90297
direct_vs_group_full,Substitution,1,6,7,0.0113,0.0664,-0.0551,-2.0819,3.8471,group,88221,90297
direct_vs_group_full,Umsetzung,1,6,7,0.0113,0.0664,-0.0551,-2.0819,3.8471,group,88221,90297
direct_vs_group_full,WG,1,6,7,0.0113,0.0664,-0.0551,-2.0819,3.8471,group,88221,90297
direct_vs_group_full,Wochenabschluss,1,6,7,0.0113,0.0664,-0.0551,-2.0819,3.8471,group,88221,90297
direct_vs_group_full,Zusammenfassung,1,6,7,0.0113,0.0664,-0.0551,-2.0819,3.8471,group,88221,90297
direct_vs_group_full,denkt,1,6,7,0.0113,0.0664,-0.0551,-2.0819,3.8471,group,88221,90297
direct_vs_group_full,eingegangen,1,6,7,0.0113,0.0664,-0.0551,-2.0819,3.8471,group,88221,90297
direct_vs_group_full,erlebe,1,6,7,0.0113,0.0664,-0.0551,-2.0819,3.8471,group,88221,90297
direct_vs_group_full,erneutes,1,6,7,0.0113,0.0664,-0.0551,-2.0819,3.8471,group,88221,90297
direct_vs_group_full,fraglich,1,6,7,0.0113,0.0664,-0.0551,-2.0819,3.8471,group,88221,90297
direct_vs_group_full,geteilt,1,6,7,0.0113,0.0664,-0.0551,-2.0819,3.8471,group,88221,90297
direct_vs_group_full,innere,1,6,7,0.0113,0.0664,-0.0551,-2.0819,3.8471,group,88221,90297
direct_vs_group_full,ließ,1,6,7,0.0113,0.0664,-0.0551,-2.0819,3.8471,group,88221,90297
direct_vs_group_full,mittwochs,1,6,7,0.0113,0.0664,-0.0551,-2.0819,3.8471,group,88221,90297
direct_vs_group_full,näher,1,6,7,0.0113,0.0664,-0.0551,-2.0819,3.8471,group,88221,90297
direct_vs_group_full,reducto,1,6,7,0.0113,0.0664,-0.0551,-2.0819,3.8471,group,88221,90297
direct_vs_group_full,vormittags,1,6,7,0.0113,0.0664,-0.0551,-2.0819,3.8471,group,88221,90297
direct_vs_group_full,vorzeitig,1,6,7,0.0113,0.0664,-0.0551,-2.0819,3.8471,group,88221,90297
direct_vs_group_full,weint,1,6,7,0.0113,0.0664,-0.0551,-2.0819,3.8471,group,88221,90297
direct_vs_group_full,wieviel,1,6,7,0.0113,0.0664,-0.0551,-2.0819,3.8471,group,88221,90297
direct_vs_group_full,länger,16,7,23,0.1814,0.0775,0.1038,1.1711,3.8301,direct,88221,90297
direct_vs_group_full,Aussage,3,10,13,0.034,0.1107,-0.0767,-1.5514,3.8155,group,88221,90297
direct_vs_group_full,Medikament,3,10,13,0.034,0.1107,-0.0767,-1.5514,3.8155,group,88221,90297
direct_vs_group_full,Pregabalin,3,10,13,0.034,0.1107,-0.0767,-1.5514,3.8155,group,88221,90297
direct_vs_group_full,ambivalent,3,10,13,0.034,0.1107,-0.0767,-1.5514,3.8155,group,88221,90297
direct_vs_group_full,eigenständig,3,10,13,0.034,0.1107,-0.0767,-1.5514,3.8155,group,88221,90297
direct_vs_group_full,nötig,3,10,13,0.034,0.1107,-0.0767,-1.5514,3.8155,group,88221,90297
direct_vs_group_full,steigern,3,10,13,0.034,0.1107,-0.0767,-1.5514,3.8155,group,88221,90297
direct_vs_group_full,als,173,216,389,1.961,2.3921,-0.4311,-0.2859,3.8154,group,88221,90297
direct_vs_group_full,9,31,18,49,0.3514,0.1993,0.152,0.8014,3.7996,direct,88221,90297
direct_vs_group_full,b,6,15,21,0.068,0.1661,-0.0981,-1.2202,3.7784,group,88221,90297
direct_vs_group_full,opB,6,15,21,0.068,0.1661,-0.0981,-1.2202,3.7784,group,88221,90297
direct_vs_group_full,hätte,41,26,67,0.4647,0.2879,0.1768,0.6807,3.7448,direct,88221,90297
direct_vs_group_full,schlecht,10,21,31,0.1134,0.2326,-0.1192,-1.0004,3.7379,group,88221,90297
direct_vs_group_full,Reha,8,18,26,0.0907,0.1993,-0.1087,-1.0884,3.718,group,88221,90297
direct_vs_group_full,19,2,8,10,0.0227,0.0886,-0.0659,-1.732,3.7167,group,88221,90297
direct_vs_group_full,Antibiose,2,8,10,0.0227,0.0886,-0.0659,-1.732,3.7167,group,88221,90297
direct_vs_group_full,Hoffnung,2,8,10,0.0227,0.0886,-0.0659,-1.732,3.7167,group,88221,90297
direct_vs_group_full,Indikation,2,8,10,0.0227,0.0886,-0.0659,-1.732,3.7167,group,88221,90297
direct_vs_group_full,Kapsel,2,8,10,0.0227,0.0886,-0.0659,-1.732,3.7167,group,88221,90297
direct_vs_group_full,Oxycodon,2,8,10,0.0227,0.0886,-0.0659,-1.732,3.7167,group,88221,90297
direct_vs_group_full,Setting,2,8,10,0.0227,0.0886,-0.0659,-1.732,3.7167,group,88221,90297
direct_vs_group_full,Verhältnis,2,8,10,0.0227,0.0886,-0.0659,-1.732,3.7167,group,88221,90297
direct_vs_group_full,beschäftigt,2,8,10,0.0227,0.0886,-0.0659,-1.732,3.7167,group,88221,90297
direct_vs_group_full,extern,2,8,10,0.0227,0.0886,-0.0659,-1.732,3.7167,group,88221,90297
direct_vs_group_full,merke,2,8,10,0.0227,0.0886,-0.0659,-1.732,3.7167,group,88221,90297
direct_vs_group_full,profitiert,2,8,10,0.0227,0.0886,-0.0659,-1.732,3.7167,group,88221,90297
direct_vs_group_full,psychisch,2,8,10,0.0227,0.0886,-0.0659,-1.732,3.7167,group,88221,90297
direct_vs_group_full,relevanten,2,8,10,0.0227,0.0886,-0.0659,-1.732,3.7167,group,88221,90297
direct_vs_group_full,vs,2,8,10,0.0227,0.0886,-0.0659,-1.732,3.7167,group,88221,90297
direct_vs_group_full,ihrer,24,40,64,0.272,0.443,-0.1709,-0.6916,3.6793,group,88221,90297
direct_vs_group_full,Ausgangsgewicht,11,4,15,0.1247,0.0443,0.0804,1.3872,3.5618,direct,88221,90297
direct_vs_group_full,Ernährungsberatung,11,4,15,0.1247,0.0443,0.0804,1.3872,3.5618,direct,88221,90297
direct_vs_group_full,Therapeut,11,4,15,0.1247,0.0443,0.0804,1.3872,3.5618,direct,88221,90297
direct_vs_group_full,chronische,11,4,15,0.1247,0.0443,0.0804,1.3872,3.5618,direct,88221,90297
direct_vs_group_full,kcal,11,4,15,0.1247,0.0443,0.0804,1.3872,3.5618,direct,88221,90297
direct_vs_group_full,nämlich,11,4,15,0.1247,0.0443,0.0804,1.3872,3.5618,direct,88221,90297
direct_vs_group_full,Doku,17,8,25,0.1927,0.0886,0.1041,1.0754,3.5266,direct,88221,90297
direct_vs_group_full,Problem,17,8,25,0.1927,0.0886,0.1041,1.0754,3.5266,direct,88221,90297
direct_vs_group_full,erledigt,17,8,25,0.1927,0.0886,0.1041,1.0754,3.5266,direct,88221,90297
direct_vs_group_full,sorry,17,8,25,0.1927,0.0886,0.1041,1.0754,3.5266,direct,88221,90297
direct_vs_group_full,wenig,22,37,59,0.2494,0.4098,-0.1604,-0.7034,3.5148,group,88221,90297
direct_vs_group_full,Auf,5,13,18,0.0567,0.144,-0.0873,-1.2619,3.4993,group,88221,90297
direct_vs_group_full,Bett,5,13,18,0.0567,0.144,-0.0873,-1.2619,3.4993,group,88221,90297
direct_vs_group_full,ausreichend,5,13,18,0.0567,0.144,-0.0873,-1.2619,3.4993,group,88221,90297
direct_vs_group_full,setzen,5,13,18,0.0567,0.144,-0.0873,-1.2619,3.4993,group,88221,90297
direct_vs_group_full,trotz,5,13,18,0.0567,0.144,-0.0873,-1.2619,3.4993,group,88221,90297
direct_vs_group_full,Mit,19,33,52,0.2154,0.3655,-0.1501,-0.7471,3.4975,group,88221,90297
direct_vs_group_full,PT,41,61,102,0.4647,0.6755,-0.2108,-0.5339,3.4957,group,88221,90297
direct_vs_group_full,angelegt,14,6,20,0.1587,0.0664,0.0922,1.1911,3.4801,direct,88221,90297
direct_vs_group_full,lesen,14,6,20,0.1587,0.0664,0.0922,1.1911,3.4801,direct,88221,90297
direct_vs_group_full,Familie,9,19,28,0.102,0.2104,-0.1084,-1.0039,3.4227,group,88221,90297
direct_vs_group_full,könnt,9,19,28,0.102,0.2104,-0.1084,-1.0039,3.4227,group,88221,90297
direct_vs_group_full,los,21,11,32,0.238,0.1218,0.1162,0.9363,3.4149,direct,88221,90297
direct_vs_group_full,Borderline,7,16,23,0.0793,0.1772,-0.0978,-1.1039,3.4114,group,88221,90297
direct_vs_group_full,Konsile,7,16,23,0.0793,0.1772,-0.0978,-1.1039,3.4114,group,88221,90297
direct_vs_group_full,Psychotherapie,7,16,23,0.0793,0.1772,-0.0978,-1.1039,3.4114,group,88221,90297
direct_vs_group_full,Urlaub,72,53,125,0.8161,0.587,0.2292,0.472,3.3581,direct,88221,90297
direct_vs_group_full,Zeit,98,76,174,1.1108,0.8417,0.2692,0.3982,3.3243,direct,88221,90297
direct_vs_group_full,gelaufen,35,22,57,0.3967,0.2436,0.1531,0.6914,3.3012,direct,88221,90297
direct_vs_group_full,Ehefrau,9,3,12,0.102,0.0332,0.0688,1.4741,3.2807,direct,88221,90297
direct_vs_group_full,HNO,9,3,12,0.102,0.0332,0.0688,1.4741,3.2807,direct,88221,90297
direct_vs_group_full,Passwort,9,3,12,0.102,0.0332,0.0688,1.4741,3.2807,direct,88221,90297
direct_vs_group_full,gespräch,9,3,12,0.102,0.0332,0.0688,1.4741,3.2807,direct,88221,90297
direct_vs_group_full,halt,9,3,12,0.102,0.0332,0.0688,1.4741,3.2807,direct,88221,90297
direct_vs_group_full,schade,9,3,12,0.102,0.0332,0.0688,1.4741,3.2807,direct,88221,90297
direct_vs_group_full,spannend,9,3,12,0.102,0.0332,0.0688,1.4741,3.2807,direct,88221,90297
direct_vs_group_full,therapeutisch,9,3,12,0.102,0.0332,0.0688,1.4741,3.2807,direct,88221,90297
direct_vs_group_full,unseren,9,3,12,0.102,0.0332,0.0688,1.4741,3.2807,direct,88221,90297
direct_vs_group_full,vidieren,24,39,63,0.272,0.4319,-0.1599,-0.6555,3.2656,group,88221,90297
direct_vs_group_full,Wut,12,23,35,0.136,0.2547,-0.1187,-0.8772,3.2653,group,88221,90297
direct_vs_group_full,wahrscheinlich,26,15,41,0.2947,0.1661,0.1286,0.8073,3.2491,direct,88221,90297
direct_vs_group_full,Dr,4,11,15,0.0453,0.1218,-0.0765,-1.3201,3.2362,group,88221,90297
direct_vs_group_full,Einzelgesprächen,4,11,15,0.0453,0.1218,-0.0765,-1.3201,3.2362,group,88221,90297
direct_vs_group_full,Erhöhung,4,11,15,0.0453,0.1218,-0.0765,-1.3201,3.2362,group,88221,90297
direct_vs_group_full,Ideen,4,11,15,0.0453,0.1218,-0.0765,-1.3201,3.2362,group,88221,90297
direct_vs_group_full,Vertrauen,4,11,15,0.0453,0.1218,-0.0765,-1.3201,3.2362,group,88221,90297
direct_vs_group_full,außerdem,22,12,34,0.2494,0.1329,0.1165,0.8816,3.2223,direct,88221,90297
direct_vs_group_full,drin,22,12,34,0.2494,0.1329,0.1165,0.8816,3.2223,direct,88221,90297
direct_vs_group_full,gelegt,15,7,22,0.17,0.0775,0.0925,1.0809,3.1659,direct,88221,90297
direct_vs_group_full,tun,15,7,22,0.17,0.0775,0.0925,1.0809,3.1659,direct,88221,90297
direct_vs_group_full,wären,15,7,22,0.17,0.0775,0.0925,1.0809,3.1659,direct,88221,90297
direct_vs_group_full,DocTalk,12,5,17,0.136,0.0554,0.0806,1.218,3.135,direct,88221,90297
direct_vs_group_full,Essstörungsgruppe,12,5,17,0.136,0.0554,0.0806,1.218,3.135,direct,88221,90297
direct_vs_group_full,Wollte,12,5,17,0.136,0.0554,0.0806,1.218,3.135,direct,88221,90297
direct_vs_group_full,draußen,12,5,17,0.136,0.0554,0.0806,1.218,3.135,direct,88221,90297
direct_vs_group_full,funktioniert,12,5,17,0.136,0.0554,0.0806,1.218,3.135,direct,88221,90297
direct_vs_group_full,geklärt,12,5,17,0.136,0.0554,0.0806,1.218,3.135,direct,88221,90297
direct_vs_group_full,Verlegung,6,14,20,0.068,0.155,-0.087,-1.124,3.1079,group,88221,90297
direct_vs_group_full,erfahren,6,14,20,0.068,0.155,-0.087,-1.124,3.1079,group,88221,90297
direct_vs_group_full,gegessen,6,14,20,0.068,0.155,-0.087,-1.124,3.1079,group,88221,90297
direct_vs_group_full,seinem,6,14,20,0.068,0.155,-0.087,-1.124,3.1079,group,88221,90297
direct_vs_group_full,erzählt,8,17,25,0.0907,0.1883,-0.0976,-1.0083,3.1079,group,88221,90297
direct_vs_group_full,wurden,8,17,25,0.0907,0.1883,-0.0976,-1.0083,3.1079,group,88221,90297
direct_vs_group_full,zunächst,8,17,25,0.0907,0.1883,-0.0976,-1.0083,3.1079,group,88221,90297
direct_vs_group_full,ändern,8,17,25,0.0907,0.1883,-0.0976,-1.0083,3.1079,group,88221,90297
direct_vs_group_full,Alzheimerdemenz,7,2,9,0.0793,0.0221,0.0572,1.6185,3.0595,direct,88221,90297
direct_vs_group_full,Beginnende,7,2,9,0.0793,0.0221,0.0572,1.6185,3.0595,direct,88221,90297
direct_vs_group_full,Einsicht,7,2,9,0.0793,0.0221,0.0572,1.6185,3.0595,direct,88221,90297
direct_vs_group_full,Entlassungsbrief,7,2,9,0.0793,0.0221,0.0572,1.6185,3.0595,direct,88221,90297
direct_vs_group_full,Kaffee,7,2,9,0.0793,0.0221,0.0572,1.6185,3.0595,direct,88221,90297
direct_vs_group_full,Konzentration/Gedächtnis,7,2,9,0.0793,0.0221,0.0572,1.6185,3.0595,direct,88221,90297
direct_vs_group_full,Oberbauch,7,2,9,0.0793,0.0221,0.0572,1.6185,3.0595,direct,88221,90297
direct_vs_group_full,Tipp,7,2,9,0.0793,0.0221,0.0572,1.6185,3.0595,direct,88221,90297
direct_vs_group_full,Volumenminderung,7,2,9,0.0793,0.0221,0.0572,1.6185,3.0595,direct,88221,90297
direct_vs_group_full,Vorbeireden,7,2,9,0.0793,0.0221,0.0572,1.6185,3.0595,direct,88221,90297
direct_vs_group_full,abgelaufen,7,2,9,0.0793,0.0221,0.0572,1.6185,3.0595,direct,88221,90297
direct_vs_group_full,ausgedruckt,7,2,9,0.0793,0.0221,0.0572,1.6185,3.0595,direct,88221,90297
direct_vs_group_full,eigenständigen,7,2,9,0.0793,0.0221,0.0572,1.6185,3.0595,direct,88221,90297
direct_vs_group_full,einstellbarem,7,2,9,0.0793,0.0221,0.0572,1.6185,3.0595,direct,88221,90297
direct_vs_group_full,eventuell,7,2,9,0.0793,0.0221,0.0572,1.6185,3.0595,direct,88221,90297
direct_vs_group_full,frag,7,2,9,0.0793,0.0221,0.0572,1.6185,3.0595,direct,88221,90297
direct_vs_group_full,freigeben,7,2,9,0.0793,0.0221,0.0572,1.6185,3.0595,direct,88221,90297
direct_vs_group_full,komplexer,7,2,9,0.0793,0.0221,0.0572,1.6185,3.0595,direct,88221,90297
direct_vs_group_full,massiver,7,2,9,0.0793,0.0221,0.0572,1.6185,3.0595,direct,88221,90297
direct_vs_group_full,mögliche,7,2,9,0.0793,0.0221,0.0572,1.6185,3.0595,direct,88221,90297
direct_vs_group_full,nachmittag,7,2,9,0.0793,0.0221,0.0572,1.6185,3.0595,direct,88221,90297
direct_vs_group_full,parietaler,7,2,9,0.0793,0.0221,0.0572,1.6185,3.0595,direct,88221,90297
direct_vs_group_full,schlimm,7,2,9,0.0793,0.0221,0.0572,1.6185,3.0595,direct,88221,90297
direct_vs_group_full,team,7,2,9,0.0793,0.0221,0.0572,1.6185,3.0595,direct,88221,90297
direct_vs_group_full,anderes,19,10,29,0.2154,0.1107,0.1046,0.9266,3.053,direct,88221,90297
direct_vs_group_full,passen,19,10,29,0.2154,0.1107,0.1046,0.9266,3.053,direct,88221,90297
direct_vs_group_full,sagt,23,13,36,0.2607,0.144,0.1167,0.8333,3.0521,direct,88221,90297
direct_vs_group_full,7,16,28,44,0.1814,0.3101,-0.1287,-0.7549,3.0414,group,88221,90297
direct_vs_group_full,des,87,114,201,0.9862,1.2625,-0.2763,-0.3544,3.037,group,88221,90297
direct_vs_group_full,E,50,35,85,0.5668,0.3876,0.1791,0.542,3.0214,direct,88221,90297
direct_vs_group_full,Anforderungen,5,1,6,0.0567,0.0111,0.0456,1.908,3.0049,direct,88221,90297
direct_vs_group_full,Behandlungsvereinbarung,5,1,6,0.0567,0.0111,0.0456,1.908,3.0049,direct,88221,90297
direct_vs_group_full,Einschränkungen,5,1,6,0.0567,0.0111,0.0456,1.908,3.0049,direct,88221,90297
direct_vs_group_full,Epicondylitis,5,1,6,0.0567,0.0111,0.0456,1.908,3.0049,direct,88221,90297
direct_vs_group_full,Früh,5,1,6,0.0567,0.0111,0.0456,1.908,3.0049,direct,88221,90297
direct_vs_group_full,Gern,5,1,6,0.0567,0.0111,0.0456,1.908,3.0049,direct,88221,90297
direct_vs_group_full,Hintergründe,5,1,6,0.0567,0.0111,0.0456,1.908,3.0049,direct,88221,90297
direct_vs_group_full,Kalender,5,1,6,0.0567,0.0111,0.0456,1.908,3.0049,direct,88221,90297
direct_vs_group_full,Korrektur,5,1,6,0.0567,0.0111,0.0456,1.908,3.0049,direct,88221,90297
direct_vs_group_full,Krücken,5,1,6,0.0567,0.0111,0.0456,1.908,3.0049,direct,88221,90297
direct_vs_group_full,Medikamente,5,1,6,0.0567,0.0111,0.0456,1.908,3.0049,direct,88221,90297
direct_vs_group_full,Muss,5,1,6,0.0567,0.0111,0.0456,1.908,3.0049,direct,88221,90297
direct_vs_group_full,Möchtest,5,1,6,0.0567,0.0111,0.0456,1.908,3.0049,direct,88221,90297
direct_vs_group_full,Nahrungssteigerung,5,1,6,0.0567,0.0111,0.0456,1.908,3.0049,direct,88221,90297
direct_vs_group_full,Schreibst,5,1,6,0.0567,0.0111,0.0456,1.908,3.0049,direct,88221,90297
direct_vs_group_full,Schulterstützen,5,1,6,0.0567,0.0111,0.0456,1.908,3.0049,direct,88221,90297
direct_vs_group_full,Stationsärztin,5,1,6,0.0567,0.0111,0.0456,1.908,3.0049,direct,88221,90297
direct_vs_group_full,Tabelle,5,1,6,0.0567,0.0111,0.0456,1.908,3.0049,direct,88221,90297
direct_vs_group_full,Terminvereinbarung,5,1,6,0.0567,0.0111,0.0456,1.908,3.0049,direct,88221,90297
direct_vs_group_full,aufpassen,5,1,6,0.0567,0.0111,0.0456,1.908,3.0049,direct,88221,90297
direct_vs_group_full,auftritt,5,1,6,0.0567,0.0111,0.0456,1.908,3.0049,direct,88221,90297
direct_vs_group_full,derzeitig,5,1,6,0.0567,0.0111,0.0456,1.908,3.0049,direct,88221,90297
direct_vs_group_full,einmalig,5,1,6,0.0567,0.0111,0.0456,1.908,3.0049,direct,88221,90297
direct_vs_group_full,freie,5,1,6,0.0567,0.0111,0.0456,1.908,3.0049,direct,88221,90297
direct_vs_group_full,gespiegelt,5,1,6,0.0567,0.0111,0.0456,1.908,3.0049,direct,88221,90297
direct_vs_group_full,haha,5,1,6,0.0567,0.0111,0.0456,1.908,3.0049,direct,88221,90297
direct_vs_group_full,herzlichen,5,1,6,0.0567,0.0111,0.0456,1.908,3.0049,direct,88221,90297
direct_vs_group_full,komm,5,1,6,0.0567,0.0111,0.0456,1.908,3.0049,direct,88221,90297
direct_vs_group_full,leben,5,1,6,0.0567,0.0111,0.0456,1.908,3.0049,direct,88221,90297
direct_vs_group_full,markiert,5,1,6,0.0567,0.0111,0.0456,1.908,3.0049,direct,88221,90297
direct_vs_group_full,mist,5,1,6,0.0567,0.0111,0.0456,1.908,3.0049,direct,88221,90297
direct_vs_group_full,na,5,1,6,0.0567,0.0111,0.0456,1.908,3.0049,direct,88221,90297
direct_vs_group_full,regulär,5,1,6,0.0567,0.0111,0.0456,1.908,3.0049,direct,88221,90297
direct_vs_group_full,schaust,5,1,6,0.0567,0.0111,0.0456,1.908,3.0049,direct,88221,90297
direct_vs_group_full,schreibst,5,1,6,0.0567,0.0111,0.0456,1.908,3.0049,direct,88221,90297
direct_vs_group_full,verträgt,5,1,6,0.0567,0.0111,0.0456,1.908,3.0049,direct,88221,90297
direct_vs_group_full,zugeordnet,5,1,6,0.0567,0.0111,0.0456,1.908,3.0049,direct,88221,90297
direct_vs_group_full,Angebot,3,9,12,0.034,0.0997,-0.0657,-1.407,3.0016,group,88221,90297
direct_vs_group_full,Kindheit,3,9,12,0.034,0.0997,-0.0657,-1.407,3.0016,group,88221,90297
direct_vs_group_full,Magensonde,3,9,12,0.034,0.0997,-0.0657,-1.407,3.0016,group,88221,90297
direct_vs_group_full,OÄ,3,9,12,0.034,0.0997,-0.0657,-1.407,3.0016,group,88221,90297
direct_vs_group_full,Ursache,3,9,12,0.034,0.0997,-0.0657,-1.407,3.0016,group,88221,90297
direct_vs_group_full,kommuniziert,3,9,12,0.034,0.0997,-0.0657,-1.407,3.0016,group,88221,90297
direct_vs_group_full,thematisiert,3,9,12,0.034,0.0997,-0.0657,-1.407,3.0016,group,88221,90297
direct_vs_group_full,zuhause,3,9,12,0.034,0.0997,-0.0657,-1.407,3.0016,group,88221,90297
direct_vs_group_full,zunehmend,3,9,12,0.034,0.0997,-0.0657,-1.407,3.0016,group,88221,90297
direct_vs_group_full,gehen,59,81,140,0.6688,0.897,-0.2283,-0.4204,2.9787,group,88221,90297
direct_vs_group_full,zusammen,28,17,45,0.3174,0.1883,0.1291,0.7372,2.9783,direct,88221,90297
direct_vs_group_full,kann,317,282,599,3.5932,3.123,0.4702,0.2021,2.9413,direct,88221,90297
direct_vs_group_full,etc,20,33,53,0.2267,0.3655,-0.1388,-0.675,2.9262,group,88221,90297
direct_vs_group_full,Einzelgespräch,16,8,24,0.1814,0.0886,0.0928,0.9905,2.9077,direct,88221,90297
direct_vs_group_full,Lehre,16,8,24,0.1814,0.0886,0.0928,0.9905,2.9077,direct,88221,90297
direct_vs_group_full,dazu,52,37,89,0.5894,0.4098,0.1797,0.519,2.9011,direct,88221,90297
direct_vs_group_full,Projekt,24,14,38,0.272,0.155,0.117,0.7903,2.9006,direct,88221,90297
direct_vs_group_full,um,265,233,498,3.0038,2.5804,0.4234,0.2188,2.8693,direct,88221,90297
direct_vs_group_full,wünsche,9,18,27,0.102,0.1993,-0.0973,-0.928,2.8525,group,88221,90297
direct_vs_group_full,Abschluss,2,7,9,0.0227,0.0775,-0.0549,-1.5514,2.8269,group,88221,90297
direct_vs_group_full,Aktivitäten,2,7,9,0.0227,0.0775,-0.0549,-1.5514,2.8269,group,88221,90297
direct_vs_group_full,Anpassung,2,7,9,0.0227,0.0775,-0.0549,-1.5514,2.8269,group,88221,90297
direct_vs_group_full,Diabetes,2,7,9,0.0227,0.0775,-0.0549,-1.5514,2.8269,group,88221,90297
direct_vs_group_full,Einnahme,2,7,9,0.0227,0.0775,-0.0549,-1.5514,2.8269,group,88221,90297
direct_vs_group_full,Einstellungen,2,7,9,0.0227,0.0775,-0.0549,-1.5514,2.8269,group,88221,90297
direct_vs_group_full,HWI,2,7,9,0.0227,0.0775,-0.0549,-1.5514,2.8269,group,88221,90297
direct_vs_group_full,Hälfte,2,7,9,0.0227,0.0775,-0.0549,-1.5514,2.8269,group,88221,90297
direct_vs_group_full,Interaktion,2,7,9,0.0227,0.0775,-0.0549,-1.5514,2.8269,group,88221,90297
direct_vs_group_full,Keine,2,7,9,0.0227,0.0775,-0.0549,-1.5514,2.8269,group,88221,90297
direct_vs_group_full,Panikstörung,2,7,9,0.0227,0.0775,-0.0549,-1.5514,2.8269,group,88221,90297
direct_vs_group_full,Stück,2,7,9,0.0227,0.0775,-0.0549,-1.5514,2.8269,group,88221,90297
direct_vs_group_full,Tagesklinik,2,7,9,0.0227,0.0775,-0.0549,-1.5514,2.8269,group,88221,90297
direct_vs_group_full,Tipps,2,7,9,0.0227,0.0775,-0.0549,-1.5514,2.8269,group,88221,90297
direct_vs_group_full,Trauer,2,7,9,0.0227,0.0775,-0.0549,-1.5514,2.8269,group,88221,90297
direct_vs_group_full,Umfeld,2,7,9,0.0227,0.0775,-0.0549,-1.5514,2.8269,group,88221,90297
direct_vs_group_full,Urin,2,7,9,0.0227,0.0775,-0.0549,-1.5514,2.8269,group,88221,90297
direct_vs_group_full,Verbesserung,2,7,9,0.0227,0.0775,-0.0549,-1.5514,2.8269,group,88221,90297
direct_vs_group_full,Verfügung,2,7,9,0.0227,0.0775,-0.0549,-1.5514,2.8269,group,88221,90297
direct_vs_group_full,abgeholt,2,7,9,0.0227,0.0775,-0.0549,-1.5514,2.8269,group,88221,90297
direct_vs_group_full,ausfallen,2,7,9,0.0227,0.0775,-0.0549,-1.5514,2.8269,group,88221,90297
direct_vs_group_full,aushalten,2,7,9,0.0227,0.0775,-0.0549,-1.5514,2.8269,group,88221,90297
direct_vs_group_full,erbricht,2,7,9,0.0227,0.0775,-0.0549,-1.5514,2.8269,group,88221,90297
direct_vs_group_full,erschienen,2,7,9,0.0227,0.0775,-0.0549,-1.5514,2.8269,group,88221,90297
direct_vs_group_full,gelegentlich,2,7,9,0.0227,0.0775,-0.0549,-1.5514,2.8269,group,88221,90297
direct_vs_group_full,lehnt,2,7,9,0.0227,0.0775,-0.0549,-1.5514,2.8269,group,88221,90297
direct_vs_group_full,umgehen,2,7,9,0.0227,0.0775,-0.0549,-1.5514,2.8269,group,88221,90297
direct_vs_group_full,unterstützen,2,7,9,0.0227,0.0775,-0.0549,-1.5514,2.8269,group,88221,90297
direct_vs_group_full,unzufrieden,2,7,9,0.0227,0.0775,-0.0549,-1.5514,2.8269,group,88221,90297
direct_vs_group_full,weiterer,2,7,9,0.0227,0.0775,-0.0549,-1.5514,2.8269,group,88221,90297
direct_vs_group_full,AN,1,5,6,0.0113,0.0554,-0.044,-1.8409,2.8188,group,88221,90297
direct_vs_group_full,Amitriptylin,1,5,6,0.0113,0.0554,-0.044,-1.8409,2.8188,group,88221,90297
direct_vs_group_full,Bedürfnis,1,5,6,0.0113,0.0554,-0.044,-1.8409,2.8188,group,88221,90297
direct_vs_group_full,Bewertung,1,5,6,0.0113,0.0554,-0.044,-1.8409,2.8188,group,88221,90297
direct_vs_group_full,Bildern,1,5,6,0.0113,0.0554,-0.044,-1.8409,2.8188,group,88221,90297
direct_vs_group_full,Blatt,1,5,6,0.0113,0.0554,-0.044,-1.8409,2.8188,group,88221,90297
direct_vs_group_full,Blutung,1,5,6,0.0113,0.0554,-0.044,-1.8409,2.8188,group,88221,90297
direct_vs_group_full,Collage,1,5,6,0.0113,0.0554,-0.044,-1.8409,2.8188,group,88221,90297
direct_vs_group_full,Eindosierung,1,5,6,0.0113,0.0554,-0.044,-1.8409,2.8188,group,88221,90297
direct_vs_group_full,Einsamkeit,1,5,6,0.0113,0.0554,-0.044,-1.8409,2.8188,group,88221,90297
direct_vs_group_full,Entspannungsübung,1,5,6,0.0113,0.0554,-0.044,-1.8409,2.8188,group,88221,90297
direct_vs_group_full,Essanfälle,1,5,6,0.0113,0.0554,-0.044,-1.8409,2.8188,group,88221,90297
direct_vs_group_full,Falle,1,5,6,0.0113,0.0554,-0.044,-1.8409,2.8188,group,88221,90297
direct_vs_group_full,Feiertage,1,5,6,0.0113,0.0554,-0.044,-1.8409,2.8188,group,88221,90297
direct_vs_group_full,Freunde,1,5,6,0.0113,0.0554,-0.044,-1.8409,2.8188,group,88221,90297
direct_vs_group_full,Herzlich,1,5,6,0.0113,0.0554,-0.044,-1.8409,2.8188,group,88221,90297
direct_vs_group_full,KG,1,5,6,0.0113,0.0554,-0.044,-1.8409,2.8188,group,88221,90297
direct_vs_group_full,Obesity,1,5,6,0.0113,0.0554,-0.044,-1.8409,2.8188,group,88221,90297
direct_vs_group_full,PMR,1,5,6,0.0113,0.0554,-0.044,-1.8409,2.8188,group,88221,90297
direct_vs_group_full,Panik,1,5,6,0.0113,0.0554,-0.044,-1.8409,2.8188,group,88221,90297
direct_vs_group_full,Prozesse,1,5,6,0.0113,0.0554,-0.044,-1.8409,2.8188,group,88221,90297
direct_vs_group_full,Schmerzpatient,1,5,6,0.0113,0.0554,-0.044,-1.8409,2.8188,group,88221,90297
direct_vs_group_full,Schritt,1,5,6,0.0113,0.0554,-0.044,-1.8409,2.8188,group,88221,90297
direct_vs_group_full,Strategie,1,5,6,0.0113,0.0554,-0.044,-1.8409,2.8188,group,88221,90297
direct_vs_group_full,Sz,1,5,6,0.0113,0.0554,-0.044,-1.8409,2.8188,group,88221,90297
direct_vs_group_full,Tisch,1,5,6,0.0113,0.0554,-0.044,-1.8409,2.8188,group,88221,90297
direct_vs_group_full,Trennung,1,5,6,0.0113,0.0554,-0.044,-1.8409,2.8188,group,88221,90297
direct_vs_group_full,Wand,1,5,6,0.0113,0.0554,-0.044,-1.8409,2.8188,group,88221,90297
direct_vs_group_full,Wichtig,1,5,6,0.0113,0.0554,-0.044,-1.8409,2.8188,group,88221,90297
direct_vs_group_full,Wird,1,5,6,0.0113,0.0554,-0.044,-1.8409,2.8188,group,88221,90297
direct_vs_group_full,Wissen,1,5,6,0.0113,0.0554,-0.044,-1.8409,2.8188,group,88221,90297
direct_vs_group_full,beschreibt,1,5,6,0.0113,0.0554,-0.044,-1.8409,2.8188,group,88221,90297
direct_vs_group_full,bevorzugen,1,5,6,0.0113,0.0554,-0.044,-1.8409,2.8188,group,88221,90297
direct_vs_group_full,dissoziative,1,5,6,0.0113,0.0554,-0.044,-1.8409,2.8188,group,88221,90297
direct_vs_group_full,einhalten,1,5,6,0.0113,0.0554,-0.044,-1.8409,2.8188,group,88221,90297
direct_vs_group_full,einiges,1,5,6,0.0113,0.0554,-0.044,-1.8409,2.8188,group,88221,90297
direct_vs_group_full,empfunden,1,5,6,0.0113,0.0554,-0.044,-1.8409,2.8188,group,88221,90297
direct_vs_group_full,folgendes,1,5,6,0.0113,0.0554,-0.044,-1.8409,2.8188,group,88221,90297
direct_vs_group_full,gefallen,1,5,6,0.0113,0.0554,-0.044,-1.8409,2.8188,group,88221,90297
direct_vs_group_full,genutzt,1,5,6,0.0113,0.0554,-0.044,-1.8409,2.8188,group,88221,90297
direct_vs_group_full,geringe,1,5,6,0.0113,0.0554,-0.044,-1.8409,2.8188,group,88221,90297
direct_vs_group_full,gestalten,1,5,6,0.0113,0.0554,-0.044,-1.8409,2.8188,group,88221,90297
direct_vs_group_full,gewartet,1,5,6,0.0113,0.0554,-0.044,-1.8409,2.8188,group,88221,90297
direct_vs_group_full,hierunter,1,5,6,0.0113,0.0554,-0.044,-1.8409,2.8188,group,88221,90297
direct_vs_group_full,kleiner,1,5,6,0.0113,0.0554,-0.044,-1.8409,2.8188,group,88221,90297
direct_vs_group_full,konzentrieren,1,5,6,0.0113,0.0554,-0.044,-1.8409,2.8188,group,88221,90297
direct_vs_group_full,mangelnde,1,5,6,0.0113,0.0554,-0.044,-1.8409,2.8188,group,88221,90297
direct_vs_group_full,probiert,1,5,6,0.0113,0.0554,-0.044,-1.8409,2.8188,group,88221,90297
direct_vs_group_full,r,1,5,6,0.0113,0.0554,-0.044,-1.8409,2.8188,group,88221,90297
direct_vs_group_full,senden,1,5,6,0.0113,0.0554,-0.044,-1.8409,2.8188,group,88221,90297
direct_vs_group_full,sofern,1,5,6,0.0113,0.0554,-0.044,-1.8409,2.8188,group,88221,90297
direct_vs_group_full,starken,1,5,6,0.0113,0.0554,-0.044,-1.8409,2.8188,group,88221,90297
direct_vs_group_full,tragen,1,5,6,0.0113,0.0554,-0.044,-1.8409,2.8188,group,88221,90297
direct_vs_group_full,traumatische,1,5,6,0.0113,0.0554,-0.044,-1.8409,2.8188,group,88221,90297
direct_vs_group_full,ungünstig,1,5,6,0.0113,0.0554,-0.044,-1.8409,2.8188,group,88221,90297
direct_vs_group_full,voran,1,5,6,0.0113,0.0554,-0.044,-1.8409,2.8188,group,88221,90297
direct_vs_group_full,wenige,1,5,6,0.0113,0.0554,-0.044,-1.8409,2.8188,group,88221,90297
direct_vs_group_full,zeitlich,1,5,6,0.0113,0.0554,-0.044,-1.8409,2.8188,group,88221,90297
direct_vs_group_full,äußern,1,5,6,0.0113,0.0554,-0.044,-1.8409,2.8188,group,88221,90297
direct_vs_group_full,überprüfen,1,5,6,0.0113,0.0554,-0.044,-1.8409,2.8188,group,88221,90297
direct_vs_group_full,Abstrich,5,12,17,0.0567,0.1329,-0.0762,-1.1509,2.8094,group,88221,90297
direct_vs_group_full,Dosis,5,12,17,0.0567,0.1329,-0.0762,-1.1509,2.8094,group,88221,90297
direct_vs_group_full,mehrere,5,12,17,0.0567,0.1329,-0.0762,-1.1509,2.8094,group,88221,90297
direct_vs_group_full,u,5,12,17,0.0567,0.1329,-0.0762,-1.1509,2.8094,group,88221,90297
direct_vs_group_full,Vertrag,13,6,19,0.1474,0.0664,0.0809,1.088,2.8061,direct,88221,90297
direct_vs_group_full,nie,10,4,14,0.1134,0.0443,0.0691,1.2559,2.798,direct,88221,90297
direct_vs_group_full,wobei,10,4,14,0.1134,0.0443,0.0691,1.2559,2.798,direct,88221,90297
direct_vs_group_full,fällt,7,15,22,0.0793,0.1661,-0.0868,-1.0137,2.7938,group,88221,90297
direct_vs_group_full,gegenüber,7,15,22,0.0793,0.1661,-0.0868,-1.0137,2.7938,group,88221,90297
direct_vs_group_full,insbesondere,7,15,22,0.0793,0.1661,-0.0868,-1.0137,2.7938,group,88221,90297
direct_vs_group_full,Grüße,88,69,157,0.9975,0.7641,0.2333,0.3822,2.7682,direct,88221,90297
direct_vs_group_full,gehabt,18,30,48,0.204,0.3322,-0.1282,-0.6877,2.7594,group,88221,90297
direct_vs_group_full,letzter,12,22,34,0.136,0.2436,-0.1076,-0.8144,2.7571,group,88221,90297
direct_vs_group_full,nachfragen,12,22,34,0.136,0.2436,-0.1076,-0.8144,2.7571,group,88221,90297
direct_vs_group_full,Mal,15,26,41,0.17,0.2879,-0.1179,-0.7402,2.7374,group,88221,90297
direct_vs_group_full,geschafft,17,9,26,0.1927,0.0997,0.093,0.9149,2.6915,direct,88221,90297
direct_vs_group_full,ein,343,309,652,3.888,3.422,0.4659,0.1839,2.6528,direct,88221,90297
direct_vs_group_full,Wochenende,43,30,73,0.4874,0.3322,0.1552,0.5458,2.6397,direct,88221,90297
direct_vs_group_full,finden,19,31,50,0.2154,0.3433,-0.1279,-0.6583,2.636,group,88221,90297
direct_vs_group_full,stationären,10,19,29,0.1134,0.2104,-0.0971,-0.8595,2.6344,group,88221,90297
direct_vs_group_full,worden,10,19,29,0.1134,0.2104,-0.0971,-0.8595,2.6344,group,88221,90297
direct_vs_group_full,ihren,40,57,97,0.4534,0.6313,-0.1778,-0.4721,2.6125,group,88221,90297
direct_vs_group_full,Ort,66,50,116,0.7481,0.5537,0.1944,0.4306,2.6018,direct,88221,90297
direct_vs_group_full,Vater,13,23,36,0.1474,0.2547,-0.1074,-0.7661,2.5869,group,88221,90297
direct_vs_group_full,reduziert,13,23,36,0.1474,0.2547,-0.1074,-0.7661,2.5869,group,88221,90297
direct_vs_group_full,Fragen,32,21,53,0.3627,0.2326,0.1302,0.6297,2.5627,direct,88221,90297
direct_vs_group_full,Knie,14,7,21,0.1587,0.0775,0.0812,0.9846,2.5442,direct,88221,90297
direct_vs_group_full,brauchen,14,7,21,0.1587,0.0775,0.0812,0.9846,2.5442,direct,88221,90297
direct_vs_group_full,Ausschluss,8,16,24,0.0907,0.1772,-0.0865,-0.9234,2.5356,group,88221,90297
direct_vs_group_full,zeigen,8,16,24,0.0907,0.1772,-0.0865,-0.9234,2.5356,group,88221,90297
direct_vs_group_full,Also,27,17,44,0.306,0.1883,0.1178,0.6856,2.5313,direct,88221,90297
direct_vs_group_full,CRP,4,10,14,0.0453,0.1107,-0.0654,-1.1888,2.5189,group,88221,90297
direct_vs_group_full,Skills,4,10,14,0.0453,0.1107,-0.0654,-1.1888,2.5189,group,88221,90297
direct_vs_group_full,Versorgung,4,10,14,0.0453,0.1107,-0.0654,-1.1888,2.5189,group,88221,90297
direct_vs_group_full,Viele,4,10,14,0.0453,0.1107,-0.0654,-1.1888,2.5189,group,88221,90297
direct_vs_group_full,hinsichtlich,4,10,14,0.0453,0.1107,-0.0654,-1.1888,2.5189,group,88221,90297
direct_vs_group_full,spürbar,4,10,14,0.0453,0.1107,-0.0654,-1.1888,2.5189,group,88221,90297
direct_vs_group_full,verloren,4,10,14,0.0453,0.1107,-0.0654,-1.1888,2.5189,group,88221,90297
direct_vs_group_full,runter,18,10,28,0.204,0.1107,0.0933,0.8507,2.5077,direct,88221,90297
direct_vs_group_full,sodass,18,10,28,0.204,0.1107,0.0933,0.8507,2.5077,direct,88221,90297
direct_vs_group_full,wirklich,18,10,28,0.204,0.1107,0.0933,0.8507,2.5077,direct,88221,90297
direct_vs_group_full,ziemlich,18,10,28,0.204,0.1107,0.0933,0.8507,2.5077,direct,88221,90297
direct_vs_group_full,müsste,39,27,66,0.4421,0.299,0.1431,0.556,2.482,direct,88221,90297
direct_vs_group_full,isst,6,13,19,0.068,0.144,-0.076,-1.0209,2.4805,group,88221,90297
direct_vs_group_full,min,6,13,19,0.068,0.144,-0.076,-1.0209,2.4805,group,88221,90297
direct_vs_group_full,stark,6,13,19,0.068,0.144,-0.076,-1.0209,2.4805,group,88221,90297
direct_vs_group_full,Art,8,3,11,0.0907,0.0332,0.0575,1.3137,2.4761,direct,88221,90297
direct_vs_group_full,Mein,8,3,11,0.0907,0.0332,0.0575,1.3137,2.4761,direct,88221,90297
direct_vs_group_full,Zettel,8,3,11,0.0907,0.0332,0.0575,1.3137,2.4761,direct,88221,90297
direct_vs_group_full,entweder,8,3,11,0.0907,0.0332,0.0575,1.3137,2.4761,direct,88221,90297
direct_vs_group_full,geholfen,8,3,11,0.0907,0.0332,0.0575,1.3137,2.4761,direct,88221,90297
direct_vs_group_full,jedem,8,3,11,0.0907,0.0332,0.0575,1.3137,2.4761,direct,88221,90297
direct_vs_group_full,reduzierter,8,3,11,0.0907,0.0332,0.0575,1.3137,2.4761,direct,88221,90297
direct_vs_group_full,rez,8,3,11,0.0907,0.0332,0.0575,1.3137,2.4761,direct,88221,90297
direct_vs_group_full,â,8,3,11,0.0907,0.0332,0.0575,1.3137,2.4761,direct,88221,90297
direct_vs_group_full,Fokus,11,5,16,0.1247,0.0554,0.0693,1.0977,2.4477,direct,88221,90297
direct_vs_group_full,denen,11,5,16,0.1247,0.0554,0.0693,1.0977,2.4477,direct,88221,90297
direct_vs_group_full,Dank,71,55,126,0.8048,0.6091,0.1957,0.399,2.4264,direct,88221,90297
direct_vs_group_full,Gewichtszunahme,23,14,37,0.2607,0.155,0.1057,0.7302,2.4256,direct,88221,90297
direct_vs_group_full,Am,21,33,54,0.238,0.3655,-0.1274,-0.6063,2.4173,group,88221,90297
direct_vs_group_full,Symptomatik,21,33,54,0.238,0.3655,-0.1274,-0.6063,2.4173,group,88221,90297
direct_vs_group_full,einem,63,48,111,0.7141,0.5316,0.1825,0.4223,2.3971,direct,88221,90297
direct_vs_group_full,Er,44,61,105,0.4987,0.6755,-0.1768,-0.4332,2.3833,group,88221,90297
direct_vs_group_full,müssen,41,29,70,0.4647,0.3212,0.1436,0.526,2.3559,direct,88221,90297
direct_vs_group_full,e,19,11,30,0.2154,0.1218,0.0935,0.7954,2.3495,direct,88221,90297
direct_vs_group_full,dabei,56,42,98,0.6348,0.4651,0.1696,0.4443,2.3457,direct,88221,90297
direct_vs_group_full,mit,943,1034,1977,10.6891,11.4511,-0.762,-0.0993,2.3409,group,88221,90297
direct_vs_group_full,Befunde,15,8,23,0.17,0.0886,0.0814,0.9003,2.3305,direct,88221,90297
direct_vs_group_full,SD,15,8,23,0.17,0.0886,0.0814,0.9003,2.3305,direct,88221,90297
direct_vs_group_full,deswegen,15,8,23,0.17,0.0886,0.0814,0.9003,2.3305,direct,88221,90297
direct_vs_group_full,ins,35,24,59,0.3967,0.2658,0.1309,0.5686,2.3267,direct,88221,90297
direct_vs_group_full,selbst,35,50,85,0.3967,0.5537,-0.157,-0.4749,2.3236,group,88221,90297
direct_vs_group_full,Anspannung,15,25,40,0.17,0.2769,-0.1068,-0.6847,2.2995,group,88221,90297
direct_vs_group_full,Infos,15,25,40,0.17,0.2769,-0.1068,-0.6847,2.2995,group,88221,90297
direct_vs_group_full,Gefühle,12,21,33,0.136,0.2326,-0.0965,-0.7489,2.281,group,88221,90297
direct_vs_group_full,evaluieren,36,25,61,0.4081,0.2769,0.1312,0.551,2.2586,direct,88221,90297
direct_vs_group_full,paar,30,20,50,0.3401,0.2215,0.1186,0.6067,2.2529,direct,88221,90297
direct_vs_group_full,Dies,3,8,11,0.034,0.0886,-0.0546,-1.2466,2.2435,group,88221,90297
direct_vs_group_full,Einschätzung,3,8,11,0.034,0.0886,-0.0546,-1.2466,2.2435,group,88221,90297
direct_vs_group_full,Kopf,3,8,11,0.034,0.0886,-0.0546,-1.2466,2.2435,group,88221,90297
direct_vs_group_full,Könntet,3,8,11,0.034,0.0886,-0.0546,-1.2466,2.2435,group,88221,90297
direct_vs_group_full,Laufe,3,8,11,0.034,0.0886,-0.0546,-1.2466,2.2435,group,88221,90297
direct_vs_group_full,Nonsuizidpakt,3,8,11,0.034,0.0886,-0.0546,-1.2466,2.2435,group,88221,90297
direct_vs_group_full,Stuhl,3,8,11,0.034,0.0886,-0.0546,-1.2466,2.2435,group,88221,90297
direct_vs_group_full,UaK,3,8,11,0.034,0.0886,-0.0546,-1.2466,2.2435,group,88221,90297
direct_vs_group_full,akut,3,8,11,0.034,0.0886,-0.0546,-1.2466,2.2435,group,88221,90297
direct_vs_group_full,entsprechend,3,8,11,0.034,0.0886,-0.0546,-1.2466,2.2435,group,88221,90297
direct_vs_group_full,fixiert,3,8,11,0.034,0.0886,-0.0546,-1.2466,2.2435,group,88221,90297
direct_vs_group_full,geäußert,3,8,11,0.034,0.0886,-0.0546,-1.2466,2.2435,group,88221,90297
direct_vs_group_full,innerhalb,3,8,11,0.034,0.0886,-0.0546,-1.2466,2.2435,group,88221,90297
direct_vs_group_full,traurig,3,8,11,0.034,0.0886,-0.0546,-1.2466,2.2435,group,88221,90297
direct_vs_group_full,verschiedene,3,8,11,0.034,0.0886,-0.0546,-1.2466,2.2435,group,88221,90297
direct_vs_group_full,weinen,3,8,11,0.034,0.0886,-0.0546,-1.2466,2.2435,group,88221,90297
direct_vs_group_full,Klinikstandort,53,71,124,0.6008,0.7863,-0.1855,-0.3848,2.2203,group,88221,90297
direct_vs_group_full,Land,7,14,21,0.0793,0.155,-0.0757,-0.9175,2.2186,group,88221,90297
direct_vs_group_full,Psychoedukation,7,14,21,0.0793,0.155,-0.0757,-0.9175,2.2186,group,88221,90297
direct_vs_group_full,to,7,14,21,0.0793,0.155,-0.0757,-0.9175,2.2186,group,88221,90297
direct_vs_group_full,Falls,37,26,63,0.4194,0.2879,0.1315,0.5345,2.1949,direct,88221,90297
direct_vs_group_full,15Uhr,6,2,8,0.068,0.0221,0.0459,1.4121,2.1871,direct,88221,90297
direct_vs_group_full,Antidepressivum,6,2,8,0.068,0.0221,0.0459,1.4121,2.1871,direct,88221,90297
direct_vs_group_full,Auftrag,6,2,8,0.068,0.0221,0.0459,1.4121,2.1871,direct,88221,90297
direct_vs_group_full,Bericht,6,2,8,0.068,0.0221,0.0459,1.4121,2.1871,direct,88221,90297
direct_vs_group_full,Betreuung,6,2,8,0.068,0.0221,0.0459,1.4121,2.1871,direct,88221,90297
direct_vs_group_full,Diese,6,2,8,0.068,0.0221,0.0459,1.4121,2.1871,direct,88221,90297
direct_vs_group_full,Dissoziative,6,2,8,0.068,0.0221,0.0459,1.4121,2.1871,direct,88221,90297
direct_vs_group_full,Doctalk,6,2,8,0.068,0.0221,0.0459,1.4121,2.1871,direct,88221,90297
direct_vs_group_full,Kontakte,6,2,8,0.068,0.0221,0.0459,1.4121,2.1871,direct,88221,90297
direct_vs_group_full,Mitbefundung,6,2,8,0.068,0.0221,0.0459,1.4121,2.1871,direct,88221,90297
direct_vs_group_full,Rating,6,2,8,0.068,0.0221,0.0459,1.4121,2.1871,direct,88221,90297
direct_vs_group_full,Regel,6,2,8,0.068,0.0221,0.0459,1.4121,2.1871,direct,88221,90297
direct_vs_group_full,Rest,6,2,8,0.068,0.0221,0.0459,1.4121,2.1871,direct,88221,90297
direct_vs_group_full,Rezept,6,2,8,0.068,0.0221,0.0459,1.4121,2.1871,direct,88221,90297
direct_vs_group_full,Sache,6,2,8,0.068,0.0221,0.0459,1.4121,2.1871,direct,88221,90297
direct_vs_group_full,Schlecht,6,2,8,0.068,0.0221,0.0459,1.4121,2.1871,direct,88221,90297
direct_vs_group_full,Strukturgebung,6,2,8,0.068,0.0221,0.0459,1.4121,2.1871,direct,88221,90297
direct_vs_group_full,Tut,6,2,8,0.068,0.0221,0.0459,1.4121,2.1871,direct,88221,90297
direct_vs_group_full,Unzufriedenheit,6,2,8,0.068,0.0221,0.0459,1.4121,2.1871,direct,88221,90297
direct_vs_group_full,Vmtl,6,2,8,0.068,0.0221,0.0459,1.4121,2.1871,direct,88221,90297
direct_vs_group_full,anlegen,6,2,8,0.068,0.0221,0.0459,1.4121,2.1871,direct,88221,90297
direct_vs_group_full,bewegt,6,2,8,0.068,0.0221,0.0459,1.4121,2.1871,direct,88221,90297
direct_vs_group_full,freien,6,2,8,0.068,0.0221,0.0459,1.4121,2.1871,direct,88221,90297
direct_vs_group_full,freitags,6,2,8,0.068,0.0221,0.0459,1.4121,2.1871,direct,88221,90297
direct_vs_group_full,jeweiligen,6,2,8,0.068,0.0221,0.0459,1.4121,2.1871,direct,88221,90297
direct_vs_group_full,kommunizieren,6,2,8,0.068,0.0221,0.0459,1.4121,2.1871,direct,88221,90297
direct_vs_group_full,schicke,6,2,8,0.068,0.0221,0.0459,1.4121,2.1871,direct,88221,90297
direct_vs_group_full,schreib,6,2,8,0.068,0.0221,0.0459,1.4121,2.1871,direct,88221,90297
direct_vs_group_full,type,6,2,8,0.068,0.0221,0.0459,1.4121,2.1871,direct,88221,90297
direct_vs_group_full,unbehandelt,6,2,8,0.068,0.0221,0.0459,1.4121,2.1871,direct,88221,90297
direct_vs_group_full,verneint,6,2,8,0.068,0.0221,0.0459,1.4121,2.1871,direct,88221,90297
direct_vs_group_full,verstetigen,6,2,8,0.068,0.0221,0.0459,1.4121,2.1871,direct,88221,90297
direct_vs_group_full,wem,6,2,8,0.068,0.0221,0.0459,1.4121,2.1871,direct,88221,90297
direct_vs_group_full,Mittag,12,6,18,0.136,0.0664,0.0696,0.977,2.1808,direct,88221,90297
direct_vs_group_full,bitten,12,6,18,0.136,0.0664,0.0696,0.977,2.1808,direct,88221,90297
direct_vs_group_full,PTBS,5,11,16,0.0567,0.1218,-0.0651,-1.0306,2.1686,group,88221,90297
direct_vs_group_full,Punkt,5,11,16,0.0567,0.1218,-0.0651,-1.0306,2.1686,group,88221,90297
direct_vs_group_full,Vergangenheit,5,11,16,0.0567,0.1218,-0.0651,-1.0306,2.1686,group,88221,90297
direct_vs_group_full,mehrfach,5,11,16,0.0567,0.1218,-0.0651,-1.0306,2.1686,group,88221,90297
direct_vs_group_full,müsse,5,11,16,0.0567,0.1218,-0.0651,-1.0306,2.1686,group,88221,90297
direct_vs_group_full,verpasst,5,11,16,0.0567,0.1218,-0.0651,-1.0306,2.1686,group,88221,90297
direct_vs_group_full,frage,16,9,25,0.1814,0.0997,0.0817,0.83,2.1526,direct,88221,90297
direct_vs_group_full,gehört,16,9,25,0.1814,0.0997,0.0817,0.83,2.1526,direct,88221,90297
direct_vs_group_full,wg,16,9,25,0.1814,0.0997,0.0817,0.83,2.1526,direct,88221,90297
direct_vs_group_full,sehe,45,33,78,0.5101,0.3655,0.1446,0.4753,2.1432,direct,88221,90297
direct_vs_group_full,vorher,20,31,51,0.2267,0.3433,-0.1166,-0.5862,2.1423,group,88221,90297
direct_vs_group_full,Abklärung,10,18,28,0.1134,0.1993,-0.086,-0.7836,2.1356,group,88221,90297
direct_vs_group_full,Eindruck,10,18,28,0.1134,0.1993,-0.086,-0.7836,2.1356,group,88221,90297
direct_vs_group_full,Übernahme,10,18,28,0.1134,0.1993,-0.086,-0.7836,2.1356,group,88221,90297
direct_vs_group_full,wieder,176,209,385,1.995,2.3146,-0.3196,-0.2137,2.1166,group,88221,90297
direct_vs_group_full,Info,63,49,112,0.7141,0.5427,0.1715,0.3929,2.0954,direct,88221,90297
direct_vs_group_full,Blick,9,4,13,0.102,0.0443,0.0577,1.1116,2.0916,direct,88221,90297
direct_vs_group_full,Planung,9,4,13,0.102,0.0443,0.0577,1.1116,2.0916,direct,88221,90297
direct_vs_group_full,Status,9,4,13,0.102,0.0443,0.0577,1.1116,2.0916,direct,88221,90297
direct_vs_group_full,fände,9,4,13,0.102,0.0443,0.0577,1.1116,2.0916,direct,88221,90297
direct_vs_group_full,hilft,9,4,13,0.102,0.0443,0.0577,1.1116,2.0916,direct,88221,90297
direct_vs_group_full,körperliche,9,4,13,0.102,0.0443,0.0577,1.1116,2.0916,direct,88221,90297
direct_vs_group_full,relaxed,9,4,13,0.102,0.0443,0.0577,1.1116,2.0916,direct,88221,90297
direct_vs_group_full,stationäre,9,4,13,0.102,0.0443,0.0577,1.1116,2.0916,direct,88221,90297
direct_vs_group_full,vorgeschlagen,9,4,13,0.102,0.0443,0.0577,1.1116,2.0916,direct,88221,90297
direct_vs_group_full,Vielen,27,18,45,0.306,0.1993,0.1067,0.6055,2.0276,direct,88221,90297
direct_vs_group_full,gehe,27,18,45,0.306,0.1993,0.1067,0.6055,2.0276,direct,88221,90297
direct_vs_group_full,Mittwoch,76,61,137,0.8615,0.6755,0.1859,0.3484,2.013,direct,88221,90297
direct_vs_group_full,Weihnachtstage,14,23,37,0.1587,0.2547,-0.096,-0.6631,2.007,group,88221,90297
direct_vs_group_full,erfragen,14,23,37,0.1587,0.2547,-0.096,-0.6631,2.007,group,88221,90297
direct_vs_group_full,ginge,14,23,37,0.1587,0.2547,-0.096,-0.6631,2.007,group,88221,90297
direct_vs_group_full,Absprache,8,15,23,0.0907,0.1661,-0.0754,-0.8332,2.0049,group,88221,90297
direct_vs_group_full,Dinge,8,15,23,0.0907,0.1661,-0.0754,-0.8332,2.0049,group,88221,90297
direct_vs_group_full,Schwester,8,15,23,0.0907,0.1661,-0.0754,-0.8332,2.0049,group,88221,90297
direct_vs_group_full,Sehr,17,10,27,0.1927,0.1107,0.082,0.7705,2.0022,direct,88221,90297
direct_vs_group_full,Emotionsregulation,2,6,8,0.0227,0.0664,-0.0438,-1.345,2.001,group,88221,90297
direct_vs_group_full,Empfehlungen,2,6,8,0.0227,0.0664,-0.0438,-1.345,2.001,group,88221,90297
direct_vs_group_full,Entlassdatum,2,6,8,0.0227,0.0664,-0.0438,-1.345,2.001,group,88221,90297
direct_vs_group_full,Gruppenthema,2,6,8,0.0227,0.0664,-0.0438,-1.345,2.001,group,88221,90297
direct_vs_group_full,Mangel,2,6,8,0.0227,0.0664,-0.0438,-1.345,2.001,group,88221,90297
direct_vs_group_full,Movicol,2,6,8,0.0227,0.0664,-0.0438,-1.345,2.001,group,88221,90297
direct_vs_group_full,Prof,2,6,8,0.0227,0.0664,-0.0438,-1.345,2.001,group,88221,90297
direct_vs_group_full,S,2,6,8,0.0227,0.0664,-0.0438,-1.345,2.001,group,88221,90297
direct_vs_group_full,SSRI,2,6,8,0.0227,0.0664,-0.0438,-1.345,2.001,group,88221,90297
direct_vs_group_full,Verlängerung,2,6,8,0.0227,0.0664,-0.0438,-1.345,2.001,group,88221,90297
direct_vs_group_full,Will,2,6,8,0.0227,0.0664,-0.0438,-1.345,2.001,group,88221,90297
direct_vs_group_full,Wisst,2,6,8,0.0227,0.0664,-0.0438,-1.345,2.001,group,88221,90297
direct_vs_group_full,Workshop,2,6,8,0.0227,0.0664,-0.0438,-1.345,2.001,group,88221,90297
direct_vs_group_full,akutes,2,6,8,0.0227,0.0664,-0.0438,-1.345,2.001,group,88221,90297
direct_vs_group_full,begrenzen,2,6,8,0.0227,0.0664,-0.0438,-1.345,2.001,group,88221,90297
direct_vs_group_full,beigetragen,2,6,8,0.0227,0.0664,-0.0438,-1.345,2.001,group,88221,90297
direct_vs_group_full,erschien,2,6,8,0.0227,0.0664,-0.0438,-1.345,2.001,group,88221,90297
direct_vs_group_full,erstes,2,6,8,0.0227,0.0664,-0.0438,-1.345,2.001,group,88221,90297
direct_vs_group_full,extrem,2,6,8,0.0227,0.0664,-0.0438,-1.345,2.001,group,88221,90297
direct_vs_group_full,fragl,2,6,8,0.0227,0.0664,-0.0438,-1.345,2.001,group,88221,90297
direct_vs_group_full,gelernt,2,6,8,0.0227,0.0664,-0.0438,-1.345,2.001,group,88221,90297
direct_vs_group_full,gesamten,2,6,8,0.0227,0.0664,-0.0438,-1.345,2.001,group,88221,90297
direct_vs_group_full,hoher,2,6,8,0.0227,0.0664,-0.0438,-1.345,2.001,group,88221,90297
direct_vs_group_full,ihnen,2,6,8,0.0227,0.0664,-0.0438,-1.345,2.001,group,88221,90297
direct_vs_group_full,meint,2,6,8,0.0227,0.0664,-0.0438,-1.345,2.001,group,88221,90297
direct_vs_group_full,seht,2,6,8,0.0227,0.0664,-0.0438,-1.345,2.001,group,88221,90297
direct_vs_group_full,stattfindet,2,6,8,0.0227,0.0664,-0.0438,-1.345,2.001,group,88221,90297
direct_vs_group_full,suche,2,6,8,0.0227,0.0664,-0.0438,-1.345,2.001,group,88221,90297
direct_vs_group_full,therapeutisches,2,6,8,0.0227,0.0664,-0.0438,-1.345,2.001,group,88221,90297
direct_vs_group_full,versorgt,2,6,8,0.0227,0.0664,-0.0438,-1.345,2.001,group,88221,90297
direct_vs_group_full,verspätet,2,6,8,0.0227,0.0664,-0.0438,-1.345,2.001,group,88221,90297
direct_vs_group_full,wahrnehmen,2,6,8,0.0227,0.0664,-0.0438,-1.345,2.001,group,88221,90297
direct_vs_group_full,Überforderung,2,6,8,0.0227,0.0664,-0.0438,-1.345,2.001,group,88221,90297
direct_vs_group_full,500g,4,1,5,0.0453,0.0111,0.0343,1.6185,1.9979,direct,88221,90297
direct_vs_group_full,Anfrage,4,1,5,0.0453,0.0111,0.0343,1.6185,1.9979,direct,88221,90297
direct_vs_group_full,Aufenthaltes,4,1,5,0.0453,0.0111,0.0343,1.6185,1.9979,direct,88221,90297
direct_vs_group_full,Essenbestellung,4,1,5,0.0453,0.0111,0.0343,1.6185,1.9979,direct,88221,90297
direct_vs_group_full,Konsequenzen,4,1,5,0.0453,0.0111,0.0343,1.6185,1.9979,direct,88221,90297
direct_vs_group_full,Missempfindungen,4,1,5,0.0453,0.0111,0.0343,1.6185,1.9979,direct,88221,90297
direct_vs_group_full,NSTEMI,4,1,5,0.0453,0.0111,0.0343,1.6185,1.9979,direct,88221,90297
direct_vs_group_full,Nachfragen,4,1,5,0.0453,0.0111,0.0343,1.6185,1.9979,direct,88221,90297
direct_vs_group_full,Nitro,4,1,5,0.0453,0.0111,0.0343,1.6185,1.9979,direct,88221,90297
direct_vs_group_full,OPD,4,1,5,0.0453,0.0111,0.0343,1.6185,1.9979,direct,88221,90297
direct_vs_group_full,PNP,4,1,5,0.0453,0.0111,0.0343,1.6185,1.9979,direct,88221,90297
direct_vs_group_full,Probatorik_Patient,4,1,5,0.0453,0.0111,0.0343,1.6185,1.9979,direct,88221,90297
direct_vs_group_full,Schnelltests,4,1,5,0.0453,0.0111,0.0343,1.6185,1.9979,direct,88221,90297
direct_vs_group_full,Sitzungen,4,1,5,0.0453,0.0111,0.0343,1.6185,1.9979,direct,88221,90297
direct_vs_group_full,Stabilisierung,4,1,5,0.0453,0.0111,0.0343,1.6185,1.9979,direct,88221,90297
direct_vs_group_full,Stressecho,4,1,5,0.0453,0.0111,0.0343,1.6185,1.9979,direct,88221,90297
direct_vs_group_full,Systolikum,4,1,5,0.0453,0.0111,0.0343,1.6185,1.9979,direct,88221,90297
direct_vs_group_full,T3,4,1,5,0.0453,0.0111,0.0343,1.6185,1.9979,direct,88221,90297
direct_vs_group_full,Testosteronbestimmung,4,1,5,0.0453,0.0111,0.0343,1.6185,1.9979,direct,88221,90297
direct_vs_group_full,Testung,4,1,5,0.0453,0.0111,0.0343,1.6185,1.9979,direct,88221,90297
direct_vs_group_full,Unterricht,4,1,5,0.0453,0.0111,0.0343,1.6185,1.9979,direct,88221,90297
direct_vs_group_full,Weiß,4,1,5,0.0453,0.0111,0.0343,1.6185,1.9979,direct,88221,90297
direct_vs_group_full,Zeitplan,4,1,5,0.0453,0.0111,0.0343,1.6185,1.9979,direct,88221,90297
direct_vs_group_full,alt,4,1,5,0.0453,0.0111,0.0343,1.6185,1.9979,direct,88221,90297
direct_vs_group_full,angehörigengespräch,4,1,5,0.0453,0.0111,0.0343,1.6185,1.9979,direct,88221,90297
direct_vs_group_full,auskultatorisch,4,1,5,0.0453,0.0111,0.0343,1.6185,1.9979,direct,88221,90297
direct_vs_group_full,behalten,4,1,5,0.0453,0.0111,0.0343,1.6185,1.9979,direct,88221,90297
direct_vs_group_full,besprichst,4,1,5,0.0453,0.0111,0.0343,1.6185,1.9979,direct,88221,90297
direct_vs_group_full,betreue,4,1,5,0.0453,0.0111,0.0343,1.6185,1.9979,direct,88221,90297
direct_vs_group_full,eingeteilt,4,1,5,0.0453,0.0111,0.0343,1.6185,1.9979,direct,88221,90297
direct_vs_group_full,fester,4,1,5,0.0453,0.0111,0.0343,1.6185,1.9979,direct,88221,90297
direct_vs_group_full,gedauert,4,1,5,0.0453,0.0111,0.0343,1.6185,1.9979,direct,88221,90297
direct_vs_group_full,gefreut,4,1,5,0.0453,0.0111,0.0343,1.6185,1.9979,direct,88221,90297
direct_vs_group_full,geschildert,4,1,5,0.0453,0.0111,0.0343,1.6185,1.9979,direct,88221,90297
direct_vs_group_full,gewicht,4,1,5,0.0453,0.0111,0.0343,1.6185,1.9979,direct,88221,90297
direct_vs_group_full,innocent,4,1,5,0.0453,0.0111,0.0343,1.6185,1.9979,direct,88221,90297
direct_vs_group_full,jedes,4,1,5,0.0453,0.0111,0.0343,1.6185,1.9979,direct,88221,90297
direct_vs_group_full,konkret,4,1,5,0.0453,0.0111,0.0343,1.6185,1.9979,direct,88221,90297
direct_vs_group_full,me,4,1,5,0.0453,0.0111,0.0343,1.6185,1.9979,direct,88221,90297
direct_vs_group_full,med,4,1,5,0.0453,0.0111,0.0343,1.6185,1.9979,direct,88221,90297
direct_vs_group_full,niedrignormal,4,1,5,0.0453,0.0111,0.0343,1.6185,1.9979,direct,88221,90297
direct_vs_group_full,pünktlich,4,1,5,0.0453,0.0111,0.0343,1.6185,1.9979,direct,88221,90297
direct_vs_group_full,reinschauen,4,1,5,0.0453,0.0111,0.0343,1.6185,1.9979,direct,88221,90297
direct_vs_group_full,run,4,1,5,0.0453,0.0111,0.0343,1.6185,1.9979,direct,88221,90297
direct_vs_group_full,sex,4,1,5,0.0453,0.0111,0.0343,1.6185,1.9979,direct,88221,90297
direct_vs_group_full,sprichst,4,1,5,0.0453,0.0111,0.0343,1.6185,1.9979,direct,88221,90297
direct_vs_group_full,status,4,1,5,0.0453,0.0111,0.0343,1.6185,1.9979,direct,88221,90297
direct_vs_group_full,streng,4,1,5,0.0453,0.0111,0.0343,1.6185,1.9979,direct,88221,90297
direct_vs_group_full,update,4,1,5,0.0453,0.0111,0.0343,1.6185,1.9979,direct,88221,90297
direct_vs_group_full,vermitteln,4,1,5,0.0453,0.0111,0.0343,1.6185,1.9979,direct,88221,90297
direct_vs_group_full,versichert,4,1,5,0.0453,0.0111,0.0343,1.6185,1.9979,direct,88221,90297
direct_vs_group_full,vorab,4,1,5,0.0453,0.0111,0.0343,1.6185,1.9979,direct,88221,90297
direct_vs_group_full,vorbesprochen,4,1,5,0.0453,0.0111,0.0343,1.6185,1.9979,direct,88221,90297
direct_vs_group_full,wochenende,4,1,5,0.0453,0.0111,0.0343,1.6185,1.9979,direct,88221,90297
direct_vs_group_full,zimmer,4,1,5,0.0453,0.0111,0.0343,1.6185,1.9979,direct,88221,90297
direct_vs_group_full,arbeiten,11,19,30,0.1247,0.2104,-0.0857,-0.7283,1.9773,group,88221,90297
direct_vs_group_full,allerdings,34,24,58,0.3854,0.2658,0.1196,0.5274,1.9732,direct,88221,90297
direct_vs_group_full,Pt,13,7,20,0.1474,0.0775,0.0698,0.8816,1.9703,direct,88221,90297
direct_vs_group_full,Sorge,13,7,20,0.1474,0.0775,0.0698,0.8816,1.9703,direct,88221,90297
direct_vs_group_full,Stationsruhe,13,7,20,0.1474,0.0775,0.0698,0.8816,1.9703,direct,88221,90297
direct_vs_group_full,schreibe,13,7,20,0.1474,0.0775,0.0698,0.8816,1.9703,direct,88221,90297
direct_vs_group_full,jeden,28,19,47,0.3174,0.2104,0.107,0.581,1.9498,direct,88221,90297
direct_vs_group_full,Menschen,6,12,18,0.068,0.1329,-0.0649,-0.9099,1.9017,group,88221,90297
direct_vs_group_full,U,6,12,18,0.068,0.1329,-0.0649,-0.9099,1.9017,group,88221,90297
direct_vs_group_full,Zielkonflikt,6,12,18,0.068,0.1329,-0.0649,-0.9099,1.9017,group,88221,90297
direct_vs_group_full,Anamnese,23,15,38,0.2607,0.1661,0.0946,0.6339,1.8881,direct,88221,90297
direct_vs_group_full,nun,23,34,57,0.2607,0.3765,-0.1158,-0.5204,1.888,group,88221,90297
direct_vs_group_full,Termine,29,20,49,0.3287,0.2215,0.1072,0.5586,1.8784,direct,88221,90297
direct_vs_group_full,gekommen,29,20,49,0.3287,0.2215,0.1072,0.5586,1.8784,direct,88221,90297
direct_vs_group_full,diese,95,79,174,1.0768,0.8749,0.202,0.2981,1.869,direct,88221,90297
direct_vs_group_full,Röntgen,4,9,13,0.0453,0.0997,-0.0543,-1.0444,1.859,group,88221,90297
direct_vs_group_full,angeboten,4,9,13,0.0453,0.0997,-0.0543,-1.0444,1.859,group,88221,90297
direct_vs_group_full,kommenden,4,9,13,0.0453,0.0997,-0.0543,-1.0444,1.859,group,88221,90297
direct_vs_group_full,perspektivisch,4,9,13,0.0453,0.0997,-0.0543,-1.0444,1.859,group,88221,90297
direct_vs_group_full,17Uhr,1,4,5,0.0113,0.0443,-0.033,-1.5514,1.8583,group,88221,90297
direct_vs_group_full,ACS,1,4,5,0.0113,0.0443,-0.033,-1.5514,1.8583,group,88221,90297
direct_vs_group_full,Achtsamkeitsübung,1,4,5,0.0113,0.0443,-0.033,-1.5514,1.8583,group,88221,90297
direct_vs_group_full,AiD,1,4,5,0.0113,0.0443,-0.033,-1.5514,1.8583,group,88221,90297
direct_vs_group_full,Anti,1,4,5,0.0113,0.0443,-0.033,-1.5514,1.8583,group,88221,90297
direct_vs_group_full,Antisuizidpakt,1,4,5,0.0113,0.0443,-0.033,-1.5514,1.8583,group,88221,90297
direct_vs_group_full,Arbeitgeber,1,4,5,0.0113,0.0443,-0.033,-1.5514,1.8583,group,88221,90297
direct_vs_group_full,Betätigung,1,4,5,0.0113,0.0443,-0.033,-1.5514,1.8583,group,88221,90297
direct_vs_group_full,Biografie,1,4,5,0.0113,0.0443,-0.033,-1.5514,1.8583,group,88221,90297
direct_vs_group_full,Caspofungin,1,4,5,0.0113,0.0443,-0.033,-1.5514,1.8583,group,88221,90297
direct_vs_group_full,Dabei,1,4,5,0.0113,0.0443,-0.033,-1.5514,1.8583,group,88221,90297
direct_vs_group_full,EZ,1,4,5,0.0113,0.0443,-0.033,-1.5514,1.8583,group,88221,90297
direct_vs_group_full,Einzelgespräche,1,4,5,0.0113,0.0443,-0.033,-1.5514,1.8583,group,88221,90297
direct_vs_group_full,Einzelsitzungen,1,4,5,0.0113,0.0443,-0.033,-1.5514,1.8583,group,88221,90297
direct_vs_group_full,Elemente,1,4,5,0.0113,0.0443,-0.033,-1.5514,1.8583,group,88221,90297
direct_vs_group_full,Entfieberung,1,4,5,0.0113,0.0443,-0.033,-1.5514,1.8583,group,88221,90297
direct_vs_group_full,Erlebnisse,1,4,5,0.0113,0.0443,-0.033,-1.5514,1.8583,group,88221,90297
direct_vs_group_full,Geht,1,4,5,0.0113,0.0443,-0.033,-1.5514,1.8583,group,88221,90297
direct_vs_group_full,Gesprächsbedarf,1,4,5,0.0113,0.0443,-0.033,-1.5514,1.8583,group,88221,90297
direct_vs_group_full,Gruppendynamik,1,4,5,0.0113,0.0443,-0.033,-1.5514,1.8583,group,88221,90297
direct_vs_group_full,Gruppenregeln,1,4,5,0.0113,0.0443,-0.033,-1.5514,1.8583,group,88221,90297
direct_vs_group_full,Herzrasen,1,4,5,0.0113,0.0443,-0.033,-1.5514,1.8583,group,88221,90297
direct_vs_group_full,Hygiene,1,4,5,0.0113,0.0443,-0.033,-1.5514,1.8583,group,88221,90297
direct_vs_group_full,Händen,1,4,5,0.0113,0.0443,-0.033,-1.5514,1.8583,group,88221,90297
direct_vs_group_full,Infekt,1,4,5,0.0113,0.0443,-0.033,-1.5514,1.8583,group,88221,90297
direct_vs_group_full,Insbesondere,1,4,5,0.0113,0.0443,-0.033,-1.5514,1.8583,group,88221,90297
direct_vs_group_full,Januar,1,4,5,0.0113,0.0443,-0.033,-1.5514,1.8583,group,88221,90297
direct_vs_group_full,LWS,1,4,5,0.0113,0.0443,-0.033,-1.5514,1.8583,group,88221,90297
direct_vs_group_full,Mitarbeiter,1,4,5,0.0113,0.0443,-0.033,-1.5514,1.8583,group,88221,90297
direct_vs_group_full,Mittwochs,1,4,5,0.0113,0.0443,-0.033,-1.5514,1.8583,group,88221,90297
direct_vs_group_full,Motivation,1,4,5,0.0113,0.0443,-0.033,-1.5514,1.8583,group,88221,90297
direct_vs_group_full,Nachmittags,1,4,5,0.0113,0.0443,-0.033,-1.5514,1.8583,group,88221,90297
direct_vs_group_full,Neuropathie,1,4,5,0.0113,0.0443,-0.033,-1.5514,1.8583,group,88221,90297
direct_vs_group_full,Nimmt,1,4,5,0.0113,0.0443,-0.033,-1.5514,1.8583,group,88221,90297
direct_vs_group_full,Nächste,1,4,5,0.0113,0.0443,-0.033,-1.5514,1.8583,group,88221,90297
direct_vs_group_full,Pankreatitis,1,4,5,0.0113,0.0443,-0.033,-1.5514,1.8583,group,88221,90297
direct_vs_group_full,Probe,1,4,5,0.0113,0.0443,-0.033,-1.5514,1.8583,group,88221,90297
direct_vs_group_full,Rückenschmerzen,1,4,5,0.0113,0.0443,-0.033,-1.5514,1.8583,group,88221,90297
direct_vs_group_full,Schema,1,4,5,0.0113,0.0443,-0.033,-1.5514,1.8583,group,88221,90297
direct_vs_group_full,Schwesternzimmer,1,4,5,0.0113,0.0443,-0.033,-1.5514,1.8583,group,88221,90297
direct_vs_group_full,Sicherheit,1,4,5,0.0113,0.0443,-0.033,-1.5514,1.8583,group,88221,90297
direct_vs_group_full,Sprachbarriere,1,4,5,0.0113,0.0443,-0.033,-1.5514,1.8583,group,88221,90297
direct_vs_group_full,Telefonat,1,4,5,0.0113,0.0443,-0.033,-1.5514,1.8583,group,88221,90297
direct_vs_group_full,Therapiepause,1,4,5,0.0113,0.0443,-0.033,-1.5514,1.8583,group,88221,90297
direct_vs_group_full,Thorax,1,4,5,0.0113,0.0443,-0.033,-1.5514,1.8583,group,88221,90297
direct_vs_group_full,Umzug,1,4,5,0.0113,0.0443,-0.033,-1.5514,1.8583,group,88221,90297
direct_vs_group_full,Vergleich,1,4,5,0.0113,0.0443,-0.033,-1.5514,1.8583,group,88221,90297
direct_vs_group_full,Visiten,1,4,5,0.0113,0.0443,-0.033,-1.5514,1.8583,group,88221,90297
direct_vs_group_full,Visitendienst,1,4,5,0.0113,0.0443,-0.033,-1.5514,1.8583,group,88221,90297
direct_vs_group_full,Vorfeld,1,4,5,0.0113,0.0443,-0.033,-1.5514,1.8583,group,88221,90297
direct_vs_group_full,Wirkt,1,4,5,0.0113,0.0443,-0.033,-1.5514,1.8583,group,88221,90297
direct_vs_group_full,Wohnung,1,4,5,0.0113,0.0443,-0.033,-1.5514,1.8583,group,88221,90297
direct_vs_group_full,abgrenzen,1,4,5,0.0113,0.0443,-0.033,-1.5514,1.8583,group,88221,90297
direct_vs_group_full,aufgeklärt,1,4,5,0.0113,0.0443,-0.033,-1.5514,1.8583,group,88221,90297
direct_vs_group_full,ausgewertet,1,4,5,0.0113,0.0443,-0.033,-1.5514,1.8583,group,88221,90297
direct_vs_group_full,benötigen,1,4,5,0.0113,0.0443,-0.033,-1.5514,1.8583,group,88221,90297
direct_vs_group_full,beruhigt,1,4,5,0.0113,0.0443,-0.033,-1.5514,1.8583,group,88221,90297
direct_vs_group_full,bewusst,1,4,5,0.0113,0.0443,-0.033,-1.5514,1.8583,group,88221,90297
direct_vs_group_full,chat,1,4,5,0.0113,0.0443,-0.033,-1.5514,1.8583,group,88221,90297
direct_vs_group_full,cm,1,4,5,0.0113,0.0443,-0.033,-1.5514,1.8583,group,88221,90297
direct_vs_group_full,dringenden,1,4,5,0.0113,0.0443,-0.033,-1.5514,1.8583,group,88221,90297
direct_vs_group_full,einstehen,1,4,5,0.0113,0.0443,-0.033,-1.5514,1.8583,group,88221,90297
direct_vs_group_full,entstehen,1,4,5,0.0113,0.0443,-0.033,-1.5514,1.8583,group,88221,90297
direct_vs_group_full,falsche,1,4,5,0.0113,0.0443,-0.033,-1.5514,1.8583,group,88221,90297
direct_vs_group_full,fanden,1,4,5,0.0113,0.0443,-0.033,-1.5514,1.8583,group,88221,90297
direct_vs_group_full,führt,1,4,5,0.0113,0.0443,-0.033,-1.5514,1.8583,group,88221,90297
direct_vs_group_full,gedrückt,1,4,5,0.0113,0.0443,-0.033,-1.5514,1.8583,group,88221,90297
direct_vs_group_full,geimpft,1,4,5,0.0113,0.0443,-0.033,-1.5514,1.8583,group,88221,90297
direct_vs_group_full,geplanten,1,4,5,0.0113,0.0443,-0.033,-1.5514,1.8583,group,88221,90297
direct_vs_group_full,hinter,1,4,5,0.0113,0.0443,-0.033,-1.5514,1.8583,group,88221,90297
direct_vs_group_full,idem,1,4,5,0.0113,0.0443,-0.033,-1.5514,1.8583,group,88221,90297
direct_vs_group_full,involviert,1,4,5,0.0113,0.0443,-0.033,-1.5514,1.8583,group,88221,90297
direct_vs_group_full,jeder,1,4,5,0.0113,0.0443,-0.033,-1.5514,1.8583,group,88221,90297
direct_vs_group_full,konfrontiert,1,4,5,0.0113,0.0443,-0.033,-1.5514,1.8583,group,88221,90297
direct_vs_group_full,liege,1,4,5,0.0113,0.0443,-0.033,-1.5514,1.8583,group,88221,90297
direct_vs_group_full,möchten,1,4,5,0.0113,0.0443,-0.033,-1.5514,1.8583,group,88221,90297
direct_vs_group_full,offener,1,4,5,0.0113,0.0443,-0.033,-1.5514,1.8583,group,88221,90297
direct_vs_group_full,operiert,1,4,5,0.0113,0.0443,-0.033,-1.5514,1.8583,group,88221,90297
direct_vs_group_full,primär,1,4,5,0.0113,0.0443,-0.033,-1.5514,1.8583,group,88221,90297
direct_vs_group_full,profitiere,1,4,5,0.0113,0.0443,-0.033,-1.5514,1.8583,group,88221,90297
direct_vs_group_full,rückgängig,1,4,5,0.0113,0.0443,-0.033,-1.5514,1.8583,group,88221,90297
direct_vs_group_full,schmerzgeplagt,1,4,5,0.0113,0.0443,-0.033,-1.5514,1.8583,group,88221,90297
direct_vs_group_full,sinnvoller,1,4,5,0.0113,0.0443,-0.033,-1.5514,1.8583,group,88221,90297
direct_vs_group_full,somatisches,1,4,5,0.0113,0.0443,-0.033,-1.5514,1.8583,group,88221,90297
direct_vs_group_full,sortiert,1,4,5,0.0113,0.0443,-0.033,-1.5514,1.8583,group,88221,90297
direct_vs_group_full,soziale,1,4,5,0.0113,0.0443,-0.033,-1.5514,1.8583,group,88221,90297
direct_vs_group_full,sprachlich,1,4,5,0.0113,0.0443,-0.033,-1.5514,1.8583,group,88221,90297
direct_vs_group_full,unauffälliges,1,4,5,0.0113,0.0443,-0.033,-1.5514,1.8583,group,88221,90297
direct_vs_group_full,verbleiben,1,4,5,0.0113,0.0443,-0.033,-1.5514,1.8583,group,88221,90297
direct_vs_group_full,vernachlässigt,1,4,5,0.0113,0.0443,-0.033,-1.5514,1.8583,group,88221,90297
direct_vs_group_full,vorgeschrieben,1,4,5,0.0113,0.0443,-0.033,-1.5514,1.8583,group,88221,90297
direct_vs_group_full,weiterem,1,4,5,0.0113,0.0443,-0.033,-1.5514,1.8583,group,88221,90297
direct_vs_group_full,zugreifen,1,4,5,0.0113,0.0443,-0.033,-1.5514,1.8583,group,88221,90297
direct_vs_group_full,zuständige,1,4,5,0.0113,0.0443,-0.033,-1.5514,1.8583,group,88221,90297
direct_vs_group_full,zwecks,1,4,5,0.0113,0.0443,-0.033,-1.5514,1.8583,group,88221,90297
direct_vs_group_full,zwischenzeitlich,1,4,5,0.0113,0.0443,-0.033,-1.5514,1.8583,group,88221,90297
direct_vs_group_full,Ängsten,1,4,5,0.0113,0.0443,-0.033,-1.5514,1.8583,group,88221,90297
direct_vs_group_full,Ödeme,1,4,5,0.0113,0.0443,-0.033,-1.5514,1.8583,group,88221,90297
direct_vs_group_full,ähnlichen,1,4,5,0.0113,0.0443,-0.033,-1.5514,1.8583,group,88221,90297
direct_vs_group_full,ängstlich,1,4,5,0.0113,0.0443,-0.033,-1.5514,1.8583,group,88221,90297
direct_vs_group_full,keinen,33,46,79,0.3741,0.5094,-0.1354,-0.4395,1.8573,group,88221,90297
direct_vs_group_full,spät,12,20,32,0.136,0.2215,-0.0855,-0.6801,1.8396,group,88221,90297
direct_vs_group_full,übergeben,12,20,32,0.136,0.2215,-0.0855,-0.6801,1.8396,group,88221,90297
direct_vs_group_full,09,10,5,15,0.1134,0.0554,0.058,0.9664,1.8173,direct,88221,90297
direct_vs_group_full,Ernährung,10,5,15,0.1134,0.0554,0.058,0.9664,1.8173,direct,88221,90297
direct_vs_group_full,davor,10,5,15,0.1134,0.0554,0.058,0.9664,1.8173,direct,88221,90297
direct_vs_group_full,her,10,5,15,0.1134,0.0554,0.058,0.9664,1.8173,direct,88221,90297
direct_vs_group_full,voll,10,5,15,0.1134,0.0554,0.058,0.9664,1.8173,direct,88221,90297
direct_vs_group_full,heute,422,393,815,4.7834,4.3523,0.4311,0.1361,1.8169,direct,88221,90297
direct_vs_group_full,Habe,63,50,113,0.7141,0.5537,0.1604,0.364,1.8165,direct,88221,90297
direct_vs_group_full,unter,74,60,134,0.8388,0.6645,0.1743,0.3339,1.8091,direct,88221,90297
direct_vs_group_full,Test,24,16,40,0.272,0.1772,0.0949,0.6039,1.8023,direct,88221,90297
direct_vs_group_full,anbieten,14,8,22,0.1587,0.0886,0.0701,0.8041,1.7998,direct,88221,90297
direct_vs_group_full,klappt,14,8,22,0.1587,0.0886,0.0701,0.8041,1.7998,direct,88221,90297
direct_vs_group_full,Woche,259,235,494,2.9358,2.6025,0.3333,0.1736,1.7915,direct,88221,90297
direct_vs_group_full,sind,130,112,242,1.4736,1.2404,0.2332,0.2477,1.7915,direct,88221,90297
direct_vs_group_full,Bedarf,16,25,41,0.1814,0.2769,-0.0955,-0.5945,1.788,group,88221,90297
direct_vs_group_full,Arztbrief,19,12,31,0.2154,0.1329,0.0825,0.6751,1.7614,direct,88221,90297
direct_vs_group_full,schicken,19,12,31,0.2154,0.1329,0.0825,0.6751,1.7614,direct,88221,90297
direct_vs_group_full,darüber,31,22,53,0.3514,0.2436,0.1077,0.519,1.7522,direct,88221,90297
direct_vs_group_full,AID,7,3,10,0.0793,0.0332,0.0461,1.1331,1.74,direct,88221,90297
direct_vs_group_full,Bulimie,7,3,10,0.0793,0.0332,0.0461,1.1331,1.74,direct,88221,90297
direct_vs_group_full,Informationen,7,3,10,0.0793,0.0332,0.0461,1.1331,1.74,direct,88221,90297
direct_vs_group_full,Mir,7,3,10,0.0793,0.0332,0.0461,1.1331,1.74,direct,88221,90297
direct_vs_group_full,Passt,7,3,10,0.0793,0.0332,0.0461,1.1331,1.74,direct,88221,90297
direct_vs_group_full,Schlaganfall,7,3,10,0.0793,0.0332,0.0461,1.1331,1.74,direct,88221,90297
direct_vs_group_full,Tochter,7,3,10,0.0793,0.0332,0.0461,1.1331,1.74,direct,88221,90297
direct_vs_group_full,Va,7,3,10,0.0793,0.0332,0.0461,1.1331,1.74,direct,88221,90297
direct_vs_group_full,eingegeben,7,3,10,0.0793,0.0332,0.0461,1.1331,1.74,direct,88221,90297
direct_vs_group_full,gemeinsamen,7,3,10,0.0793,0.0332,0.0461,1.1331,1.74,direct,88221,90297
direct_vs_group_full,kümmere,7,3,10,0.0793,0.0332,0.0461,1.1331,1.74,direct,88221,90297
direct_vs_group_full,persönlich,7,3,10,0.0793,0.0332,0.0461,1.1331,1.74,direct,88221,90297
direct_vs_group_full,schwergradig,7,3,10,0.0793,0.0332,0.0461,1.1331,1.74,direct,88221,90297
direct_vs_group_full,versuch,7,3,10,0.0793,0.0332,0.0461,1.1331,1.74,direct,88221,90297
direct_vs_group_full,visite,7,3,10,0.0793,0.0332,0.0461,1.1331,1.74,direct,88221,90297
direct_vs_group_full,wink,7,3,10,0.0793,0.0332,0.0461,1.1331,1.74,direct,88221,90297
direct_vs_group_full,übernächste,7,3,10,0.0793,0.0332,0.0461,1.1331,1.74,direct,88221,90297
direct_vs_group_full,Ende,30,42,72,0.3401,0.4651,-0.1251,-0.4451,1.74,group,88221,90297
direct_vs_group_full,frei,13,21,34,0.1474,0.2326,-0.0852,-0.6378,1.7186,group,88221,90297
direct_vs_group_full,Di,21,31,52,0.238,0.3433,-0.1053,-0.5175,1.7095,group,88221,90297
direct_vs_group_full,dort,36,49,85,0.4081,0.5427,-0.1346,-0.406,1.7052,group,88221,90297
direct_vs_group_full,sprechen,68,55,123,0.7708,0.6091,0.1617,0.3372,1.6956,direct,88221,90297
direct_vs_group_full,beide,17,26,43,0.1927,0.2879,-0.0952,-0.5651,1.6942,group,88221,90297
direct_vs_group_full,Vertretung,7,13,20,0.0793,0.144,-0.0646,-0.8144,1.6912,group,88221,90297
direct_vs_group_full,dankbar,7,13,20,0.0793,0.144,-0.0646,-0.8144,1.6912,group,88221,90297
direct_vs_group_full,fast,7,13,20,0.0793,0.144,-0.0646,-0.8144,1.6912,group,88221,90297
direct_vs_group_full,Nach,10,17,27,0.1134,0.1883,-0.0749,-0.7034,1.6765,group,88221,90297
direct_vs_group_full,Eltern,26,18,44,0.2947,0.1993,0.0954,0.552,1.6547,direct,88221,90297
direct_vs_group_full,natürlich,26,18,44,0.2947,0.1993,0.0954,0.552,1.6547,direct,88221,90297
direct_vs_group_full,In,27,38,65,0.306,0.4208,-0.1148,-0.4519,1.6235,group,88221,90297
direct_vs_group_full,besprechen,98,83,181,1.1108,0.9192,0.1917,0.2719,1.6179,direct,88221,90297
direct_vs_group_full,Arbeit,14,22,36,0.1587,0.2436,-0.0849,-0.6003,1.6115,group,88221,90297
direct_vs_group_full,Mattermost,11,6,17,0.1247,0.0664,0.0582,0.8567,1.6112,direct,88221,90297
direct_vs_group_full,Monate,11,6,17,0.1247,0.0664,0.0582,0.8567,1.6112,direct,88221,90297
direct_vs_group_full,Trazodon,11,6,17,0.1247,0.0664,0.0582,0.8567,1.6112,direct,88221,90297
direct_vs_group_full,darunter,11,6,17,0.1247,0.0664,0.0582,0.8567,1.6112,direct,88221,90297
direct_vs_group_full,Jahr,51,66,117,0.5781,0.7309,-0.1528,-0.3352,1.5953,group,88221,90297
direct_vs_group_full,gestern,86,72,158,0.9748,0.7974,0.1775,0.2883,1.5891,direct,88221,90297
direct_vs_group_full,Person,5,10,15,0.0567,0.1107,-0.0541,-0.8993,1.5847,group,88221,90297
direct_vs_group_full,Ruhe,5,10,15,0.0567,0.1107,-0.0541,-0.8993,1.5847,group,88221,90297
direct_vs_group_full,Schwindel,5,10,15,0.0567,0.1107,-0.0541,-0.8993,1.5847,group,88221,90297
direct_vs_group_full,helfen,5,10,15,0.0567,0.1107,-0.0541,-0.8993,1.5847,group,88221,90297
direct_vs_group_full,Behandlung,23,33,56,0.2607,0.3655,-0.1048,-0.4779,1.5703,group,88221,90297
direct_vs_group_full,14Uhr,3,7,10,0.034,0.0775,-0.0435,-1.066,1.554,group,88221,90297
direct_vs_group_full,Antwort,3,7,10,0.034,0.0775,-0.0435,-1.066,1.554,group,88221,90297
direct_vs_group_full,Aufenthalts,3,7,10,0.034,0.0775,-0.0435,-1.066,1.554,group,88221,90297
direct_vs_group_full,Beispiel,3,7,10,0.034,0.0775,-0.0435,-1.066,1.554,group,88221,90297
direct_vs_group_full,Persönlichkeitsstörung,3,7,10,0.034,0.0775,-0.0435,-1.066,1.554,group,88221,90297
direct_vs_group_full,R,3,7,10,0.034,0.0775,-0.0435,-1.066,1.554,group,88221,90297
direct_vs_group_full,Sartan,3,7,10,0.034,0.0775,-0.0435,-1.066,1.554,group,88221,90297
direct_vs_group_full,Sprechen,3,7,10,0.034,0.0775,-0.0435,-1.066,1.554,group,88221,90297
direct_vs_group_full,Tages,3,7,10,0.034,0.0775,-0.0435,-1.066,1.554,group,88221,90297
direct_vs_group_full,Zimmerwechsel,3,7,10,0.034,0.0775,-0.0435,-1.066,1.554,group,88221,90297
direct_vs_group_full,Zwischenmahlzeit,3,7,10,0.034,0.0775,-0.0435,-1.066,1.554,group,88221,90297
direct_vs_group_full,bezugstherapeutisch,3,7,10,0.034,0.0775,-0.0435,-1.066,1.554,group,88221,90297
direct_vs_group_full,cMRT,3,7,10,0.034,0.0775,-0.0435,-1.066,1.554,group,88221,90297
direct_vs_group_full,erster,3,7,10,0.034,0.0775,-0.0435,-1.066,1.554,group,88221,90297
direct_vs_group_full,heutigen,3,7,10,0.034,0.0775,-0.0435,-1.066,1.554,group,88221,90297
direct_vs_group_full,vorsichtig,3,7,10,0.034,0.0775,-0.0435,-1.066,1.554,group,88221,90297
direct_vs_group_full,17,11,18,29,0.1247,0.1993,-0.0747,-0.6523,1.5476,group,88221,90297
direct_vs_group_full,fühlt,11,18,29,0.1247,0.1993,-0.0747,-0.6523,1.5476,group,88221,90297
direct_vs_group_full,hätten,11,18,29,0.1247,0.1993,-0.0747,-0.6523,1.5476,group,88221,90297
direct_vs_group_full,zurück,19,28,47,0.2154,0.3101,-0.0947,-0.5139,1.5311,group,88221,90297
direct_vs_group_full,ihres,8,14,22,0.0907,0.155,-0.0644,-0.737,1.5207,group,88221,90297
direct_vs_group_full,stattfinden,8,14,22,0.0907,0.155,-0.0644,-0.737,1.5207,group,88221,90297
direct_vs_group_full,stehen,8,14,22,0.0907,0.155,-0.0644,-0.737,1.5207,group,88221,90297
direct_vs_group_full,unserer,8,14,22,0.0907,0.155,-0.0644,-0.737,1.5207,group,88221,90297
direct_vs_group_full,sieht,22,15,37,0.2494,0.1661,0.0833,0.5712,1.5002,direct,88221,90297
direct_vs_group_full,versuchen,22,15,37,0.2494,0.1661,0.0833,0.5712,1.5002,direct,88221,90297
direct_vs_group_full,entlassen,45,35,80,0.5101,0.3876,0.1225,0.3916,1.4967,direct,88221,90297
direct_vs_group_full,Monat,41,54,95,0.4647,0.598,-0.1333,-0.3596,1.495,group,88221,90297
direct_vs_group_full,bzgl,35,47,82,0.3967,0.5205,-0.1238,-0.3866,1.4944,group,88221,90297
direct_vs_group_full,zur,154,180,334,1.7456,1.9934,-0.2478,-0.1908,1.4664,group,88221,90297
direct_vs_group_full,13Uhr,8,4,12,0.0907,0.0443,0.0464,0.9511,1.4539,direct,88221,90297
direct_vs_group_full,Ein,8,4,12,0.0907,0.0443,0.0464,0.9511,1.4539,direct,88221,90297
direct_vs_group_full,Hypertonus,8,4,12,0.0907,0.0443,0.0464,0.9511,1.4539,direct,88221,90297
direct_vs_group_full,Myasthenie,8,4,12,0.0907,0.0443,0.0464,0.9511,1.4539,direct,88221,90297
direct_vs_group_full,rote,8,4,12,0.0907,0.0443,0.0464,0.9511,1.4539,direct,88221,90297
direct_vs_group_full,verschiedenen,8,4,12,0.0907,0.0443,0.0464,0.9511,1.4539,direct,88221,90297
direct_vs_group_full,zweite,8,4,12,0.0907,0.0443,0.0464,0.9511,1.4539,direct,88221,90297
direct_vs_group_full,bereits,36,48,84,0.4081,0.5316,-0.1235,-0.3765,1.4524,group,88221,90297
direct_vs_group_full,Von,12,7,19,0.136,0.0775,0.0585,0.7705,1.4503,direct,88221,90297
direct_vs_group_full,angekommen,12,7,19,0.136,0.0775,0.0585,0.7705,1.4503,direct,88221,90297
direct_vs_group_full,manchmal,12,7,19,0.136,0.0775,0.0585,0.7705,1.4503,direct,88221,90297
direct_vs_group_full,passiert,12,7,19,0.136,0.0775,0.0585,0.7705,1.4503,direct,88221,90297
direct_vs_group_full,verstanden,12,7,19,0.136,0.0775,0.0585,0.7705,1.4503,direct,88221,90297
direct_vs_group_full,+,25,35,60,0.2834,0.3876,-0.1042,-0.4438,1.45,group,88221,90297
direct_vs_group_full,melden,17,11,28,0.1927,0.1218,0.0709,0.6393,1.4391,direct,88221,90297
direct_vs_group_full,insgesamt,12,19,31,0.136,0.2104,-0.0744,-0.608,1.4357,group,88221,90297
direct_vs_group_full,telefonisch,23,16,39,0.2607,0.1772,0.0835,0.5438,1.4313,direct,88221,90297
direct_vs_group_full,wissen,23,16,39,0.2607,0.1772,0.0835,0.5438,1.4313,direct,88221,90297
direct_vs_group_full,Kontakt,31,42,73,0.3514,0.4651,-0.1137,-0.3986,1.4179,group,88221,90297
direct_vs_group_full,50mg,5,2,7,0.0567,0.0221,0.0345,1.1711,1.399,direct,88221,90297
direct_vs_group_full,AZ,5,2,7,0.0567,0.0221,0.0345,1.1711,1.399,direct,88221,90297
direct_vs_group_full,Aldactone,5,2,7,0.0567,0.0221,0.0345,1.1711,1.399,direct,88221,90297
direct_vs_group_full,Arm,5,2,7,0.0567,0.0221,0.0345,1.1711,1.399,direct,88221,90297
direct_vs_group_full,Briefen,5,2,7,0.0567,0.0221,0.0345,1.1711,1.399,direct,88221,90297
direct_vs_group_full,Dass,5,2,7,0.0567,0.0221,0.0345,1.1711,1.399,direct,88221,90297
direct_vs_group_full,Frühstück,5,2,7,0.0567,0.0221,0.0345,1.1711,1.399,direct,88221,90297
direct_vs_group_full,Ginge,5,2,7,0.0567,0.0221,0.0345,1.1711,1.399,direct,88221,90297
direct_vs_group_full,Hoffe,5,2,7,0.0567,0.0221,0.0345,1.1711,1.399,direct,88221,90297
direct_vs_group_full,Kind,5,2,7,0.0567,0.0221,0.0345,1.1711,1.399,direct,88221,90297
direct_vs_group_full,Leberwertkontrollen,5,2,7,0.0567,0.0221,0.0345,1.1711,1.399,direct,88221,90297
direct_vs_group_full,Meinung,5,2,7,0.0567,0.0221,0.0345,1.1711,1.399,direct,88221,90297
direct_vs_group_full,Schönes,5,2,7,0.0567,0.0221,0.0345,1.1711,1.399,direct,88221,90297
direct_vs_group_full,Sieht,5,2,7,0.0567,0.0221,0.0345,1.1711,1.399,direct,88221,90297
direct_vs_group_full,Sinne,5,2,7,0.0567,0.0221,0.0345,1.1711,1.399,direct,88221,90297
direct_vs_group_full,Tel,5,2,7,0.0567,0.0221,0.0345,1.1711,1.399,direct,88221,90297
direct_vs_group_full,Top,5,2,7,0.0567,0.0221,0.0345,1.1711,1.399,direct,88221,90297
direct_vs_group_full,Transaminasenanstieg,5,2,7,0.0567,0.0221,0.0345,1.1711,1.399,direct,88221,90297
direct_vs_group_full,Trinkmengenrestriktion,5,2,7,0.0567,0.0221,0.0345,1.1711,1.399,direct,88221,90297
direct_vs_group_full,VT,5,2,7,0.0567,0.0221,0.0345,1.1711,1.399,direct,88221,90297
direct_vs_group_full,Vaters,5,2,7,0.0567,0.0221,0.0345,1.1711,1.399,direct,88221,90297
direct_vs_group_full,anderer,5,2,7,0.0567,0.0221,0.0345,1.1711,1.399,direct,88221,90297
direct_vs_group_full,beispielsweise,5,2,7,0.0567,0.0221,0.0345,1.1711,1.399,direct,88221,90297
direct_vs_group_full,betreut,5,2,7,0.0567,0.0221,0.0345,1.1711,1.399,direct,88221,90297
direct_vs_group_full,bittet,5,2,7,0.0567,0.0221,0.0345,1.1711,1.399,direct,88221,90297
direct_vs_group_full,demnächst,5,2,7,0.0567,0.0221,0.0345,1.1711,1.399,direct,88221,90297
direct_vs_group_full,durchgehen,5,2,7,0.0567,0.0221,0.0345,1.1711,1.399,direct,88221,90297
direct_vs_group_full,dürfen,5,2,7,0.0567,0.0221,0.0345,1.1711,1.399,direct,88221,90297
direct_vs_group_full,ergeben,5,2,7,0.0567,0.0221,0.0345,1.1711,1.399,direct,88221,90297
direct_vs_group_full,flexibel,5,2,7,0.0567,0.0221,0.0345,1.1711,1.399,direct,88221,90297
direct_vs_group_full,geschehen,5,2,7,0.0567,0.0221,0.0345,1.1711,1.399,direct,88221,90297
direct_vs_group_full,halbe,5,2,7,0.0567,0.0221,0.0345,1.1711,1.399,direct,88221,90297
direct_vs_group_full,joy,5,2,7,0.0567,0.0221,0.0345,1.1711,1.399,direct,88221,90297
direct_vs_group_full,momentan,5,2,7,0.0567,0.0221,0.0345,1.1711,1.399,direct,88221,90297
direct_vs_group_full,nciht,5,2,7,0.0567,0.0221,0.0345,1.1711,1.399,direct,88221,90297
direct_vs_group_full,Als,9,15,24,0.102,0.1661,-0.0641,-0.6727,1.3797,group,88221,90297
direct_vs_group_full,Anbindung,6,11,17,0.068,0.1218,-0.0538,-0.7896,1.3786,group,88221,90297
direct_vs_group_full,Covid,6,11,17,0.068,0.1218,-0.0538,-0.7896,1.3786,group,88221,90297
direct_vs_group_full,Gute,6,11,17,0.068,0.1218,-0.0538,-0.7896,1.3786,group,88221,90297
direct_vs_group_full,Sorgen,6,11,17,0.068,0.1218,-0.0538,-0.7896,1.3786,group,88221,90297
direct_vs_group_full,System,6,11,17,0.068,0.1218,-0.0538,-0.7896,1.3786,group,88221,90297
direct_vs_group_full,durchführen,6,11,17,0.068,0.1218,-0.0538,-0.7896,1.3786,group,88221,90297
direct_vs_group_full,o,6,11,17,0.068,0.1218,-0.0538,-0.7896,1.3786,group,88221,90297
direct_vs_group_full,unauffällig,6,11,17,0.068,0.1218,-0.0538,-0.7896,1.3786,group,88221,90297
direct_vs_group_full,allem,17,25,42,0.1927,0.2769,-0.0842,-0.5096,1.3528,group,88221,90297
direct_vs_group_full,Therapie,27,37,64,0.306,0.4098,-0.1037,-0.4139,1.345,group,88221,90297
direct_vs_group_full,5mg,13,20,33,0.1474,0.2215,-0.0741,-0.5691,1.3378,group,88221,90297
direct_vs_group_full,OP,13,20,33,0.1474,0.2215,-0.0741,-0.5691,1.3378,group,88221,90297
direct_vs_group_full,Bupropion,13,8,21,0.1474,0.0886,0.0588,0.701,1.3211,direct,88221,90297
direct_vs_group_full,Diagnosen,13,8,21,0.1474,0.0886,0.0588,0.701,1.3211,direct,88221,90297
direct_vs_group_full,Kriterien,13,8,21,0.1474,0.0886,0.0588,0.701,1.3211,direct,88221,90297
direct_vs_group_full,trotzdem,25,18,43,0.2834,0.1993,0.084,0.4965,1.3133,direct,88221,90297
direct_vs_group_full,ausstehend,33,25,58,0.3741,0.2769,0.0972,0.4272,1.3009,direct,88221,90297
direct_vs_group_full,an,257,290,547,2.9131,3.2116,-0.2985,-0.1404,1.2985,group,88221,90297
direct_vs_group_full,lassen,34,45,79,0.3854,0.4984,-0.113,-0.3657,1.2915,group,88221,90297
direct_vs_group_full,Essstörung,18,26,44,0.204,0.2879,-0.0839,-0.4849,1.2825,group,88221,90297
direct_vs_group_full,abgesprochen,18,26,44,0.204,0.2879,-0.0839,-0.4849,1.2825,group,88221,90297
direct_vs_group_full,weitere,18,26,44,0.204,0.2879,-0.0839,-0.4849,1.2825,group,88221,90297
direct_vs_group_full,Erschöpfung,4,8,12,0.0453,0.0886,-0.0433,-0.884,1.2678,group,88221,90297
direct_vs_group_full,Gefühlen,4,8,12,0.0453,0.0886,-0.0433,-0.884,1.2678,group,88221,90297
direct_vs_group_full,Hashtag_Frau,4,8,12,0.0453,0.0886,-0.0433,-0.884,1.2678,group,88221,90297
direct_vs_group_full,Metformin,4,8,12,0.0453,0.0886,-0.0433,-0.884,1.2678,group,88221,90297
direct_vs_group_full,NW,4,8,12,0.0453,0.0886,-0.0433,-0.884,1.2678,group,88221,90297
direct_vs_group_full,Symptomen,4,8,12,0.0453,0.0886,-0.0433,-0.884,1.2678,group,88221,90297
direct_vs_group_full,VG,4,8,12,0.0453,0.0886,-0.0433,-0.884,1.2678,group,88221,90297
direct_vs_group_full,bereit,4,8,12,0.0453,0.0886,-0.0433,-0.884,1.2678,group,88221,90297
direct_vs_group_full,darin,4,8,12,0.0453,0.0886,-0.0433,-0.884,1.2678,group,88221,90297
direct_vs_group_full,positiven,4,8,12,0.0453,0.0886,-0.0433,-0.884,1.2678,group,88221,90297
direct_vs_group_full,überrascht,4,8,12,0.0453,0.0886,-0.0433,-0.884,1.2678,group,88221,90297
direct_vs_group_full,drauf,10,16,26,0.1134,0.1772,-0.0638,-0.6185,1.2611,group,88221,90297
direct_vs_group_full,kleine,10,16,26,0.1134,0.1772,-0.0638,-0.6185,1.2611,group,88221,90297
direct_vs_group_full,nächster,10,16,26,0.1134,0.1772,-0.0638,-0.6185,1.2611,group,88221,90297
direct_vs_group_full,täglichen,10,16,26,0.1134,0.1772,-0.0638,-0.6185,1.2611,group,88221,90297
direct_vs_group_full,Abstand,2,5,7,0.0227,0.0554,-0.0327,-1.1039,1.2595,group,88221,90297
direct_vs_group_full,Bauch,2,5,7,0.0227,0.0554,-0.0327,-1.1039,1.2595,group,88221,90297
direct_vs_group_full,Beim,2,5,7,0.0227,0.0554,-0.0327,-1.1039,1.2595,group,88221,90297
direct_vs_group_full,Beinen,2,5,7,0.0227,0.0554,-0.0327,-1.1039,1.2595,group,88221,90297
direct_vs_group_full,Beziehungen,2,5,7,0.0227,0.0554,-0.0327,-1.1039,1.2595,group,88221,90297
direct_vs_group_full,Blitzlichtrunde,2,5,7,0.0227,0.0554,-0.0327,-1.1039,1.2595,group,88221,90297
direct_vs_group_full,Dosierung,2,5,7,0.0227,0.0554,-0.0327,-1.1039,1.2595,group,88221,90297
direct_vs_group_full,Handlungsbedarf,2,5,7,0.0227,0.0554,-0.0327,-1.1039,1.2595,group,88221,90297
direct_vs_group_full,Kinderwunsch,2,5,7,0.0227,0.0554,-0.0327,-1.1039,1.2595,group,88221,90297
direct_vs_group_full,Kontroll,2,5,7,0.0227,0.0554,-0.0327,-1.1039,1.2595,group,88221,90297
direct_vs_group_full,Krisenintervention,2,5,7,0.0227,0.0554,-0.0327,-1.1039,1.2595,group,88221,90297
direct_vs_group_full,NICHT,2,5,7,0.0227,0.0554,-0.0327,-1.1039,1.2595,group,88221,90297
direct_vs_group_full,Uhrzeit,2,5,7,0.0227,0.0554,-0.0327,-1.1039,1.2595,group,88221,90297
direct_vs_group_full,Vor,2,5,7,0.0227,0.0554,-0.0327,-1.1039,1.2595,group,88221,90297
direct_vs_group_full,Vorname,2,5,7,0.0227,0.0554,-0.0327,-1.1039,1.2595,group,88221,90297
direct_vs_group_full,W,2,5,7,0.0227,0.0554,-0.0327,-1.1039,1.2595,group,88221,90297
direct_vs_group_full,Wurde,2,5,7,0.0227,0.0554,-0.0327,-1.1039,1.2595,group,88221,90297
direct_vs_group_full,ausprobiert,2,5,7,0.0227,0.0554,-0.0327,-1.1039,1.2595,group,88221,90297
direct_vs_group_full,befürchtet,2,5,7,0.0227,0.0554,-0.0327,-1.1039,1.2595,group,88221,90297
direct_vs_group_full,bekannter,2,5,7,0.0227,0.0554,-0.0327,-1.1039,1.2595,group,88221,90297
direct_vs_group_full,besorgt,2,5,7,0.0227,0.0554,-0.0327,-1.1039,1.2595,group,88221,90297
direct_vs_group_full,bestehenden,2,5,7,0.0227,0.0554,-0.0327,-1.1039,1.2595,group,88221,90297
direct_vs_group_full,check,2,5,7,0.0227,0.0554,-0.0327,-1.1039,1.2595,group,88221,90297
direct_vs_group_full,enttäuscht,2,5,7,0.0227,0.0554,-0.0327,-1.1039,1.2595,group,88221,90297
direct_vs_group_full,erzählen,2,5,7,0.0227,0.0554,-0.0327,-1.1039,1.2595,group,88221,90297
direct_vs_group_full,eurer,2,5,7,0.0227,0.0554,-0.0327,-1.1039,1.2595,group,88221,90297
direct_vs_group_full,hinten,2,5,7,0.0227,0.0554,-0.0327,-1.1039,1.2595,group,88221,90297
direct_vs_group_full,iFOBT,2,5,7,0.0227,0.0554,-0.0327,-1.1039,1.2595,group,88221,90297
direct_vs_group_full,isoliert,2,5,7,0.0227,0.0554,-0.0327,-1.1039,1.2595,group,88221,90297
direct_vs_group_full,jede,2,5,7,0.0227,0.0554,-0.0327,-1.1039,1.2595,group,88221,90297
direct_vs_group_full,kleinen,2,5,7,0.0227,0.0554,-0.0327,-1.1039,1.2595,group,88221,90297
direct_vs_group_full,leichte,2,5,7,0.0227,0.0554,-0.0327,-1.1039,1.2595,group,88221,90297
direct_vs_group_full,präsent,2,5,7,0.0227,0.0554,-0.0327,-1.1039,1.2595,group,88221,90297
direct_vs_group_full,rum,2,5,7,0.0227,0.0554,-0.0327,-1.1039,1.2595,group,88221,90297
direct_vs_group_full,stehe,2,5,7,0.0227,0.0554,-0.0327,-1.1039,1.2595,group,88221,90297
direct_vs_group_full,verschwunden,2,5,7,0.0227,0.0554,-0.0327,-1.1039,1.2595,group,88221,90297
direct_vs_group_full,weiteres,2,5,7,0.0227,0.0554,-0.0327,-1.1039,1.2595,group,88221,90297
direct_vs_group_full,wisse,2,5,7,0.0227,0.0554,-0.0327,-1.1039,1.2595,group,88221,90297
direct_vs_group_full,zeitnah,2,5,7,0.0227,0.0554,-0.0327,-1.1039,1.2595,group,88221,90297
direct_vs_group_full,für,595,649,1244,6.7444,7.1874,-0.443,-0.0917,1.257,group,88221,90297
direct_vs_group_full,abwarten,9,5,14,0.102,0.0554,0.0466,0.8221,1.2539,direct,88221,90297
direct_vs_group_full,dahin,9,5,14,0.102,0.0554,0.0466,0.8221,1.2539,direct,88221,90297
direct_vs_group_full,geschickt,9,5,14,0.102,0.0554,0.0466,0.8221,1.2539,direct,88221,90297
direct_vs_group_full,leid,9,5,14,0.102,0.0554,0.0466,0.8221,1.2539,direct,88221,90297
direct_vs_group_full,obwohl,9,5,14,0.102,0.0554,0.0466,0.8221,1.2539,direct,88221,90297
direct_vs_group_full,überfordert,9,5,14,0.102,0.0554,0.0466,0.8221,1.2539,direct,88221,90297
direct_vs_group_full,übernommen,9,5,14,0.102,0.0554,0.0466,0.8221,1.2539,direct,88221,90297
direct_vs_group_full,Frage,55,45,100,0.6234,0.4984,0.1251,0.3202,1.2478,direct,88221,90297
direct_vs_group_full,Freund,7,12,19,0.0793,0.1329,-0.0535,-0.7034,1.2177,group,88221,90297
direct_vs_group_full,brauche,7,12,19,0.0793,0.1329,-0.0535,-0.7034,1.2177,group,88221,90297
direct_vs_group_full,gemeinsam,14,9,23,0.1587,0.0997,0.059,0.6436,1.2151,direct,88221,90297
direct_vs_group_full,oben,14,9,23,0.1587,0.0997,0.059,0.6436,1.2151,direct,88221,90297
direct_vs_group_full,warum,14,9,23,0.1587,0.0997,0.059,0.6436,1.2151,direct,88221,90297
direct_vs_group_full,Gespräch,71,60,131,0.8048,0.6645,0.1403,0.2746,1.1983,direct,88221,90297
direct_vs_group_full,haben,176,160,336,1.995,1.7719,0.2231,0.1707,1.1798,direct,88221,90297
direct_vs_group_full,Essen,31,41,72,0.3514,0.4541,-0.1027,-0.3642,1.1705,group,88221,90297
direct_vs_group_full,Diagnostik,11,17,28,0.1247,0.1883,-0.0636,-0.5722,1.16,group,88221,90297
direct_vs_group_full,Nachmittag,15,10,25,0.17,0.1107,0.0593,0.5954,1.1265,direct,88221,90297
direct_vs_group_full,Wäre,15,10,25,0.17,0.1107,0.0593,0.5954,1.1265,direct,88221,90297
direct_vs_group_full,Bekommt,10,6,16,0.1134,0.0664,0.0469,0.7254,1.1059,direct,88221,90297
direct_vs_group_full,HWS,10,6,16,0.1134,0.0664,0.0469,0.7254,1.1059,direct,88221,90297
direct_vs_group_full,Rekonsil,10,6,16,0.1134,0.0664,0.0469,0.7254,1.1059,direct,88221,90297
direct_vs_group_full,austauschen,10,6,16,0.1134,0.0664,0.0469,0.7254,1.1059,direct,88221,90297
direct_vs_group_full,erklären,10,6,16,0.1134,0.0664,0.0469,0.7254,1.1059,direct,88221,90297
direct_vs_group_full,jemanden,10,6,16,0.1134,0.0664,0.0469,0.7254,1.1059,direct,88221,90297
direct_vs_group_full,warten,10,6,16,0.1134,0.0664,0.0469,0.7254,1.1059,direct,88221,90297
direct_vs_group_full,wichtig,16,23,39,0.1814,0.2547,-0.0734,-0.4766,1.1057,group,88221,90297
direct_vs_group_full,hat,482,527,1009,5.4636,5.8363,-0.3727,-0.0951,1.0974,group,88221,90297
direct_vs_group_full,011,3,1,4,0.034,0.0111,0.0229,1.2559,1.0936,direct,88221,90297
direct_vs_group_full,16Uhr,3,1,4,0.034,0.0111,0.0229,1.2559,1.0936,direct,88221,90297
direct_vs_group_full,500,3,1,4,0.034,0.0111,0.0229,1.2559,1.0936,direct,88221,90297
direct_vs_group_full,Abitur,3,1,4,0.034,0.0111,0.0229,1.2559,1.0936,direct,88221,90297
direct_vs_group_full,Aid,3,1,4,0.034,0.0111,0.0229,1.2559,1.0936,direct,88221,90297
direct_vs_group_full,Alternativ,3,1,4,0.034,0.0111,0.0229,1.2559,1.0936,direct,88221,90297
direct_vs_group_full,Ambulanzbrief,3,1,4,0.034,0.0111,0.0229,1.2559,1.0936,direct,88221,90297
direct_vs_group_full,Angaben,3,1,4,0.034,0.0111,0.0229,1.2559,1.0936,direct,88221,90297
direct_vs_group_full,Anmerkungen,3,1,4,0.034,0.0111,0.0229,1.2559,1.0936,direct,88221,90297
direct_vs_group_full,Atemübungen,3,1,4,0.034,0.0111,0.0229,1.2559,1.0936,direct,88221,90297
direct_vs_group_full,Aufdosierung,3,1,4,0.034,0.0111,0.0229,1.2559,1.0936,direct,88221,90297
direct_vs_group_full,Citalopram,3,1,4,0.034,0.0111,0.0229,1.2559,1.0936,direct,88221,90297
direct_vs_group_full,Ernährungsanamnese,3,1,4,0.034,0.0111,0.0229,1.2559,1.0936,direct,88221,90297
direct_vs_group_full,HA,3,1,4,0.034,0.0111,0.0229,1.2559,1.0936,direct,88221,90297
direct_vs_group_full,Handynummer,3,1,4,0.034,0.0111,0.0229,1.2559,1.0936,direct,88221,90297
direct_vs_group_full,Kommt,3,1,4,0.034,0.0111,0.0229,1.2559,1.0936,direct,88221,90297
direct_vs_group_full,Krebs,3,1,4,0.034,0.0111,0.0229,1.2559,1.0936,direct,88221,90297
direct_vs_group_full,Laufen,3,1,4,0.034,0.0111,0.0229,1.2559,1.0936,direct,88221,90297
direct_vs_group_full,Missverständnis,3,1,4,0.034,0.0111,0.0229,1.2559,1.0936,direct,88221,90297
direct_vs_group_full,Müsste,3,1,4,0.034,0.0111,0.0229,1.2559,1.0936,direct,88221,90297
direct_vs_group_full,Neues,3,1,4,0.034,0.0111,0.0229,1.2559,1.0936,direct,88221,90297
direct_vs_group_full,Not,3,1,4,0.034,0.0111,0.0229,1.2559,1.0936,direct,88221,90297
direct_vs_group_full,Nun,3,1,4,0.034,0.0111,0.0229,1.2559,1.0936,direct,88221,90297
direct_vs_group_full,Nutzung,3,1,4,0.034,0.0111,0.0229,1.2559,1.0936,direct,88221,90297
direct_vs_group_full,OG,3,1,4,0.034,0.0111,0.0229,1.2559,1.0936,direct,88221,90297
direct_vs_group_full,Olanzapin,3,1,4,0.034,0.0111,0.0229,1.2559,1.0936,direct,88221,90297
direct_vs_group_full,Orga,3,1,4,0.034,0.0111,0.0229,1.2559,1.0936,direct,88221,90297
direct_vs_group_full,Psychiater,3,1,4,0.034,0.0111,0.0229,1.2559,1.0936,direct,88221,90297
direct_vs_group_full,Sprich,3,1,4,0.034,0.0111,0.0229,1.2559,1.0936,direct,88221,90297
direct_vs_group_full,Stimmt,3,1,4,0.034,0.0111,0.0229,1.2559,1.0936,direct,88221,90297
direct_vs_group_full,Straße,3,1,4,0.034,0.0111,0.0229,1.2559,1.0936,direct,88221,90297
direct_vs_group_full,Tavoreinnahme,3,1,4,0.034,0.0111,0.0229,1.2559,1.0936,direct,88221,90297
direct_vs_group_full,Turnhalle,3,1,4,0.034,0.0111,0.0229,1.2559,1.0936,direct,88221,90297
direct_vs_group_full,WAI,3,1,4,0.034,0.0111,0.0229,1.2559,1.0936,direct,88221,90297
direct_vs_group_full,WL,3,1,4,0.034,0.0111,0.0229,1.2559,1.0936,direct,88221,90297
direct_vs_group_full,ZM,3,1,4,0.034,0.0111,0.0229,1.2559,1.0936,direct,88221,90297
direct_vs_group_full,Zwischen,3,1,4,0.034,0.0111,0.0229,1.2559,1.0936,direct,88221,90297
direct_vs_group_full,abwertend,3,1,4,0.034,0.0111,0.0229,1.2559,1.0936,direct,88221,90297
direct_vs_group_full,antidepressiven,3,1,4,0.034,0.0111,0.0229,1.2559,1.0936,direct,88221,90297
direct_vs_group_full,anzuschauen,3,1,4,0.034,0.0111,0.0229,1.2559,1.0936,direct,88221,90297
direct_vs_group_full,ausfüllen,3,1,4,0.034,0.0111,0.0229,1.2559,1.0936,direct,88221,90297
direct_vs_group_full,aushändigen,3,1,4,0.034,0.0111,0.0229,1.2559,1.0936,direct,88221,90297
direct_vs_group_full,ausschließen,3,1,4,0.034,0.0111,0.0229,1.2559,1.0936,direct,88221,90297
direct_vs_group_full,bekommst,3,1,4,0.034,0.0111,0.0229,1.2559,1.0936,direct,88221,90297
direct_vs_group_full,bespricht,3,1,4,0.034,0.0111,0.0229,1.2559,1.0936,direct,88221,90297
direct_vs_group_full,bestimmte,3,1,4,0.034,0.0111,0.0229,1.2559,1.0936,direct,88221,90297
direct_vs_group_full,biographisch,3,1,4,0.034,0.0111,0.0229,1.2559,1.0936,direct,88221,90297
direct_vs_group_full,dahingehend,3,1,4,0.034,0.0111,0.0229,1.2559,1.0936,direct,88221,90297
direct_vs_group_full,dienstags,3,1,4,0.034,0.0111,0.0229,1.2559,1.0936,direct,88221,90297
direct_vs_group_full,direkte,3,1,4,0.034,0.0111,0.0229,1.2559,1.0936,direct,88221,90297
direct_vs_group_full,drücken,3,1,4,0.034,0.0111,0.0229,1.2559,1.0936,direct,88221,90297
direct_vs_group_full,durcheinander,3,1,4,0.034,0.0111,0.0229,1.2559,1.0936,direct,88221,90297
direct_vs_group_full,ehe,3,1,4,0.034,0.0111,0.0229,1.2559,1.0936,direct,88221,90297
direct_vs_group_full,eingewiesen,3,1,4,0.034,0.0111,0.0229,1.2559,1.0936,direct,88221,90297
direct_vs_group_full,einzige,3,1,4,0.034,0.0111,0.0229,1.2559,1.0936,direct,88221,90297
direct_vs_group_full,einzulassen,3,1,4,0.034,0.0111,0.0229,1.2559,1.0936,direct,88221,90297
direct_vs_group_full,endlich,3,1,4,0.034,0.0111,0.0229,1.2559,1.0936,direct,88221,90297
direct_vs_group_full,entscheidet,3,1,4,0.034,0.0111,0.0229,1.2559,1.0936,direct,88221,90297
direct_vs_group_full,entsprechen,3,1,4,0.034,0.0111,0.0229,1.2559,1.0936,direct,88221,90297
direct_vs_group_full,ergab,3,1,4,0.034,0.0111,0.0229,1.2559,1.0936,direct,88221,90297
direct_vs_group_full,erwähnt,3,1,4,0.034,0.0111,0.0229,1.2559,1.0936,direct,88221,90297
direct_vs_group_full,geeinigt,3,1,4,0.034,0.0111,0.0229,1.2559,1.0936,direct,88221,90297
direct_vs_group_full,gemeinsames,3,1,4,0.034,0.0111,0.0229,1.2559,1.0936,direct,88221,90297
direct_vs_group_full,gescreent,3,1,4,0.034,0.0111,0.0229,1.2559,1.0936,direct,88221,90297
direct_vs_group_full,gestört,3,1,4,0.034,0.0111,0.0229,1.2559,1.0936,direct,88221,90297
direct_vs_group_full,gleiche,3,1,4,0.034,0.0111,0.0229,1.2559,1.0936,direct,88221,90297
direct_vs_group_full,gr,3,1,4,0.034,0.0111,0.0229,1.2559,1.0936,direct,88221,90297
direct_vs_group_full,handhaben,3,1,4,0.034,0.0111,0.0229,1.2559,1.0936,direct,88221,90297
direct_vs_group_full,herausgenommen,3,1,4,0.034,0.0111,0.0229,1.2559,1.0936,direct,88221,90297
direct_vs_group_full,herzlich,3,1,4,0.034,0.0111,0.0229,1.2559,1.0936,direct,88221,90297
direct_vs_group_full,hierfür,3,1,4,0.034,0.0111,0.0229,1.2559,1.0936,direct,88221,90297
direct_vs_group_full,hinaus,3,1,4,0.034,0.0111,0.0229,1.2559,1.0936,direct,88221,90297
direct_vs_group_full,intern,3,1,4,0.034,0.0111,0.0229,1.2559,1.0936,direct,88221,90297
direct_vs_group_full,komplizierter,3,1,4,0.034,0.0111,0.0229,1.2559,1.0936,direct,88221,90297
direct_vs_group_full,konntest,3,1,4,0.034,0.0111,0.0229,1.2559,1.0936,direct,88221,90297
direct_vs_group_full,leiden,3,1,4,0.034,0.0111,0.0229,1.2559,1.0936,direct,88221,90297
direct_vs_group_full,mahlzeiten,3,1,4,0.034,0.0111,0.0229,1.2559,1.0936,direct,88221,90297
direct_vs_group_full,meintest,3,1,4,0.034,0.0111,0.0229,1.2559,1.0936,direct,88221,90297
direct_vs_group_full,mitkommen,3,1,4,0.034,0.0111,0.0229,1.2559,1.0936,direct,88221,90297
direct_vs_group_full,mitnehmen,3,1,4,0.034,0.0111,0.0229,1.2559,1.0936,direct,88221,90297
direct_vs_group_full,oral,3,1,4,0.034,0.0111,0.0229,1.2559,1.0936,direct,88221,90297
direct_vs_group_full,plus,3,1,4,0.034,0.0111,0.0229,1.2559,1.0936,direct,88221,90297
direct_vs_group_full,privat,3,1,4,0.034,0.0111,0.0229,1.2559,1.0936,direct,88221,90297
direct_vs_group_full,ran,3,1,4,0.034,0.0111,0.0229,1.2559,1.0936,direct,88221,90297
direct_vs_group_full,sauer,3,1,4,0.034,0.0111,0.0229,1.2559,1.0936,direct,88221,90297
direct_vs_group_full,spinnt,3,1,4,0.034,0.0111,0.0229,1.2559,1.0936,direct,88221,90297
direct_vs_group_full,strukturiert,3,1,4,0.034,0.0111,0.0229,1.2559,1.0936,direct,88221,90297
direct_vs_group_full,sun_with_face,3,1,4,0.034,0.0111,0.0229,1.2559,1.0936,direct,88221,90297
direct_vs_group_full,t,3,1,4,0.034,0.0111,0.0229,1.2559,1.0936,direct,88221,90297
direct_vs_group_full,theoretisch,3,1,4,0.034,0.0111,0.0229,1.2559,1.0936,direct,88221,90297
direct_vs_group_full,verbessert,3,1,4,0.034,0.0111,0.0229,1.2559,1.0936,direct,88221,90297
direct_vs_group_full,verheiratet,3,1,4,0.034,0.0111,0.0229,1.2559,1.0936,direct,88221,90297
direct_vs_group_full,versehentlich,3,1,4,0.034,0.0111,0.0229,1.2559,1.0936,direct,88221,90297
direct_vs_group_full,vertrag,3,1,4,0.034,0.0111,0.0229,1.2559,1.0936,direct,88221,90297
direct_vs_group_full,vieler,3,1,4,0.034,0.0111,0.0229,1.2559,1.0936,direct,88221,90297
direct_vs_group_full,viertel,3,1,4,0.034,0.0111,0.0229,1.2559,1.0936,direct,88221,90297
direct_vs_group_full,wollt,3,1,4,0.034,0.0111,0.0229,1.2559,1.0936,direct,88221,90297
direct_vs_group_full,woran,3,1,4,0.034,0.0111,0.0229,1.2559,1.0936,direct,88221,90297
direct_vs_group_full,zunimmt,3,1,4,0.034,0.0111,0.0229,1.2559,1.0936,direct,88221,90297
direct_vs_group_full,überwertigen,3,1,4,0.034,0.0111,0.0229,1.2559,1.0936,direct,88221,90297
direct_vs_group_full,durch,81,97,178,0.9181,1.0742,-0.1561,-0.225,1.0921,group,88221,90297
direct_vs_group_full,24,6,3,9,0.068,0.0332,0.0348,0.9266,1.0904,direct,88221,90297
direct_vs_group_full,ADHS,6,3,9,0.068,0.0332,0.0348,0.9266,1.0904,direct,88221,90297
direct_vs_group_full,CK,6,3,9,0.068,0.0332,0.0348,0.9266,1.0904,direct,88221,90297
direct_vs_group_full,Corona,6,3,9,0.068,0.0332,0.0348,0.9266,1.0904,direct,88221,90297
direct_vs_group_full,Erfahrung,6,3,9,0.068,0.0332,0.0348,0.9266,1.0904,direct,88221,90297
direct_vs_group_full,Finde,6,3,9,0.068,0.0332,0.0348,0.9266,1.0904,direct,88221,90297
direct_vs_group_full,Nur,6,3,9,0.068,0.0332,0.0348,0.9266,1.0904,direct,88221,90297
direct_vs_group_full,PhysMed,6,3,9,0.068,0.0332,0.0348,0.9266,1.0904,direct,88221,90297
direct_vs_group_full,Stunden,6,3,9,0.068,0.0332,0.0348,0.9266,1.0904,direct,88221,90297
direct_vs_group_full,Suche,6,3,9,0.068,0.0332,0.0348,0.9266,1.0904,direct,88221,90297
direct_vs_group_full,Vitamin,6,3,9,0.068,0.0332,0.0348,0.9266,1.0904,direct,88221,90297
direct_vs_group_full,Wert,6,3,9,0.068,0.0332,0.0348,0.9266,1.0904,direct,88221,90297
direct_vs_group_full,Zeitraum,6,3,9,0.068,0.0332,0.0348,0.9266,1.0904,direct,88221,90297
direct_vs_group_full,absprechen,6,3,9,0.068,0.0332,0.0348,0.9266,1.0904,direct,88221,90297
direct_vs_group_full,anzurufen,6,3,9,0.068,0.0332,0.0348,0.9266,1.0904,direct,88221,90297
direct_vs_group_full,aufgefallen,6,3,9,0.068,0.0332,0.0348,0.9266,1.0904,direct,88221,90297
direct_vs_group_full,gesucht,6,3,9,0.068,0.0332,0.0348,0.9266,1.0904,direct,88221,90297
direct_vs_group_full,jederzeit,6,3,9,0.068,0.0332,0.0348,0.9266,1.0904,direct,88221,90297
direct_vs_group_full,weder,6,3,9,0.068,0.0332,0.0348,0.9266,1.0904,direct,88221,90297
direct_vs_group_full,wiederum,6,3,9,0.068,0.0332,0.0348,0.9266,1.0904,direct,88221,90297
direct_vs_group_full,wolltest,6,3,9,0.068,0.0332,0.0348,0.9266,1.0904,direct,88221,90297
direct_vs_group_full,zB,6,3,9,0.068,0.0332,0.0348,0.9266,1.0904,direct,88221,90297
direct_vs_group_full,ihm,80,69,149,0.9068,0.7641,0.1427,0.2455,1.0888,direct,88221,90297
direct_vs_group_full,dagegen,8,13,21,0.0907,0.144,-0.0533,-0.6339,1.0885,group,88221,90297
direct_vs_group_full,informiert,8,13,21,0.0907,0.144,-0.0533,-0.6339,1.0885,group,88221,90297
direct_vs_group_full,reduzieren,8,13,21,0.0907,0.144,-0.0533,-0.6339,1.0885,group,88221,90297
direct_vs_group_full,10,81,70,151,0.9181,0.7752,0.1429,0.2427,1.0783,direct,88221,90297
direct_vs_group_full,Gewalt,5,9,14,0.0567,0.0997,-0.043,-0.7549,1.0678,group,88221,90297
direct_vs_group_full,diesbezüglich,5,9,14,0.0567,0.0997,-0.043,-0.7549,1.0678,group,88221,90297
direct_vs_group_full,entwickelt,5,9,14,0.0567,0.0997,-0.043,-0.7549,1.0678,group,88221,90297
direct_vs_group_full,erlebt,5,9,14,0.0567,0.0997,-0.043,-0.7549,1.0678,group,88221,90297
direct_vs_group_full,erneute,5,9,14,0.0567,0.0997,-0.043,-0.7549,1.0678,group,88221,90297
direct_vs_group_full,geführt,5,9,14,0.0567,0.0997,-0.043,-0.7549,1.0678,group,88221,90297
direct_vs_group_full,kontrollieren,5,9,14,0.0567,0.0997,-0.043,-0.7549,1.0678,group,88221,90297
direct_vs_group_full,löschen,5,9,14,0.0567,0.0997,-0.043,-0.7549,1.0678,group,88221,90297
direct_vs_group_full,Verlauf,34,44,78,0.3854,0.4873,-0.1019,-0.3337,1.0635,group,88221,90297
direct_vs_group_full,War,16,11,27,0.1814,0.1218,0.0595,0.5544,1.0512,direct,88221,90297
direct_vs_group_full,angeordnet,16,11,27,0.1814,0.1218,0.0595,0.5544,1.0512,direct,88221,90297
direct_vs_group_full,derzeit,17,24,41,0.1927,0.2658,-0.0731,-0.4519,1.0437,group,88221,90297
direct_vs_group_full,sinnvoll,32,25,57,0.3627,0.2769,0.0859,0.3835,1.0323,direct,88221,90297
direct_vs_group_full,nehmen,43,35,78,0.4874,0.3876,0.0998,0.3268,1.0186,direct,88221,90297
direct_vs_group_full,raus,43,35,78,0.4874,0.3876,0.0998,0.3268,1.0186,direct,88221,90297
direct_vs_group_full,schwierig,24,18,42,0.272,0.1993,0.0727,0.4388,1.0053,direct,88221,90297
direct_vs_group_full,EG,36,46,82,0.4081,0.5094,-0.1014,-0.3158,1.0011,group,88221,90297
direct_vs_group_full,Abschlussrunde,1,3,4,0.0113,0.0332,-0.0219,-1.1888,1.0005,group,88221,90297
direct_vs_group_full,Alternative,1,3,4,0.0113,0.0332,-0.0219,-1.1888,1.0005,group,88221,90297
direct_vs_group_full,Antikörper,1,3,4,0.0113,0.0332,-0.0219,-1.1888,1.0005,group,88221,90297
direct_vs_group_full,Arbeiten,1,3,4,0.0113,0.0332,-0.0219,-1.1888,1.0005,group,88221,90297
direct_vs_group_full,Arbeitsplatz,1,3,4,0.0113,0.0332,-0.0219,-1.1888,1.0005,group,88221,90297
direct_vs_group_full,Arztbriefen,1,3,4,0.0113,0.0332,-0.0219,-1.1888,1.0005,group,88221,90297
direct_vs_group_full,Aufenthalten,1,3,4,0.0113,0.0332,-0.0219,-1.1888,1.0005,group,88221,90297
direct_vs_group_full,Ausdruck,1,3,4,0.0113,0.0332,-0.0219,-1.1888,1.0005,group,88221,90297
direct_vs_group_full,Bedenken,1,3,4,0.0113,0.0332,-0.0219,-1.1888,1.0005,group,88221,90297
direct_vs_group_full,Beobachtung,1,3,4,0.0113,0.0332,-0.0219,-1.1888,1.0005,group,88221,90297
direct_vs_group_full,Berichtete,1,3,4,0.0113,0.0332,-0.0219,-1.1888,1.0005,group,88221,90297
direct_vs_group_full,Berücksichtigung,1,3,4,0.0113,0.0332,-0.0219,-1.1888,1.0005,group,88221,90297
direct_vs_group_full,Betreuer,1,3,4,0.0113,0.0332,-0.0219,-1.1888,1.0005,group,88221,90297
direct_vs_group_full,Biopsie,1,3,4,0.0113,0.0332,-0.0219,-1.1888,1.0005,group,88221,90297
direct_vs_group_full,Brust,1,3,4,0.0113,0.0332,-0.0219,-1.1888,1.0005,group,88221,90297
direct_vs_group_full,CFS,1,3,4,0.0113,0.0332,-0.0219,-1.1888,1.0005,group,88221,90297
direct_vs_group_full,Defizite,1,3,4,0.0113,0.0332,-0.0219,-1.1888,1.0005,group,88221,90297
direct_vs_group_full,Edukation,1,3,4,0.0113,0.0332,-0.0219,-1.1888,1.0005,group,88221,90297
direct_vs_group_full,Einheit,1,3,4,0.0113,0.0332,-0.0219,-1.1888,1.0005,group,88221,90297
direct_vs_group_full,Einzeltherapeutin,1,3,4,0.0113,0.0332,-0.0219,-1.1888,1.0005,group,88221,90297
direct_vs_group_full,Ergänzungen,1,3,4,0.0113,0.0332,-0.0219,-1.1888,1.0005,group,88221,90297
direct_vs_group_full,Erhebung,1,3,4,0.0113,0.0332,-0.0219,-1.1888,1.0005,group,88221,90297
direct_vs_group_full,Erklärung,1,3,4,0.0113,0.0332,-0.0219,-1.1888,1.0005,group,88221,90297
direct_vs_group_full,Exposition,1,3,4,0.0113,0.0332,-0.0219,-1.1888,1.0005,group,88221,90297
direct_vs_group_full,FD,1,3,4,0.0113,0.0332,-0.0219,-1.1888,1.0005,group,88221,90297
direct_vs_group_full,Gewissen,1,3,4,0.0113,0.0332,-0.0219,-1.1888,1.0005,group,88221,90297
direct_vs_group_full,Grenze,1,3,4,0.0113,0.0332,-0.0219,-1.1888,1.0005,group,88221,90297
direct_vs_group_full,Herzliche,1,3,4,0.0113,0.0332,-0.0219,-1.1888,1.0005,group,88221,90297
direct_vs_group_full,Husten,1,3,4,0.0113,0.0332,-0.0219,-1.1888,1.0005,group,88221,90297
direct_vs_group_full,Hämangiome,1,3,4,0.0113,0.0332,-0.0219,-1.1888,1.0005,group,88221,90297
direct_vs_group_full,Insulinschema,1,3,4,0.0113,0.0332,-0.0219,-1.1888,1.0005,group,88221,90297
direct_vs_group_full,Jedoch,1,3,4,0.0113,0.0332,-0.0219,-1.1888,1.0005,group,88221,90297
direct_vs_group_full,Kalorienmenge,1,3,4,0.0113,0.0332,-0.0219,-1.1888,1.0005,group,88221,90297
direct_vs_group_full,Kombi,1,3,4,0.0113,0.0332,-0.0219,-1.1888,1.0005,group,88221,90297
direct_vs_group_full,Konflikten,1,3,4,0.0113,0.0332,-0.0219,-1.1888,1.0005,group,88221,90297
direct_vs_group_full,Krankengeld,1,3,4,0.0113,0.0332,-0.0219,-1.1888,1.0005,group,88221,90297
direct_vs_group_full,Kreis,1,3,4,0.0113,0.0332,-0.0219,-1.1888,1.0005,group,88221,90297
direct_vs_group_full,Kunsttherapieraum,1,3,4,0.0113,0.0332,-0.0219,-1.1888,1.0005,group,88221,90297
direct_vs_group_full,Körper,1,3,4,0.0113,0.0332,-0.0219,-1.1888,1.0005,group,88221,90297
direct_vs_group_full,Langweile,1,3,4,0.0113,0.0332,-0.0219,-1.1888,1.0005,group,88221,90297
direct_vs_group_full,Leucos,1,3,4,0.0113,0.0332,-0.0219,-1.1888,1.0005,group,88221,90297
direct_vs_group_full,Literatur,1,3,4,0.0113,0.0332,-0.0219,-1.1888,1.0005,group,88221,90297
direct_vs_group_full,Magen,1,3,4,0.0113,0.0332,-0.0219,-1.1888,1.0005,group,88221,90297
direct_vs_group_full,Melde,1,3,4,0.0113,0.0332,-0.0219,-1.1888,1.0005,group,88221,90297
direct_vs_group_full,Messungen,1,3,4,0.0113,0.0332,-0.0219,-1.1888,1.0005,group,88221,90297
direct_vs_group_full,Musikraum,1,3,4,0.0113,0.0332,-0.0219,-1.1888,1.0005,group,88221,90297
direct_vs_group_full,Myalgien,1,3,4,0.0113,0.0332,-0.0219,-1.1888,1.0005,group,88221,90297
direct_vs_group_full,Müdigkeit,1,3,4,0.0113,0.0332,-0.0219,-1.1888,1.0005,group,88221,90297
direct_vs_group_full,Nachrichten,1,3,4,0.0113,0.0332,-0.0219,-1.1888,1.0005,group,88221,90297
direct_vs_group_full,Nahrungsergänzungsmittel,1,3,4,0.0113,0.0332,-0.0219,-1.1888,1.0005,group,88221,90297
direct_vs_group_full,Paargespräch,1,3,4,0.0113,0.0332,-0.0219,-1.1888,1.0005,group,88221,90297
direct_vs_group_full,Paracetamol,1,3,4,0.0113,0.0332,-0.0219,-1.1888,1.0005,group,88221,90297
direct_vs_group_full,Partners,1,3,4,0.0113,0.0332,-0.0219,-1.1888,1.0005,group,88221,90297
direct_vs_group_full,Perspektive,1,3,4,0.0113,0.0332,-0.0219,-1.1888,1.0005,group,88221,90297
direct_vs_group_full,Phys,1,3,4,0.0113,0.0332,-0.0219,-1.1888,1.0005,group,88221,90297
direct_vs_group_full,Physio,1,3,4,0.0113,0.0332,-0.0219,-1.1888,1.0005,group,88221,90297
direct_vs_group_full,Physiotherapie,1,3,4,0.0113,0.0332,-0.0219,-1.1888,1.0005,group,88221,90297
direct_vs_group_full,Re,1,3,4,0.0113,0.0332,-0.0219,-1.1888,1.0005,group,88221,90297
direct_vs_group_full,Rheuma,1,3,4,0.0113,0.0332,-0.0219,-1.1888,1.0005,group,88221,90297
direct_vs_group_full,Rückkehr,1,3,4,0.0113,0.0332,-0.0219,-1.1888,1.0005,group,88221,90297
direct_vs_group_full,Schuldgefühlen,1,3,4,0.0113,0.0332,-0.0219,-1.1888,1.0005,group,88221,90297
direct_vs_group_full,Seit,1,3,4,0.0113,0.0332,-0.0219,-1.1888,1.0005,group,88221,90297
direct_vs_group_full,Sektorpsychiatrie,1,3,4,0.0113,0.0332,-0.0219,-1.1888,1.0005,group,88221,90297
direct_vs_group_full,Serum,1,3,4,0.0113,0.0332,-0.0219,-1.1888,1.0005,group,88221,90297
direct_vs_group_full,Steht,1,3,4,0.0113,0.0332,-0.0219,-1.1888,1.0005,group,88221,90297
direct_vs_group_full,Stock,1,3,4,0.0113,0.0332,-0.0219,-1.1888,1.0005,group,88221,90297
direct_vs_group_full,TWG,1,3,4,0.0113,0.0332,-0.0219,-1.1888,1.0005,group,88221,90297
direct_vs_group_full,VDI,1,3,4,0.0113,0.0332,-0.0219,-1.1888,1.0005,group,88221,90297
direct_vs_group_full,Verletzung,1,3,4,0.0113,0.0332,-0.0219,-1.1888,1.0005,group,88221,90297
direct_vs_group_full,Verschiebung,1,3,4,0.0113,0.0332,-0.0219,-1.1888,1.0005,group,88221,90297
direct_vs_group_full,Vom,1,3,4,0.0113,0.0332,-0.0219,-1.1888,1.0005,group,88221,90297
direct_vs_group_full,Vortrag,1,3,4,0.0113,0.0332,-0.0219,-1.1888,1.0005,group,88221,90297
direct_vs_group_full,Weise,1,3,4,0.0113,0.0332,-0.0219,-1.1888,1.0005,group,88221,90297
direct_vs_group_full,Wiederholung,1,3,4,0.0113,0.0332,-0.0219,-1.1888,1.0005,group,88221,90297
direct_vs_group_full,Wirksamkeit,1,3,4,0.0113,0.0332,-0.0219,-1.1888,1.0005,group,88221,90297
direct_vs_group_full,Wünscht,1,3,4,0.0113,0.0332,-0.0219,-1.1888,1.0005,group,88221,90297
direct_vs_group_full,Zahlung,1,3,4,0.0113,0.0332,-0.0219,-1.1888,1.0005,group,88221,90297
direct_vs_group_full,Zufuhr,1,3,4,0.0113,0.0332,-0.0219,-1.1888,1.0005,group,88221,90297
direct_vs_group_full,Zusammenbruch,1,3,4,0.0113,0.0332,-0.0219,-1.1888,1.0005,group,88221,90297
direct_vs_group_full,absagen,1,3,4,0.0113,0.0332,-0.0219,-1.1888,1.0005,group,88221,90297
direct_vs_group_full,adäquat,1,3,4,0.0113,0.0332,-0.0219,-1.1888,1.0005,group,88221,90297
direct_vs_group_full,akzeptiert,1,3,4,0.0113,0.0332,-0.0219,-1.1888,1.0005,group,88221,90297
direct_vs_group_full,and,1,3,4,0.0113,0.0332,-0.0219,-1.1888,1.0005,group,88221,90297
direct_vs_group_full,angebracht,1,3,4,0.0113,0.0332,-0.0219,-1.1888,1.0005,group,88221,90297
direct_vs_group_full,angegriffen,1,3,4,0.0113,0.0332,-0.0219,-1.1888,1.0005,group,88221,90297
direct_vs_group_full,angestiegen,1,3,4,0.0113,0.0332,-0.0219,-1.1888,1.0005,group,88221,90297
direct_vs_group_full,anstelle,1,3,4,0.0113,0.0332,-0.0219,-1.1888,1.0005,group,88221,90297
direct_vs_group_full,ausgelöst,1,3,4,0.0113,0.0332,-0.0219,-1.1888,1.0005,group,88221,90297
direct_vs_group_full,ausgeprägten,1,3,4,0.0113,0.0332,-0.0219,-1.1888,1.0005,group,88221,90297
direct_vs_group_full,ausgeschlossen,1,3,4,0.0113,0.0332,-0.0219,-1.1888,1.0005,group,88221,90297
direct_vs_group_full,bedeutet,1,3,4,0.0113,0.0332,-0.0219,-1.1888,1.0005,group,88221,90297
direct_vs_group_full,befindet,1,3,4,0.0113,0.0332,-0.0219,-1.1888,1.0005,group,88221,90297
direct_vs_group_full,bekanntem,1,3,4,0.0113,0.0332,-0.0219,-1.1888,1.0005,group,88221,90297
direct_vs_group_full,bemüht,1,3,4,0.0113,0.0332,-0.0219,-1.1888,1.0005,group,88221,90297
direct_vs_group_full,benannt,1,3,4,0.0113,0.0332,-0.0219,-1.1888,1.0005,group,88221,90297
direct_vs_group_full,benannte,1,3,4,0.0113,0.0332,-0.0219,-1.1888,1.0005,group,88221,90297
direct_vs_group_full,beschweren,1,3,4,0.0113,0.0332,-0.0219,-1.1888,1.0005,group,88221,90297
direct_vs_group_full,bestehen,1,3,4,0.0113,0.0332,-0.0219,-1.1888,1.0005,group,88221,90297
direct_vs_group_full,cc,1,3,4,0.0113,0.0332,-0.0219,-1.1888,1.0005,group,88221,90297
direct_vs_group_full,depressiv,1,3,4,0.0113,0.0332,-0.0219,-1.1888,1.0005,group,88221,90297
direct_vs_group_full,deutlicher,1,3,4,0.0113,0.0332,-0.0219,-1.1888,1.0005,group,88221,90297
direct_vs_group_full,dissoziativen,1,3,4,0.0113,0.0332,-0.0219,-1.1888,1.0005,group,88221,90297
direct_vs_group_full,distanzieren,1,3,4,0.0113,0.0332,-0.0219,-1.1888,1.0005,group,88221,90297
direct_vs_group_full,durchrufen,1,3,4,0.0113,0.0332,-0.0219,-1.1888,1.0005,group,88221,90297
direct_vs_group_full,eingebunden,1,3,4,0.0113,0.0332,-0.0219,-1.1888,1.0005,group,88221,90297
direct_vs_group_full,eingenommen,1,3,4,0.0113,0.0332,-0.0219,-1.1888,1.0005,group,88221,90297
direct_vs_group_full,einzelnen,1,3,4,0.0113,0.0332,-0.0219,-1.1888,1.0005,group,88221,90297
direct_vs_group_full,emotionale,1,3,4,0.0113,0.0332,-0.0219,-1.1888,1.0005,group,88221,90297
direct_vs_group_full,emotionalen,1,3,4,0.0113,0.0332,-0.0219,-1.1888,1.0005,group,88221,90297
direct_vs_group_full,empfehle,1,3,4,0.0113,0.0332,-0.0219,-1.1888,1.0005,group,88221,90297
direct_vs_group_full,entlastet,1,3,4,0.0113,0.0332,-0.0219,-1.1888,1.0005,group,88221,90297
direct_vs_group_full,ergibt,1,3,4,0.0113,0.0332,-0.0219,-1.1888,1.0005,group,88221,90297
direct_vs_group_full,erhöhtem,1,3,4,0.0113,0.0332,-0.0219,-1.1888,1.0005,group,88221,90297
direct_vs_group_full,formuliert,1,3,4,0.0113,0.0332,-0.0219,-1.1888,1.0005,group,88221,90297
direct_vs_group_full,froh,1,3,4,0.0113,0.0332,-0.0219,-1.1888,1.0005,group,88221,90297
direct_vs_group_full,gegebenenfalls,1,3,4,0.0113,0.0332,-0.0219,-1.1888,1.0005,group,88221,90297
direct_vs_group_full,gelben,1,3,4,0.0113,0.0332,-0.0219,-1.1888,1.0005,group,88221,90297
direct_vs_group_full,gelernten,1,3,4,0.0113,0.0332,-0.0219,-1.1888,1.0005,group,88221,90297
direct_vs_group_full,genügend,1,3,4,0.0113,0.0332,-0.0219,-1.1888,1.0005,group,88221,90297
direct_vs_group_full,heftig,1,3,4,0.0113,0.0332,-0.0219,-1.1888,1.0005,group,88221,90297
direct_vs_group_full,heuet,1,3,4,0.0113,0.0332,-0.0219,-1.1888,1.0005,group,88221,90297
direct_vs_group_full,insb,1,3,4,0.0113,0.0332,-0.0219,-1.1888,1.0005,group,88221,90297
direct_vs_group_full,instabile,1,3,4,0.0113,0.0332,-0.0219,-1.1888,1.0005,group,88221,90297
direct_vs_group_full,kalium,1,3,4,0.0113,0.0332,-0.0219,-1.1888,1.0005,group,88221,90297
direct_vs_group_full,klare,1,3,4,0.0113,0.0332,-0.0219,-1.1888,1.0005,group,88221,90297
direct_vs_group_full,korrekt,1,3,4,0.0113,0.0332,-0.0219,-1.1888,1.0005,group,88221,90297
direct_vs_group_full,kraftlos,1,3,4,0.0113,0.0332,-0.0219,-1.1888,1.0005,group,88221,90297
direct_vs_group_full,kriege,1,3,4,0.0113,0.0332,-0.0219,-1.1888,1.0005,group,88221,90297
direct_vs_group_full,kritischen,1,3,4,0.0113,0.0332,-0.0219,-1.1888,1.0005,group,88221,90297
direct_vs_group_full,körperlich,1,3,4,0.0113,0.0332,-0.0219,-1.1888,1.0005,group,88221,90297
direct_vs_group_full,langer,1,3,4,0.0113,0.0332,-0.0219,-1.1888,1.0005,group,88221,90297
direct_vs_group_full,legte,1,3,4,0.0113,0.0332,-0.0219,-1.1888,1.0005,group,88221,90297
direct_vs_group_full,lt,1,3,4,0.0113,0.0332,-0.0219,-1.1888,1.0005,group,88221,90297
direct_vs_group_full,manipulativ,1,3,4,0.0113,0.0332,-0.0219,-1.1888,1.0005,group,88221,90297
direct_vs_group_full,mitgeben,1,3,4,0.0113,0.0332,-0.0219,-1.1888,1.0005,group,88221,90297
direct_vs_group_full,mitgekommen,1,3,4,0.0113,0.0332,-0.0219,-1.1888,1.0005,group,88221,90297
direct_vs_group_full,mitgemacht,1,3,4,0.0113,0.0332,-0.0219,-1.1888,1.0005,group,88221,90297
direct_vs_group_full,nachdenken,1,3,4,0.0113,0.0332,-0.0219,-1.1888,1.0005,group,88221,90297
direct_vs_group_full,nervös,1,3,4,0.0113,0.0332,-0.0219,-1.1888,1.0005,group,88221,90297
direct_vs_group_full,neurochirurgisches,1,3,4,0.0113,0.0332,-0.0219,-1.1888,1.0005,group,88221,90297
direct_vs_group_full,nächtliche,1,3,4,0.0113,0.0332,-0.0219,-1.1888,1.0005,group,88221,90297
direct_vs_group_full,on,1,3,4,0.0113,0.0332,-0.0219,-1.1888,1.0005,group,88221,90297
direct_vs_group_full,p,1,3,4,0.0113,0.0332,-0.0219,-1.1888,1.0005,group,88221,90297
direct_vs_group_full,poststationären,1,3,4,0.0113,0.0332,-0.0219,-1.1888,1.0005,group,88221,90297
direct_vs_group_full,psychotisch,1,3,4,0.0113,0.0332,-0.0219,-1.1888,1.0005,group,88221,90297
direct_vs_group_full,rechten,1,3,4,0.0113,0.0332,-0.0219,-1.1888,1.0005,group,88221,90297
direct_vs_group_full,schwach,1,3,4,0.0113,0.0332,-0.0219,-1.1888,1.0005,group,88221,90297
direct_vs_group_full,schwerer,1,3,4,0.0113,0.0332,-0.0219,-1.1888,1.0005,group,88221,90297
direct_vs_group_full,starkem,1,3,4,0.0113,0.0332,-0.0219,-1.1888,1.0005,group,88221,90297
direct_vs_group_full,teilw,1,3,4,0.0113,0.0332,-0.0219,-1.1888,1.0005,group,88221,90297
direct_vs_group_full,trauen,1,3,4,0.0113,0.0332,-0.0219,-1.1888,1.0005,group,88221,90297
direct_vs_group_full,unauffälliger,1,3,4,0.0113,0.0332,-0.0219,-1.1888,1.0005,group,88221,90297
direct_vs_group_full,use,1,3,4,0.0113,0.0332,-0.0219,-1.1888,1.0005,group,88221,90297
direct_vs_group_full,verlieren,1,3,4,0.0113,0.0332,-0.0219,-1.1888,1.0005,group,88221,90297
direct_vs_group_full,vermeidende,1,3,4,0.0113,0.0332,-0.0219,-1.1888,1.0005,group,88221,90297
direct_vs_group_full,verunsichert,1,3,4,0.0113,0.0332,-0.0219,-1.1888,1.0005,group,88221,90297
direct_vs_group_full,vollständigen,1,3,4,0.0113,0.0332,-0.0219,-1.1888,1.0005,group,88221,90297
direct_vs_group_full,vorgehen,1,3,4,0.0113,0.0332,-0.0219,-1.1888,1.0005,group,88221,90297
direct_vs_group_full,vorstellt,1,3,4,0.0113,0.0332,-0.0219,-1.1888,1.0005,group,88221,90297
direct_vs_group_full,zeitweise,1,3,4,0.0113,0.0332,-0.0219,-1.1888,1.0005,group,88221,90297
direct_vs_group_full,Ärzt,1,3,4,0.0113,0.0332,-0.0219,-1.1888,1.0005,group,88221,90297
direct_vs_group_full,ärgerlich,1,3,4,0.0113,0.0332,-0.0219,-1.1888,1.0005,group,88221,90297
direct_vs_group_full,gestellt,13,19,32,0.1474,0.2104,-0.0631,-0.497,0.9965,group,88221,90297
direct_vs_group_full,Den,11,7,18,0.1247,0.0775,0.0472,0.6502,0.9918,direct,88221,90297
direct_vs_group_full,Reevaluation,11,7,18,0.1247,0.0775,0.0472,0.6502,0.9918,direct,88221,90297
direct_vs_group_full,abnehmen,11,7,18,0.1247,0.0775,0.0472,0.6502,0.9918,direct,88221,90297
direct_vs_group_full,email,11,7,18,0.1247,0.0775,0.0472,0.6502,0.9918,direct,88221,90297
direct_vs_group_full,psychische,11,7,18,0.1247,0.0775,0.0472,0.6502,0.9918,direct,88221,90297
direct_vs_group_full,unser,11,7,18,0.1247,0.0775,0.0472,0.6502,0.9918,direct,88221,90297
direct_vs_group_full,Außerdem,17,12,29,0.1927,0.1329,0.0598,0.519,0.9866,direct,88221,90297
direct_vs_group_full,Gewichtsvereinbarung,17,12,29,0.1927,0.1329,0.0598,0.519,0.9866,direct,88221,90297
direct_vs_group_full,alleine,17,12,29,0.1927,0.1329,0.0598,0.519,0.9866,direct,88221,90297
direct_vs_group_full,einer,92,81,173,1.0428,0.897,0.1458,0.2162,0.9791,direct,88221,90297
direct_vs_group_full,falls,74,64,138,0.8388,0.7088,0.13,0.2415,0.9765,direct,88221,90297
direct_vs_group_full,Angststörung,3,6,9,0.034,0.0664,-0.0324,-0.8595,0.9508,group,88221,90297
direct_vs_group_full,Beide,3,6,9,0.034,0.0664,-0.0324,-0.8595,0.9508,group,88221,90297
direct_vs_group_full,ED,3,6,9,0.034,0.0664,-0.0324,-0.8595,0.9508,group,88221,90297
direct_vs_group_full,Einführung,3,6,9,0.034,0.0664,-0.0324,-0.8595,0.9508,group,88221,90297
direct_vs_group_full,Luft,3,6,9,0.034,0.0664,-0.0324,-0.8595,0.9508,group,88221,90297
direct_vs_group_full,Nähe,3,6,9,0.034,0.0664,-0.0324,-0.8595,0.9508,group,88221,90297
direct_vs_group_full,OSAS,3,6,9,0.034,0.0664,-0.0324,-0.8595,0.9508,group,88221,90297
direct_vs_group_full,Schlaflabor,3,6,9,0.034,0.0664,-0.0324,-0.8595,0.9508,group,88221,90297
direct_vs_group_full,Schluss,3,6,9,0.034,0.0664,-0.0324,-0.8595,0.9508,group,88221,90297
direct_vs_group_full,Situationen,3,6,9,0.034,0.0664,-0.0324,-0.8595,0.9508,group,88221,90297
direct_vs_group_full,Veränderung,3,6,9,0.034,0.0664,-0.0324,-0.8595,0.9508,group,88221,90297
direct_vs_group_full,Weiterbildung,3,6,9,0.034,0.0664,-0.0324,-0.8595,0.9508,group,88221,90297
direct_vs_group_full,ambulanter,3,6,9,0.034,0.0664,-0.0324,-0.8595,0.9508,group,88221,90297
direct_vs_group_full,entzügig,3,6,9,0.034,0.0664,-0.0324,-0.8595,0.9508,group,88221,90297
direct_vs_group_full,großes,3,6,9,0.034,0.0664,-0.0324,-0.8595,0.9508,group,88221,90297
direct_vs_group_full,kurzen,3,6,9,0.034,0.0664,-0.0324,-0.8595,0.9508,group,88221,90297
direct_vs_group_full,mitgeteilt,3,6,9,0.034,0.0664,-0.0324,-0.8595,0.9508,group,88221,90297
direct_vs_group_full,normalerweise,3,6,9,0.034,0.0664,-0.0324,-0.8595,0.9508,group,88221,90297
direct_vs_group_full,relevant,3,6,9,0.034,0.0664,-0.0324,-0.8595,0.9508,group,88221,90297
direct_vs_group_full,via,3,6,9,0.034,0.0664,-0.0324,-0.8595,0.9508,group,88221,90297
direct_vs_group_full,wütend,3,6,9,0.034,0.0664,-0.0324,-0.8595,0.9508,group,88221,90297
direct_vs_group_full,hier,160,182,342,1.8136,2.0156,-0.2019,-0.1518,0.9507,group,88221,90297
direct_vs_group_full,bisher,31,40,71,0.3514,0.443,-0.0916,-0.329,0.9442,group,88221,90297
direct_vs_group_full,ihn,78,68,146,0.8841,0.7531,0.1311,0.2301,0.9378,direct,88221,90297
direct_vs_group_full,vereinbart,19,26,45,0.2154,0.2879,-0.0726,-0.409,0.9366,group,88221,90297
direct_vs_group_full,direkt,26,20,46,0.2947,0.2215,0.0732,0.4039,0.9306,direct,88221,90297
direct_vs_group_full,Würde,18,13,31,0.204,0.144,0.0601,0.4881,0.9305,direct,88221,90297
direct_vs_group_full,guten,18,13,31,0.204,0.144,0.0601,0.4881,0.9305,direct,88221,90297
direct_vs_group_full,Unterstützung,14,20,34,0.1587,0.2215,-0.0628,-0.466,0.9294,group,88221,90297
direct_vs_group_full,spricht,14,20,34,0.1587,0.2215,-0.0628,-0.466,0.9294,group,88221,90297
direct_vs_group_full,Kunsttherapie,6,10,16,0.068,0.1107,-0.0427,-0.6583,0.9198,group,88221,90297
direct_vs_group_full,Vormittag,6,10,16,0.068,0.1107,-0.0427,-0.6583,0.9198,group,88221,90297
direct_vs_group_full,eingestellt,6,10,16,0.068,0.1107,-0.0427,-0.6583,0.9198,group,88221,90297
direct_vs_group_full,möglichst,6,10,16,0.068,0.1107,-0.0427,-0.6583,0.9198,group,88221,90297
direct_vs_group_full,müde,6,10,16,0.068,0.1107,-0.0427,-0.6583,0.9198,group,88221,90297
direct_vs_group_full,neben,6,10,16,0.068,0.1107,-0.0427,-0.6583,0.9198,group,88221,90297
direct_vs_group_full,Dienstag,63,54,117,0.7141,0.598,0.1161,0.2541,0.9181,direct,88221,90297
direct_vs_group_full,B,39,49,88,0.4421,0.5427,-0.1006,-0.292,0.9181,group,88221,90297
direct_vs_group_full,schaffen,12,8,20,0.136,0.0886,0.0474,0.5899,0.9012,direct,88221,90297
direct_vs_group_full,zusätzlich,12,8,20,0.136,0.0886,0.0474,0.5899,0.9012,direct,88221,90297
direct_vs_group_full,ASS,7,4,11,0.0793,0.0443,0.035,0.7705,0.8999,direct,88221,90297
direct_vs_group_full,Name,7,4,11,0.0793,0.0443,0.035,0.7705,0.8999,direct,88221,90297
direct_vs_group_full,URL,7,4,11,0.0793,0.0443,0.035,0.7705,0.8999,direct,88221,90297
direct_vs_group_full,angetroffen,7,4,11,0.0793,0.0443,0.035,0.7705,0.8999,direct,88221,90297
direct_vs_group_full,eingefügt,7,4,11,0.0793,0.0443,0.035,0.7705,0.8999,direct,88221,90297
direct_vs_group_full,fragte,7,4,11,0.0793,0.0443,0.035,0.7705,0.8999,direct,88221,90297
direct_vs_group_full,hypertensiver,7,4,11,0.0793,0.0443,0.035,0.7705,0.8999,direct,88221,90297
direct_vs_group_full,häufig,7,4,11,0.0793,0.0443,0.035,0.7705,0.8999,direct,88221,90297
direct_vs_group_full,interessant,7,4,11,0.0793,0.0443,0.035,0.7705,0.8999,direct,88221,90297
direct_vs_group_full,kennst,7,4,11,0.0793,0.0443,0.035,0.7705,0.8999,direct,88221,90297
direct_vs_group_full,mitbringen,7,4,11,0.0793,0.0443,0.035,0.7705,0.8999,direct,88221,90297
direct_vs_group_full,profitieren,7,4,11,0.0793,0.0443,0.035,0.7705,0.8999,direct,88221,90297
direct_vs_group_full,solltest,7,4,11,0.0793,0.0443,0.035,0.7705,0.8999,direct,88221,90297
direct_vs_group_full,stand,7,4,11,0.0793,0.0443,0.035,0.7705,0.8999,direct,88221,90297
direct_vs_group_full,überlegen,10,15,25,0.1134,0.1661,-0.0528,-0.5283,0.8939,group,88221,90297
direct_vs_group_full,nächsten,33,42,75,0.3741,0.4651,-0.0911,-0.3097,0.8834,group,88221,90297
direct_vs_group_full,würden,15,21,36,0.17,0.2326,-0.0625,-0.4385,0.87,group,88221,90297
direct_vs_group_full,soweit,28,22,50,0.3174,0.2436,0.0737,0.3746,0.8681,direct,88221,90297
direct_vs_group_full,dass,543,525,1068,6.155,5.8141,0.3409,0.0821,0.8665,direct,88221,90297
direct_vs_group_full,empfehlen,11,16,27,0.1247,0.1772,-0.0525,-0.4873,0.8186,group,88221,90297
direct_vs_group_full,sonst,56,48,104,0.6348,0.5316,0.1032,0.2538,0.8161,direct,88221,90297
direct_vs_group_full,gegangen,22,29,51,0.2494,0.3212,-0.0718,-0.3572,0.8079,group,88221,90297
direct_vs_group_full,Daher,7,11,18,0.0793,0.1218,-0.0425,-0.5831,0.8058,group,88221,90297
direct_vs_group_full,PS,7,11,18,0.0793,0.1218,-0.0425,-0.5831,0.8058,group,88221,90297
direct_vs_group_full,Spätdienst,7,11,18,0.0793,0.1218,-0.0425,-0.5831,0.8058,group,88221,90297
direct_vs_group_full,besonders,7,11,18,0.0793,0.1218,-0.0425,-0.5831,0.8058,group,88221,90297
direct_vs_group_full,toll,7,11,18,0.0793,0.1218,-0.0425,-0.5831,0.8058,group,88221,90297
direct_vs_group_full,Essgruppe,36,45,81,0.4081,0.4984,-0.0903,-0.2844,0.8037,group,88221,90297
direct_vs_group_full,Probatorik,21,16,37,0.238,0.1772,0.0608,0.4154,0.799,direct,88221,90297
direct_vs_group_full,gibt,76,67,143,0.8615,0.742,0.1195,0.2141,0.7955,direct,88221,90297
direct_vs_group_full,sowie,23,30,53,0.2607,0.3322,-0.0715,-0.3426,0.7716,group,88221,90297
direct_vs_group_full,Augang,8,5,13,0.0907,0.0554,0.0353,0.6616,0.7701,direct,88221,90297
direct_vs_group_full,Gibt,8,5,13,0.0907,0.0554,0.0353,0.6616,0.7701,direct,88221,90297
direct_vs_group_full,T2,8,5,13,0.0907,0.0554,0.0353,0.6616,0.7701,direct,88221,90297
direct_vs_group_full,Update,8,5,13,0.0907,0.0554,0.0353,0.6616,0.7701,direct,88221,90297
direct_vs_group_full,käme,8,5,13,0.0907,0.0554,0.0353,0.6616,0.7701,direct,88221,90297
direct_vs_group_full,somatischen,8,5,13,0.0907,0.0554,0.0353,0.6616,0.7701,direct,88221,90297
direct_vs_group_full,spreche,8,5,13,0.0907,0.0554,0.0353,0.6616,0.7701,direct,88221,90297
direct_vs_group_full,Anfang,14,10,24,0.1587,0.1107,0.0479,0.4992,0.7661,direct,88221,90297
direct_vs_group_full,meinte,22,17,39,0.2494,0.1883,0.0611,0.3961,0.7644,direct,88221,90297
direct_vs_group_full,Könnte,4,7,11,0.0453,0.0775,-0.0322,-0.7034,0.7603,group,88221,90297
direct_vs_group_full,Stelle,4,7,11,0.0453,0.0775,-0.0322,-0.7034,0.7603,group,88221,90297
direct_vs_group_full,damals,4,7,11,0.0453,0.0775,-0.0322,-0.7034,0.7603,group,88221,90297
direct_vs_group_full,einigen,4,7,11,0.0453,0.0775,-0.0322,-0.7034,0.7603,group,88221,90297
direct_vs_group_full,grundsätzlich,4,7,11,0.0453,0.0775,-0.0322,-0.7034,0.7603,group,88221,90297
direct_vs_group_full,wollten,4,7,11,0.0453,0.0775,-0.0322,-0.7034,0.7603,group,88221,90297
direct_vs_group_full,äußerte,4,7,11,0.0453,0.0775,-0.0322,-0.7034,0.7603,group,88221,90297
direct_vs_group_full,sondern,24,31,55,0.272,0.3433,-0.0713,-0.329,0.738,group,88221,90297
direct_vs_group_full,sollte,57,68,125,0.6461,0.7531,-0.107,-0.219,0.7303,group,88221,90297
direct_vs_group_full,12Uhr,4,2,6,0.0453,0.0221,0.0232,0.8816,0.7269,direct,88221,90297
direct_vs_group_full,Ambivalenz,4,2,6,0.0453,0.0221,0.0232,0.8816,0.7269,direct,88221,90297
direct_vs_group_full,Außen,4,2,6,0.0453,0.0221,0.0232,0.8816,0.7269,direct,88221,90297
direct_vs_group_full,BD,4,2,6,0.0453,0.0221,0.0232,0.8816,0.7269,direct,88221,90297
direct_vs_group_full,Bewegungs,4,2,6,0.0453,0.0221,0.0232,0.8816,0.7269,direct,88221,90297
direct_vs_group_full,Bezüglich,4,2,6,0.0453,0.0221,0.0232,0.8816,0.7269,direct,88221,90297
direct_vs_group_full,Endometriosebereich,4,2,6,0.0453,0.0221,0.0232,0.8816,0.7269,direct,88221,90297
direct_vs_group_full,Fremdsprache,4,2,6,0.0453,0.0221,0.0232,0.8816,0.7269,direct,88221,90297
direct_vs_group_full,ITS,4,2,6,0.0453,0.0221,0.0232,0.8816,0.7269,direct,88221,90297
direct_vs_group_full,Interaktionen,4,2,6,0.0453,0.0221,0.0232,0.8816,0.7269,direct,88221,90297
direct_vs_group_full,Interview,4,2,6,0.0453,0.0221,0.0232,0.8816,0.7269,direct,88221,90297
direct_vs_group_full,Kongress,4,2,6,0.0453,0.0221,0.0232,0.8816,0.7269,direct,88221,90297
direct_vs_group_full,Kunst,4,2,6,0.0453,0.0221,0.0232,0.8816,0.7269,direct,88221,90297
direct_vs_group_full,Logopädie,4,2,6,0.0453,0.0221,0.0232,0.8816,0.7269,direct,88221,90297
direct_vs_group_full,Magnesium,4,2,6,0.0453,0.0221,0.0232,0.8816,0.7269,direct,88221,90297
direct_vs_group_full,Neurosono,4,2,6,0.0453,0.0221,0.0232,0.8816,0.7269,direct,88221,90297
direct_vs_group_full,OK,4,2,6,0.0453,0.0221,0.0232,0.8816,0.7269,direct,88221,90297
direct_vs_group_full,Partner,4,2,6,0.0453,0.0221,0.0232,0.8816,0.7269,direct,88221,90297
direct_vs_group_full,Psychotherapeuten,4,2,6,0.0453,0.0221,0.0232,0.8816,0.7269,direct,88221,90297
direct_vs_group_full,Recht,4,2,6,0.0453,0.0221,0.0232,0.8816,0.7269,direct,88221,90297
direct_vs_group_full,Sohn,4,2,6,0.0453,0.0221,0.0232,0.8816,0.7269,direct,88221,90297
direct_vs_group_full,Substanzkonsum,4,2,6,0.0453,0.0221,0.0232,0.8816,0.7269,direct,88221,90297
direct_vs_group_full,Thematik,4,2,6,0.0453,0.0221,0.0232,0.8816,0.7269,direct,88221,90297
direct_vs_group_full,Visitenliste,4,2,6,0.0453,0.0221,0.0232,0.8816,0.7269,direct,88221,90297
direct_vs_group_full,absolviert,4,2,6,0.0453,0.0221,0.0232,0.8816,0.7269,direct,88221,90297
direct_vs_group_full,bat,4,2,6,0.0453,0.0221,0.0232,0.8816,0.7269,direct,88221,90297
direct_vs_group_full,depressiver,4,2,6,0.0453,0.0221,0.0232,0.8816,0.7269,direct,88221,90297
direct_vs_group_full,erkrankt,4,2,6,0.0453,0.0221,0.0232,0.8816,0.7269,direct,88221,90297
direct_vs_group_full,fehlender,4,2,6,0.0453,0.0221,0.0232,0.8816,0.7269,direct,88221,90297
direct_vs_group_full,fordert,4,2,6,0.0453,0.0221,0.0232,0.8816,0.7269,direct,88221,90297
direct_vs_group_full,gelandet,4,2,6,0.0453,0.0221,0.0232,0.8816,0.7269,direct,88221,90297
direct_vs_group_full,getestet,4,2,6,0.0453,0.0221,0.0232,0.8816,0.7269,direct,88221,90297
direct_vs_group_full,groß,4,2,6,0.0453,0.0221,0.0232,0.8816,0.7269,direct,88221,90297
direct_vs_group_full,hattet,4,2,6,0.0453,0.0221,0.0232,0.8816,0.7269,direct,88221,90297
direct_vs_group_full,konsil,4,2,6,0.0453,0.0221,0.0232,0.8816,0.7269,direct,88221,90297
direct_vs_group_full,lege,4,2,6,0.0453,0.0221,0.0232,0.8816,0.7269,direct,88221,90297
direct_vs_group_full,linken,4,2,6,0.0453,0.0221,0.0232,0.8816,0.7269,direct,88221,90297
direct_vs_group_full,mittel/Schwer,4,2,6,0.0453,0.0221,0.0232,0.8816,0.7269,direct,88221,90297
direct_vs_group_full,moin,4,2,6,0.0453,0.0221,0.0232,0.8816,0.7269,direct,88221,90297
direct_vs_group_full,orientiert,4,2,6,0.0453,0.0221,0.0232,0.8816,0.7269,direct,88221,90297
direct_vs_group_full,rausnehmen,4,2,6,0.0453,0.0221,0.0232,0.8816,0.7269,direct,88221,90297
direct_vs_group_full,sicherlich,4,2,6,0.0453,0.0221,0.0232,0.8816,0.7269,direct,88221,90297
direct_vs_group_full,station,4,2,6,0.0453,0.0221,0.0232,0.8816,0.7269,direct,88221,90297
direct_vs_group_full,untergegangen,4,2,6,0.0453,0.0221,0.0232,0.8816,0.7269,direct,88221,90297
direct_vs_group_full,wenden,4,2,6,0.0453,0.0221,0.0232,0.8816,0.7269,direct,88221,90297
direct_vs_group_full,zukommen,4,2,6,0.0453,0.0221,0.0232,0.8816,0.7269,direct,88221,90297
direct_vs_group_full,Ärzte,4,2,6,0.0453,0.0221,0.0232,0.8816,0.7269,direct,88221,90297
direct_vs_group_full,ging,18,24,42,0.204,0.2658,-0.0618,-0.3717,0.7262,group,88221,90297
direct_vs_group_full,Regeln,8,12,20,0.0907,0.1329,-0.0422,-0.5228,0.7151,group,88221,90297
direct_vs_group_full,VD,8,12,20,0.0907,0.1329,-0.0422,-0.5228,0.7151,group,88221,90297
direct_vs_group_full,anfangen,8,12,20,0.0907,0.1329,-0.0422,-0.5228,0.7151,group,88221,90297
direct_vs_group_full,normal,8,12,20,0.0907,0.1329,-0.0422,-0.5228,0.7151,group,88221,90297
direct_vs_group_full,somatisch,8,12,20,0.0907,0.1329,-0.0422,-0.5228,0.7151,group,88221,90297
direct_vs_group_full,Eine,15,11,26,0.17,0.1218,0.0482,0.4642,0.7144,direct,88221,90297
direct_vs_group_full,Rücksprache,15,11,26,0.17,0.1218,0.0482,0.4642,0.7144,direct,88221,90297
direct_vs_group_full,unsicher,15,11,26,0.17,0.1218,0.0482,0.4642,0.7144,direct,88221,90297
direct_vs_group_full,vorbei,15,11,26,0.17,0.1218,0.0482,0.4642,0.7144,direct,88221,90297
direct_vs_group_full,Fall,35,29,64,0.3967,0.3212,0.0756,0.3007,0.7115,direct,88221,90297
direct_vs_group_full,sollten,25,32,57,0.2834,0.3544,-0.071,-0.3164,0.7067,group,88221,90297
direct_vs_group_full,weiter,59,70,129,0.6688,0.7752,-0.1064,-0.2112,0.7007,group,88221,90297
direct_vs_group_full,ab,160,149,309,1.8136,1.6501,0.1635,0.136,0.6893,direct,88221,90297
direct_vs_group_full,Kanal,25,20,45,0.2834,0.2215,0.0619,0.3484,0.6791,direct,88221,90297
direct_vs_group_full,Entgleisung,9,6,15,0.102,0.0664,0.0356,0.581,0.6759,direct,88221,90297
direct_vs_group_full,Gerne,9,6,15,0.102,0.0664,0.0356,0.581,0.6759,direct,88221,90297
direct_vs_group_full,Ordner,9,6,15,0.102,0.0664,0.0356,0.581,0.6759,direct,88221,90297
direct_vs_group_full,Schlaf,9,6,15,0.102,0.0664,0.0356,0.581,0.6759,direct,88221,90297
direct_vs_group_full,ambulanten,9,6,15,0.102,0.0664,0.0356,0.581,0.6759,direct,88221,90297
direct_vs_group_full,ausführlich,9,6,15,0.102,0.0664,0.0356,0.581,0.6759,direct,88221,90297
direct_vs_group_full,bespreche,9,6,15,0.102,0.0664,0.0356,0.581,0.6759,direct,88221,90297
direct_vs_group_full,vorschlagen,9,6,15,0.102,0.0664,0.0356,0.581,0.6759,direct,88221,90297
direct_vs_group_full,müssten,16,12,28,0.1814,0.1329,0.0485,0.4341,0.6702,direct,88221,90297
direct_vs_group_full,Team,73,85,158,0.8275,0.9413,-0.1139,-0.1846,0.6545,group,88221,90297
direct_vs_group_full,vermutlich,20,26,46,0.2267,0.2879,-0.0612,-0.3368,0.6515,group,88221,90297
direct_vs_group_full,EKG,39,33,72,0.4421,0.3655,0.0766,0.2712,0.6499,direct,88221,90297
direct_vs_group_full,ansonsten,14,19,33,0.1587,0.2104,-0.0517,-0.3939,0.6487,group,88221,90297
direct_vs_group_full,Minuten,9,13,22,0.102,0.144,-0.042,-0.4734,0.6413,group,88221,90297
direct_vs_group_full,4,40,34,74,0.4534,0.3765,0.0769,0.2649,0.6366,direct,88221,90297
direct_vs_group_full,23,2,4,6,0.0227,0.0443,-0.0216,-0.8144,0.6339,group,88221,90297
direct_vs_group_full,Ansprechpartner,2,4,6,0.0227,0.0443,-0.0216,-0.8144,0.6339,group,88221,90297
direct_vs_group_full,Auseinandersetzung,2,4,6,0.0227,0.0443,-0.0216,-0.8144,0.6339,group,88221,90297
direct_vs_group_full,Beinödeme,2,4,6,0.0227,0.0443,-0.0216,-0.8144,0.6339,group,88221,90297
direct_vs_group_full,Bindung,2,4,6,0.0227,0.0443,-0.0216,-0.8144,0.6339,group,88221,90297
direct_vs_group_full,C,2,4,6,0.0227,0.0443,-0.0216,-0.8144,0.6339,group,88221,90297
direct_vs_group_full,Damit,2,4,6,0.0227,0.0443,-0.0216,-0.8144,0.6339,group,88221,90297
direct_vs_group_full,Erfolg,2,4,6,0.0227,0.0443,-0.0216,-0.8144,0.6339,group,88221,90297
direct_vs_group_full,Essverhalten,2,4,6,0.0227,0.0443,-0.0216,-0.8144,0.6339,group,88221,90297
direct_vs_group_full,Feiertagen,2,4,6,0.0227,0.0443,-0.0216,-0.8144,0.6339,group,88221,90297
direct_vs_group_full,Fähigkeiten,2,4,6,0.0227,0.0443,-0.0216,-0.8144,0.6339,group,88221,90297
direct_vs_group_full,Generell,2,4,6,0.0227,0.0443,-0.0216,-0.8144,0.6339,group,88221,90297
direct_vs_group_full,Gruppensitzung,2,4,6,0.0227,0.0443,-0.0216,-0.8144,0.6339,group,88221,90297
direct_vs_group_full,Gruppenvisite,2,4,6,0.0227,0.0443,-0.0216,-0.8144,0.6339,group,88221,90297
direct_vs_group_full,Klinkstandort,2,4,6,0.0227,0.0443,-0.0216,-0.8144,0.6339,group,88221,90297
direct_vs_group_full,Microsoft,2,4,6,0.0227,0.0443,-0.0216,-0.8144,0.6339,group,88221,90297
direct_vs_group_full,Mirta,2,4,6,0.0227,0.0443,-0.0216,-0.8144,0.6339,group,88221,90297
direct_vs_group_full,Partnerschaft,2,4,6,0.0227,0.0443,-0.0216,-0.8144,0.6339,group,88221,90297
direct_vs_group_full,Psychiaterin,2,4,6,0.0227,0.0443,-0.0216,-0.8144,0.6339,group,88221,90297
direct_vs_group_full,Reaktion,2,4,6,0.0227,0.0443,-0.0216,-0.8144,0.6339,group,88221,90297
direct_vs_group_full,SPD,2,4,6,0.0227,0.0443,-0.0216,-0.8144,0.6339,group,88221,90297
direct_vs_group_full,Schweigepflichtentbindung,2,4,6,0.0227,0.0443,-0.0216,-0.8144,0.6339,group,88221,90297
direct_vs_group_full,Sommer,2,4,6,0.0227,0.0443,-0.0216,-0.8144,0.6339,group,88221,90297
direct_vs_group_full,Sondennahrung,2,4,6,0.0227,0.0443,-0.0216,-0.8144,0.6339,group,88221,90297
direct_vs_group_full,TP,2,4,6,0.0227,0.0443,-0.0216,-0.8144,0.6339,group,88221,90297
direct_vs_group_full,Unruhe,2,4,6,0.0227,0.0443,-0.0216,-0.8144,0.6339,group,88221,90297
direct_vs_group_full,Vorbefunden,2,4,6,0.0227,0.0443,-0.0216,-0.8144,0.6339,group,88221,90297
direct_vs_group_full,Vordergrund,2,4,6,0.0227,0.0443,-0.0216,-0.8144,0.6339,group,88221,90297
direct_vs_group_full,Weiteres,2,4,6,0.0227,0.0443,-0.0216,-0.8144,0.6339,group,88221,90297
direct_vs_group_full,Werde,2,4,6,0.0227,0.0443,-0.0216,-0.8144,0.6339,group,88221,90297
direct_vs_group_full,Zukunft,2,4,6,0.0227,0.0443,-0.0216,-0.8144,0.6339,group,88221,90297
direct_vs_group_full,Zwischenmahlzeiten,2,4,6,0.0227,0.0443,-0.0216,-0.8144,0.6339,group,88221,90297
direct_vs_group_full,aktueller,2,4,6,0.0227,0.0443,-0.0216,-0.8144,0.6339,group,88221,90297
direct_vs_group_full,angebunden,2,4,6,0.0227,0.0443,-0.0216,-0.8144,0.6339,group,88221,90297
direct_vs_group_full,aufzunehmen,2,4,6,0.0227,0.0443,-0.0216,-0.8144,0.6339,group,88221,90297
direct_vs_group_full,außen,2,4,6,0.0227,0.0443,-0.0216,-0.8144,0.6339,group,88221,90297
direct_vs_group_full,behandeln,2,4,6,0.0227,0.0443,-0.0216,-0.8144,0.6339,group,88221,90297
direct_vs_group_full,beklagt,2,4,6,0.0227,0.0443,-0.0216,-0.8144,0.6339,group,88221,90297
direct_vs_group_full,benötigt,2,4,6,0.0227,0.0443,-0.0216,-0.8144,0.6339,group,88221,90297
direct_vs_group_full,beschreiben,2,4,6,0.0227,0.0443,-0.0216,-0.8144,0.6339,group,88221,90297
direct_vs_group_full,charite,2,4,6,0.0227,0.0443,-0.0216,-0.8144,0.6339,group,88221,90297
direct_vs_group_full,eindeutig,2,4,6,0.0227,0.0443,-0.0216,-0.8144,0.6339,group,88221,90297
direct_vs_group_full,erfüllen,2,4,6,0.0227,0.0443,-0.0216,-0.8144,0.6339,group,88221,90297
direct_vs_group_full,falle,2,4,6,0.0227,0.0443,-0.0216,-0.8144,0.6339,group,88221,90297
direct_vs_group_full,fing,2,4,6,0.0227,0.0443,-0.0216,-0.8144,0.6339,group,88221,90297
direct_vs_group_full,formal,2,4,6,0.0227,0.0443,-0.0216,-0.8144,0.6339,group,88221,90297
direct_vs_group_full,großer,2,4,6,0.0227,0.0443,-0.0216,-0.8144,0.6339,group,88221,90297
direct_vs_group_full,hinterlegt,2,4,6,0.0227,0.0443,-0.0216,-0.8144,0.6339,group,88221,90297
direct_vs_group_full,iv,2,4,6,0.0227,0.0443,-0.0216,-0.8144,0.6339,group,88221,90297
direct_vs_group_full,konfrontieren,2,4,6,0.0227,0.0443,-0.0216,-0.8144,0.6339,group,88221,90297
direct_vs_group_full,lief,2,4,6,0.0227,0.0443,-0.0216,-0.8144,0.6339,group,88221,90297
direct_vs_group_full,links,2,4,6,0.0227,0.0443,-0.0216,-0.8144,0.6339,group,88221,90297
direct_vs_group_full,mitgebracht,2,4,6,0.0227,0.0443,-0.0216,-0.8144,0.6339,group,88221,90297
direct_vs_group_full,mitgegeben,2,4,6,0.0227,0.0443,-0.0216,-0.8144,0.6339,group,88221,90297
direct_vs_group_full,neuer,2,4,6,0.0227,0.0443,-0.0216,-0.8144,0.6339,group,88221,90297
direct_vs_group_full,neues,2,4,6,0.0227,0.0443,-0.0216,-0.8144,0.6339,group,88221,90297
direct_vs_group_full,psychotherapeutische,2,4,6,0.0227,0.0443,-0.0216,-0.8144,0.6339,group,88221,90297
direct_vs_group_full,realistisch,2,4,6,0.0227,0.0443,-0.0216,-0.8144,0.6339,group,88221,90297
direct_vs_group_full,skeptisch,2,4,6,0.0227,0.0443,-0.0216,-0.8144,0.6339,group,88221,90297
direct_vs_group_full,somit,2,4,6,0.0227,0.0443,-0.0216,-0.8144,0.6339,group,88221,90297
direct_vs_group_full,unterhalten,2,4,6,0.0227,0.0443,-0.0216,-0.8144,0.6339,group,88221,90297
direct_vs_group_full,unterwegs,2,4,6,0.0227,0.0443,-0.0216,-0.8144,0.6339,group,88221,90297
direct_vs_group_full,verabschiede,2,4,6,0.0227,0.0443,-0.0216,-0.8144,0.6339,group,88221,90297
direct_vs_group_full,vorherigen,2,4,6,0.0227,0.0443,-0.0216,-0.8144,0.6339,group,88221,90297
direct_vs_group_full,wahrzunehmen,2,4,6,0.0227,0.0443,-0.0216,-0.8144,0.6339,group,88221,90297
direct_vs_group_full,fragt,17,13,30,0.1927,0.144,0.0487,0.408,0.632,direct,88221,90297
direct_vs_group_full,Beziehung,5,8,13,0.0567,0.0886,-0.0319,-0.5945,0.6306,group,88221,90297
direct_vs_group_full,Gewichtsziel,5,8,13,0.0567,0.0886,-0.0319,-0.5945,0.6306,group,88221,90297
direct_vs_group_full,Hand,5,8,13,0.0567,0.0886,-0.0319,-0.5945,0.6306,group,88221,90297
direct_vs_group_full,Wechsel,5,8,13,0.0567,0.0886,-0.0319,-0.5945,0.6306,group,88221,90297
direct_vs_group_full,Wiederaufnahme,5,8,13,0.0567,0.0886,-0.0319,-0.5945,0.6306,group,88221,90297
direct_vs_group_full,beachten,5,8,13,0.0567,0.0886,-0.0319,-0.5945,0.6306,group,88221,90297
direct_vs_group_full,einfügen,5,8,13,0.0567,0.0886,-0.0319,-0.5945,0.6306,group,88221,90297
direct_vs_group_full,entfernt,5,8,13,0.0567,0.0886,-0.0319,-0.5945,0.6306,group,88221,90297
direct_vs_group_full,interessiert,5,8,13,0.0567,0.0886,-0.0319,-0.5945,0.6306,group,88221,90297
direct_vs_group_full,starten,5,8,13,0.0567,0.0886,-0.0319,-0.5945,0.6306,group,88221,90297
direct_vs_group_full,verabschieden,5,8,13,0.0567,0.0886,-0.0319,-0.5945,0.6306,group,88221,90297
direct_vs_group_full,ziehen,5,8,13,0.0567,0.0886,-0.0319,-0.5945,0.6306,group,88221,90297
direct_vs_group_full,übernehmen,45,54,99,0.5101,0.598,-0.0879,-0.2268,0.6234,group,88221,90297
direct_vs_group_full,Im,21,27,48,0.238,0.299,-0.061,-0.3215,0.6189,group,88221,90297
direct_vs_group_full,vorstellen,21,27,48,0.238,0.299,-0.061,-0.3215,0.6189,group,88221,90297
direct_vs_group_full,aktuell,77,89,166,0.8728,0.9856,-0.1128,-0.1741,0.6116,group,88221,90297
direct_vs_group_full,MRT,15,20,35,0.17,0.2215,-0.0515,-0.3698,0.6052,group,88221,90297
direct_vs_group_full,Stand,10,7,17,0.1134,0.0775,0.0358,0.519,0.6043,direct,88221,90297
direct_vs_group_full,Wasser,10,7,17,0.1134,0.0775,0.0358,0.519,0.6043,direct,88221,90297
direct_vs_group_full,address,10,7,17,0.1134,0.0775,0.0358,0.519,0.6043,direct,88221,90297
direct_vs_group_full,ansetzen,10,7,17,0.1134,0.0775,0.0358,0.519,0.6043,direct,88221,90297
direct_vs_group_full,schlechter,10,7,17,0.1134,0.0775,0.0358,0.519,0.6043,direct,88221,90297
direct_vs_group_full,unserem,10,7,17,0.1134,0.0775,0.0358,0.519,0.6043,direct,88221,90297
direct_vs_group_full,überlegt,10,7,17,0.1134,0.0775,0.0358,0.519,0.6043,direct,88221,90297
direct_vs_group_full,weil,89,81,170,1.0088,0.897,0.1118,0.1686,0.5857,direct,88221,90297
direct_vs_group_full,Mittagessen,10,14,24,0.1134,0.155,-0.0417,-0.4321,0.58,group,88221,90297
direct_vs_group_full,Sicht,10,14,24,0.1134,0.155,-0.0417,-0.4321,0.58,group,88221,90297
direct_vs_group_full,will,46,40,86,0.5214,0.443,0.0784,0.2329,0.5701,direct,88221,90297
direct_vs_group_full,10mg,5,3,8,0.0567,0.0332,0.0235,0.6856,0.5529,direct,88221,90297
direct_vs_group_full,Diskussion,5,3,8,0.0567,0.0332,0.0235,0.6856,0.5529,direct,88221,90297
direct_vs_group_full,Hinweise,5,3,8,0.0567,0.0332,0.0235,0.6856,0.5529,direct,88221,90297
direct_vs_group_full,Iso,5,3,8,0.0567,0.0332,0.0235,0.6856,0.5529,direct,88221,90297
direct_vs_group_full,Kein,5,3,8,0.0567,0.0332,0.0235,0.6856,0.5529,direct,88221,90297
direct_vs_group_full,Klar,5,3,8,0.0567,0.0332,0.0235,0.6856,0.5529,direct,88221,90297
direct_vs_group_full,Klinikkonferenz,5,3,8,0.0567,0.0332,0.0235,0.6856,0.5529,direct,88221,90297
direct_vs_group_full,Kollegin,5,3,8,0.0567,0.0332,0.0235,0.6856,0.5529,direct,88221,90297
direct_vs_group_full,Nonsuizidvertrag,5,3,8,0.0567,0.0332,0.0235,0.6856,0.5529,direct,88221,90297
direct_vs_group_full,Psychiatrie,5,3,8,0.0567,0.0332,0.0235,0.6856,0.5529,direct,88221,90297
direct_vs_group_full,Rat,5,3,8,0.0567,0.0332,0.0235,0.6856,0.5529,direct,88221,90297
direct_vs_group_full,Sachen,5,3,8,0.0567,0.0332,0.0235,0.6856,0.5529,direct,88221,90297
direct_vs_group_full,Training,5,3,8,0.0567,0.0332,0.0235,0.6856,0.5529,direct,88221,90297
direct_vs_group_full,Unter,5,3,8,0.0567,0.0332,0.0235,0.6856,0.5529,direct,88221,90297
direct_vs_group_full,abgeben,5,3,8,0.0567,0.0332,0.0235,0.6856,0.5529,direct,88221,90297
direct_vs_group_full,angeschaut,5,3,8,0.0567,0.0332,0.0235,0.6856,0.5529,direct,88221,90297
direct_vs_group_full,annehmen,5,3,8,0.0567,0.0332,0.0235,0.6856,0.5529,direct,88221,90297
direct_vs_group_full,beenden,5,3,8,0.0567,0.0332,0.0235,0.6856,0.5529,direct,88221,90297
direct_vs_group_full,belastend,5,3,8,0.0567,0.0332,0.0235,0.6856,0.5529,direct,88221,90297
direct_vs_group_full,einrichten,5,3,8,0.0567,0.0332,0.0235,0.6856,0.5529,direct,88221,90297
direct_vs_group_full,erkundigen,5,3,8,0.0567,0.0332,0.0235,0.6856,0.5529,direct,88221,90297
direct_vs_group_full,fehlen,5,3,8,0.0567,0.0332,0.0235,0.6856,0.5529,direct,88221,90297
direct_vs_group_full,ganzen,5,3,8,0.0567,0.0332,0.0235,0.6856,0.5529,direct,88221,90297
direct_vs_group_full,hören,5,3,8,0.0567,0.0332,0.0235,0.6856,0.5529,direct,88221,90297
direct_vs_group_full,latenten,5,3,8,0.0567,0.0332,0.0235,0.6856,0.5529,direct,88221,90297
direct_vs_group_full,mitmachen,5,3,8,0.0567,0.0332,0.0235,0.6856,0.5529,direct,88221,90297
direct_vs_group_full,quasi,5,3,8,0.0567,0.0332,0.0235,0.6856,0.5529,direct,88221,90297
direct_vs_group_full,regelmäßige,5,3,8,0.0567,0.0332,0.0235,0.6856,0.5529,direct,88221,90297
direct_vs_group_full,verhalten,5,3,8,0.0567,0.0332,0.0235,0.6856,0.5529,direct,88221,90297
direct_vs_group_full,â¢,5,3,8,0.0567,0.0332,0.0235,0.6856,0.5529,direct,88221,90297
direct_vs_group_full,übers,5,3,8,0.0567,0.0332,0.0235,0.6856,0.5529,direct,88221,90297
direct_vs_group_full,Bettenplan,11,8,19,0.1247,0.0886,0.0361,0.4697,0.548,direct,88221,90297
direct_vs_group_full,Moment,11,8,19,0.1247,0.0886,0.0361,0.4697,0.548,direct,88221,90297
direct_vs_group_full,Nummer,11,8,19,0.1247,0.0886,0.0361,0.4697,0.548,direct,88221,90297
direct_vs_group_full,Soll,11,8,19,0.1247,0.0886,0.0361,0.4697,0.548,direct,88221,90297
direct_vs_group_full,sage,11,8,19,0.1247,0.0886,0.0361,0.4697,0.548,direct,88221,90297
direct_vs_group_full,sobald,11,8,19,0.1247,0.0886,0.0361,0.4697,0.548,direct,88221,90297
direct_vs_group_full,Ansonsten,20,16,36,0.2267,0.1772,0.0495,0.3467,0.5433,direct,88221,90297
direct_vs_group_full,40,6,9,15,0.068,0.0997,-0.0317,-0.5139,0.5363,group,88221,90297
direct_vs_group_full,Aufgabe,6,9,15,0.068,0.0997,-0.0317,-0.5139,0.5363,group,88221,90297
direct_vs_group_full,Entzündung,6,9,15,0.068,0.0997,-0.0317,-0.5139,0.5363,group,88221,90297
direct_vs_group_full,anpassen,6,9,15,0.068,0.0997,-0.0317,-0.5139,0.5363,group,88221,90297
direct_vs_group_full,m,6,9,15,0.068,0.0997,-0.0317,-0.5139,0.5363,group,88221,90297
direct_vs_group_full,regelmäßig,6,9,15,0.068,0.0997,-0.0317,-0.5139,0.5363,group,88221,90297
direct_vs_group_full,teilweise,6,9,15,0.068,0.0997,-0.0317,-0.5139,0.5363,group,88221,90297
direct_vs_group_full,verschoben,6,9,15,0.068,0.0997,-0.0317,-0.5139,0.5363,group,88221,90297
direct_vs_group_full,meiner,24,30,54,0.272,0.3322,-0.0602,-0.2825,0.5358,group,88221,90297
direct_vs_group_full,mehr,147,138,285,1.6663,1.5283,0.138,0.1244,0.5321,direct,88221,90297
direct_vs_group_full,diesen,17,22,39,0.1927,0.2436,-0.0509,-0.329,0.5318,group,88221,90297
direct_vs_group_full,Montag,86,98,184,0.9748,1.0853,-0.1105,-0.1539,0.5289,group,88221,90297
direct_vs_group_full,Quetiapin,11,15,26,0.1247,0.1661,-0.0414,-0.3971,0.5283,group,88221,90297
direct_vs_group_full,entschieden,11,15,26,0.1247,0.1661,-0.0414,-0.3971,0.5283,group,88221,90297
direct_vs_group_full,13,64,74,138,0.7255,0.8195,-0.0941,-0.1744,0.5113,group,88221,90297
direct_vs_group_full,gesprochen,54,48,102,0.6121,0.5316,0.0805,0.2018,0.5065,direct,88221,90297
direct_vs_group_full,oft,12,9,21,0.136,0.0997,0.0364,0.4295,0.5027,direct,88221,90297
direct_vs_group_full,überhaupt,12,9,21,0.136,0.0997,0.0364,0.4295,0.5027,direct,88221,90297
direct_vs_group_full,2x,18,23,41,0.204,0.2547,-0.0507,-0.3116,0.5005,group,88221,90297
direct_vs_group_full,Angehörigengespräch,22,18,40,0.2494,0.1993,0.05,0.316,0.4991,direct,88221,90297
direct_vs_group_full,schwer,26,32,58,0.2947,0.3544,-0.0597,-0.2609,0.4901,group,88221,90297
direct_vs_group_full,bekommt,37,32,69,0.4194,0.3544,0.065,0.24,0.4883,direct,88221,90297
direct_vs_group_full,50,12,16,28,0.136,0.1772,-0.0412,-0.367,0.4841,group,88221,90297
direct_vs_group_full,Symptome,12,16,28,0.136,0.1772,-0.0412,-0.367,0.4841,group,88221,90297
direct_vs_group_full,8,19,24,43,0.2154,0.2658,-0.0504,-0.2958,0.4722,group,88221,90297
direct_vs_group_full,Do,19,24,43,0.2154,0.2658,-0.0504,-0.2958,0.4722,group,88221,90297
direct_vs_group_full,täglich,19,24,43,0.2154,0.2658,-0.0504,-0.2958,0.4722,group,88221,90297
direct_vs_group_full,vielen,39,34,73,0.4421,0.3765,0.0655,0.2288,0.4689,direct,88221,90297
direct_vs_group_full,gut,202,193,395,2.2897,2.1374,0.1523,0.0991,0.4678,direct,88221,90297
direct_vs_group_full,Zu,13,10,23,0.1474,0.1107,0.0366,0.3961,0.4653,direct,88221,90297
direct_vs_group_full,ganze,13,10,23,0.1474,0.1107,0.0366,0.3961,0.4653,direct,88221,90297
direct_vs_group_full,Procedere,7,10,17,0.0793,0.1107,-0.0314,-0.4519,0.4647,group,88221,90297
direct_vs_group_full,Sinn,7,10,17,0.0793,0.1107,-0.0314,-0.4519,0.4647,group,88221,90297
direct_vs_group_full,Zudem,7,10,17,0.0793,0.1107,-0.0314,-0.4519,0.4647,group,88221,90297
direct_vs_group_full,zwar,7,10,17,0.0793,0.1107,-0.0314,-0.4519,0.4647,group,88221,90297
direct_vs_group_full,fest,24,20,44,0.272,0.2215,0.0506,0.2907,0.4631,direct,88221,90297
direct_vs_group_full,00Uhr,3,5,8,0.034,0.0554,-0.0214,-0.6185,0.4599,group,88221,90297
direct_vs_group_full,Blutdruck,3,5,8,0.034,0.0554,-0.0214,-0.6185,0.4599,group,88221,90297
direct_vs_group_full,EU,3,5,8,0.034,0.0554,-0.0214,-0.6185,0.4599,group,88221,90297
direct_vs_group_full,Hals,3,5,8,0.034,0.0554,-0.0214,-0.6185,0.4599,group,88221,90297
direct_vs_group_full,Hyperkaliämie,3,5,8,0.034,0.0554,-0.0214,-0.6185,0.4599,group,88221,90297
direct_vs_group_full,Jahre,3,5,8,0.034,0.0554,-0.0214,-0.6185,0.4599,group,88221,90297
direct_vs_group_full,Konnte,3,5,8,0.034,0.0554,-0.0214,-0.6185,0.4599,group,88221,90297
direct_vs_group_full,Konzept,3,5,8,0.034,0.0554,-0.0214,-0.6185,0.4599,group,88221,90297
direct_vs_group_full,Refeeding,3,5,8,0.034,0.0554,-0.0214,-0.6185,0.4599,group,88221,90297
direct_vs_group_full,Runde,3,5,8,0.034,0.0554,-0.0214,-0.6185,0.4599,group,88221,90297
direct_vs_group_full,Teamsitzung,3,5,8,0.034,0.0554,-0.0214,-0.6185,0.4599,group,88221,90297
direct_vs_group_full,Versuche,3,5,8,0.034,0.0554,-0.0214,-0.6185,0.4599,group,88221,90297
direct_vs_group_full,Zimmernachbarin,3,5,8,0.034,0.0554,-0.0214,-0.6185,0.4599,group,88221,90297
direct_vs_group_full,abend,3,5,8,0.034,0.0554,-0.0214,-0.6185,0.4599,group,88221,90297
direct_vs_group_full,belassen,3,5,8,0.034,0.0554,-0.0214,-0.6185,0.4599,group,88221,90297
direct_vs_group_full,biographische,3,5,8,0.034,0.0554,-0.0214,-0.6185,0.4599,group,88221,90297
direct_vs_group_full,dennoch,3,5,8,0.034,0.0554,-0.0214,-0.6185,0.4599,group,88221,90297
direct_vs_group_full,gehalten,3,5,8,0.034,0.0554,-0.0214,-0.6185,0.4599,group,88221,90297
direct_vs_group_full,gesund,3,5,8,0.034,0.0554,-0.0214,-0.6185,0.4599,group,88221,90297
direct_vs_group_full,getan,3,5,8,0.034,0.0554,-0.0214,-0.6185,0.4599,group,88221,90297
direct_vs_group_full,hält,3,5,8,0.034,0.0554,-0.0214,-0.6185,0.4599,group,88221,90297
direct_vs_group_full,könntet,3,5,8,0.034,0.0554,-0.0214,-0.6185,0.4599,group,88221,90297
direct_vs_group_full,meisten,3,5,8,0.034,0.0554,-0.0214,-0.6185,0.4599,group,88221,90297
direct_vs_group_full,nächstes,3,5,8,0.034,0.0554,-0.0214,-0.6185,0.4599,group,88221,90297
direct_vs_group_full,positive,3,5,8,0.034,0.0554,-0.0214,-0.6185,0.4599,group,88221,90297
direct_vs_group_full,rechts,3,5,8,0.034,0.0554,-0.0214,-0.6185,0.4599,group,88221,90297
direct_vs_group_full,schlechte,3,5,8,0.034,0.0554,-0.0214,-0.6185,0.4599,group,88221,90297
direct_vs_group_full,stationärer,3,5,8,0.034,0.0554,-0.0214,-0.6185,0.4599,group,88221,90297
direct_vs_group_full,thematisieren,3,5,8,0.034,0.0554,-0.0214,-0.6185,0.4599,group,88221,90297
direct_vs_group_full,unwahrscheinlich,3,5,8,0.034,0.0554,-0.0214,-0.6185,0.4599,group,88221,90297
direct_vs_group_full,vergeben,3,5,8,0.034,0.0554,-0.0214,-0.6185,0.4599,group,88221,90297
direct_vs_group_full,vorgestellt,3,5,8,0.034,0.0554,-0.0214,-0.6185,0.4599,group,88221,90297
direct_vs_group_full,wahrgenommen,3,5,8,0.034,0.0554,-0.0214,-0.6185,0.4599,group,88221,90297
direct_vs_group_full,150mg,6,4,10,0.068,0.0443,0.0237,0.5641,0.4506,direct,88221,90297
direct_vs_group_full,Ambulanzgespräch,6,4,10,0.068,0.0443,0.0237,0.5641,0.4506,direct,88221,90297
direct_vs_group_full,Bisher,6,4,10,0.068,0.0443,0.0237,0.5641,0.4506,direct,88221,90297
direct_vs_group_full,DANKE,6,4,10,0.068,0.0443,0.0237,0.5641,0.4506,direct,88221,90297
direct_vs_group_full,Depressive,6,4,10,0.068,0.0443,0.0237,0.5641,0.4506,direct,88221,90297
direct_vs_group_full,Kalorien,6,4,10,0.068,0.0443,0.0237,0.5641,0.4506,direct,88221,90297
direct_vs_group_full,Kinder,6,4,10,0.068,0.0443,0.0237,0.5641,0.4506,direct,88221,90297
direct_vs_group_full,Lass,6,4,10,0.068,0.0443,0.0237,0.5641,0.4506,direct,88221,90297
direct_vs_group_full,Leitlinie,6,4,10,0.068,0.0443,0.0237,0.5641,0.4506,direct,88221,90297
direct_vs_group_full,Meine,6,4,10,0.068,0.0443,0.0237,0.5641,0.4506,direct,88221,90297
direct_vs_group_full,Nicht,6,4,10,0.068,0.0443,0.0237,0.5641,0.4506,direct,88221,90297
direct_vs_group_full,Noch,6,4,10,0.068,0.0443,0.0237,0.5641,0.4506,direct,88221,90297
direct_vs_group_full,Sorry,6,4,10,0.068,0.0443,0.0237,0.5641,0.4506,direct,88221,90297
direct_vs_group_full,Strategien,6,4,10,0.068,0.0443,0.0237,0.5641,0.4506,direct,88221,90297
direct_vs_group_full,T,6,4,10,0.068,0.0443,0.0237,0.5641,0.4506,direct,88221,90297
direct_vs_group_full,Telefon,6,4,10,0.068,0.0443,0.0237,0.5641,0.4506,direct,88221,90297
direct_vs_group_full,Treffen,6,4,10,0.068,0.0443,0.0237,0.5641,0.4506,direct,88221,90297
direct_vs_group_full,bestimmen,6,4,10,0.068,0.0443,0.0237,0.5641,0.4506,direct,88221,90297
direct_vs_group_full,kennt,6,4,10,0.068,0.0443,0.0237,0.5641,0.4506,direct,88221,90297
direct_vs_group_full,kümmern,6,4,10,0.068,0.0443,0.0237,0.5641,0.4506,direct,88221,90297
direct_vs_group_full,montags,6,4,10,0.068,0.0443,0.0237,0.5641,0.4506,direct,88221,90297
direct_vs_group_full,relativ,6,4,10,0.068,0.0443,0.0237,0.5641,0.4506,direct,88221,90297
direct_vs_group_full,trinken,6,4,10,0.068,0.0443,0.0237,0.5641,0.4506,direct,88221,90297
direct_vs_group_full,vorbeikommen,6,4,10,0.068,0.0443,0.0237,0.5641,0.4506,direct,88221,90297
direct_vs_group_full,willkommen,6,4,10,0.068,0.0443,0.0237,0.5641,0.4506,direct,88221,90297
direct_vs_group_full,mein,25,21,46,0.2834,0.2326,0.0508,0.2797,0.4475,direct,88221,90297
direct_vs_group_full,sicher,25,21,46,0.2834,0.2326,0.0508,0.2797,0.4475,direct,88221,90297
direct_vs_group_full,neuen,26,22,48,0.2947,0.2436,0.0511,0.2696,0.4332,direct,88221,90297
direct_vs_group_full,nichts,70,64,134,0.7935,0.7088,0.0847,0.1619,0.4264,direct,88221,90297
direct_vs_group_full,begonnen,14,18,32,0.1587,0.1993,-0.0406,-0.3179,0.4126,group,88221,90297
direct_vs_group_full,1/2,8,11,19,0.0907,0.1218,-0.0311,-0.4025,0.4085,group,88221,90297
direct_vs_group_full,ET,8,11,19,0.0907,0.1218,-0.0311,-0.4025,0.4085,group,88221,90297
direct_vs_group_full,Möglichkeit,8,11,19,0.0907,0.1218,-0.0311,-0.4025,0.4085,group,88221,90297
direct_vs_group_full,pro,8,11,19,0.0907,0.1218,-0.0311,-0.4025,0.4085,group,88221,90297
direct_vs_group_full,Rahmen,15,12,27,0.17,0.1329,0.0371,0.3439,0.4075,direct,88221,90297
direct_vs_group_full,darum,15,12,27,0.17,0.1329,0.0371,0.3439,0.4075,direct,88221,90297
direct_vs_group_full,lieber,15,12,27,0.17,0.1329,0.0371,0.3439,0.4075,direct,88221,90297
direct_vs_group_full,versucht,30,26,56,0.3401,0.2879,0.0521,0.2364,0.3866,direct,88221,90297
direct_vs_group_full,Abend,15,19,34,0.17,0.2104,-0.0404,-0.2976,0.3832,group,88221,90297
direct_vs_group_full,Tagen,15,19,34,0.17,0.2104,-0.0404,-0.2976,0.3832,group,88221,90297
direct_vs_group_full,Clonidin,7,5,12,0.0793,0.0554,0.024,0.481,0.383,direct,88221,90297
direct_vs_group_full,Ergebnisse,7,5,12,0.0793,0.0554,0.024,0.481,0.383,direct,88221,90297
direct_vs_group_full,HCT,7,5,12,0.0793,0.0554,0.024,0.481,0.383,direct,88221,90297
direct_vs_group_full,Satz,7,5,12,0.0793,0.0554,0.024,0.481,0.383,direct,88221,90297
direct_vs_group_full,Schnelltest,7,5,12,0.0793,0.0554,0.024,0.481,0.383,direct,88221,90297
direct_vs_group_full,Zugang,7,5,12,0.0793,0.0554,0.024,0.481,0.383,direct,88221,90297
direct_vs_group_full,beraten,7,5,12,0.0793,0.0554,0.024,0.481,0.383,direct,88221,90297
direct_vs_group_full,gewünscht,7,5,12,0.0793,0.0554,0.024,0.481,0.383,direct,88221,90297
direct_vs_group_full,karte,7,5,12,0.0793,0.0554,0.024,0.481,0.383,direct,88221,90297
direct_vs_group_full,stattdessen,7,5,12,0.0793,0.0554,0.024,0.481,0.383,direct,88221,90297
direct_vs_group_full,sucht,7,5,12,0.0793,0.0554,0.024,0.481,0.383,direct,88221,90297
direct_vs_group_full,unklar,7,5,12,0.0793,0.0554,0.024,0.481,0.383,direct,88221,90297
direct_vs_group_full,welchem,7,5,12,0.0793,0.0554,0.024,0.481,0.383,direct,88221,90297
direct_vs_group_full,15,52,47,99,0.5894,0.5205,0.0689,0.1779,0.3823,direct,88221,90297
direct_vs_group_full,können,138,131,269,1.5643,1.4508,0.1135,0.1084,0.3814,direct,88221,90297
direct_vs_group_full,letzten,33,39,72,0.3741,0.4319,-0.0578,-0.2041,0.3708,group,88221,90297
direct_vs_group_full,wohl,56,51,107,0.6348,0.5648,0.07,0.1672,0.3645,direct,88221,90297
direct_vs_group_full,+900g,2,1,3,0.0227,0.0111,0.0116,0.7705,0.3635,direct,88221,90297
direct_vs_group_full,18h,2,1,3,0.0227,0.0111,0.0116,0.7705,0.3635,direct,88221,90297
direct_vs_group_full,AD,2,1,3,0.0227,0.0111,0.0116,0.7705,0.3635,direct,88221,90297
direct_vs_group_full,Abgänge,2,1,3,0.0227,0.0111,0.0116,0.7705,0.3635,direct,88221,90297
direct_vs_group_full,Abstriche,2,1,3,0.0227,0.0111,0.0116,0.7705,0.3635,direct,88221,90297
direct_vs_group_full,Albumin,2,1,3,0.0227,0.0111,0.0116,0.7705,0.3635,direct,88221,90297
direct_vs_group_full,Allergien,2,1,3,0.0227,0.0111,0.0116,0.7705,0.3635,direct,88221,90297
direct_vs_group_full,Amlodipin,2,1,3,0.0227,0.0111,0.0116,0.7705,0.3635,direct,88221,90297
direct_vs_group_full,Anlaufstellen,2,1,3,0.0227,0.0111,0.0116,0.7705,0.3635,direct,88221,90297
direct_vs_group_full,Anmerkung,2,1,3,0.0227,0.0111,0.0116,0.7705,0.3635,direct,88221,90297
direct_vs_group_full,Anspruch,2,1,3,0.0227,0.0111,0.0116,0.7705,0.3635,direct,88221,90297
direct_vs_group_full,Atypische,2,1,3,0.0227,0.0111,0.0116,0.7705,0.3635,direct,88221,90297
direct_vs_group_full,Aufnahmegewicht,2,1,3,0.0227,0.0111,0.0116,0.7705,0.3635,direct,88221,90297
direct_vs_group_full,Aufteilung,2,1,3,0.0227,0.0111,0.0116,0.7705,0.3635,direct,88221,90297
direct_vs_group_full,Augenhöhe,2,1,3,0.0227,0.0111,0.0116,0.7705,0.3635,direct,88221,90297
direct_vs_group_full,Autonomie,2,1,3,0.0227,0.0111,0.0116,0.7705,0.3635,direct,88221,90297
direct_vs_group_full,Beachtung,2,1,3,0.0227,0.0111,0.0116,0.7705,0.3635,direct,88221,90297
direct_vs_group_full,Behandlungsvertrag,2,1,3,0.0227,0.0111,0.0116,0.7705,0.3635,direct,88221,90297
direct_vs_group_full,Beutel,2,1,3,0.0227,0.0111,0.0116,0.7705,0.3635,direct,88221,90297
direct_vs_group_full,Bezugstherapie,2,1,3,0.0227,0.0111,0.0116,0.7705,0.3635,direct,88221,90297
direct_vs_group_full,Biographische,2,1,3,0.0227,0.0111,0.0116,0.7705,0.3635,direct,88221,90297
direct_vs_group_full,Browser,2,1,3,0.0227,0.0111,0.0116,0.7705,0.3635,direct,88221,90297
direct_vs_group_full,Buprenorphinpflaster,2,1,3,0.0227,0.0111,0.0116,0.7705,0.3635,direct,88221,90297
direct_vs_group_full,Burgermoji,2,1,3,0.0227,0.0111,0.0116,0.7705,0.3635,direct,88221,90297
direct_vs_group_full,COPD,2,1,3,0.0227,0.0111,0.0116,0.7705,0.3635,direct,88221,90297
direct_vs_group_full,Cetirizin,2,1,3,0.0227,0.0111,0.0116,0.7705,0.3635,direct,88221,90297
direct_vs_group_full,Cholesterin,2,1,3,0.0227,0.0111,0.0116,0.7705,0.3635,direct,88221,90297
direct_vs_group_full,Chronische,2,1,3,0.0227,0.0111,0.0116,0.7705,0.3635,direct,88221,90297
direct_vs_group_full,DSM,2,1,3,0.0227,0.0111,0.0116,0.7705,0.3635,direct,88221,90297
direct_vs_group_full,Dadurch,2,1,3,0.0227,0.0111,0.0116,0.7705,0.3635,direct,88221,90297
direct_vs_group_full,Daten,2,1,3,0.0227,0.0111,0.0116,0.7705,0.3635,direct,88221,90297
direct_vs_group_full,Deinem,2,1,3,0.0227,0.0111,0.0116,0.7705,0.3635,direct,88221,90297
direct_vs_group_full,Dok,2,1,3,0.0227,0.0111,0.0116,0.7705,0.3635,direct,88221,90297
direct_vs_group_full,Drang,2,1,3,0.0227,0.0111,0.0116,0.7705,0.3635,direct,88221,90297
direct_vs_group_full,EDQuest,2,1,3,0.0227,0.0111,0.0116,0.7705,0.3635,direct,88221,90297
direct_vs_group_full,Einfluss,2,1,3,0.0227,0.0111,0.0116,0.7705,0.3635,direct,88221,90297
direct_vs_group_full,Einschränkung,2,1,3,0.0227,0.0111,0.0116,0.7705,0.3635,direct,88221,90297
direct_vs_group_full,Einteilung,2,1,3,0.0227,0.0111,0.0116,0.7705,0.3635,direct,88221,90297
direct_vs_group_full,Eintragen,2,1,3,0.0227,0.0111,0.0116,0.7705,0.3635,direct,88221,90297
direct_vs_group_full,Einzeltermin,2,1,3,0.0227,0.0111,0.0116,0.7705,0.3635,direct,88221,90297
direct_vs_group_full,Emotionalität,2,1,3,0.0227,0.0111,0.0116,0.7705,0.3635,direct,88221,90297
direct_vs_group_full,Endokrinologie,2,1,3,0.0227,0.0111,0.0116,0.7705,0.3635,direct,88221,90297
direct_vs_group_full,Endoscopy,2,1,3,0.0227,0.0111,0.0116,0.7705,0.3635,direct,88221,90297
direct_vs_group_full,Entlassungen,2,1,3,0.0227,0.0111,0.0116,0.7705,0.3635,direct,88221,90297
direct_vs_group_full,Essanamnese,2,1,3,0.0227,0.0111,0.0116,0.7705,0.3635,direct,88221,90297
direct_vs_group_full,Excel,2,1,3,0.0227,0.0111,0.0116,0.7705,0.3635,direct,88221,90297
direct_vs_group_full,F,2,1,3,0.0227,0.0111,0.0116,0.7705,0.3635,direct,88221,90297
direct_vs_group_full,Flasche,2,1,3,0.0227,0.0111,0.0116,0.7705,0.3635,direct,88221,90297
direct_vs_group_full,Flur,2,1,3,0.0227,0.0111,0.0116,0.7705,0.3635,direct,88221,90297
direct_vs_group_full,Freitagmorgen,2,1,3,0.0227,0.0111,0.0116,0.7705,0.3635,direct,88221,90297
direct_vs_group_full,Ganz,2,1,3,0.0227,0.0111,0.0116,0.7705,0.3635,direct,88221,90297
direct_vs_group_full,Geldsorgen,2,1,3,0.0227,0.0111,0.0116,0.7705,0.3635,direct,88221,90297
direct_vs_group_full,Gewichtszieles,2,1,3,0.0227,0.0111,0.0116,0.7705,0.3635,direct,88221,90297
direct_vs_group_full,Gründen,2,1,3,0.0227,0.0111,0.0116,0.7705,0.3635,direct,88221,90297
direct_vs_group_full,H,2,1,3,0.0227,0.0111,0.0116,0.7705,0.3635,direct,88221,90297
direct_vs_group_full,Hashtag_Psychopharmaka,2,1,3,0.0227,0.0111,0.0116,0.7705,0.3635,direct,88221,90297
direct_vs_group_full,Hausaufgabe,2,1,3,0.0227,0.0111,0.0116,0.7705,0.3635,direct,88221,90297
direct_vs_group_full,Hausärztin,2,1,3,0.0227,0.0111,0.0116,0.7705,0.3635,direct,88221,90297
direct_vs_group_full,Home,2,1,3,0.0227,0.0111,0.0116,0.7705,0.3635,direct,88221,90297
direct_vs_group_full,Information,2,1,3,0.0227,0.0111,0.0116,0.7705,0.3635,direct,88221,90297
direct_vs_group_full,Intervallbehandlung,2,1,3,0.0227,0.0111,0.0116,0.7705,0.3635,direct,88221,90297
direct_vs_group_full,K,2,1,3,0.0227,0.0111,0.0116,0.7705,0.3635,direct,88221,90297
direct_vs_group_full,Kapazität,2,1,3,0.0227,0.0111,0.0116,0.7705,0.3635,direct,88221,90297
direct_vs_group_full,Kindern,2,1,3,0.0227,0.0111,0.0116,0.7705,0.3635,direct,88221,90297
direct_vs_group_full,Klingt,2,1,3,0.0227,0.0111,0.0116,0.7705,0.3635,direct,88221,90297
direct_vs_group_full,Komme,2,1,3,0.0227,0.0111,0.0116,0.7705,0.3635,direct,88221,90297
direct_vs_group_full,Konferenz,2,1,3,0.0227,0.0111,0.0116,0.7705,0.3635,direct,88221,90297
direct_vs_group_full,Konsums,2,1,3,0.0227,0.0111,0.0116,0.7705,0.3635,direct,88221,90297
direct_vs_group_full,Kontaktdaten,2,1,3,0.0227,0.0111,0.0116,0.7705,0.3635,direct,88221,90297
direct_vs_group_full,Kontexten,2,1,3,0.0227,0.0111,0.0116,0.7705,0.3635,direct,88221,90297
direct_vs_group_full,Krass,2,1,3,0.0227,0.0111,0.0116,0.7705,0.3635,direct,88221,90297
direct_vs_group_full,Könnten,2,1,3,0.0227,0.0111,0.0116,0.7705,0.3635,direct,88221,90297
direct_vs_group_full,LIebe,2,1,3,0.0227,0.0111,0.0116,0.7705,0.3635,direct,88221,90297
direct_vs_group_full,Leidensdruck,2,1,3,0.0227,0.0111,0.0116,0.7705,0.3635,direct,88221,90297
direct_vs_group_full,LuFu,2,1,3,0.0227,0.0111,0.0116,0.7705,0.3635,direct,88221,90297
direct_vs_group_full,Macht,2,1,3,0.0227,0.0111,0.0116,0.7705,0.3635,direct,88221,90297
direct_vs_group_full,Man,2,1,3,0.0227,0.0111,0.0116,0.7705,0.3635,direct,88221,90297
direct_vs_group_full,Merci,2,1,3,0.0227,0.0111,0.0116,0.7705,0.3635,direct,88221,90297
direct_vs_group_full,Migrationsgeschichte,2,1,3,0.0227,0.0111,0.0116,0.7705,0.3635,direct,88221,90297
direct_vs_group_full,Nebenwirkungen,2,1,3,0.0227,0.0111,0.0116,0.7705,0.3635,direct,88221,90297
direct_vs_group_full,Neuzugang,2,1,3,0.0227,0.0111,0.0116,0.7705,0.3635,direct,88221,90297
direct_vs_group_full,Nieren,2,1,3,0.0227,0.0111,0.0116,0.7705,0.3635,direct,88221,90297
direct_vs_group_full,Online,2,1,3,0.0227,0.0111,0.0116,0.7705,0.3635,direct,88221,90297
direct_vs_group_full,Outlook,2,1,3,0.0227,0.0111,0.0116,0.7705,0.3635,direct,88221,90297
direct_vs_group_full,Phasen,2,1,3,0.0227,0.0111,0.0116,0.7705,0.3635,direct,88221,90297
direct_vs_group_full,Phosphatausscheidung,2,1,3,0.0227,0.0111,0.0116,0.7705,0.3635,direct,88221,90297
direct_vs_group_full,Probandenquittung,2,1,3,0.0227,0.0111,0.0116,0.7705,0.3635,direct,88221,90297
direct_vs_group_full,Psychologin,2,1,3,0.0227,0.0111,0.0116,0.7705,0.3635,direct,88221,90297
direct_vs_group_full,Psychotherapeutisch,2,1,3,0.0227,0.0111,0.0116,0.7705,0.3635,direct,88221,90297
direct_vs_group_full,Radiologen,2,1,3,0.0227,0.0111,0.0116,0.7705,0.3635,direct,88221,90297
direct_vs_group_full,Rückmeldungen,2,1,3,0.0227,0.0111,0.0116,0.7705,0.3635,direct,88221,90297
direct_vs_group_full,Schmerzbereich,2,1,3,0.0227,0.0111,0.0116,0.7705,0.3635,direct,88221,90297
direct_vs_group_full,Schnupfen,2,1,3,0.0227,0.0111,0.0116,0.7705,0.3635,direct,88221,90297
direct_vs_group_full,Serologie,2,1,3,0.0227,0.0111,0.0116,0.7705,0.3635,direct,88221,90297
direct_vs_group_full,Siehst,2,1,3,0.0227,0.0111,0.0116,0.7705,0.3635,direct,88221,90297
direct_vs_group_full,Spannungsregulation,2,1,3,0.0227,0.0111,0.0116,0.7705,0.3635,direct,88221,90297
direct_vs_group_full,Stationsregeln,2,1,3,0.0227,0.0111,0.0116,0.7705,0.3635,direct,88221,90297
direct_vs_group_full,Stehen,2,1,3,0.0227,0.0111,0.0116,0.7705,0.3635,direct,88221,90297
direct_vs_group_full,T0,2,1,3,0.0227,0.0111,0.0116,0.7705,0.3635,direct,88221,90297
direct_vs_group_full,Tagesverlauf,2,1,3,0.0227,0.0111,0.0116,0.7705,0.3635,direct,88221,90297
direct_vs_group_full,TansVer,2,1,3,0.0227,0.0111,0.0116,0.7705,0.3635,direct,88221,90297
direct_vs_group_full,Tanzen,2,1,3,0.0227,0.0111,0.0116,0.7705,0.3635,direct,88221,90297
direct_vs_group_full,Testungen,2,1,3,0.0227,0.0111,0.0116,0.7705,0.3635,direct,88221,90297
direct_vs_group_full,Tilidin,2,1,3,0.0227,0.0111,0.0116,0.7705,0.3635,direct,88221,90297
direct_vs_group_full,Tja,2,1,3,0.0227,0.0111,0.0116,0.7705,0.3635,direct,88221,90297
direct_vs_group_full,Veranstaltung,2,1,3,0.0227,0.0111,0.0116,0.7705,0.3635,direct,88221,90297
direct_vs_group_full,Verträge,2,1,3,0.0227,0.0111,0.0116,0.7705,0.3635,direct,88221,90297
direct_vs_group_full,Weil,2,1,3,0.0227,0.0111,0.0116,0.7705,0.3635,direct,88221,90297
direct_vs_group_full,Weiter,2,1,3,0.0227,0.0111,0.0116,0.7705,0.3635,direct,88221,90297
direct_vs_group_full,Wochenplan,2,1,3,0.0227,0.0111,0.0116,0.7705,0.3635,direct,88221,90297
direct_vs_group_full,Zuerst,2,1,3,0.0227,0.0111,0.0116,0.7705,0.3635,direct,88221,90297
direct_vs_group_full,Zusätzlich,2,1,3,0.0227,0.0111,0.0116,0.7705,0.3635,direct,88221,90297
direct_vs_group_full,Zw,2,1,3,0.0227,0.0111,0.0116,0.7705,0.3635,direct,88221,90297
direct_vs_group_full,Zwecks,2,1,3,0.0227,0.0111,0.0116,0.7705,0.3635,direct,88221,90297
direct_vs_group_full,abgeneigt,2,1,3,0.0227,0.0111,0.0116,0.7705,0.3635,direct,88221,90297
direct_vs_group_full,abhole,2,1,3,0.0227,0.0111,0.0116,0.7705,0.3635,direct,88221,90297
direct_vs_group_full,absolut,2,1,3,0.0227,0.0111,0.0116,0.7705,0.3635,direct,88221,90297
direct_vs_group_full,aktuelles,2,1,3,0.0227,0.0111,0.0116,0.7705,0.3635,direct,88221,90297
direct_vs_group_full,anzufangen,2,1,3,0.0227,0.0111,0.0116,0.7705,0.3635,direct,88221,90297
direct_vs_group_full,aufessen,2,1,3,0.0227,0.0111,0.0116,0.7705,0.3635,direct,88221,90297
direct_vs_group_full,auffällt,2,1,3,0.0227,0.0111,0.0116,0.7705,0.3635,direct,88221,90297
direct_vs_group_full,aufgehoben,2,1,3,0.0227,0.0111,0.0116,0.7705,0.3635,direct,88221,90297
direct_vs_group_full,ausgegangen,2,1,3,0.0227,0.0111,0.0116,0.7705,0.3635,direct,88221,90297
direct_vs_group_full,auszuhalten,2,1,3,0.0227,0.0111,0.0116,0.7705,0.3635,direct,88221,90297
direct_vs_group_full,auszutauschen,2,1,3,0.0227,0.0111,0.0116,0.7705,0.3635,direct,88221,90297
direct_vs_group_full,beantragen,2,1,3,0.0227,0.0111,0.0116,0.7705,0.3635,direct,88221,90297
direct_vs_group_full,befürchte,2,1,3,0.0227,0.0111,0.0116,0.7705,0.3635,direct,88221,90297
direct_vs_group_full,beschrieb,2,1,3,0.0227,0.0111,0.0116,0.7705,0.3635,direct,88221,90297
direct_vs_group_full,besorgen,2,1,3,0.0227,0.0111,0.0116,0.7705,0.3635,direct,88221,90297
direct_vs_group_full,bezogen,2,1,3,0.0227,0.0111,0.0116,0.7705,0.3635,direct,88221,90297
direct_vs_group_full,biogr,2,1,3,0.0227,0.0111,0.0116,0.7705,0.3635,direct,88221,90297
direct_vs_group_full,bloß,2,1,3,0.0227,0.0111,0.0116,0.7705,0.3635,direct,88221,90297
direct_vs_group_full,brauch,2,1,3,0.0227,0.0111,0.0116,0.7705,0.3635,direct,88221,90297
direct_vs_group_full,dato,2,1,3,0.0227,0.0111,0.0116,0.7705,0.3635,direct,88221,90297
direct_vs_group_full,dauert,2,1,3,0.0227,0.0111,0.0116,0.7705,0.3635,direct,88221,90297
direct_vs_group_full,diesmal,2,1,3,0.0227,0.0111,0.0116,0.7705,0.3635,direct,88221,90297
direct_vs_group_full,drängt,2,1,3,0.0227,0.0111,0.0116,0.7705,0.3635,direct,88221,90297
direct_vs_group_full,eigentlichen,2,1,3,0.0227,0.0111,0.0116,0.7705,0.3635,direct,88221,90297
direct_vs_group_full,einspringen,2,1,3,0.0227,0.0111,0.0116,0.7705,0.3635,direct,88221,90297
direct_vs_group_full,entlassung,2,1,3,0.0227,0.0111,0.0116,0.7705,0.3635,direct,88221,90297
direct_vs_group_full,entsprechenden,2,1,3,0.0227,0.0111,0.0116,0.7705,0.3635,direct,88221,90297
direct_vs_group_full,erhöhte,2,1,3,0.0227,0.0111,0.0116,0.7705,0.3635,direct,88221,90297
direct_vs_group_full,erkannt,2,1,3,0.0227,0.0111,0.0116,0.7705,0.3635,direct,88221,90297
direct_vs_group_full,erkläre,2,1,3,0.0227,0.0111,0.0116,0.7705,0.3635,direct,88221,90297
direct_vs_group_full,erledigen,2,1,3,0.0227,0.0111,0.0116,0.7705,0.3635,direct,88221,90297
direct_vs_group_full,essgruppe,2,1,3,0.0227,0.0111,0.0116,0.7705,0.3635,direct,88221,90297
direct_vs_group_full,extra,2,1,3,0.0227,0.0111,0.0116,0.7705,0.3635,direct,88221,90297
direct_vs_group_full,fall,2,1,3,0.0227,0.0111,0.0116,0.7705,0.3635,direct,88221,90297
direct_vs_group_full,fallen,2,1,3,0.0227,0.0111,0.0116,0.7705,0.3635,direct,88221,90297
direct_vs_group_full,finale,2,1,3,0.0227,0.0111,0.0116,0.7705,0.3635,direct,88221,90297
direct_vs_group_full,fyi,2,1,3,0.0227,0.0111,0.0116,0.7705,0.3635,direct,88221,90297
direct_vs_group_full,fürchte,2,1,3,0.0227,0.0111,0.0116,0.7705,0.3635,direct,88221,90297
direct_vs_group_full,geboren,2,1,3,0.0227,0.0111,0.0116,0.7705,0.3635,direct,88221,90297
direct_vs_group_full,gedanklich,2,1,3,0.0227,0.0111,0.0116,0.7705,0.3635,direct,88221,90297
direct_vs_group_full,geklebt,2,1,3,0.0227,0.0111,0.0116,0.7705,0.3635,direct,88221,90297
direct_vs_group_full,gelungen,2,1,3,0.0227,0.0111,0.0116,0.7705,0.3635,direct,88221,90297
direct_vs_group_full,gesammelt,2,1,3,0.0227,0.0111,0.0116,0.7705,0.3635,direct,88221,90297
direct_vs_group_full,geschoben,2,1,3,0.0227,0.0111,0.0116,0.7705,0.3635,direct,88221,90297
direct_vs_group_full,gesichert,2,1,3,0.0227,0.0111,0.0116,0.7705,0.3635,direct,88221,90297
direct_vs_group_full,gewichtsvertrag,2,1,3,0.0227,0.0111,0.0116,0.7705,0.3635,direct,88221,90297
direct_vs_group_full,gibst,2,1,3,0.0227,0.0111,0.0116,0.7705,0.3635,direct,88221,90297
direct_vs_group_full,gründen,2,1,3,0.0227,0.0111,0.0116,0.7705,0.3635,direct,88221,90297
direct_vs_group_full,handy,2,1,3,0.0227,0.0111,0.0116,0.7705,0.3635,direct,88221,90297
direct_vs_group_full,hinbekommen,2,1,3,0.0227,0.0111,0.0116,0.7705,0.3635,direct,88221,90297
direct_vs_group_full,hinterfragt,2,1,3,0.0227,0.0111,0.0116,0.7705,0.3635,direct,88221,90297
direct_vs_group_full,holst,2,1,3,0.0227,0.0111,0.0116,0.7705,0.3635,direct,88221,90297
direct_vs_group_full,ind,2,1,3,0.0227,0.0111,0.0116,0.7705,0.3635,direct,88221,90297
direct_vs_group_full,info,2,1,3,0.0227,0.0111,0.0116,0.7705,0.3635,direct,88221,90297
direct_vs_group_full,instabil,2,1,3,0.0227,0.0111,0.0116,0.7705,0.3635,direct,88221,90297
direct_vs_group_full,interessanten,2,1,3,0.0227,0.0111,0.0116,0.7705,0.3635,direct,88221,90297
direct_vs_group_full,irgendjemand,2,1,3,0.0227,0.0111,0.0116,0.7705,0.3635,direct,88221,90297
direct_vs_group_full,ists,2,1,3,0.0227,0.0111,0.0116,0.7705,0.3635,direct,88221,90297
direct_vs_group_full,kalt,2,1,3,0.0227,0.0111,0.0116,0.7705,0.3635,direct,88221,90297
direct_vs_group_full,kapazität,2,1,3,0.0227,0.0111,0.0116,0.7705,0.3635,direct,88221,90297
direct_vs_group_full,kl,2,1,3,0.0227,0.0111,0.0116,0.7705,0.3635,direct,88221,90297
direct_vs_group_full,kläre,2,1,3,0.0227,0.0111,0.0116,0.7705,0.3635,direct,88221,90297
direct_vs_group_full,kommentiert,2,1,3,0.0227,0.0111,0.0116,0.7705,0.3635,direct,88221,90297
direct_vs_group_full,kontakt,2,1,3,0.0227,0.0111,0.0116,0.7705,0.3635,direct,88221,90297
direct_vs_group_full,kopiert,2,1,3,0.0227,0.0111,0.0116,0.7705,0.3635,direct,88221,90297
direct_vs_group_full,krankheitsbedingt,2,1,3,0.0227,0.0111,0.0116,0.7705,0.3635,direct,88221,90297
direct_vs_group_full,kämpfen,2,1,3,0.0227,0.0111,0.0116,0.7705,0.3635,direct,88221,90297
direct_vs_group_full,körp,2,1,3,0.0227,0.0111,0.0116,0.7705,0.3635,direct,88221,90297
direct_vs_group_full,lang,2,1,3,0.0227,0.0111,0.0116,0.7705,0.3635,direct,88221,90297
direct_vs_group_full,lasse,2,1,3,0.0227,0.0111,0.0116,0.7705,0.3635,direct,88221,90297
direct_vs_group_full,längeren,2,1,3,0.0227,0.0111,0.0116,0.7705,0.3635,direct,88221,90297
direct_vs_group_full,mitzubringen,2,1,3,0.0227,0.0111,0.0116,0.7705,0.3635,direct,88221,90297
direct_vs_group_full,nachbesprechen,2,1,3,0.0227,0.0111,0.0116,0.7705,0.3635,direct,88221,90297
direct_vs_group_full,ordentlich,2,1,3,0.0227,0.0111,0.0116,0.7705,0.3635,direct,88221,90297
direct_vs_group_full,pcr,2,1,3,0.0227,0.0111,0.0116,0.7705,0.3635,direct,88221,90297
direct_vs_group_full,psychologische,2,1,3,0.0227,0.0111,0.0116,0.7705,0.3635,direct,88221,90297
direct_vs_group_full,psychotherapeutisch,2,1,3,0.0227,0.0111,0.0116,0.7705,0.3635,direct,88221,90297
direct_vs_group_full,pulmonale,2,1,3,0.0227,0.0111,0.0116,0.7705,0.3635,direct,88221,90297
direct_vs_group_full,re,2,1,3,0.0227,0.0111,0.0116,0.7705,0.3635,direct,88221,90297
direct_vs_group_full,rede,2,1,3,0.0227,0.0111,0.0116,0.7705,0.3635,direct,88221,90297
direct_vs_group_full,reingeschaut,2,1,3,0.0227,0.0111,0.0116,0.7705,0.3635,direct,88221,90297
direct_vs_group_full,roter,2,1,3,0.0227,0.0111,0.0116,0.7705,0.3635,direct,88221,90297
direct_vs_group_full,räumen,2,1,3,0.0227,0.0111,0.0116,0.7705,0.3635,direct,88221,90297
direct_vs_group_full,schief,2,1,3,0.0227,0.0111,0.0116,0.7705,0.3635,direct,88221,90297
direct_vs_group_full,schüchtern,2,1,3,0.0227,0.0111,0.0116,0.7705,0.3635,direct,88221,90297
direct_vs_group_full,setze,2,1,3,0.0227,0.0111,0.0116,0.7705,0.3635,direct,88221,90297
direct_vs_group_full,sicherstellen,2,1,3,0.0227,0.0111,0.0116,0.7705,0.3635,direct,88221,90297
direct_vs_group_full,som,2,1,3,0.0227,0.0111,0.0116,0.7705,0.3635,direct,88221,90297
direct_vs_group_full,soziales,2,1,3,0.0227,0.0111,0.0116,0.7705,0.3635,direct,88221,90297
direct_vs_group_full,steigendem,2,1,3,0.0227,0.0111,0.0116,0.7705,0.3635,direct,88221,90297
direct_vs_group_full,the,2,1,3,0.0227,0.0111,0.0116,0.7705,0.3635,direct,88221,90297
direct_vs_group_full,thematisierte,2,1,3,0.0227,0.0111,0.0116,0.7705,0.3635,direct,88221,90297
direct_vs_group_full,umgestellt,2,1,3,0.0227,0.0111,0.0116,0.7705,0.3635,direct,88221,90297
direct_vs_group_full,ums,2,1,3,0.0227,0.0111,0.0116,0.7705,0.3635,direct,88221,90297
direct_vs_group_full,upside_down_face,2,1,3,0.0227,0.0111,0.0116,0.7705,0.3635,direct,88221,90297
direct_vs_group_full,verabredet,2,1,3,0.0227,0.0111,0.0116,0.7705,0.3635,direct,88221,90297
direct_vs_group_full,verfehlt,2,1,3,0.0227,0.0111,0.0116,0.7705,0.3635,direct,88221,90297
direct_vs_group_full,vermutet,2,1,3,0.0227,0.0111,0.0116,0.7705,0.3635,direct,88221,90297
direct_vs_group_full,versprochen,2,1,3,0.0227,0.0111,0.0116,0.7705,0.3635,direct,88221,90297
direct_vs_group_full,verständigen,2,1,3,0.0227,0.0111,0.0116,0.7705,0.3635,direct,88221,90297
direct_vs_group_full,vertretet,2,1,3,0.0227,0.0111,0.0116,0.7705,0.3635,direct,88221,90297
direct_vs_group_full,verwenden,2,1,3,0.0227,0.0111,0.0116,0.7705,0.3635,direct,88221,90297
direct_vs_group_full,verändert,2,1,3,0.0227,0.0111,0.0116,0.7705,0.3635,direct,88221,90297
direct_vs_group_full,visitieren,2,1,3,0.0227,0.0111,0.0116,0.7705,0.3635,direct,88221,90297
direct_vs_group_full,voraus,2,1,3,0.0227,0.0111,0.0116,0.7705,0.3635,direct,88221,90297
direct_vs_group_full,vorgesehen,2,1,3,0.0227,0.0111,0.0116,0.7705,0.3635,direct,88221,90297
direct_vs_group_full,wach,2,1,3,0.0227,0.0111,0.0116,0.7705,0.3635,direct,88221,90297
direct_vs_group_full,wackelig,2,1,3,0.0227,0.0111,0.0116,0.7705,0.3635,direct,88221,90297
direct_vs_group_full,wahnhaft,2,1,3,0.0227,0.0111,0.0116,0.7705,0.3635,direct,88221,90297
direct_vs_group_full,weitermachen,2,1,3,0.0227,0.0111,0.0116,0.7705,0.3635,direct,88221,90297
direct_vs_group_full,weitersagen,2,1,3,0.0227,0.0111,0.0116,0.7705,0.3635,direct,88221,90297
direct_vs_group_full,wärst,2,1,3,0.0227,0.0111,0.0116,0.7705,0.3635,direct,88221,90297
direct_vs_group_full,zugewandt,2,1,3,0.0227,0.0111,0.0116,0.7705,0.3635,direct,88221,90297
direct_vs_group_full,zusammengefunden,2,1,3,0.0227,0.0111,0.0116,0.7705,0.3635,direct,88221,90297
direct_vs_group_full,zwischendrin,2,1,3,0.0227,0.0111,0.0116,0.7705,0.3635,direct,88221,90297
direct_vs_group_full,Über,2,1,3,0.0227,0.0111,0.0116,0.7705,0.3635,direct,88221,90297
direct_vs_group_full,Übergriff,2,1,3,0.0227,0.0111,0.0116,0.7705,0.3635,direct,88221,90297
direct_vs_group_full,überprüft,2,1,3,0.0227,0.0111,0.0116,0.7705,0.3635,direct,88221,90297
direct_vs_group_full,Herzlichen,4,6,10,0.0453,0.0664,-0.0211,-0.497,0.3575,group,88221,90297
direct_vs_group_full,Laut,4,6,10,0.0453,0.0664,-0.0211,-0.497,0.3575,group,88221,90297
direct_vs_group_full,Zeitpunkt,4,6,10,0.0453,0.0664,-0.0211,-0.497,0.3575,group,88221,90297
direct_vs_group_full,\,4,6,10,0.0453,0.0664,-0.0211,-0.497,0.3575,group,88221,90297
direct_vs_group_full,angegeben,4,6,10,0.0453,0.0664,-0.0211,-0.497,0.3575,group,88221,90297
direct_vs_group_full,begrenzt,4,6,10,0.0453,0.0664,-0.0211,-0.497,0.3575,group,88221,90297
direct_vs_group_full,bislang,4,6,10,0.0453,0.0664,-0.0211,-0.497,0.3575,group,88221,90297
direct_vs_group_full,eMed,4,6,10,0.0453,0.0664,-0.0211,-0.497,0.3575,group,88221,90297
direct_vs_group_full,frühzeitig,4,6,10,0.0453,0.0664,-0.0211,-0.497,0.3575,group,88221,90297
direct_vs_group_full,gelassen,4,6,10,0.0453,0.0664,-0.0211,-0.497,0.3575,group,88221,90297
direct_vs_group_full,gezeigt,4,6,10,0.0453,0.0664,-0.0211,-0.497,0.3575,group,88221,90297
direct_vs_group_full,gutes,4,6,10,0.0453,0.0664,-0.0211,-0.497,0.3575,group,88221,90297
direct_vs_group_full,neu,25,30,55,0.2834,0.3322,-0.0489,-0.2248,0.3463,group,88221,90297
direct_vs_group_full,25,8,6,14,0.0907,0.0664,0.0242,0.4206,0.3351,direct,88221,90297
direct_vs_group_full,Therapeutin,8,6,14,0.0907,0.0664,0.0242,0.4206,0.3351,direct,88221,90297
direct_vs_group_full,dokumentieren,8,6,14,0.0907,0.0664,0.0242,0.4206,0.3351,direct,88221,90297
direct_vs_group_full,wünscht,17,21,38,0.1927,0.2326,-0.0399,-0.2634,0.3339,group,88221,90297
direct_vs_group_full,Wir,49,56,105,0.5554,0.6202,-0.0648,-0.1573,0.3184,group,88221,90297
direct_vs_group_full,Wochen,49,56,105,0.5554,0.6202,-0.0648,-0.1573,0.3184,group,88221,90297
direct_vs_group_full,+500g,1,2,3,0.0113,0.0221,-0.0108,-0.7034,0.3169,group,88221,90297
direct_vs_group_full,150,1,2,3,0.0113,0.0221,-0.0108,-0.7034,0.3169,group,88221,90297
direct_vs_group_full,22,1,2,3,0.0113,0.0221,-0.0108,-0.7034,0.3169,group,88221,90297
direct_vs_group_full,25er,1,2,3,0.0113,0.0221,-0.0108,-0.7034,0.3169,group,88221,90297
direct_vs_group_full,2mal,1,2,3,0.0113,0.0221,-0.0108,-0.7034,0.3169,group,88221,90297
direct_vs_group_full,5kg,1,2,3,0.0113,0.0221,-0.0108,-0.7034,0.3169,group,88221,90297
direct_vs_group_full,5mg/Woche,1,2,3,0.0113,0.0221,-0.0108,-0.7034,0.3169,group,88221,90297
direct_vs_group_full,Abnahme,1,2,3,0.0113,0.0221,-0.0108,-0.7034,0.3169,group,88221,90297
direct_vs_group_full,Abwesenheit,1,2,3,0.0113,0.0221,-0.0108,-0.7034,0.3169,group,88221,90297
direct_vs_group_full,Albtraum,1,2,3,0.0113,0.0221,-0.0108,-0.7034,0.3169,group,88221,90297
direct_vs_group_full,Allergie,1,2,3,0.0113,0.0221,-0.0108,-0.7034,0.3169,group,88221,90297
direct_vs_group_full,Alternativen,1,2,3,0.0113,0.0221,-0.0108,-0.7034,0.3169,group,88221,90297
direct_vs_group_full,Amenorrhoe,1,2,3,0.0113,0.0221,-0.0108,-0.7034,0.3169,group,88221,90297
direct_vs_group_full,Andere,1,2,3,0.0113,0.0221,-0.0108,-0.7034,0.3169,group,88221,90297
direct_vs_group_full,Ankündigung,1,2,3,0.0113,0.0221,-0.0108,-0.7034,0.3169,group,88221,90297
direct_vs_group_full,Anorexia,1,2,3,0.0113,0.0221,-0.0108,-0.7034,0.3169,group,88221,90297
direct_vs_group_full,Anpassungsstörung,1,2,3,0.0113,0.0221,-0.0108,-0.7034,0.3169,group,88221,90297
direct_vs_group_full,Anregungen,1,2,3,0.0113,0.0221,-0.0108,-0.7034,0.3169,group,88221,90297
direct_vs_group_full,Apfelsaft,1,2,3,0.0113,0.0221,-0.0108,-0.7034,0.3169,group,88221,90297
direct_vs_group_full,Appetit,1,2,3,0.0113,0.0221,-0.0108,-0.7034,0.3169,group,88221,90297
direct_vs_group_full,Behandler,1,2,3,0.0113,0.0221,-0.0108,-0.7034,0.3169,group,88221,90297
direct_vs_group_full,Behandlungsteam,1,2,3,0.0113,0.0221,-0.0108,-0.7034,0.3169,group,88221,90297
direct_vs_group_full,Bein,1,2,3,0.0113,0.0221,-0.0108,-0.7034,0.3169,group,88221,90297
direct_vs_group_full,Beiträge,1,2,3,0.0113,0.0221,-0.0108,-0.7034,0.3169,group,88221,90297
direct_vs_group_full,Bildgebung,1,2,3,0.0113,0.0221,-0.0108,-0.7034,0.3169,group,88221,90297
direct_vs_group_full,Block,1,2,3,0.0113,0.0221,-0.0108,-0.7034,0.3169,group,88221,90297
direct_vs_group_full,Blutungsquelle,1,2,3,0.0113,0.0221,-0.0108,-0.7034,0.3169,group,88221,90297
direct_vs_group_full,Diagnostische,1,2,3,0.0113,0.0221,-0.0108,-0.7034,0.3169,group,88221,90297
direct_vs_group_full,Dingen,1,2,3,0.0113,0.0221,-0.0108,-0.7034,0.3169,group,88221,90297
direct_vs_group_full,Distanzierung,1,2,3,0.0113,0.0221,-0.0108,-0.7034,0.3169,group,88221,90297
direct_vs_group_full,Dynamik,1,2,3,0.0113,0.0221,-0.0108,-0.7034,0.3169,group,88221,90297
direct_vs_group_full,Effekt,1,2,3,0.0113,0.0221,-0.0108,-0.7034,0.3169,group,88221,90297
direct_vs_group_full,Eigen,1,2,3,0.0113,0.0221,-0.0108,-0.7034,0.3169,group,88221,90297
direct_vs_group_full,Einzeltherapien,1,2,3,0.0113,0.0221,-0.0108,-0.7034,0.3169,group,88221,90297
direct_vs_group_full,Endoskopie,1,2,3,0.0113,0.0221,-0.0108,-0.7034,0.3169,group,88221,90297
direct_vs_group_full,Entl,1,2,3,0.0113,0.0221,-0.0108,-0.7034,0.3169,group,88221,90297
direct_vs_group_full,Entwicklung,1,2,3,0.0113,0.0221,-0.0108,-0.7034,0.3169,group,88221,90297
direct_vs_group_full,Entzugssymptomatik,1,2,3,0.0113,0.0221,-0.0108,-0.7034,0.3169,group,88221,90297
direct_vs_group_full,Erkrankungen,1,2,3,0.0113,0.0221,-0.0108,-0.7034,0.3169,group,88221,90297
direct_vs_group_full,Ernährungs,1,2,3,0.0113,0.0221,-0.0108,-0.7034,0.3169,group,88221,90297
direct_vs_group_full,Essstörungs,1,2,3,0.0113,0.0221,-0.0108,-0.7034,0.3169,group,88221,90297
direct_vs_group_full,Fehlern,1,2,3,0.0113,0.0221,-0.0108,-0.7034,0.3169,group,88221,90297
direct_vs_group_full,Finger,1,2,3,0.0113,0.0221,-0.0108,-0.7034,0.3169,group,88221,90297
direct_vs_group_full,Floradix,1,2,3,0.0113,0.0221,-0.0108,-0.7034,0.3169,group,88221,90297
direct_vs_group_full,Folgendes,1,2,3,0.0113,0.0221,-0.0108,-0.7034,0.3169,group,88221,90297
direct_vs_group_full,Folsäure,1,2,3,0.0113,0.0221,-0.0108,-0.7034,0.3169,group,88221,90297
direct_vs_group_full,Form,1,2,3,0.0113,0.0221,-0.0108,-0.7034,0.3169,group,88221,90297
direct_vs_group_full,Fra,1,2,3,0.0113,0.0221,-0.0108,-0.7034,0.3169,group,88221,90297
direct_vs_group_full,Frauen,1,2,3,0.0113,0.0221,-0.0108,-0.7034,0.3169,group,88221,90297
direct_vs_group_full,Fremdgefährdung,1,2,3,0.0113,0.0221,-0.0108,-0.7034,0.3169,group,88221,90297
direct_vs_group_full,Funktionellen,1,2,3,0.0113,0.0221,-0.0108,-0.7034,0.3169,group,88221,90297
direct_vs_group_full,GI,1,2,3,0.0113,0.0221,-0.0108,-0.7034,0.3169,group,88221,90297
direct_vs_group_full,Garten,1,2,3,0.0113,0.0221,-0.0108,-0.7034,0.3169,group,88221,90297
direct_vs_group_full,Geburtstag,1,2,3,0.0113,0.0221,-0.0108,-0.7034,0.3169,group,88221,90297
direct_vs_group_full,Genesung,1,2,3,0.0113,0.0221,-0.0108,-0.7034,0.3169,group,88221,90297
direct_vs_group_full,Gerinnung,1,2,3,0.0113,0.0221,-0.0108,-0.7034,0.3169,group,88221,90297
direct_vs_group_full,Geschichte,1,2,3,0.0113,0.0221,-0.0108,-0.7034,0.3169,group,88221,90297
direct_vs_group_full,Gesicht,1,2,3,0.0113,0.0221,-0.0108,-0.7034,0.3169,group,88221,90297
direct_vs_group_full,Gestik,1,2,3,0.0113,0.0221,-0.0108,-0.7034,0.3169,group,88221,90297
direct_vs_group_full,Gew,1,2,3,0.0113,0.0221,-0.0108,-0.7034,0.3169,group,88221,90297
direct_vs_group_full,Gewichtskontrollen,1,2,3,0.0113,0.0221,-0.0108,-0.7034,0.3169,group,88221,90297
direct_vs_group_full,Gleichzeitig,1,2,3,0.0113,0.0221,-0.0108,-0.7034,0.3169,group,88221,90297
direct_vs_group_full,HF,1,2,3,0.0113,0.0221,-0.0108,-0.7034,0.3169,group,88221,90297
direct_vs_group_full,HKU,1,2,3,0.0113,0.0221,-0.0108,-0.7034,0.3169,group,88221,90297
direct_vs_group_full,Halsschmerzen,1,2,3,0.0113,0.0221,-0.0108,-0.7034,0.3169,group,88221,90297
direct_vs_group_full,Hmm,1,2,3,0.0113,0.0221,-0.0108,-0.7034,0.3169,group,88221,90297
direct_vs_group_full,Hunger,1,2,3,0.0113,0.0221,-0.0108,-0.7034,0.3169,group,88221,90297
direct_vs_group_full,Häuslichkeit,1,2,3,0.0113,0.0221,-0.0108,-0.7034,0.3169,group,88221,90297
direct_vs_group_full,Hört,1,2,3,0.0113,0.0221,-0.0108,-0.7034,0.3169,group,88221,90297
direct_vs_group_full,Ibu,1,2,3,0.0113,0.0221,-0.0108,-0.7034,0.3169,group,88221,90297
direct_vs_group_full,Impfung,1,2,3,0.0113,0.0221,-0.0108,-0.7034,0.3169,group,88221,90297
direct_vs_group_full,Inhalte,1,2,3,0.0113,0.0221,-0.0108,-0.7034,0.3169,group,88221,90297
direct_vs_group_full,Instrument,1,2,3,0.0113,0.0221,-0.0108,-0.7034,0.3169,group,88221,90297
direct_vs_group_full,Job,1,2,3,0.0113,0.0221,-0.0108,-0.7034,0.3169,group,88221,90297
direct_vs_group_full,Jobcenter,1,2,3,0.0113,0.0221,-0.0108,-0.7034,0.3169,group,88221,90297
direct_vs_group_full,KBT,1,2,3,0.0113,0.0221,-0.0108,-0.7034,0.3169,group,88221,90297
direct_vs_group_full,KU,1,2,3,0.0113,0.0221,-0.0108,-0.7034,0.3169,group,88221,90297
direct_vs_group_full,Kam,1,2,3,0.0113,0.0221,-0.0108,-0.7034,0.3169,group,88221,90297
direct_vs_group_full,Kindergeld,1,2,3,0.0113,0.0221,-0.0108,-0.7034,0.3169,group,88221,90297
direct_vs_group_full,Kittel,1,2,3,0.0113,0.0221,-0.0108,-0.7034,0.3169,group,88221,90297
direct_vs_group_full,Kompetenzen,1,2,3,0.0113,0.0221,-0.0108,-0.7034,0.3169,group,88221,90297
direct_vs_group_full,Kompromiss,1,2,3,0.0113,0.0221,-0.0108,-0.7034,0.3169,group,88221,90297
direct_vs_group_full,Konfrontation,1,2,3,0.0113,0.0221,-0.0108,-0.7034,0.3169,group,88221,90297
direct_vs_group_full,Kriterium,1,2,3,0.0113,0.0221,-0.0108,-0.7034,0.3169,group,88221,90297
direct_vs_group_full,Lebensüberdrussgedanken,1,2,3,0.0113,0.0221,-0.0108,-0.7034,0.3169,group,88221,90297
direct_vs_group_full,Lächeln,1,2,3,0.0113,0.0221,-0.0108,-0.7034,0.3169,group,88221,90297
direct_vs_group_full,MPO,1,2,3,0.0113,0.0221,-0.0108,-0.7034,0.3169,group,88221,90297
direct_vs_group_full,Mailadresse,1,2,3,0.0113,0.0221,-0.0108,-0.7034,0.3169,group,88221,90297
direct_vs_group_full,Mamma,1,2,3,0.0113,0.0221,-0.0108,-0.7034,0.3169,group,88221,90297
direct_vs_group_full,Mengen,1,2,3,0.0113,0.0221,-0.0108,-0.7034,0.3169,group,88221,90297
direct_vs_group_full,Metamizol,1,2,3,0.0113,0.0221,-0.0108,-0.7034,0.3169,group,88221,90297
direct_vs_group_full,Mg,1,2,3,0.0113,0.0221,-0.0108,-0.7034,0.3169,group,88221,90297
direct_vs_group_full,Mibi,1,2,3,0.0113,0.0221,-0.0108,-0.7034,0.3169,group,88221,90297
direct_vs_group_full,Mich,1,2,3,0.0113,0.0221,-0.0108,-0.7034,0.3169,group,88221,90297
direct_vs_group_full,Mimik,1,2,3,0.0113,0.0221,-0.0108,-0.7034,0.3169,group,88221,90297
direct_vs_group_full,Mut,1,2,3,0.0113,0.0221,-0.0108,-0.7034,0.3169,group,88221,90297
direct_vs_group_full,Mühe,1,2,3,0.0113,0.0221,-0.0108,-0.7034,0.3169,group,88221,90297
direct_vs_group_full,N,1,2,3,0.0113,0.0221,-0.0108,-0.7034,0.3169,group,88221,90297
direct_vs_group_full,Nase,1,2,3,0.0113,0.0221,-0.0108,-0.7034,0.3169,group,88221,90297
direct_vs_group_full,Nephrologen,1,2,3,0.0113,0.0221,-0.0108,-0.7034,0.3169,group,88221,90297
direct_vs_group_full,Neurochirurgie,1,2,3,0.0113,0.0221,-0.0108,-0.7034,0.3169,group,88221,90297
direct_vs_group_full,Nichttragen,1,2,3,0.0113,0.0221,-0.0108,-0.7034,0.3169,group,88221,90297
direct_vs_group_full,Nierenversagen,1,2,3,0.0113,0.0221,-0.0108,-0.7034,0.3169,group,88221,90297
direct_vs_group_full,Normalerweise,1,2,3,0.0113,0.0221,-0.0108,-0.7034,0.3169,group,88221,90297
direct_vs_group_full,Normalstation,1,2,3,0.0113,0.0221,-0.0108,-0.7034,0.3169,group,88221,90297
direct_vs_group_full,Notiz,1,2,3,0.0113,0.0221,-0.0108,-0.7034,0.3169,group,88221,90297
direct_vs_group_full,Nummern,1,2,3,0.0113,0.0221,-0.0108,-0.7034,0.3169,group,88221,90297
direct_vs_group_full,OTSC,1,2,3,0.0113,0.0221,-0.0108,-0.7034,0.3169,group,88221,90297
direct_vs_group_full,Opioidreduktion,1,2,3,0.0113,0.0221,-0.0108,-0.7034,0.3169,group,88221,90297
direct_vs_group_full,Optionen,1,2,3,0.0113,0.0221,-0.0108,-0.7034,0.3169,group,88221,90297
direct_vs_group_full,PICS,1,2,3,0.0113,0.0221,-0.0108,-0.7034,0.3169,group,88221,90297
direct_vs_group_full,Palexia,1,2,3,0.0113,0.0221,-0.0108,-0.7034,0.3169,group,88221,90297
direct_vs_group_full,Personal,1,2,3,0.0113,0.0221,-0.0108,-0.7034,0.3169,group,88221,90297
direct_vs_group_full,Pflegestützpunkt,1,2,3,0.0113,0.0221,-0.0108,-0.7034,0.3169,group,88221,90297
direct_vs_group_full,Polygraphie,1,2,3,0.0113,0.0221,-0.0108,-0.7034,0.3169,group,88221,90297
direct_vs_group_full,Portionen,1,2,3,0.0113,0.0221,-0.0108,-0.7034,0.3169,group,88221,90297
direct_vs_group_full,Probatorikgruppe,1,2,3,0.0113,0.0221,-0.0108,-0.7034,0.3169,group,88221,90297
direct_vs_group_full,PsychKG,1,2,3,0.0113,0.0221,-0.0108,-0.7034,0.3169,group,88221,90297
direct_vs_group_full,Reaktionen,1,2,3,0.0113,0.0221,-0.0108,-0.7034,0.3169,group,88221,90297
direct_vs_group_full,Reduktionen,1,2,3,0.0113,0.0221,-0.0108,-0.7034,0.3169,group,88221,90297
direct_vs_group_full,Regelung,1,2,3,0.0113,0.0221,-0.0108,-0.7034,0.3169,group,88221,90297
direct_vs_group_full,Reizdarm,1,2,3,0.0113,0.0221,-0.0108,-0.7034,0.3169,group,88221,90297
direct_vs_group_full,Rekrutierung,1,2,3,0.0113,0.0221,-0.0108,-0.7034,0.3169,group,88221,90297
direct_vs_group_full,Rheumaserologie,1,2,3,0.0113,0.0221,-0.0108,-0.7034,0.3169,group,88221,90297
direct_vs_group_full,Risikominderung,1,2,3,0.0113,0.0221,-0.0108,-0.7034,0.3169,group,88221,90297
direct_vs_group_full,Rollenspiel,1,2,3,0.0113,0.0221,-0.0108,-0.7034,0.3169,group,88221,90297
direct_vs_group_full,Routine,1,2,3,0.0113,0.0221,-0.0108,-0.7034,0.3169,group,88221,90297
direct_vs_group_full,Sagst,1,2,3,0.0113,0.0221,-0.0108,-0.7034,0.3169,group,88221,90297
direct_vs_group_full,Schwierigkeit,1,2,3,0.0113,0.0221,-0.0108,-0.7034,0.3169,group,88221,90297
direct_vs_group_full,Score,1,2,3,0.0113,0.0221,-0.0108,-0.7034,0.3169,group,88221,90297
direct_vs_group_full,Sehe,1,2,3,0.0113,0.0221,-0.0108,-0.7034,0.3169,group,88221,90297
direct_vs_group_full,Selbst,1,2,3,0.0113,0.0221,-0.0108,-0.7034,0.3169,group,88221,90297
direct_vs_group_full,Sonntagmorgen,1,2,3,0.0113,0.0221,-0.0108,-0.7034,0.3169,group,88221,90297
direct_vs_group_full,Sozialpädagogin,1,2,3,0.0113,0.0221,-0.0108,-0.7034,0.3169,group,88221,90297
direct_vs_group_full,Spondylolisthesis,1,2,3,0.0113,0.0221,-0.0108,-0.7034,0.3169,group,88221,90297
direct_vs_group_full,Stichtag,1,2,3,0.0113,0.0221,-0.0108,-0.7034,0.3169,group,88221,90297
direct_vs_group_full,Streichfett,1,2,3,0.0113,0.0221,-0.0108,-0.7034,0.3169,group,88221,90297
direct_vs_group_full,Studentenkurs,1,2,3,0.0113,0.0221,-0.0108,-0.7034,0.3169,group,88221,90297
direct_vs_group_full,Studis,1,2,3,0.0113,0.0221,-0.0108,-0.7034,0.3169,group,88221,90297
direct_vs_group_full,Stärkung,1,2,3,0.0113,0.0221,-0.0108,-0.7034,0.3169,group,88221,90297
direct_vs_group_full,Störungen,1,2,3,0.0113,0.0221,-0.0108,-0.7034,0.3169,group,88221,90297
direct_vs_group_full,Teambesprechung,1,2,3,0.0113,0.0221,-0.0108,-0.7034,0.3169,group,88221,90297
direct_vs_group_full,Transport,1,2,3,0.0113,0.0221,-0.0108,-0.7034,0.3169,group,88221,90297
direct_vs_group_full,Traumatherapie,1,2,3,0.0113,0.0221,-0.0108,-0.7034,0.3169,group,88221,90297
direct_vs_group_full,Traumatisierung,1,2,3,0.0113,0.0221,-0.0108,-0.7034,0.3169,group,88221,90297
direct_vs_group_full,Tägliche,1,2,3,0.0113,0.0221,-0.0108,-0.7034,0.3169,group,88221,90297
direct_vs_group_full,Unbedingt,1,2,3,0.0113,0.0221,-0.0108,-0.7034,0.3169,group,88221,90297
direct_vs_group_full,Unser,1,2,3,0.0113,0.0221,-0.0108,-0.7034,0.3169,group,88221,90297
direct_vs_group_full,VS,1,2,3,0.0113,0.0221,-0.0108,-0.7034,0.3169,group,88221,90297
direct_vs_group_full,Variante,1,2,3,0.0113,0.0221,-0.0108,-0.7034,0.3169,group,88221,90297
direct_vs_group_full,Verlaufskontrolle,1,2,3,0.0113,0.0221,-0.0108,-0.7034,0.3169,group,88221,90297
direct_vs_group_full,Verletzungen,1,2,3,0.0113,0.0221,-0.0108,-0.7034,0.3169,group,88221,90297
direct_vs_group_full,Verschlechterung,1,2,3,0.0113,0.0221,-0.0108,-0.7034,0.3169,group,88221,90297
direct_vs_group_full,Versehen,1,2,3,0.0113,0.0221,-0.0108,-0.7034,0.3169,group,88221,90297
direct_vs_group_full,Verzweiflung,1,2,3,0.0113,0.0221,-0.0108,-0.7034,0.3169,group,88221,90297
direct_vs_group_full,Voll,1,2,3,0.0113,0.0221,-0.0108,-0.7034,0.3169,group,88221,90297
direct_vs_group_full,Vorbild,1,2,3,0.0113,0.0221,-0.0108,-0.7034,0.3169,group,88221,90297
direct_vs_group_full,WIr,1,2,3,0.0113,0.0221,-0.0108,-0.7034,0.3169,group,88221,90297
direct_vs_group_full,Warteliste,1,2,3,0.0113,0.0221,-0.0108,-0.7034,0.3169,group,88221,90297
direct_vs_group_full,Weinen,1,2,3,0.0113,0.0221,-0.0108,-0.7034,0.3169,group,88221,90297
direct_vs_group_full,Werbung,1,2,3,0.0113,0.0221,-0.0108,-0.7034,0.3169,group,88221,90297
direct_vs_group_full,Wichtigste,1,2,3,0.0113,0.0221,-0.0108,-0.7034,0.3169,group,88221,90297
direct_vs_group_full,Worte,1,2,3,0.0113,0.0221,-0.0108,-0.7034,0.3169,group,88221,90297
direct_vs_group_full,Wut/Frustration,1,2,3,0.0113,0.0221,-0.0108,-0.7034,0.3169,group,88221,90297
direct_vs_group_full,Zugriff,1,2,3,0.0113,0.0221,-0.0108,-0.7034,0.3169,group,88221,90297
direct_vs_group_full,_,1,2,3,0.0113,0.0221,-0.0108,-0.7034,0.3169,group,88221,90297
direct_vs_group_full,abgerufen,1,2,3,0.0113,0.0221,-0.0108,-0.7034,0.3169,group,88221,90297
direct_vs_group_full,abläuft,1,2,3,0.0113,0.0221,-0.0108,-0.7034,0.3169,group,88221,90297
direct_vs_group_full,abmelden,1,2,3,0.0113,0.0221,-0.0108,-0.7034,0.3169,group,88221,90297
direct_vs_group_full,abseits,1,2,3,0.0113,0.0221,-0.0108,-0.7034,0.3169,group,88221,90297
direct_vs_group_full,adäquaten,1,2,3,0.0113,0.0221,-0.0108,-0.7034,0.3169,group,88221,90297
direct_vs_group_full,aggressiv,1,2,3,0.0113,0.0221,-0.0108,-0.7034,0.3169,group,88221,90297
direct_vs_group_full,anamn,1,2,3,0.0113,0.0221,-0.0108,-0.7034,0.3169,group,88221,90297
direct_vs_group_full,andauernde,1,2,3,0.0113,0.0221,-0.0108,-0.7034,0.3169,group,88221,90297
direct_vs_group_full,angemessen,1,2,3,0.0113,0.0221,-0.0108,-0.7034,0.3169,group,88221,90297
direct_vs_group_full,angesetzten,1,2,3,0.0113,0.0221,-0.0108,-0.7034,0.3169,group,88221,90297
direct_vs_group_full,angestrebt,1,2,3,0.0113,0.0221,-0.0108,-0.7034,0.3169,group,88221,90297
direct_vs_group_full,antworte,1,2,3,0.0113,0.0221,-0.0108,-0.7034,0.3169,group,88221,90297
direct_vs_group_full,aufgeteilt,1,2,3,0.0113,0.0221,-0.0108,-0.7034,0.3169,group,88221,90297
direct_vs_group_full,ausbleibender,1,2,3,0.0113,0.0221,-0.0108,-0.7034,0.3169,group,88221,90297
direct_vs_group_full,ausgefallen,1,2,3,0.0113,0.0221,-0.0108,-0.7034,0.3169,group,88221,90297
direct_vs_group_full,ausgehandelt,1,2,3,0.0113,0.0221,-0.0108,-0.7034,0.3169,group,88221,90297
direct_vs_group_full,ausgehen,1,2,3,0.0113,0.0221,-0.0108,-0.7034,0.3169,group,88221,90297
direct_vs_group_full,ausschleichen,1,2,3,0.0113,0.0221,-0.0108,-0.7034,0.3169,group,88221,90297
direct_vs_group_full,austeilen,1,2,3,0.0113,0.0221,-0.0108,-0.7034,0.3169,group,88221,90297
direct_vs_group_full,auszuprobieren,1,2,3,0.0113,0.0221,-0.0108,-0.7034,0.3169,group,88221,90297
direct_vs_group_full,bariatr,1,2,3,0.0113,0.0221,-0.0108,-0.7034,0.3169,group,88221,90297
direct_vs_group_full,be,1,2,3,0.0113,0.0221,-0.0108,-0.7034,0.3169,group,88221,90297
direct_vs_group_full,beantragt,1,2,3,0.0113,0.0221,-0.0108,-0.7034,0.3169,group,88221,90297
direct_vs_group_full,beeinflussen,1,2,3,0.0113,0.0221,-0.0108,-0.7034,0.3169,group,88221,90297
direct_vs_group_full,bek,1,2,3,0.0113,0.0221,-0.0108,-0.7034,0.3169,group,88221,90297
direct_vs_group_full,beobachtet,1,2,3,0.0113,0.0221,-0.0108,-0.7034,0.3169,group,88221,90297
direct_vs_group_full,bereite,1,2,3,0.0113,0.0221,-0.0108,-0.7034,0.3169,group,88221,90297
direct_vs_group_full,bestehe,1,2,3,0.0113,0.0221,-0.0108,-0.7034,0.3169,group,88221,90297
direct_vs_group_full,bestärkt,1,2,3,0.0113,0.0221,-0.0108,-0.7034,0.3169,group,88221,90297
direct_vs_group_full,besucht,1,2,3,0.0113,0.0221,-0.0108,-0.7034,0.3169,group,88221,90297
direct_vs_group_full,bevorstehenden,1,2,3,0.0113,0.0221,-0.0108,-0.7034,0.3169,group,88221,90297
direct_vs_group_full,bezieht,1,2,3,0.0113,0.0221,-0.0108,-0.7034,0.3169,group,88221,90297
direct_vs_group_full,dementsprechend,1,2,3,0.0113,0.0221,-0.0108,-0.7034,0.3169,group,88221,90297
direct_vs_group_full,drängen,1,2,3,0.0113,0.0221,-0.0108,-0.7034,0.3169,group,88221,90297
direct_vs_group_full,einfachsten,1,2,3,0.0113,0.0221,-0.0108,-0.7034,0.3169,group,88221,90297
direct_vs_group_full,einiger,1,2,3,0.0113,0.0221,-0.0108,-0.7034,0.3169,group,88221,90297
direct_vs_group_full,einsehen,1,2,3,0.0113,0.0221,-0.0108,-0.7034,0.3169,group,88221,90297
direct_vs_group_full,einzeln,1,2,3,0.0113,0.0221,-0.0108,-0.7034,0.3169,group,88221,90297
direct_vs_group_full,empfangen,1,2,3,0.0113,0.0221,-0.0108,-0.7034,0.3169,group,88221,90297
direct_vs_group_full,entfällt,1,2,3,0.0113,0.0221,-0.0108,-0.7034,0.3169,group,88221,90297
direct_vs_group_full,entlastendes,1,2,3,0.0113,0.0221,-0.0108,-0.7034,0.3169,group,88221,90297
direct_vs_group_full,erarbeitet,1,2,3,0.0113,0.0221,-0.0108,-0.7034,0.3169,group,88221,90297
direct_vs_group_full,erfolgreich,1,2,3,0.0113,0.0221,-0.0108,-0.7034,0.3169,group,88221,90297
direct_vs_group_full,erinnere,1,2,3,0.0113,0.0221,-0.0108,-0.7034,0.3169,group,88221,90297
direct_vs_group_full,erinnert,1,2,3,0.0113,0.0221,-0.0108,-0.7034,0.3169,group,88221,90297
direct_vs_group_full,erläutert,1,2,3,0.0113,0.0221,-0.0108,-0.7034,0.3169,group,88221,90297
direct_vs_group_full,erniedrigt,1,2,3,0.0113,0.0221,-0.0108,-0.7034,0.3169,group,88221,90297
direct_vs_group_full,esse,1,2,3,0.0113,0.0221,-0.0108,-0.7034,0.3169,group,88221,90297
direct_vs_group_full,fett,1,2,3,0.0113,0.0221,-0.0108,-0.7034,0.3169,group,88221,90297
direct_vs_group_full,folgender,1,2,3,0.0113,0.0221,-0.0108,-0.7034,0.3169,group,88221,90297
direct_vs_group_full,folgt,1,2,3,0.0113,0.0221,-0.0108,-0.7034,0.3169,group,88221,90297
direct_vs_group_full,fordern,1,2,3,0.0113,0.0221,-0.0108,-0.7034,0.3169,group,88221,90297
direct_vs_group_full,frgl,1,2,3,0.0113,0.0221,-0.0108,-0.7034,0.3169,group,88221,90297
direct_vs_group_full,frohe,1,2,3,0.0113,0.0221,-0.0108,-0.7034,0.3169,group,88221,90297
direct_vs_group_full,fängt,1,2,3,0.0113,0.0221,-0.0108,-0.7034,0.3169,group,88221,90297
direct_vs_group_full,gefährdet,1,2,3,0.0113,0.0221,-0.0108,-0.7034,0.3169,group,88221,90297
direct_vs_group_full,geirrt,1,2,3,0.0113,0.0221,-0.0108,-0.7034,0.3169,group,88221,90297
direct_vs_group_full,gemessen,1,2,3,0.0113,0.0221,-0.0108,-0.7034,0.3169,group,88221,90297
direct_vs_group_full,genannt,1,2,3,0.0113,0.0221,-0.0108,-0.7034,0.3169,group,88221,90297
direct_vs_group_full,generalisierter,1,2,3,0.0113,0.0221,-0.0108,-0.7034,0.3169,group,88221,90297
direct_vs_group_full,geschützt,1,2,3,0.0113,0.0221,-0.0108,-0.7034,0.3169,group,88221,90297
direct_vs_group_full,gestaltet,1,2,3,0.0113,0.0221,-0.0108,-0.7034,0.3169,group,88221,90297
direct_vs_group_full,getragen,1,2,3,0.0113,0.0221,-0.0108,-0.7034,0.3169,group,88221,90297
direct_vs_group_full,gewirkt,1,2,3,0.0113,0.0221,-0.0108,-0.7034,0.3169,group,88221,90297
direct_vs_group_full,grades,1,2,3,0.0113,0.0221,-0.0108,-0.7034,0.3169,group,88221,90297
direct_vs_group_full,handgelenk,1,2,3,0.0113,0.0221,-0.0108,-0.7034,0.3169,group,88221,90297
direct_vs_group_full,höher,1,2,3,0.0113,0.0221,-0.0108,-0.7034,0.3169,group,88221,90297
direct_vs_group_full,immerhin,1,2,3,0.0113,0.0221,-0.0108,-0.7034,0.3169,group,88221,90297
direct_vs_group_full,initial,1,2,3,0.0113,0.0221,-0.0108,-0.7034,0.3169,group,88221,90297
direct_vs_group_full,innenzimmer,1,2,3,0.0113,0.0221,-0.0108,-0.7034,0.3169,group,88221,90297
direct_vs_group_full,kindliche,1,2,3,0.0113,0.0221,-0.0108,-0.7034,0.3169,group,88221,90297
direct_vs_group_full,klappen,1,2,3,0.0113,0.0221,-0.0108,-0.7034,0.3169,group,88221,90297
direct_vs_group_full,klarer,1,2,3,0.0113,0.0221,-0.0108,-0.7034,0.3169,group,88221,90297
direct_vs_group_full,konkretes,1,2,3,0.0113,0.0221,-0.0108,-0.7034,0.3169,group,88221,90297
direct_vs_group_full,konstant,1,2,3,0.0113,0.0221,-0.0108,-0.7034,0.3169,group,88221,90297
direct_vs_group_full,kontaktperson,1,2,3,0.0113,0.0221,-0.0108,-0.7034,0.3169,group,88221,90297
direct_vs_group_full,kopiere,1,2,3,0.0113,0.0221,-0.0108,-0.7034,0.3169,group,88221,90297
direct_vs_group_full,lautet,1,2,3,0.0113,0.0221,-0.0108,-0.7034,0.3169,group,88221,90297
direct_vs_group_full,lehnte,1,2,3,0.0113,0.0221,-0.0108,-0.7034,0.3169,group,88221,90297
direct_vs_group_full,leisten,1,2,3,0.0113,0.0221,-0.0108,-0.7034,0.3169,group,88221,90297
direct_vs_group_full,mag,1,2,3,0.0113,0.0221,-0.0108,-0.7034,0.3169,group,88221,90297
direct_vs_group_full,messen,1,2,3,0.0113,0.0221,-0.0108,-0.7034,0.3169,group,88221,90297
direct_vs_group_full,misstrauisch,1,2,3,0.0113,0.0221,-0.0108,-0.7034,0.3169,group,88221,90297
direct_vs_group_full,mitgenommen,1,2,3,0.0113,0.0221,-0.0108,-0.7034,0.3169,group,88221,90297
direct_vs_group_full,mitmacht,1,2,3,0.0113,0.0221,-0.0108,-0.7034,0.3169,group,88221,90297
direct_vs_group_full,mühsam,1,2,3,0.0113,0.0221,-0.0108,-0.7034,0.3169,group,88221,90297
direct_vs_group_full,nachgetragen,1,2,3,0.0113,0.0221,-0.0108,-0.7034,0.3169,group,88221,90297
direct_vs_group_full,nochmals,1,2,3,0.0113,0.0221,-0.0108,-0.7034,0.3169,group,88221,90297
direct_vs_group_full,ochenende,1,2,3,0.0113,0.0221,-0.0108,-0.7034,0.3169,group,88221,90297
direct_vs_group_full,plötzlich,1,2,3,0.0113,0.0221,-0.0108,-0.7034,0.3169,group,88221,90297
direct_vs_group_full,probiere,1,2,3,0.0113,0.0221,-0.0108,-0.7034,0.3169,group,88221,90297
direct_vs_group_full,präsenter,1,2,3,0.0113,0.0221,-0.0108,-0.7034,0.3169,group,88221,90297
direct_vs_group_full,relevante,1,2,3,0.0113,0.0221,-0.0108,-0.7034,0.3169,group,88221,90297
direct_vs_group_full,ret,1,2,3,0.0113,0.0221,-0.0108,-0.7034,0.3169,group,88221,90297
direct_vs_group_full,schaden,1,2,3,0.0113,0.0221,-0.0108,-0.7034,0.3169,group,88221,90297
direct_vs_group_full,scheinen,1,2,3,0.0113,0.0221,-0.0108,-0.7034,0.3169,group,88221,90297
direct_vs_group_full,schriftl,1,2,3,0.0113,0.0221,-0.0108,-0.7034,0.3169,group,88221,90297
direct_vs_group_full,schriftlicher,1,2,3,0.0113,0.0221,-0.0108,-0.7034,0.3169,group,88221,90297
direct_vs_group_full,schwankend,1,2,3,0.0113,0.0221,-0.0108,-0.7034,0.3169,group,88221,90297
direct_vs_group_full,schwerhörig,1,2,3,0.0113,0.0221,-0.0108,-0.7034,0.3169,group,88221,90297
direct_vs_group_full,schwieriger,1,2,3,0.0113,0.0221,-0.0108,-0.7034,0.3169,group,88221,90297
direct_vs_group_full,seitdem,1,2,3,0.0113,0.0221,-0.0108,-0.7034,0.3169,group,88221,90297
direct_vs_group_full,sek,1,2,3,0.0113,0.0221,-0.0108,-0.7034,0.3169,group,88221,90297
direct_vs_group_full,sichtung,1,2,3,0.0113,0.0221,-0.0108,-0.7034,0.3169,group,88221,90297
direct_vs_group_full,solche,1,2,3,0.0113,0.0221,-0.0108,-0.7034,0.3169,group,88221,90297
direct_vs_group_full,sozialem,1,2,3,0.0113,0.0221,-0.0108,-0.7034,0.3169,group,88221,90297
direct_vs_group_full,springt,1,2,3,0.0113,0.0221,-0.0108,-0.7034,0.3169,group,88221,90297
direct_vs_group_full,spürt,1,2,3,0.0113,0.0221,-0.0108,-0.7034,0.3169,group,88221,90297
direct_vs_group_full,stattgefunden,1,2,3,0.0113,0.0221,-0.0108,-0.7034,0.3169,group,88221,90297
direct_vs_group_full,steigerung,1,2,3,0.0113,0.0221,-0.0108,-0.7034,0.3169,group,88221,90297
direct_vs_group_full,stille,1,2,3,0.0113,0.0221,-0.0108,-0.7034,0.3169,group,88221,90297
direct_vs_group_full,stärker,1,2,3,0.0113,0.0221,-0.0108,-0.7034,0.3169,group,88221,90297
direct_vs_group_full,stärkere,1,2,3,0.0113,0.0221,-0.0108,-0.7034,0.3169,group,88221,90297
direct_vs_group_full,therapeutische,1,2,3,0.0113,0.0221,-0.0108,-0.7034,0.3169,group,88221,90297
direct_vs_group_full,trocken,1,2,3,0.0113,0.0221,-0.0108,-0.7034,0.3169,group,88221,90297
direct_vs_group_full,unklarer,1,2,3,0.0113,0.0221,-0.0108,-0.7034,0.3169,group,88221,90297
direct_vs_group_full,unretardiert,1,2,3,0.0113,0.0221,-0.0108,-0.7034,0.3169,group,88221,90297
direct_vs_group_full,unterstützt,1,2,3,0.0113,0.0221,-0.0108,-0.7034,0.3169,group,88221,90297
direct_vs_group_full,vegan,1,2,3,0.0113,0.0221,-0.0108,-0.7034,0.3169,group,88221,90297
direct_vs_group_full,verfestigt,1,2,3,0.0113,0.0221,-0.0108,-0.7034,0.3169,group,88221,90297
direct_vs_group_full,verhindern,1,2,3,0.0113,0.0221,-0.0108,-0.7034,0.3169,group,88221,90297
direct_vs_group_full,vermehrten,1,2,3,0.0113,0.0221,-0.0108,-0.7034,0.3169,group,88221,90297
direct_vs_group_full,verteilen,1,2,3,0.0113,0.0221,-0.0108,-0.7034,0.3169,group,88221,90297
direct_vs_group_full,vertieft,1,2,3,0.0113,0.0221,-0.0108,-0.7034,0.3169,group,88221,90297
direct_vs_group_full,vertritt,1,2,3,0.0113,0.0221,-0.0108,-0.7034,0.3169,group,88221,90297
direct_vs_group_full,verwechselt,1,2,3,0.0113,0.0221,-0.0108,-0.7034,0.3169,group,88221,90297
direct_vs_group_full,verzögert,1,2,3,0.0113,0.0221,-0.0108,-0.7034,0.3169,group,88221,90297
direct_vs_group_full,vorbeschrieben,1,2,3,0.0113,0.0221,-0.0108,-0.7034,0.3169,group,88221,90297
direct_vs_group_full,vordergründig,1,2,3,0.0113,0.0221,-0.0108,-0.7034,0.3169,group,88221,90297
direct_vs_group_full,vorgestern,1,2,3,0.0113,0.0221,-0.0108,-0.7034,0.3169,group,88221,90297
direct_vs_group_full,vorhanden,1,2,3,0.0113,0.0221,-0.0108,-0.7034,0.3169,group,88221,90297
direct_vs_group_full,vorkommt,1,2,3,0.0113,0.0221,-0.0108,-0.7034,0.3169,group,88221,90297
direct_vs_group_full,vorläufigen,1,2,3,0.0113,0.0221,-0.0108,-0.7034,0.3169,group,88221,90297
direct_vs_group_full,vormittag,1,2,3,0.0113,0.0221,-0.0108,-0.7034,0.3169,group,88221,90297
direct_vs_group_full,weinend,1,2,3,0.0113,0.0221,-0.0108,-0.7034,0.3169,group,88221,90297
direct_vs_group_full,word,1,2,3,0.0113,0.0221,-0.0108,-0.7034,0.3169,group,88221,90297
direct_vs_group_full,zeige,1,2,3,0.0113,0.0221,-0.0108,-0.7034,0.3169,group,88221,90297
direct_vs_group_full,zsm,1,2,3,0.0113,0.0221,-0.0108,-0.7034,0.3169,group,88221,90297
direct_vs_group_full,zugesichert,1,2,3,0.0113,0.0221,-0.0108,-0.7034,0.3169,group,88221,90297
direct_vs_group_full,zusätzliche,1,2,3,0.0113,0.0221,-0.0108,-0.7034,0.3169,group,88221,90297
direct_vs_group_full,zweites,1,2,3,0.0113,0.0221,-0.0108,-0.7034,0.3169,group,88221,90297
direct_vs_group_full,ärztlich,1,2,3,0.0113,0.0221,-0.0108,-0.7034,0.3169,group,88221,90297
direct_vs_group_full,üblich,1,2,3,0.0113,0.0221,-0.0108,-0.7034,0.3169,group,88221,90297
direct_vs_group_full,ihrem,27,32,59,0.306,0.3544,-0.0483,-0.2075,0.3159,group,88221,90297
direct_vs_group_full,200,9,7,16,0.102,0.0775,0.0245,0.3746,0.2993,direct,88221,90297
direct_vs_group_full,Struktur,9,7,16,0.102,0.0775,0.0245,0.3746,0.2993,direct,88221,90297
direct_vs_group_full,Weg,9,7,16,0.102,0.0775,0.0245,0.3746,0.2993,direct,88221,90297
direct_vs_group_full,abholen,9,7,16,0.102,0.0775,0.0245,0.3746,0.2993,direct,88221,90297
direct_vs_group_full,ambulant,9,7,16,0.102,0.0775,0.0245,0.3746,0.2993,direct,88221,90297
direct_vs_group_full,sowieso,9,7,16,0.102,0.0775,0.0245,0.3746,0.2993,direct,88221,90297
direct_vs_group_full,Störung,22,19,41,0.2494,0.2104,0.039,0.24,0.295,direct,88221,90297
direct_vs_group_full,Einzel,44,40,84,0.4987,0.443,0.0558,0.1694,0.2949,direct,88221,90297
direct_vs_group_full,nachdem,11,14,25,0.1247,0.155,-0.0304,-0.3009,0.2945,group,88221,90297
direct_vs_group_full,3x,5,7,12,0.0567,0.0775,-0.0208,-0.4139,0.29,group,88221,90297
direct_vs_group_full,Aus,5,7,12,0.0567,0.0775,-0.0208,-0.4139,0.29,group,88221,90297
direct_vs_group_full,Echo,5,7,12,0.0567,0.0775,-0.0208,-0.4139,0.29,group,88221,90297
direct_vs_group_full,Ggf,5,7,12,0.0567,0.0775,-0.0208,-0.4139,0.29,group,88221,90297
direct_vs_group_full,Ihre,5,7,12,0.0567,0.0775,-0.0208,-0.4139,0.29,group,88221,90297
direct_vs_group_full,Punkte,5,7,12,0.0567,0.0775,-0.0208,-0.4139,0.29,group,88221,90297
direct_vs_group_full,Vorbefunde,5,7,12,0.0567,0.0775,-0.0208,-0.4139,0.29,group,88221,90297
direct_vs_group_full,mind,5,7,12,0.0567,0.0775,-0.0208,-0.4139,0.29,group,88221,90297
direct_vs_group_full,spätestens,5,7,12,0.0567,0.0775,-0.0208,-0.4139,0.29,group,88221,90297
direct_vs_group_full,unabhängig,5,7,12,0.0567,0.0775,-0.0208,-0.4139,0.29,group,88221,90297
direct_vs_group_full,unverändert,5,7,12,0.0567,0.0775,-0.0208,-0.4139,0.29,group,88221,90297
direct_vs_group_full,verfügbar,5,7,12,0.0567,0.0775,-0.0208,-0.4139,0.29,group,88221,90297
direct_vs_group_full,Der,23,20,43,0.2607,0.2215,0.0392,0.2306,0.2851,direct,88221,90297
direct_vs_group_full,Mutter,41,47,88,0.4647,0.5205,-0.0558,-0.1613,0.2818,group,88221,90297
direct_vs_group_full,Labor,20,24,44,0.2267,0.2658,-0.0391,-0.2236,0.2771,group,88221,90297
direct_vs_group_full,Zimmer,42,48,90,0.4761,0.5316,-0.0555,-0.157,0.2729,group,88221,90297
direct_vs_group_full,aufnehmen,10,8,18,0.1134,0.0886,0.0248,0.3384,0.2716,direct,88221,90297
direct_vs_group_full,generell,10,8,18,0.1134,0.0886,0.0248,0.3384,0.2716,direct,88221,90297
direct_vs_group_full,planen,10,8,18,0.1134,0.0886,0.0248,0.3384,0.2716,direct,88221,90297
direct_vs_group_full,|,10,8,18,0.1134,0.0886,0.0248,0.3384,0.2716,direct,88221,90297
direct_vs_group_full,Seite,12,15,27,0.136,0.1661,-0.0301,-0.2768,0.2679,group,88221,90297
direct_vs_group_full,geplant,31,36,67,0.3514,0.3987,-0.0473,-0.179,0.2662,group,88221,90297
direct_vs_group_full,lange,26,23,49,0.2947,0.2547,0.04,0.2069,0.2602,direct,88221,90297
direct_vs_group_full,etwas,120,115,235,1.3602,1.2736,0.0866,0.0947,0.2545,direct,88221,90297
direct_vs_group_full,Abhängigkeit,11,9,20,0.1247,0.0997,0.025,0.3092,0.2496,direct,88221,90297
direct_vs_group_full,Pause,11,9,20,0.1247,0.0997,0.025,0.3092,0.2496,direct,88221,90297
direct_vs_group_full,eingetragen,11,9,20,0.1247,0.0997,0.025,0.3092,0.2496,direct,88221,90297
direct_vs_group_full,gebessert,11,9,20,0.1247,0.0997,0.025,0.3092,0.2496,direct,88221,90297
direct_vs_group_full,neue,33,38,71,0.3741,0.4208,-0.0468,-0.1671,0.2457,group,88221,90297
direct_vs_group_full,Teams,13,16,29,0.1474,0.1772,-0.0298,-0.256,0.245,group,88221,90297
direct_vs_group_full,Nifedipin,6,8,14,0.068,0.0886,-0.0206,-0.3535,0.2421,group,88221,90297
direct_vs_group_full,Terminen,6,8,14,0.068,0.0886,-0.0206,-0.3535,0.2421,group,88221,90297
direct_vs_group_full,Vorstellung,6,8,14,0.068,0.0886,-0.0206,-0.3535,0.2421,group,88221,90297
direct_vs_group_full,abgeschlossen,6,8,14,0.068,0.0886,-0.0206,-0.3535,0.2421,group,88221,90297
direct_vs_group_full,emotional,6,8,14,0.068,0.0886,-0.0206,-0.3535,0.2421,group,88221,90297
direct_vs_group_full,guter,6,8,14,0.068,0.0886,-0.0206,-0.3535,0.2421,group,88221,90297
direct_vs_group_full,lässt,6,8,14,0.068,0.0886,-0.0206,-0.3535,0.2421,group,88221,90297
direct_vs_group_full,schreibt,6,8,14,0.068,0.0886,-0.0206,-0.3535,0.2421,group,88221,90297
direct_vs_group_full,Plan,12,10,22,0.136,0.1107,0.0253,0.2851,0.2316,direct,88221,90297
direct_vs_group_full,falsch,12,10,22,0.136,0.1107,0.0253,0.2851,0.2316,direct,88221,90297
direct_vs_group_full,Was,32,29,61,0.3627,0.3212,0.0416,0.1733,0.2256,direct,88221,90297
direct_vs_group_full,37,3,2,5,0.034,0.0221,0.0119,0.519,0.2253,direct,88221,90297
direct_vs_group_full,60,3,2,5,0.034,0.0221,0.0119,0.519,0.2253,direct,88221,90297
direct_vs_group_full,75mg,3,2,5,0.034,0.0221,0.0119,0.519,0.2253,direct,88221,90297
direct_vs_group_full,Anruf,3,2,5,0.034,0.0221,0.0119,0.519,0.2253,direct,88221,90297
direct_vs_group_full,Armut,3,2,5,0.034,0.0221,0.0119,0.519,0.2253,direct,88221,90297
direct_vs_group_full,Artikel,3,2,5,0.034,0.0221,0.0119,0.519,0.2253,direct,88221,90297
direct_vs_group_full,Auge,3,2,5,0.034,0.0221,0.0119,0.519,0.2253,direct,88221,90297
direct_vs_group_full,Bereiche,3,2,5,0.034,0.0221,0.0119,0.519,0.2253,direct,88221,90297
direct_vs_group_full,Bereichen,3,2,5,0.034,0.0221,0.0119,0.519,0.2253,direct,88221,90297
direct_vs_group_full,Blutentnahme,3,2,5,0.034,0.0221,0.0119,0.519,0.2253,direct,88221,90297
direct_vs_group_full,Entzündungswerte,3,2,5,0.034,0.0221,0.0119,0.519,0.2253,direct,88221,90297
direct_vs_group_full,Erstmal,3,2,5,0.034,0.0221,0.0119,0.519,0.2253,direct,88221,90297
direct_vs_group_full,Esstagebuch,3,2,5,0.034,0.0221,0.0119,0.519,0.2253,direct,88221,90297
direct_vs_group_full,Expo,3,2,5,0.034,0.0221,0.0119,0.519,0.2253,direct,88221,90297
direct_vs_group_full,Frühbesprechung,3,2,5,0.034,0.0221,0.0119,0.519,0.2253,direct,88221,90297
direct_vs_group_full,Gewichtsvereinbarungen,3,2,5,0.034,0.0221,0.0119,0.519,0.2253,direct,88221,90297
direct_vs_group_full,Habt,3,2,5,0.034,0.0221,0.0119,0.519,0.2253,direct,88221,90297
direct_vs_group_full,Intervall,3,2,5,0.034,0.0221,0.0119,0.519,0.2253,direct,88221,90297
direct_vs_group_full,J,3,2,5,0.034,0.0221,0.0119,0.519,0.2253,direct,88221,90297
direct_vs_group_full,Je,3,2,5,0.034,0.0221,0.0119,0.519,0.2253,direct,88221,90297
direct_vs_group_full,Kost,3,2,5,0.034,0.0221,0.0119,0.519,0.2253,direct,88221,90297
direct_vs_group_full,Kurs,3,2,5,0.034,0.0221,0.0119,0.519,0.2253,direct,88221,90297
direct_vs_group_full,Leid,3,2,5,0.034,0.0221,0.0119,0.519,0.2253,direct,88221,90297
direct_vs_group_full,Maßnahmen,3,2,5,0.034,0.0221,0.0119,0.519,0.2253,direct,88221,90297
direct_vs_group_full,Niereninsuffizienz,3,2,5,0.034,0.0221,0.0119,0.519,0.2253,direct,88221,90297
direct_vs_group_full,Panaritium,3,2,5,0.034,0.0221,0.0119,0.519,0.2253,direct,88221,90297
direct_vs_group_full,Post,3,2,5,0.034,0.0221,0.0119,0.519,0.2253,direct,88221,90297
direct_vs_group_full,Rückruf,3,2,5,0.034,0.0221,0.0119,0.519,0.2253,direct,88221,90297
direct_vs_group_full,Schade,3,2,5,0.034,0.0221,0.0119,0.519,0.2253,direct,88221,90297
direct_vs_group_full,Schaue,3,2,5,0.034,0.0221,0.0119,0.519,0.2253,direct,88221,90297
direct_vs_group_full,Symptomtagebuch,3,2,5,0.034,0.0221,0.0119,0.519,0.2253,direct,88221,90297
direct_vs_group_full,Umstände,3,2,5,0.034,0.0221,0.0119,0.519,0.2253,direct,88221,90297
direct_vs_group_full,Verpflichtungen,3,2,5,0.034,0.0221,0.0119,0.519,0.2253,direct,88221,90297
direct_vs_group_full,Vorgehen,3,2,5,0.034,0.0221,0.0119,0.519,0.2253,direct,88221,90297
direct_vs_group_full,Weiterbehandlung,3,2,5,0.034,0.0221,0.0119,0.519,0.2253,direct,88221,90297
direct_vs_group_full,Wochenstart,3,2,5,0.034,0.0221,0.0119,0.519,0.2253,direct,88221,90297
direct_vs_group_full,Wunde,3,2,5,0.034,0.0221,0.0119,0.519,0.2253,direct,88221,90297
direct_vs_group_full,Zwangsstörung,3,2,5,0.034,0.0221,0.0119,0.519,0.2253,direct,88221,90297
direct_vs_group_full,ankündigen,3,2,5,0.034,0.0221,0.0119,0.519,0.2253,direct,88221,90297
direct_vs_group_full,aufeinander,3,2,5,0.034,0.0221,0.0119,0.519,0.2253,direct,88221,90297
direct_vs_group_full,benötige,3,2,5,0.034,0.0221,0.0119,0.519,0.2253,direct,88221,90297
direct_vs_group_full,besetzt,3,2,5,0.034,0.0221,0.0119,0.519,0.2253,direct,88221,90297
direct_vs_group_full,donnerstags,3,2,5,0.034,0.0221,0.0119,0.519,0.2253,direct,88221,90297
direct_vs_group_full,egal,3,2,5,0.034,0.0221,0.0119,0.519,0.2253,direct,88221,90297
direct_vs_group_full,einarbeiten,3,2,5,0.034,0.0221,0.0119,0.519,0.2253,direct,88221,90297
direct_vs_group_full,eins,3,2,5,0.034,0.0221,0.0119,0.519,0.2253,direct,88221,90297
direct_vs_group_full,erleichtert,3,2,5,0.034,0.0221,0.0119,0.519,0.2253,direct,88221,90297
direct_vs_group_full,erreiche,3,2,5,0.034,0.0221,0.0119,0.519,0.2253,direct,88221,90297
direct_vs_group_full,fehlte,3,2,5,0.034,0.0221,0.0119,0.519,0.2253,direct,88221,90297
direct_vs_group_full,fiel,3,2,5,0.034,0.0221,0.0119,0.519,0.2253,direct,88221,90297
direct_vs_group_full,gestartet,3,2,5,0.034,0.0221,0.0119,0.519,0.2253,direct,88221,90297
direct_vs_group_full,grinning,3,2,5,0.034,0.0221,0.0119,0.519,0.2253,direct,88221,90297
direct_vs_group_full,großen,3,2,5,0.034,0.0221,0.0119,0.519,0.2253,direct,88221,90297
direct_vs_group_full,gruppe,3,2,5,0.034,0.0221,0.0119,0.519,0.2253,direct,88221,90297
direct_vs_group_full,irgendwo,3,2,5,0.034,0.0221,0.0119,0.519,0.2253,direct,88221,90297
direct_vs_group_full,koordinieren,3,2,5,0.034,0.0221,0.0119,0.519,0.2253,direct,88221,90297
direct_vs_group_full,korrigieren,3,2,5,0.034,0.0221,0.0119,0.519,0.2253,direct,88221,90297
direct_vs_group_full,kurzem,3,2,5,0.034,0.0221,0.0119,0.519,0.2253,direct,88221,90297
direct_vs_group_full,nachstationär,3,2,5,0.034,0.0221,0.0119,0.519,0.2253,direct,88221,90297
direct_vs_group_full,notiert,3,2,5,0.034,0.0221,0.0119,0.519,0.2253,direct,88221,90297
direct_vs_group_full,pflege,3,2,5,0.034,0.0221,0.0119,0.519,0.2253,direct,88221,90297
direct_vs_group_full,problematisch,3,2,5,0.034,0.0221,0.0119,0.519,0.2253,direct,88221,90297
direct_vs_group_full,psychosoziale,3,2,5,0.034,0.0221,0.0119,0.519,0.2253,direct,88221,90297
direct_vs_group_full,rausgehen,3,2,5,0.034,0.0221,0.0119,0.519,0.2253,direct,88221,90297
direct_vs_group_full,solange,3,2,5,0.034,0.0221,0.0119,0.519,0.2253,direct,88221,90297
direct_vs_group_full,stimmen,3,2,5,0.034,0.0221,0.0119,0.519,0.2253,direct,88221,90297
direct_vs_group_full,tag,3,2,5,0.034,0.0221,0.0119,0.519,0.2253,direct,88221,90297
direct_vs_group_full,vermute,3,2,5,0.034,0.0221,0.0119,0.519,0.2253,direct,88221,90297
direct_vs_group_full,vertrete,3,2,5,0.034,0.0221,0.0119,0.519,0.2253,direct,88221,90297
direct_vs_group_full,wiegen,3,2,5,0.034,0.0221,0.0119,0.519,0.2253,direct,88221,90297
direct_vs_group_full,zeitlichen,3,2,5,0.034,0.0221,0.0119,0.519,0.2253,direct,88221,90297
direct_vs_group_full,zweimal,3,2,5,0.034,0.0221,0.0119,0.519,0.2253,direct,88221,90297
direct_vs_group_full,ä,3,2,5,0.034,0.0221,0.0119,0.519,0.2253,direct,88221,90297
direct_vs_group_full,ärztliche,3,2,5,0.034,0.0221,0.0119,0.519,0.2253,direct,88221,90297
direct_vs_group_full,daran,14,17,31,0.1587,0.1883,-0.0296,-0.2377,0.2252,group,88221,90297
direct_vs_group_full,6,24,28,52,0.272,0.3101,-0.038,-0.1846,0.222,group,88221,90297
direct_vs_group_full,bekommen,76,72,148,0.8615,0.7974,0.0641,0.111,0.2212,direct,88221,90297
direct_vs_group_full,Leider,13,11,24,0.1474,0.1218,0.0255,0.2649,0.2166,direct,88221,90297
direct_vs_group_full,ca,25,29,54,0.2834,0.3212,-0.0378,-0.1767,0.2108,group,88221,90297
direct_vs_group_full,früher,15,18,33,0.17,0.1993,-0.0293,-0.2217,0.2078,group,88221,90297
direct_vs_group_full,Personen,7,9,16,0.0793,0.0997,-0.0203,-0.3075,0.2063,group,88221,90297
direct_vs_group_full,Verdacht,7,9,16,0.0793,0.0997,-0.0203,-0.3075,0.2063,group,88221,90297
direct_vs_group_full,Lieben,14,12,26,0.1587,0.1329,0.0258,0.2477,0.204,direct,88221,90297
direct_vs_group_full,denken,15,13,28,0.17,0.144,0.0261,0.2329,0.1933,direct,88221,90297
direct_vs_group_full,Ziel,16,19,35,0.1814,0.2104,-0.0291,-0.2075,0.1924,group,88221,90297
direct_vs_group_full,angesprochen,16,14,30,0.1814,0.155,0.0263,0.22,0.184,direct,88221,90297
direct_vs_group_full,13h,2,3,5,0.0227,0.0332,-0.0106,-0.4519,0.1788,group,88221,90297
direct_vs_group_full,Anteil,2,3,5,0.0227,0.0332,-0.0106,-0.4519,0.1788,group,88221,90297
direct_vs_group_full,Apotheke,2,3,5,0.0227,0.0332,-0.0106,-0.4519,0.1788,group,88221,90297
direct_vs_group_full,Atelier,2,3,5,0.0227,0.0332,-0.0106,-0.4519,0.1788,group,88221,90297
direct_vs_group_full,Auto,2,3,5,0.0227,0.0332,-0.0106,-0.4519,0.1788,group,88221,90297
direct_vs_group_full,Bedarfsmedikation,2,3,5,0.0227,0.0332,-0.0106,-0.4519,0.1788,group,88221,90297
direct_vs_group_full,Biographie,2,3,5,0.0227,0.0332,-0.0106,-0.4519,0.1788,group,88221,90297
direct_vs_group_full,Brot,2,3,5,0.0227,0.0332,-0.0106,-0.4519,0.1788,group,88221,90297
direct_vs_group_full,Dazu,2,3,5,0.0227,0.0332,-0.0106,-0.4519,0.1788,group,88221,90297
direct_vs_group_full,Dokument,2,3,5,0.0227,0.0332,-0.0106,-0.4519,0.1788,group,88221,90297
direct_vs_group_full,Einzeltherapie,2,3,5,0.0227,0.0332,-0.0106,-0.4519,0.1788,group,88221,90297
direct_vs_group_full,Entschuldige,2,3,5,0.0227,0.0332,-0.0106,-0.4519,0.1788,group,88221,90297
direct_vs_group_full,Fallbesprechung,2,3,5,0.0227,0.0332,-0.0106,-0.4519,0.1788,group,88221,90297
direct_vs_group_full,Fragt,2,3,5,0.0227,0.0332,-0.0106,-0.4519,0.1788,group,88221,90297
direct_vs_group_full,Freue,2,3,5,0.0227,0.0332,-0.0106,-0.4519,0.1788,group,88221,90297
direct_vs_group_full,IT,2,3,5,0.0227,0.0332,-0.0106,-0.4519,0.1788,group,88221,90297
direct_vs_group_full,Intelligenzminderung,2,3,5,0.0227,0.0332,-0.0106,-0.4519,0.1788,group,88221,90297
direct_vs_group_full,Krankenhaus,2,3,5,0.0227,0.0332,-0.0106,-0.4519,0.1788,group,88221,90297
direct_vs_group_full,Krankentransport,2,3,5,0.0227,0.0332,-0.0106,-0.4519,0.1788,group,88221,90297
direct_vs_group_full,Krankschreibung,2,3,5,0.0227,0.0332,-0.0106,-0.4519,0.1788,group,88221,90297
direct_vs_group_full,Kreislauf,2,3,5,0.0227,0.0332,-0.0106,-0.4519,0.1788,group,88221,90297
direct_vs_group_full,Leute,2,3,5,0.0227,0.0332,-0.0106,-0.4519,0.1788,group,88221,90297
direct_vs_group_full,Med,2,3,5,0.0227,0.0332,-0.0106,-0.4519,0.1788,group,88221,90297
direct_vs_group_full,Phobie,2,3,5,0.0227,0.0332,-0.0106,-0.4519,0.1788,group,88221,90297
direct_vs_group_full,Spaziergang,2,3,5,0.0227,0.0332,-0.0106,-0.4519,0.1788,group,88221,90297
direct_vs_group_full,Sprechstunde,2,3,5,0.0227,0.0332,-0.0106,-0.4519,0.1788,group,88221,90297
direct_vs_group_full,Unverträglichkeiten,2,3,5,0.0227,0.0332,-0.0106,-0.4519,0.1788,group,88221,90297
direct_vs_group_full,Vertretungen,2,3,5,0.0227,0.0332,-0.0106,-0.4519,0.1788,group,88221,90297
direct_vs_group_full,Visitendoku,2,3,5,0.0227,0.0332,-0.0106,-0.4519,0.1788,group,88221,90297
direct_vs_group_full,Voraussetzung,2,3,5,0.0227,0.0332,-0.0106,-0.4519,0.1788,group,88221,90297
direct_vs_group_full,Vorschlag,2,3,5,0.0227,0.0332,-0.0106,-0.4519,0.1788,group,88221,90297
direct_vs_group_full,Wohngruppe,2,3,5,0.0227,0.0332,-0.0106,-0.4519,0.1788,group,88221,90297
direct_vs_group_full,Zweifel,2,3,5,0.0227,0.0332,-0.0106,-0.4519,0.1788,group,88221,90297
direct_vs_group_full,abgebrochen,2,3,5,0.0227,0.0332,-0.0106,-0.4519,0.1788,group,88221,90297
direct_vs_group_full,abgelehnt,2,3,5,0.0227,0.0332,-0.0106,-0.4519,0.1788,group,88221,90297
direct_vs_group_full,abgesagt,2,3,5,0.0227,0.0332,-0.0106,-0.4519,0.1788,group,88221,90297
direct_vs_group_full,abklären,2,3,5,0.0227,0.0332,-0.0106,-0.4519,0.1788,group,88221,90297
direct_vs_group_full,akzeptieren,2,3,5,0.0227,0.0332,-0.0106,-0.4519,0.1788,group,88221,90297
direct_vs_group_full,allgemein,2,3,5,0.0227,0.0332,-0.0106,-0.4519,0.1788,group,88221,90297
direct_vs_group_full,aufgreifen,2,3,5,0.0227,0.0332,-0.0106,-0.4519,0.1788,group,88221,90297
direct_vs_group_full,aufschreiben,2,3,5,0.0227,0.0332,-0.0106,-0.4519,0.1788,group,88221,90297
direct_vs_group_full,aussieht,2,3,5,0.0227,0.0332,-0.0106,-0.4519,0.1788,group,88221,90297
direct_vs_group_full,benutzen,2,3,5,0.0227,0.0332,-0.0106,-0.4519,0.1788,group,88221,90297
direct_vs_group_full,bewegen,2,3,5,0.0227,0.0332,-0.0106,-0.4519,0.1788,group,88221,90297
direct_vs_group_full,bezugstherapeutische,2,3,5,0.0227,0.0332,-0.0106,-0.4519,0.1788,group,88221,90297
direct_vs_group_full,eingeschränkt,2,3,5,0.0227,0.0332,-0.0106,-0.4519,0.1788,group,88221,90297
direct_vs_group_full,empfinde,2,3,5,0.0227,0.0332,-0.0106,-0.4519,0.1788,group,88221,90297
direct_vs_group_full,eng,2,3,5,0.0227,0.0332,-0.0106,-0.4519,0.1788,group,88221,90297
direct_vs_group_full,funktionieren,2,3,5,0.0227,0.0332,-0.0106,-0.4519,0.1788,group,88221,90297
direct_vs_group_full,gehandhabt,2,3,5,0.0227,0.0332,-0.0106,-0.4519,0.1788,group,88221,90297
direct_vs_group_full,gestrigen,2,3,5,0.0227,0.0332,-0.0106,-0.4519,0.1788,group,88221,90297
direct_vs_group_full,gäbe,2,3,5,0.0227,0.0332,-0.0106,-0.4519,0.1788,group,88221,90297
direct_vs_group_full,hohes,2,3,5,0.0227,0.0332,-0.0106,-0.4519,0.1788,group,88221,90297
direct_vs_group_full,intensiv,2,3,5,0.0227,0.0332,-0.0106,-0.4519,0.1788,group,88221,90297
direct_vs_group_full,irgendwelche,2,3,5,0.0227,0.0332,-0.0106,-0.4519,0.1788,group,88221,90297
direct_vs_group_full,lag,2,3,5,0.0227,0.0332,-0.0106,-0.4519,0.1788,group,88221,90297
direct_vs_group_full,liest,2,3,5,0.0227,0.0332,-0.0106,-0.4519,0.1788,group,88221,90297
direct_vs_group_full,nah,2,3,5,0.0227,0.0332,-0.0106,-0.4519,0.1788,group,88221,90297
direct_vs_group_full,negative,2,3,5,0.0227,0.0332,-0.0106,-0.4519,0.1788,group,88221,90297
direct_vs_group_full,negativen,2,3,5,0.0227,0.0332,-0.0106,-0.4519,0.1788,group,88221,90297
direct_vs_group_full,nüchtern,2,3,5,0.0227,0.0332,-0.0106,-0.4519,0.1788,group,88221,90297
direct_vs_group_full,online,2,3,5,0.0227,0.0332,-0.0106,-0.4519,0.1788,group,88221,90297
direct_vs_group_full,perfekt,2,3,5,0.0227,0.0332,-0.0106,-0.4519,0.1788,group,88221,90297
direct_vs_group_full,post,2,3,5,0.0227,0.0332,-0.0106,-0.4519,0.1788,group,88221,90297
direct_vs_group_full,privaten,2,3,5,0.0227,0.0332,-0.0106,-0.4519,0.1788,group,88221,90297
direct_vs_group_full,selten,2,3,5,0.0227,0.0332,-0.0106,-0.4519,0.1788,group,88221,90297
direct_vs_group_full,speziell,2,3,5,0.0227,0.0332,-0.0106,-0.4519,0.1788,group,88221,90297
direct_vs_group_full,starkes,2,3,5,0.0227,0.0332,-0.0106,-0.4519,0.1788,group,88221,90297
direct_vs_group_full,ständig,2,3,5,0.0227,0.0332,-0.0106,-0.4519,0.1788,group,88221,90297
direct_vs_group_full,teils,2,3,5,0.0227,0.0332,-0.0106,-0.4519,0.1788,group,88221,90297
direct_vs_group_full,therapeutischer,2,3,5,0.0227,0.0332,-0.0106,-0.4519,0.1788,group,88221,90297
direct_vs_group_full,tägliche,2,3,5,0.0227,0.0332,-0.0106,-0.4519,0.1788,group,88221,90297
direct_vs_group_full,unterbrochen,2,3,5,0.0227,0.0332,-0.0106,-0.4519,0.1788,group,88221,90297
direct_vs_group_full,vorbeigehen,2,3,5,0.0227,0.0332,-0.0106,-0.4519,0.1788,group,88221,90297
direct_vs_group_full,wechselt,2,3,5,0.0227,0.0332,-0.0106,-0.4519,0.1788,group,88221,90297
direct_vs_group_full,wiederkommen,2,3,5,0.0227,0.0332,-0.0106,-0.4519,0.1788,group,88221,90297
direct_vs_group_full,zugelassen,2,3,5,0.0227,0.0332,-0.0106,-0.4519,0.1788,group,88221,90297
direct_vs_group_full,Kollegen,8,10,18,0.0907,0.1107,-0.0201,-0.2713,0.1786,group,88221,90297
direct_vs_group_full,LZ,8,10,18,0.0907,0.1107,-0.0201,-0.2713,0.1786,group,88221,90297
direct_vs_group_full,Verträglichkeit,8,10,18,0.0907,0.1107,-0.0201,-0.2713,0.1786,group,88221,90297
direct_vs_group_full,absetzen,8,10,18,0.0907,0.1107,-0.0201,-0.2713,0.1786,group,88221,90297
direct_vs_group_full,geändert,8,10,18,0.0907,0.1107,-0.0201,-0.2713,0.1786,group,88221,90297
direct_vs_group_full,besser,42,47,89,0.4761,0.5205,-0.0444,-0.1269,0.1768,group,88221,90297
direct_vs_group_full,scheint,17,15,32,0.1927,0.1661,0.0266,0.2086,0.1759,direct,88221,90297
direct_vs_group_full,Hier,29,33,62,0.3287,0.3655,-0.0367,-0.1499,0.1736,group,88221,90297
direct_vs_group_full,zum,131,141,272,1.4849,1.5615,-0.0766,-0.0722,0.1719,group,88221,90297
direct_vs_group_full,Jahren,18,16,34,0.204,0.1772,0.0268,0.1986,0.1688,direct,88221,90297
direct_vs_group_full,eines,18,16,34,0.204,0.1772,0.0268,0.1986,0.1688,direct,88221,90297
direct_vs_group_full,teilnehmen,18,16,34,0.204,0.1772,0.0268,0.1986,0.1688,direct,88221,90297
direct_vs_group_full,08,4,3,7,0.0453,0.0332,0.0121,0.3961,0.1676,direct,88221,90297
direct_vs_group_full,Auswertung,4,3,7,0.0453,0.0332,0.0121,0.3961,0.1676,direct,88221,90297
direct_vs_group_full,BGA,4,3,7,0.0453,0.0332,0.0121,0.3961,0.1676,direct,88221,90297
direct_vs_group_full,Englisch,4,3,7,0.0453,0.0332,0.0121,0.3961,0.1676,direct,88221,90297
direct_vs_group_full,Erstgespräch,4,3,7,0.0453,0.0332,0.0121,0.3961,0.1676,direct,88221,90297
direct_vs_group_full,Gesprächen,4,3,7,0.0453,0.0332,0.0121,0.3961,0.1676,direct,88221,90297
direct_vs_group_full,II,4,3,7,0.0453,0.0332,0.0121,0.3961,0.1676,direct,88221,90297
direct_vs_group_full,Lebensmittel,4,3,7,0.0453,0.0332,0.0121,0.3961,0.1676,direct,88221,90297
direct_vs_group_full,Lösung,4,3,7,0.0453,0.0332,0.0121,0.3961,0.1676,direct,88221,90297
direct_vs_group_full,Musiktherapie,4,3,7,0.0453,0.0332,0.0121,0.3961,0.1676,direct,88221,90297
direct_vs_group_full,Notfallplan,4,3,7,0.0453,0.0332,0.0121,0.3961,0.1676,direct,88221,90297
direct_vs_group_full,Ob,4,3,7,0.0453,0.0332,0.0121,0.3961,0.1676,direct,88221,90297
direct_vs_group_full,Psych,4,3,7,0.0453,0.0332,0.0121,0.3961,0.1676,direct,88221,90297
direct_vs_group_full,Sport,4,3,7,0.0453,0.0332,0.0121,0.3961,0.1676,direct,88221,90297
direct_vs_group_full,T1,4,3,7,0.0453,0.0332,0.0121,0.3961,0.1676,direct,88221,90297
direct_vs_group_full,anscheinend,4,3,7,0.0453,0.0332,0.0121,0.3961,0.1676,direct,88221,90297
direct_vs_group_full,bestellen,4,3,7,0.0453,0.0332,0.0121,0.3961,0.1676,direct,88221,90297
direct_vs_group_full,betrifft,4,3,7,0.0453,0.0332,0.0121,0.3961,0.1676,direct,88221,90297
direct_vs_group_full,donnerstag,4,3,7,0.0453,0.0332,0.0121,0.3961,0.1676,direct,88221,90297
direct_vs_group_full,feste,4,3,7,0.0453,0.0332,0.0121,0.3961,0.1676,direct,88221,90297
direct_vs_group_full,freitag,4,3,7,0.0453,0.0332,0.0121,0.3961,0.1676,direct,88221,90297
direct_vs_group_full,freut,4,3,7,0.0453,0.0332,0.0121,0.3961,0.1676,direct,88221,90297
direct_vs_group_full,gefehlt,4,3,7,0.0453,0.0332,0.0121,0.3961,0.1676,direct,88221,90297
direct_vs_group_full,heraus,4,3,7,0.0453,0.0332,0.0121,0.3961,0.1676,direct,88221,90297
direct_vs_group_full,jetzigen,4,3,7,0.0453,0.0332,0.0121,0.3961,0.1676,direct,88221,90297
direct_vs_group_full,montag,4,3,7,0.0453,0.0332,0.0121,0.3961,0.1676,direct,88221,90297
direct_vs_group_full,normale,4,3,7,0.0453,0.0332,0.0121,0.3961,0.1676,direct,88221,90297
direct_vs_group_full,schaut,4,3,7,0.0453,0.0332,0.0121,0.3961,0.1676,direct,88221,90297
direct_vs_group_full,vereinbarung,4,3,7,0.0453,0.0332,0.0121,0.3961,0.1676,direct,88221,90297
direct_vs_group_full,verändern,4,3,7,0.0453,0.0332,0.0121,0.3961,0.1676,direct,88221,90297
direct_vs_group_full,vollständig,4,3,7,0.0453,0.0332,0.0121,0.3961,0.1676,direct,88221,90297
direct_vs_group_full,welcher,4,3,7,0.0453,0.0332,0.0121,0.3961,0.1676,direct,88221,90297
direct_vs_group_full,wiegt,4,3,7,0.0453,0.0332,0.0121,0.3961,0.1676,direct,88221,90297
direct_vs_group_full,Ambulanz,18,21,39,0.204,0.2326,-0.0285,-0.1833,0.1665,group,88221,90297
direct_vs_group_full,nimmt,18,21,39,0.204,0.2326,-0.0285,-0.1833,0.1665,group,88221,90297
direct_vs_group_full,habt,19,17,36,0.2154,0.1883,0.0271,0.1897,0.1626,direct,88221,90297
direct_vs_group_full,Fuß,9,11,20,0.102,0.1218,-0.0198,-0.2421,0.1565,group,88221,90297
direct_vs_group_full,erklärt,9,11,20,0.102,0.1218,-0.0198,-0.2421,0.1565,group,88221,90297
direct_vs_group_full,schaffe,9,11,20,0.102,0.1218,-0.0198,-0.2421,0.1565,group,88221,90297
direct_vs_group_full,seien,9,11,20,0.102,0.1218,-0.0198,-0.2421,0.1565,group,88221,90297
direct_vs_group_full,später,32,36,68,0.3627,0.3987,-0.036,-0.1339,0.1516,group,88221,90297
direct_vs_group_full,Kann,22,20,42,0.2494,0.2215,0.0279,0.1679,0.1475,direct,88221,90297
direct_vs_group_full,wer,22,20,42,0.2494,0.2215,0.0279,0.1679,0.1475,direct,88221,90297
direct_vs_group_full,genommen,10,12,22,0.1134,0.1329,-0.0195,-0.218,0.1385,group,88221,90297
direct_vs_group_full,purging,10,12,22,0.1134,0.1329,-0.0195,-0.218,0.1385,group,88221,90297
direct_vs_group_full,Ab,5,4,9,0.0567,0.0443,0.0124,0.3231,0.1358,direct,88221,90297
direct_vs_group_full,Bewegungsdrang,5,4,9,0.0567,0.0443,0.0124,0.3231,0.1358,direct,88221,90297
direct_vs_group_full,Danach,5,4,9,0.0567,0.0443,0.0124,0.3231,0.1358,direct,88221,90297
direct_vs_group_full,Einen,5,4,9,0.0567,0.0443,0.0124,0.3231,0.1358,direct,88221,90297
direct_vs_group_full,Genau,5,4,9,0.0567,0.0443,0.0124,0.3231,0.1358,direct,88221,90297
direct_vs_group_full,OÄV,5,4,9,0.0567,0.0443,0.0124,0.3231,0.1358,direct,88221,90297
direct_vs_group_full,Start,5,4,9,0.0567,0.0443,0.0124,0.3231,0.1358,direct,88221,90297
direct_vs_group_full,Unterlagen,5,4,9,0.0567,0.0443,0.0124,0.3231,0.1358,direct,88221,90297
direct_vs_group_full,ausgesprochen,5,4,9,0.0567,0.0443,0.0124,0.3231,0.1358,direct,88221,90297
direct_vs_group_full,auszufüllen,5,4,9,0.0567,0.0443,0.0124,0.3231,0.1358,direct,88221,90297
direct_vs_group_full,beantworten,5,4,9,0.0567,0.0443,0.0124,0.3231,0.1358,direct,88221,90297
direct_vs_group_full,beendet,5,4,9,0.0567,0.0443,0.0124,0.3231,0.1358,direct,88221,90297
direct_vs_group_full,ebenso,5,4,9,0.0567,0.0443,0.0124,0.3231,0.1358,direct,88221,90297
direct_vs_group_full,einscannen,5,4,9,0.0567,0.0443,0.0124,0.3231,0.1358,direct,88221,90297
direct_vs_group_full,erfüllt,5,4,9,0.0567,0.0443,0.0124,0.3231,0.1358,direct,88221,90297
direct_vs_group_full,erhöhen,5,4,9,0.0567,0.0443,0.0124,0.3231,0.1358,direct,88221,90297
direct_vs_group_full,gilt,5,4,9,0.0567,0.0443,0.0124,0.3231,0.1358,direct,88221,90297
direct_vs_group_full,halte,5,4,9,0.0567,0.0443,0.0124,0.3231,0.1358,direct,88221,90297
direct_vs_group_full,keiner,5,4,9,0.0567,0.0443,0.0124,0.3231,0.1358,direct,88221,90297
direct_vs_group_full,rückläufig,5,4,9,0.0567,0.0443,0.0124,0.3231,0.1358,direct,88221,90297
direct_vs_group_full,schöne,5,4,9,0.0567,0.0443,0.0124,0.3231,0.1358,direct,88221,90297
direct_vs_group_full,sitzen,5,4,9,0.0567,0.0443,0.0124,0.3231,0.1358,direct,88221,90297
direct_vs_group_full,sofort,5,4,9,0.0567,0.0443,0.0124,0.3231,0.1358,direct,88221,90297
direct_vs_group_full,sprach,5,4,9,0.0567,0.0443,0.0124,0.3231,0.1358,direct,88221,90297
direct_vs_group_full,tel,5,4,9,0.0567,0.0443,0.0124,0.3231,0.1358,direct,88221,90297
direct_vs_group_full,bzw,35,39,74,0.3967,0.4319,-0.0352,-0.1205,0.1333,group,88221,90297
direct_vs_group_full,darauf,27,25,52,0.306,0.2769,0.0292,0.1425,0.1305,direct,88221,90297
direct_vs_group_full,Visite,70,76,146,0.7935,0.8417,-0.0482,-0.0843,0.1268,group,88221,90297
direct_vs_group_full,Handy,11,13,24,0.1247,0.144,-0.0193,-0.1978,0.1236,group,88221,90297
direct_vs_group_full,Sozialdienst,11,13,24,0.1247,0.144,-0.0193,-0.1978,0.1236,group,88221,90297
direct_vs_group_full,Arztbriefe,3,4,7,0.034,0.0443,-0.0103,-0.329,0.121,group,88221,90297
direct_vs_group_full,Auslöser,3,4,7,0.034,0.0443,-0.0103,-0.329,0.121,group,88221,90297
direct_vs_group_full,Ca,3,4,7,0.034,0.0443,-0.0103,-0.329,0.121,group,88221,90297
direct_vs_group_full,Derma,3,4,7,0.034,0.0443,-0.0103,-0.329,0.121,group,88221,90297
direct_vs_group_full,Funktion,3,4,7,0.034,0.0443,-0.0103,-0.329,0.121,group,88221,90297
direct_vs_group_full,Gruppenraum,3,4,7,0.034,0.0443,-0.0103,-0.329,0.121,group,88221,90297
direct_vs_group_full,Gruppentherapien,3,4,7,0.034,0.0443,-0.0103,-0.329,0.121,group,88221,90297
direct_vs_group_full,Laborkontrolle,3,4,7,0.034,0.0443,-0.0103,-0.329,0.121,group,88221,90297
direct_vs_group_full,Leber,3,4,7,0.034,0.0443,-0.0103,-0.329,0.121,group,88221,90297
direct_vs_group_full,Praktikant,3,4,7,0.034,0.0443,-0.0103,-0.329,0.121,group,88221,90297
direct_vs_group_full,Schizophrenie,3,4,7,0.034,0.0443,-0.0103,-0.329,0.121,group,88221,90297
direct_vs_group_full,Seiten,3,4,7,0.034,0.0443,-0.0103,-0.329,0.121,group,88221,90297
direct_vs_group_full,Stellen,3,4,7,0.034,0.0443,-0.0103,-0.329,0.121,group,88221,90297
direct_vs_group_full,Syndrom,3,4,7,0.034,0.0443,-0.0103,-0.329,0.121,group,88221,90297
direct_vs_group_full,UAW,3,4,7,0.034,0.0443,-0.0103,-0.329,0.121,group,88221,90297
direct_vs_group_full,Verbindung,3,4,7,0.034,0.0443,-0.0103,-0.329,0.121,group,88221,90297
direct_vs_group_full,Vorgeschichte,3,4,7,0.034,0.0443,-0.0103,-0.329,0.121,group,88221,90297
direct_vs_group_full,WIKI,3,4,7,0.034,0.0443,-0.0103,-0.329,0.121,group,88221,90297
direct_vs_group_full,Wirkung,3,4,7,0.034,0.0443,-0.0103,-0.329,0.121,group,88221,90297
direct_vs_group_full,anstatt,3,4,7,0.034,0.0443,-0.0103,-0.329,0.121,group,88221,90297
direct_vs_group_full,einschätzen,3,4,7,0.034,0.0443,-0.0103,-0.329,0.121,group,88221,90297
direct_vs_group_full,fehlenden,3,4,7,0.034,0.0443,-0.0103,-0.329,0.121,group,88221,90297
direct_vs_group_full,geblieben,3,4,7,0.034,0.0443,-0.0103,-0.329,0.121,group,88221,90297
direct_vs_group_full,getroffen,3,4,7,0.034,0.0443,-0.0103,-0.329,0.121,group,88221,90297
direct_vs_group_full,konkreten,3,4,7,0.034,0.0443,-0.0103,-0.329,0.121,group,88221,90297
direct_vs_group_full,meinerseits,3,4,7,0.034,0.0443,-0.0103,-0.329,0.121,group,88221,90297
direct_vs_group_full,motiviert,3,4,7,0.034,0.0443,-0.0103,-0.329,0.121,group,88221,90297
direct_vs_group_full,möglichen,3,4,7,0.034,0.0443,-0.0103,-0.329,0.121,group,88221,90297
direct_vs_group_full,möglicherweise,3,4,7,0.034,0.0443,-0.0103,-0.329,0.121,group,88221,90297
direct_vs_group_full,normalen,3,4,7,0.034,0.0443,-0.0103,-0.329,0.121,group,88221,90297
direct_vs_group_full,reagiert,3,4,7,0.034,0.0443,-0.0103,-0.329,0.121,group,88221,90297
direct_vs_group_full,stellt,3,4,7,0.034,0.0443,-0.0103,-0.329,0.121,group,88221,90297
direct_vs_group_full,stressig,3,4,7,0.034,0.0443,-0.0103,-0.329,0.121,group,88221,90297
direct_vs_group_full,zuvor,3,4,7,0.034,0.0443,-0.0103,-0.329,0.121,group,88221,90297
direct_vs_group_full,Änderungen,3,4,7,0.034,0.0443,-0.0103,-0.329,0.121,group,88221,90297
direct_vs_group_full,Überforderungserleben,3,4,7,0.034,0.0443,-0.0103,-0.329,0.121,group,88221,90297
direct_vs_group_full,Übung,3,4,7,0.034,0.0443,-0.0103,-0.329,0.121,group,88221,90297
direct_vs_group_full,ärztlichen,3,4,7,0.034,0.0443,-0.0103,-0.329,0.121,group,88221,90297
direct_vs_group_full,üben,3,4,7,0.034,0.0443,-0.0103,-0.329,0.121,group,88221,90297
direct_vs_group_full,bezüglich,23,26,49,0.2607,0.2879,-0.0272,-0.1398,0.1206,group,88221,90297
direct_vs_group_full,besprochen,93,100,193,1.0542,1.1075,-0.0533,-0.0706,0.1172,group,88221,90297
direct_vs_group_full,18,6,5,11,0.068,0.0554,0.0126,0.2746,0.1158,direct,88221,90297
direct_vs_group_full,Essstörungen,6,5,11,0.068,0.0554,0.0126,0.2746,0.1158,direct,88221,90297
direct_vs_group_full,Lehrküche,6,5,11,0.068,0.0554,0.0126,0.2746,0.1158,direct,88221,90297
direct_vs_group_full,Richtung,6,5,11,0.068,0.0554,0.0126,0.2746,0.1158,direct,88221,90297
direct_vs_group_full,StudienID,6,5,11,0.068,0.0554,0.0126,0.2746,0.1158,direct,88221,90297
direct_vs_group_full,alten,6,5,11,0.068,0.0554,0.0126,0.2746,0.1158,direct,88221,90297
direct_vs_group_full,ans,6,5,11,0.068,0.0554,0.0126,0.2746,0.1158,direct,88221,90297
direct_vs_group_full,berichten,6,5,11,0.068,0.0554,0.0126,0.2746,0.1158,direct,88221,90297
direct_vs_group_full,gemeldet,6,5,11,0.068,0.0554,0.0126,0.2746,0.1158,direct,88221,90297
direct_vs_group_full,genauer,6,5,11,0.068,0.0554,0.0126,0.2746,0.1158,direct,88221,90297
direct_vs_group_full,geworden,6,5,11,0.068,0.0554,0.0126,0.2746,0.1158,direct,88221,90297
direct_vs_group_full,leichter,6,5,11,0.068,0.0554,0.0126,0.2746,0.1158,direct,88221,90297
direct_vs_group_full,motivieren,6,5,11,0.068,0.0554,0.0126,0.2746,0.1158,direct,88221,90297
direct_vs_group_full,nett,6,5,11,0.068,0.0554,0.0126,0.2746,0.1158,direct,88221,90297
direct_vs_group_full,umgesetzt,6,5,11,0.068,0.0554,0.0126,0.2746,0.1158,direct,88221,90297
direct_vs_group_full,verstehe,6,5,11,0.068,0.0554,0.0126,0.2746,0.1158,direct,88221,90297
direct_vs_group_full,zweiten,6,5,11,0.068,0.0554,0.0126,0.2746,0.1158,direct,88221,90297
direct_vs_group_full,Haus,12,14,26,0.136,0.155,-0.019,-0.1806,0.111,group,88221,90297
direct_vs_group_full,positiv,12,14,26,0.136,0.155,-0.019,-0.1806,0.111,group,88221,90297
direct_vs_group_full,Beginn,41,39,80,0.4647,0.4319,0.0328,0.1048,0.1073,direct,88221,90297
direct_vs_group_full,letzte,25,28,53,0.2834,0.3101,-0.0267,-0.1269,0.1073,group,88221,90297
direct_vs_group_full,zwei,43,41,84,0.4874,0.4541,0.0334,0.1015,0.1055,direct,88221,90297
direct_vs_group_full,werde,45,43,88,0.5101,0.4762,0.0339,0.0984,0.1039,direct,88221,90297
direct_vs_group_full,AB,7,6,13,0.0793,0.0664,0.0129,0.24,0.102,direct,88221,90297
direct_vs_group_full,Sollte,7,6,13,0.0793,0.0664,0.0129,0.24,0.102,direct,88221,90297
direct_vs_group_full,Stress,7,6,13,0.0793,0.0664,0.0129,0.24,0.102,direct,88221,90297
direct_vs_group_full,Zur,7,6,13,0.0793,0.0664,0.0129,0.24,0.102,direct,88221,90297
direct_vs_group_full,biografische,7,6,13,0.0793,0.0664,0.0129,0.24,0.102,direct,88221,90297
direct_vs_group_full,drei,7,6,13,0.0793,0.0664,0.0129,0.24,0.102,direct,88221,90297
direct_vs_group_full,erinnern,7,6,13,0.0793,0.0664,0.0129,0.24,0.102,direct,88221,90297
direct_vs_group_full,holen,7,6,13,0.0793,0.0664,0.0129,0.24,0.102,direct,88221,90297
direct_vs_group_full,knapp,7,6,13,0.0793,0.0664,0.0129,0.24,0.102,direct,88221,90297
direct_vs_group_full,konkrete,7,6,13,0.0793,0.0664,0.0129,0.24,0.102,direct,88221,90297
direct_vs_group_full,körperlichen,7,6,13,0.0793,0.0664,0.0129,0.24,0.102,direct,88221,90297
direct_vs_group_full,schonmal,7,6,13,0.0793,0.0664,0.0129,0.24,0.102,direct,88221,90297
direct_vs_group_full,spontan,7,6,13,0.0793,0.0664,0.0129,0.24,0.102,direct,88221,90297
direct_vs_group_full,nächste,123,131,254,1.3942,1.4508,-0.0565,-0.057,0.1003,group,88221,90297
direct_vs_group_full,ansprechen,13,15,28,0.1474,0.1661,-0.0188,-0.1658,0.1002,group,88221,90297
direct_vs_group_full,fürs,13,15,28,0.1474,0.1661,-0.0188,-0.1658,0.1002,group,88221,90297
direct_vs_group_full,hilfreich,13,15,28,0.1474,0.1661,-0.0188,-0.1658,0.1002,group,88221,90297
direct_vs_group_full,unbedingt,13,15,28,0.1474,0.1661,-0.0188,-0.1658,0.1002,group,88221,90297
direct_vs_group_full,14,44,48,92,0.4987,0.5316,-0.0328,-0.0906,0.0934,group,88221,90297
direct_vs_group_full,=,8,7,15,0.0907,0.0775,0.0132,0.2141,0.092,direct,88221,90297
direct_vs_group_full,Min,8,7,15,0.0907,0.0775,0.0132,0.2141,0.092,direct,88221,90297
direct_vs_group_full,Platz,8,7,15,0.0907,0.0775,0.0132,0.2141,0.092,direct,88221,90297
direct_vs_group_full,unterschrieben,8,7,15,0.0907,0.0775,0.0132,0.2141,0.092,direct,88221,90297
direct_vs_group_full,zugenommen,8,7,15,0.0907,0.0775,0.0132,0.2141,0.092,direct,88221,90297
direct_vs_group_full,Auch,14,16,30,0.1587,0.1772,-0.0185,-0.1529,0.091,group,88221,90297
direct_vs_group_full,Probleme,14,16,30,0.1587,0.1772,-0.0185,-0.1529,0.091,group,88221,90297
direct_vs_group_full,evtl,28,31,59,0.3174,0.3433,-0.0259,-0.1108,0.0908,group,88221,90297
direct_vs_group_full,Angstsymptomatik,4,5,9,0.0453,0.0554,-0.01,-0.256,0.0893,group,88221,90297
direct_vs_group_full,Befinden,4,5,9,0.0453,0.0554,-0.01,-0.256,0.0893,group,88221,90297
direct_vs_group_full,Gut,4,5,9,0.0453,0.0554,-0.01,-0.256,0.0893,group,88221,90297
direct_vs_group_full,Mahlzeiten,4,5,9,0.0453,0.0554,-0.01,-0.256,0.0893,group,88221,90297
direct_vs_group_full,Mitte,4,5,9,0.0453,0.0554,-0.01,-0.256,0.0893,group,88221,90297
direct_vs_group_full,Pläne,4,5,9,0.0453,0.0554,-0.01,-0.256,0.0893,group,88221,90297
direct_vs_group_full,Urlaubsvertretung,4,5,9,0.0453,0.0554,-0.01,-0.256,0.0893,group,88221,90297
direct_vs_group_full,Warum,4,5,9,0.0453,0.0554,-0.01,-0.256,0.0893,group,88221,90297
direct_vs_group_full,arbeitet,4,5,9,0.0453,0.0554,-0.01,-0.256,0.0893,group,88221,90297
direct_vs_group_full,durchgeführt,4,5,9,0.0453,0.0554,-0.01,-0.256,0.0893,group,88221,90297
direct_vs_group_full,g,4,5,9,0.0453,0.0554,-0.01,-0.256,0.0893,group,88221,90297
direct_vs_group_full,gesetzt,4,5,9,0.0453,0.0554,-0.01,-0.256,0.0893,group,88221,90297
direct_vs_group_full,langsam,4,5,9,0.0453,0.0554,-0.01,-0.256,0.0893,group,88221,90297
direct_vs_group_full,mitteilen,4,5,9,0.0453,0.0554,-0.01,-0.256,0.0893,group,88221,90297
direct_vs_group_full,organisieren,4,5,9,0.0453,0.0554,-0.01,-0.256,0.0893,group,88221,90297
direct_vs_group_full,schriftlich,4,5,9,0.0453,0.0554,-0.01,-0.256,0.0893,group,88221,90297
direct_vs_group_full,stationär,4,5,9,0.0453,0.0554,-0.01,-0.256,0.0893,group,88221,90297
direct_vs_group_full,verlegen,4,5,9,0.0453,0.0554,-0.01,-0.256,0.0893,group,88221,90297
direct_vs_group_full,zufrieden,4,5,9,0.0453,0.0554,-0.01,-0.256,0.0893,group,88221,90297
direct_vs_group_full,Ärztin,4,5,9,0.0453,0.0554,-0.01,-0.256,0.0893,group,88221,90297
direct_vs_group_full,empfohlen,9,8,17,0.102,0.0886,0.0134,0.194,0.0844,direct,88221,90297
direct_vs_group_full,führen,9,8,17,0.102,0.0886,0.0134,0.194,0.0844,direct,88221,90297
direct_vs_group_full,zuständig,9,8,17,0.102,0.0886,0.0134,0.194,0.0844,direct,88221,90297
direct_vs_group_full,hatten,15,17,32,0.17,0.1883,-0.0182,-0.1415,0.0829,group,88221,90297
direct_vs_group_full,treffen,15,17,32,0.17,0.1883,-0.0182,-0.1415,0.0829,group,88221,90297
direct_vs_group_full,Tage,30,33,63,0.3401,0.3655,-0.0254,-0.1018,0.0817,group,88221,90297
direct_vs_group_full,wie,204,203,407,2.3124,2.2481,0.0642,0.0406,0.0808,direct,88221,90297
direct_vs_group_full,100,10,9,19,0.1134,0.0997,0.0137,0.1779,0.0785,direct,88221,90297
direct_vs_group_full,Konsildienst,10,9,19,0.1134,0.0997,0.0137,0.1779,0.0785,direct,88221,90297
direct_vs_group_full,bräuchte,10,9,19,0.1134,0.0997,0.0137,0.1779,0.0785,direct,88221,90297
direct_vs_group_full,ergänzt,10,9,19,0.1134,0.0997,0.0137,0.1779,0.0785,direct,88221,90297
direct_vs_group_full,zumindest,10,9,19,0.1134,0.0997,0.0137,0.1779,0.0785,direct,88221,90297
direct_vs_group_full,bald,11,10,21,0.1247,0.1107,0.0139,0.1648,0.0737,direct,88221,90297
direct_vs_group_full,je,11,10,21,0.1247,0.1107,0.0139,0.1648,0.0737,direct,88221,90297
direct_vs_group_full,abgesetzt,12,11,23,0.136,0.1218,0.0142,0.1539,0.0699,direct,88221,90297
direct_vs_group_full,Konsequenz,17,19,36,0.1927,0.2104,-0.0177,-0.1226,0.0695,group,88221,90297
direct_vs_group_full,DD,5,6,11,0.0567,0.0664,-0.0098,-0.2075,0.0693,group,88221,90297
direct_vs_group_full,Dialyse,5,6,11,0.0567,0.0664,-0.0098,-0.2075,0.0693,group,88221,90297
direct_vs_group_full,Ehemann,5,6,11,0.0567,0.0664,-0.0098,-0.2075,0.0693,group,88221,90297
direct_vs_group_full,Jetzt,5,6,11,0.0567,0.0664,-0.0098,-0.2075,0.0693,group,88221,90297
direct_vs_group_full,Kontrollen,5,6,11,0.0567,0.0664,-0.0098,-0.2075,0.0693,group,88221,90297
direct_vs_group_full,Link_intern,5,6,11,0.0567,0.0664,-0.0098,-0.2075,0.0693,group,88221,90297
direct_vs_group_full,Welche,5,6,11,0.0567,0.0664,-0.0098,-0.2075,0.0693,group,88221,90297
direct_vs_group_full,anstrengend,5,6,11,0.0567,0.0664,-0.0098,-0.2075,0.0693,group,88221,90297
direct_vs_group_full,häufiger,5,6,11,0.0567,0.0664,-0.0098,-0.2075,0.0693,group,88221,90297
direct_vs_group_full,inhaltlich,5,6,11,0.0567,0.0664,-0.0098,-0.2075,0.0693,group,88221,90297
direct_vs_group_full,kommende,5,6,11,0.0567,0.0664,-0.0098,-0.2075,0.0693,group,88221,90297
direct_vs_group_full,letztes,5,6,11,0.0567,0.0664,-0.0098,-0.2075,0.0693,group,88221,90297
direct_vs_group_full,richtige,5,6,11,0.0567,0.0664,-0.0098,-0.2075,0.0693,group,88221,90297
direct_vs_group_full,weit,5,6,11,0.0567,0.0664,-0.0098,-0.2075,0.0693,group,88221,90297
direct_vs_group_full,gebeten,13,12,25,0.1474,0.1329,0.0145,0.1446,0.0667,direct,88221,90297
direct_vs_group_full,morgens,13,12,25,0.1474,0.1329,0.0145,0.1446,0.0667,direct,88221,90297
direct_vs_group_full,Aktuell,14,13,27,0.1587,0.144,0.0147,0.1366,0.064,direct,88221,90297
direct_vs_group_full,Für,18,20,38,0.204,0.2215,-0.0175,-0.1145,0.0639,group,88221,90297
direct_vs_group_full,Aufnahme,35,38,73,0.3967,0.4208,-0.0241,-0.0835,0.0634,group,88221,90297
direct_vs_group_full,Reduktion,15,14,29,0.17,0.155,0.015,0.1298,0.0617,direct,88221,90297
direct_vs_group_full,anders,16,15,31,0.1814,0.1661,0.0152,0.1238,0.0597,direct,88221,90297
direct_vs_group_full,krank,16,15,31,0.1814,0.1661,0.0152,0.1238,0.0597,direct,88221,90297
direct_vs_group_full,ersten,19,21,40,0.2154,0.2326,-0.0172,-0.1073,0.0589,group,88221,90297
direct_vs_group_full,Blut,6,7,13,0.068,0.0775,-0.0095,-0.1729,0.0555,group,88221,90297
direct_vs_group_full,Duloxetin,6,7,13,0.068,0.0775,-0.0095,-0.1729,0.0555,group,88221,90297
direct_vs_group_full,Gewichtsvertrag,6,7,13,0.068,0.0775,-0.0095,-0.1729,0.0555,group,88221,90297
direct_vs_group_full,Nachfrage,6,7,13,0.068,0.0775,-0.0095,-0.1729,0.0555,group,88221,90297
direct_vs_group_full,Willkommen,6,7,13,0.068,0.0775,-0.0095,-0.1729,0.0555,group,88221,90297
direct_vs_group_full,beginnen,6,7,13,0.068,0.0775,-0.0095,-0.1729,0.0555,group,88221,90297
direct_vs_group_full,freue,6,7,13,0.068,0.0775,-0.0095,-0.1729,0.0555,group,88221,90297
direct_vs_group_full,verlegt,6,7,13,0.068,0.0775,-0.0095,-0.1729,0.0555,group,88221,90297
direct_vs_group_full,30,84,83,167,0.9522,0.9192,0.033,0.0507,0.0518,direct,88221,90297
direct_vs_group_full,Medikation,23,22,45,0.2607,0.2436,0.0171,0.0963,0.0516,direct,88221,90297
direct_vs_group_full,gegeben,24,23,47,0.272,0.2547,0.0173,0.0937,0.0509,direct,88221,90297
direct_vs_group_full,Episode,21,23,44,0.238,0.2547,-0.0167,-0.0948,0.0504,group,88221,90297
direct_vs_group_full,dafür,30,29,59,0.3401,0.3212,0.0189,0.0817,0.0482,direct,88221,90297
direct_vs_group_full,Belastung,7,8,15,0.0793,0.0886,-0.0093,-0.147,0.0455,group,88221,90297
direct_vs_group_full,Faktoren,7,8,15,0.0793,0.0886,-0.0093,-0.147,0.0455,group,88221,90297
direct_vs_group_full,Venlafaxin,7,8,15,0.0793,0.0886,-0.0093,-0.147,0.0455,group,88221,90297
direct_vs_group_full,Zielgewicht,7,8,15,0.0793,0.0886,-0.0093,-0.147,0.0455,group,88221,90297
direct_vs_group_full,aktuelle,7,8,15,0.0793,0.0886,-0.0093,-0.147,0.0455,group,88221,90297
direct_vs_group_full,z,43,46,89,0.4874,0.5094,-0.022,-0.0627,0.0434,group,88221,90297
direct_vs_group_full,bis,156,156,312,1.7683,1.7276,0.0407,0.0336,0.0422,direct,88221,90297
direct_vs_group_full,wird,144,144,288,1.6323,1.5947,0.0375,0.0336,0.039,direct,88221,90297
direct_vs_group_full,Bedarfsmed,8,9,17,0.0907,0.0997,-0.009,-0.1269,0.0379,group,88221,90297
direct_vs_group_full,SV,8,9,17,0.0907,0.0997,-0.009,-0.1269,0.0379,group,88221,90297
direct_vs_group_full,TTE,8,9,17,0.0907,0.0997,-0.009,-0.1269,0.0379,group,88221,90297
direct_vs_group_full,aktuellen,8,9,17,0.0907,0.0997,-0.009,-0.1269,0.0379,group,88221,90297
direct_vs_group_full,besteht,8,9,17,0.0907,0.0997,-0.009,-0.1269,0.0379,group,88221,90297
direct_vs_group_full,Liebe,216,217,433,2.4484,2.4032,0.0452,0.0269,0.0376,direct,88221,90297
direct_vs_group_full,braucht,25,27,52,0.2834,0.299,-0.0156,-0.0754,0.0375,group,88221,90297
direct_vs_group_full,Schmerzstörung,9,10,19,0.102,0.1107,-0.0087,-0.1108,0.032,group,88221,90297
direct_vs_group_full,amb,9,10,19,0.102,0.1107,-0.0087,-0.1108,0.032,group,88221,90297
direct_vs_group_full,entscheiden,9,10,19,0.102,0.1107,-0.0087,-0.1108,0.032,group,88221,90297
direct_vs_group_full,meldet,9,10,19,0.102,0.1107,-0.0087,-0.1108,0.032,group,88221,90297
direct_vs_group_full,selber,9,10,19,0.102,0.1107,-0.0087,-0.1108,0.032,group,88221,90297
direct_vs_group_full,nutzen,10,11,21,0.1134,0.1218,-0.0085,-0.0977,0.0272,group,88221,90297
direct_vs_group_full,somatische,10,11,21,0.1134,0.1218,-0.0085,-0.0977,0.0272,group,88221,90297
direct_vs_group_full,1x,11,12,23,0.1247,0.1329,-0.0082,-0.0867,0.0233,group,88221,90297
direct_vs_group_full,einige,11,12,23,0.1247,0.1329,-0.0082,-0.0867,0.0233,group,88221,90297
direct_vs_group_full,übernimmt,12,13,25,0.136,0.144,-0.0079,-0.0775,0.0201,group,88221,90297
direct_vs_group_full,hoch,13,14,27,0.1474,0.155,-0.0077,-0.0695,0.0174,group,88221,90297
direct_vs_group_full,läuft,14,15,29,0.1587,0.1661,-0.0074,-0.0627,0.0152,group,88221,90297
direct_vs_group_full,Hinweis,15,16,31,0.17,0.1772,-0.0072,-0.0566,0.0132,group,88221,90297
direct_vs_group_full,anmelden,15,16,31,0.17,0.1772,-0.0072,-0.0566,0.0132,group,88221,90297
direct_vs_group_full,eher,46,46,92,0.5214,0.5094,0.012,0.0336,0.0124,direct,88221,90297
direct_vs_group_full,SAP,41,41,82,0.4647,0.4541,0.0107,0.0336,0.0111,direct,88221,90297
direct_vs_group_full,Vereinbarung,17,18,35,0.1927,0.1993,-0.0066,-0.0466,0.01,group,88221,90297
direct_vs_group_full,Wie,37,37,74,0.4194,0.4098,0.0096,0.0336,0.01,direct,88221,90297
direct_vs_group_full,beim,36,36,72,0.4081,0.3987,0.0094,0.0336,0.0097,direct,88221,90297
direct_vs_group_full,kurze,19,20,39,0.2154,0.2215,-0.0061,-0.0386,0.0077,group,88221,90297
direct_vs_group_full,sollen,19,20,39,0.2154,0.2215,-0.0061,-0.0386,0.0077,group,88221,90297
direct_vs_group_full,Donnerstag,48,50,98,0.5441,0.5537,-0.0096,-0.0247,0.0076,group,88221,90297
direct_vs_group_full,sein,117,121,238,1.3262,1.34,-0.0138,-0.0147,0.0064,group,88221,90297
direct_vs_group_full,liegt,23,23,46,0.2607,0.2547,0.006,0.0336,0.0062,direct,88221,90297
direct_vs_group_full,Sonst,22,22,44,0.2494,0.2436,0.0057,0.0336,0.006,direct,88221,90297
direct_vs_group_full,daher,52,54,106,0.5894,0.598,-0.0086,-0.0204,0.0056,group,88221,90297
direct_vs_group_full,bleibt,19,19,38,0.2154,0.2104,0.005,0.0336,0.0051,direct,88221,90297
direct_vs_group_full,klären,19,19,38,0.2154,0.2104,0.005,0.0336,0.0051,direct,88221,90297
direct_vs_group_full,OA,18,18,36,0.204,0.1993,0.0047,0.0336,0.0049,direct,88221,90297
direct_vs_group_full,gab,18,18,36,0.204,0.1993,0.0047,0.0336,0.0049,direct,88221,90297
direct_vs_group_full,telefoniert,17,17,34,0.1927,0.1883,0.0044,0.0336,0.0046,direct,88221,90297
direct_vs_group_full,So,23,24,47,0.2607,0.2658,-0.0051,-0.0266,0.0044,group,88221,90297
direct_vs_group_full,recht,16,16,32,0.1814,0.1772,0.0042,0.0336,0.0043,direct,88221,90297
direct_vs_group_full,blush,12,12,24,0.136,0.1329,0.0031,0.0336,0.0032,direct,88221,90297
direct_vs_group_full,weiteren,11,11,22,0.1247,0.1218,0.0029,0.0336,0.003,direct,88221,90297
direct_vs_group_full,übernehme,11,11,22,0.1247,0.1218,0.0029,0.0336,0.003,direct,88221,90297
direct_vs_group_full,Escitalopram,10,10,20,0.1134,0.1107,0.0026,0.0336,0.0027,direct,88221,90297
direct_vs_group_full,abends,10,10,20,0.1134,0.1107,0.0026,0.0336,0.0027,direct,88221,90297
direct_vs_group_full,i,10,10,20,0.1134,0.1107,0.0026,0.0336,0.0027,direct,88221,90297
direct_vs_group_full,Bei,61,63,124,0.6914,0.6977,-0.0063,-0.0126,0.0025,group,88221,90297
direct_vs_group_full,Haben,9,9,18,0.102,0.0997,0.0023,0.0336,0.0024,direct,88221,90297
direct_vs_group_full,Anschluss,8,8,16,0.0907,0.0886,0.0021,0.0336,0.0022,direct,88221,90297
direct_vs_group_full,Grund,8,8,16,0.0907,0.0886,0.0021,0.0336,0.0022,direct,88221,90297
direct_vs_group_full,d,8,8,16,0.0907,0.0886,0.0021,0.0336,0.0022,direct,88221,90297
direct_vs_group_full,liegen,8,8,16,0.0907,0.0886,0.0021,0.0336,0.0022,direct,88221,90297
direct_vs_group_full,teil,8,8,16,0.0907,0.0886,0.0021,0.0336,0.0022,direct,88221,90297
direct_vs_group_full,Dienst,7,7,14,0.0793,0.0775,0.0018,0.0336,0.0019,direct,88221,90297
direct_vs_group_full,EEG,7,7,14,0.0793,0.0775,0.0018,0.0336,0.0019,direct,88221,90297
direct_vs_group_full,Email,7,7,14,0.0793,0.0775,0.0018,0.0336,0.0019,direct,88221,90297
direct_vs_group_full,Entscheidung,7,7,14,0.0793,0.0775,0.0018,0.0336,0.0019,direct,88221,90297
direct_vs_group_full,Freundin,7,7,14,0.0793,0.0775,0.0018,0.0336,0.0019,direct,88221,90297
direct_vs_group_full,OAV,7,7,14,0.0793,0.0775,0.0018,0.0336,0.0019,direct,88221,90297
direct_vs_group_full,bearbeiten,7,7,14,0.0793,0.0775,0.0018,0.0336,0.0019,direct,88221,90297
direct_vs_group_full,niemand,7,7,14,0.0793,0.0775,0.0018,0.0336,0.0019,direct,88221,90297
direct_vs_group_full,schafft,7,7,14,0.0793,0.0775,0.0018,0.0336,0.0019,direct,88221,90297
direct_vs_group_full,therapeutischen,7,7,14,0.0793,0.0775,0.0018,0.0336,0.0019,direct,88221,90297
direct_vs_group_full,vermehrt,7,7,14,0.0793,0.0775,0.0018,0.0336,0.0019,direct,88221,90297
direct_vs_group_full,Abschlussgespräch,6,6,12,0.068,0.0664,0.0016,0.0336,0.0016,direct,88221,90297
direct_vs_group_full,Antidepressiva,6,6,12,0.068,0.0664,0.0016,0.0336,0.0016,direct,88221,90297
direct_vs_group_full,Kardio,6,6,12,0.068,0.0664,0.0016,0.0336,0.0016,direct,88221,90297
direct_vs_group_full,Konsilschein,6,6,12,0.068,0.0664,0.0016,0.0336,0.0016,direct,88221,90297
direct_vs_group_full,Tod,6,6,12,0.068,0.0664,0.0016,0.0336,0.0016,direct,88221,90297
direct_vs_group_full,UCHI,6,6,12,0.068,0.0664,0.0016,0.0336,0.0016,direct,88221,90297
direct_vs_group_full,beschrieben,6,6,12,0.068,0.0664,0.0016,0.0336,0.0016,direct,88221,90297
direct_vs_group_full,erscheint,6,6,12,0.068,0.0664,0.0016,0.0336,0.0016,direct,88221,90297
direct_vs_group_full,mittags,6,6,12,0.068,0.0664,0.0016,0.0336,0.0016,direct,88221,90297
direct_vs_group_full,welches,6,6,12,0.068,0.0664,0.0016,0.0336,0.0016,direct,88221,90297
direct_vs_group_full,Gespräche,5,5,10,0.0567,0.0554,0.0013,0.0336,0.0014,direct,88221,90297
direct_vs_group_full,Neuro,5,5,10,0.0567,0.0554,0.0013,0.0336,0.0014,direct,88221,90297
direct_vs_group_full,Schmerzkonsil,5,5,10,0.0567,0.0554,0.0013,0.0336,0.0014,direct,88221,90297
direct_vs_group_full,TK,5,5,10,0.0567,0.0554,0.0013,0.0336,0.0014,direct,88221,90297
direct_vs_group_full,angedacht,5,5,10,0.0567,0.0554,0.0013,0.0336,0.0014,direct,88221,90297
direct_vs_group_full,aufgetreten,5,5,10,0.0567,0.0554,0.0013,0.0336,0.0014,direct,88221,90297
direct_vs_group_full,bestellt,5,5,10,0.0567,0.0554,0.0013,0.0336,0.0014,direct,88221,90297
direct_vs_group_full,erfolgen,5,5,10,0.0567,0.0554,0.0013,0.0336,0.0014,direct,88221,90297
direct_vs_group_full,fühlte,5,5,10,0.0567,0.0554,0.0013,0.0336,0.0014,direct,88221,90297
direct_vs_group_full,kenne,5,5,10,0.0567,0.0554,0.0013,0.0336,0.0014,direct,88221,90297
direct_vs_group_full,stellen,5,5,10,0.0567,0.0554,0.0013,0.0336,0.0014,direct,88221,90297
direct_vs_group_full,trinkt,5,5,10,0.0567,0.0554,0.0013,0.0336,0.0014,direct,88221,90297
direct_vs_group_full,voraussichtlich,5,5,10,0.0567,0.0554,0.0013,0.0336,0.0014,direct,88221,90297
direct_vs_group_full,11Uhr,4,4,8,0.0453,0.0443,0.001,0.0336,0.0011,direct,88221,90297
direct_vs_group_full,An,4,4,8,0.0453,0.0443,0.001,0.0336,0.0011,direct,88221,90297
direct_vs_group_full,BB,4,4,8,0.0453,0.0443,0.001,0.0336,0.0011,direct,88221,90297
direct_vs_group_full,Einladung,4,4,8,0.0453,0.0443,0.001,0.0336,0.0011,direct,88221,90297
direct_vs_group_full,Familiengespräch,4,4,8,0.0453,0.0443,0.001,0.0336,0.0011,direct,88221,90297
direct_vs_group_full,Gewichtsabnahme,4,4,8,0.0453,0.0443,0.001,0.0336,0.0011,direct,88221,90297
direct_vs_group_full,KHK,4,4,8,0.0453,0.0443,0.001,0.0336,0.0011,direct,88221,90297
direct_vs_group_full,Pausierung,4,4,8,0.0453,0.0443,0.001,0.0336,0.0011,direct,88221,90297
direct_vs_group_full,Psychosomatik,4,4,8,0.0453,0.0443,0.001,0.0336,0.0011,direct,88221,90297
direct_vs_group_full,Rente,4,4,8,0.0453,0.0443,0.001,0.0336,0.0011,direct,88221,90297
direct_vs_group_full,Schlafapnoe,4,4,8,0.0453,0.0443,0.001,0.0336,0.0011,direct,88221,90297
direct_vs_group_full,Sprechstörung,4,4,8,0.0453,0.0443,0.001,0.0336,0.0011,direct,88221,90297
direct_vs_group_full,Stat,4,4,8,0.0453,0.0443,0.001,0.0336,0.0011,direct,88221,90297
direct_vs_group_full,Weiterhin,4,4,8,0.0453,0.0443,0.001,0.0336,0.0011,direct,88221,90297
direct_vs_group_full,ausgemacht,4,4,8,0.0453,0.0443,0.001,0.0336,0.0011,direct,88221,90297
direct_vs_group_full,bestätigt,4,4,8,0.0453,0.0443,0.001,0.0336,0.0011,direct,88221,90297
direct_vs_group_full,doppelt,4,4,8,0.0453,0.0443,0.001,0.0336,0.0011,direct,88221,90297
direct_vs_group_full,drum,4,4,8,0.0453,0.0443,0.001,0.0336,0.0011,direct,88221,90297
direct_vs_group_full,erstellen,4,4,8,0.0453,0.0443,0.001,0.0336,0.0011,direct,88221,90297
direct_vs_group_full,gewogen,4,4,8,0.0453,0.0443,0.001,0.0336,0.0011,direct,88221,90297
direct_vs_group_full,gleichzeitig,4,4,8,0.0453,0.0443,0.001,0.0336,0.0011,direct,88221,90297
direct_vs_group_full,komplett,4,4,8,0.0453,0.0443,0.001,0.0336,0.0011,direct,88221,90297
direct_vs_group_full,psycho,4,4,8,0.0453,0.0443,0.001,0.0336,0.0011,direct,88221,90297
direct_vs_group_full,schwierige,4,4,8,0.0453,0.0443,0.001,0.0336,0.0011,direct,88221,90297
direct_vs_group_full,sitzt,4,4,8,0.0453,0.0443,0.001,0.0336,0.0011,direct,88221,90297
direct_vs_group_full,sozialer,4,4,8,0.0453,0.0443,0.001,0.0336,0.0011,direct,88221,90297
direct_vs_group_full,wartet,4,4,8,0.0453,0.0443,0.001,0.0336,0.0011,direct,88221,90297
direct_vs_group_full,zwischendurch,4,4,8,0.0453,0.0443,0.001,0.0336,0.0011,direct,88221,90297
direct_vs_group_full,30Uhr,3,3,6,0.034,0.0332,0.0008,0.0336,0.0008,direct,88221,90297
direct_vs_group_full,Agoraphobie,3,3,6,0.034,0.0332,0.0008,0.0336,0.0008,direct,88221,90297
direct_vs_group_full,Allerdings,3,3,6,0.034,0.0332,0.0008,0.0336,0.0008,direct,88221,90297
direct_vs_group_full,Bezugstherapeutin,3,3,6,0.034,0.0332,0.0008,0.0336,0.0008,direct,88221,90297
direct_vs_group_full,Dankeschön,3,3,6,0.034,0.0332,0.0008,0.0336,0.0008,direct,88221,90297
direct_vs_group_full,Dyspnoe,3,3,6,0.034,0.0332,0.0008,0.0336,0.0008,direct,88221,90297
direct_vs_group_full,Gehen,3,3,6,0.034,0.0332,0.0008,0.0336,0.0008,direct,88221,90297
direct_vs_group_full,HSA,3,3,6,0.034,0.0332,0.0008,0.0336,0.0008,direct,88221,90297
direct_vs_group_full,Hydromorphon,3,3,6,0.034,0.0332,0.0008,0.0336,0.0008,direct,88221,90297
direct_vs_group_full,Hyponatriämie,3,3,6,0.034,0.0332,0.0008,0.0336,0.0008,direct,88221,90297
direct_vs_group_full,Medis,3,3,6,0.034,0.0332,0.0008,0.0336,0.0008,direct,88221,90297
direct_vs_group_full,Mittagspause,3,3,6,0.034,0.0332,0.0008,0.0336,0.0008,direct,88221,90297
direct_vs_group_full,Pad,3,3,6,0.034,0.0332,0.0008,0.0336,0.0008,direct,88221,90297
direct_vs_group_full,Perfekt,3,3,6,0.034,0.0332,0.0008,0.0336,0.0008,direct,88221,90297
direct_vs_group_full,Schön,3,3,6,0.034,0.0332,0.0008,0.0336,0.0008,direct,88221,90297
direct_vs_group_full,Siehe,3,3,6,0.034,0.0332,0.0008,0.0336,0.0008,direct,88221,90297
direct_vs_group_full,Sind,3,3,6,0.034,0.0332,0.0008,0.0336,0.0008,direct,88221,90297
direct_vs_group_full,Somatisierungsstörung,3,3,6,0.034,0.0332,0.0008,0.0336,0.0008,direct,88221,90297
direct_vs_group_full,Suizid,3,3,6,0.034,0.0332,0.0008,0.0336,0.0008,direct,88221,90297
direct_vs_group_full,Suizidaufforderungen,3,3,6,0.034,0.0332,0.0008,0.0336,0.0008,direct,88221,90297
direct_vs_group_full,Sätze,3,3,6,0.034,0.0332,0.0008,0.0336,0.0008,direct,88221,90297
direct_vs_group_full,Teile,3,3,6,0.034,0.0332,0.0008,0.0336,0.0008,direct,88221,90297
direct_vs_group_full,Verlaufsdoku,3,3,6,0.034,0.0332,0.0008,0.0336,0.0008,direct,88221,90297
direct_vs_group_full,abgeklärt,3,3,6,0.034,0.0332,0.0008,0.0336,0.0008,direct,88221,90297
direct_vs_group_full,ausdrucken,3,3,6,0.034,0.0332,0.0008,0.0336,0.0008,direct,88221,90297
direct_vs_group_full,biographischen,3,3,6,0.034,0.0332,0.0008,0.0336,0.0008,direct,88221,90297
direct_vs_group_full,dauerhaft,3,3,6,0.034,0.0332,0.0008,0.0336,0.0008,direct,88221,90297
direct_vs_group_full,dienstag,3,3,6,0.034,0.0332,0.0008,0.0336,0.0008,direct,88221,90297
direct_vs_group_full,eingestuft,3,3,6,0.034,0.0332,0.0008,0.0336,0.0008,direct,88221,90297
direct_vs_group_full,ernst,3,3,6,0.034,0.0332,0.0008,0.0336,0.0008,direct,88221,90297
direct_vs_group_full,fahren,3,3,6,0.034,0.0332,0.0008,0.0336,0.0008,direct,88221,90297
direct_vs_group_full,falschen,3,3,6,0.034,0.0332,0.0008,0.0336,0.0008,direct,88221,90297
direct_vs_group_full,freundlich,3,3,6,0.034,0.0332,0.0008,0.0336,0.0008,direct,88221,90297
direct_vs_group_full,fühlen,3,3,6,0.034,0.0332,0.0008,0.0336,0.0008,direct,88221,90297
direct_vs_group_full,gelöscht,3,3,6,0.034,0.0332,0.0008,0.0336,0.0008,direct,88221,90297
direct_vs_group_full,gezogen,3,3,6,0.034,0.0332,0.0008,0.0336,0.0008,direct,88221,90297
direct_vs_group_full,kognitive,3,3,6,0.034,0.0332,0.0008,0.0336,0.0008,direct,88221,90297
direct_vs_group_full,kurzes,3,3,6,0.034,0.0332,0.0008,0.0336,0.0008,direct,88221,90297
direct_vs_group_full,mittag,3,3,6,0.034,0.0332,0.0008,0.0336,0.0008,direct,88221,90297
direct_vs_group_full,mäßig,3,3,6,0.034,0.0332,0.0008,0.0336,0.0008,direct,88221,90297
direct_vs_group_full,nachhaken,3,3,6,0.034,0.0332,0.0008,0.0336,0.0008,direct,88221,90297
direct_vs_group_full,neg,3,3,6,0.034,0.0332,0.0008,0.0336,0.0008,direct,88221,90297
direct_vs_group_full,netterweise,3,3,6,0.034,0.0332,0.0008,0.0336,0.0008,direct,88221,90297
direct_vs_group_full,niemanden,3,3,6,0.034,0.0332,0.0008,0.0336,0.0008,direct,88221,90297
direct_vs_group_full,nutzt,3,3,6,0.034,0.0332,0.0008,0.0336,0.0008,direct,88221,90297
direct_vs_group_full,symptomatisch,3,3,6,0.034,0.0332,0.0008,0.0336,0.0008,direct,88221,90297
direct_vs_group_full,versteht,3,3,6,0.034,0.0332,0.0008,0.0336,0.0008,direct,88221,90297
direct_vs_group_full,vorliegt,3,3,6,0.034,0.0332,0.0008,0.0336,0.0008,direct,88221,90297
direct_vs_group_full,warte,3,3,6,0.034,0.0332,0.0008,0.0336,0.0008,direct,88221,90297
direct_vs_group_full,weitergeben,3,3,6,0.034,0.0332,0.0008,0.0336,0.0008,direct,88221,90297
direct_vs_group_full,viele,33,34,67,0.3741,0.3765,-0.0025,-0.0089,0.0007,group,88221,90297
direct_vs_group_full,war,311,319,630,3.5252,3.5328,-0.0075,-0.003,0.0007,group,88221,90297
direct_vs_group_full,24h,2,2,4,0.0227,0.0221,0.0005,0.0336,0.0005,direct,88221,90297
direct_vs_group_full,Arztbriefes,2,2,4,0.0227,0.0221,0.0005,0.0336,0.0005,direct,88221,90297
direct_vs_group_full,Auffälligkeiten,2,2,4,0.0227,0.0221,0.0005,0.0336,0.0005,direct,88221,90297
direct_vs_group_full,Besten,2,2,4,0.0227,0.0221,0.0005,0.0336,0.0005,direct,88221,90297
direct_vs_group_full,Bestätigung,2,2,4,0.0227,0.0221,0.0005,0.0336,0.0005,direct,88221,90297
direct_vs_group_full,Buch,2,2,4,0.0227,0.0221,0.0005,0.0336,0.0005,direct,88221,90297
direct_vs_group_full,Chron,2,2,4,0.0227,0.0221,0.0005,0.0336,0.0005,direct,88221,90297
direct_vs_group_full,DP,2,2,4,0.0227,0.0221,0.0005,0.0336,0.0005,direct,88221,90297
direct_vs_group_full,Date,2,2,4,0.0227,0.0221,0.0005,0.0336,0.0005,direct,88221,90297
direct_vs_group_full,Deswegen,2,2,4,0.0227,0.0221,0.0005,0.0336,0.0005,direct,88221,90297
direct_vs_group_full,Einstellung,2,2,4,0.0227,0.0221,0.0005,0.0336,0.0005,direct,88221,90297
direct_vs_group_full,Entzug,2,2,4,0.0227,0.0221,0.0005,0.0336,0.0005,direct,88221,90297
direct_vs_group_full,Fl,2,2,4,0.0227,0.0221,0.0005,0.0336,0.0005,direct,88221,90297
direct_vs_group_full,Füße,2,2,4,0.0227,0.0221,0.0005,0.0336,0.0005,direct,88221,90297
direct_vs_group_full,Gegen,2,2,4,0.0227,0.0221,0.0005,0.0336,0.0005,direct,88221,90297
direct_vs_group_full,Gerade,2,2,4,0.0227,0.0221,0.0005,0.0336,0.0005,direct,88221,90297
direct_vs_group_full,Gewichtsverlust,2,2,4,0.0227,0.0221,0.0005,0.0336,0.0005,direct,88221,90297
direct_vs_group_full,Hyponaträmie,2,2,4,0.0227,0.0221,0.0005,0.0336,0.0005,direct,88221,90297
direct_vs_group_full,Häusliche,2,2,4,0.0227,0.0221,0.0005,0.0336,0.0005,direct,88221,90297
direct_vs_group_full,Inhalation,2,2,4,0.0227,0.0221,0.0005,0.0336,0.0005,direct,88221,90297
direct_vs_group_full,Irgendwie,2,2,4,0.0227,0.0221,0.0005,0.0336,0.0005,direct,88221,90297
direct_vs_group_full,Korrelat,2,2,4,0.0227,0.0221,0.0005,0.0336,0.0005,direct,88221,90297
direct_vs_group_full,Krankheitsmodell,2,2,4,0.0227,0.0221,0.0005,0.0336,0.0005,direct,88221,90297
direct_vs_group_full,Laborwerte,2,2,4,0.0227,0.0221,0.0005,0.0336,0.0005,direct,88221,90297
direct_vs_group_full,Mindestzunahme,2,2,4,0.0227,0.0221,0.0005,0.0336,0.0005,direct,88221,90297
direct_vs_group_full,Nachsalzen,2,2,4,0.0227,0.0221,0.0005,0.0336,0.0005,direct,88221,90297
direct_vs_group_full,Neurologen,2,2,4,0.0227,0.0221,0.0005,0.0336,0.0005,direct,88221,90297
direct_vs_group_full,Notizen,2,2,4,0.0227,0.0221,0.0005,0.0336,0.0005,direct,88221,90297
direct_vs_group_full,Oberarztvisite,2,2,4,0.0227,0.0221,0.0005,0.0336,0.0005,direct,88221,90297
direct_vs_group_full,Office,2,2,4,0.0227,0.0221,0.0005,0.0336,0.0005,direct,88221,90297
direct_vs_group_full,PC,2,2,4,0.0227,0.0221,0.0005,0.0336,0.0005,direct,88221,90297
direct_vs_group_full,Pankreas,2,2,4,0.0227,0.0221,0.0005,0.0336,0.0005,direct,88221,90297
direct_vs_group_full,Pantozol,2,2,4,0.0227,0.0221,0.0005,0.0336,0.0005,direct,88221,90297
direct_vs_group_full,Retentionsparameter,2,2,4,0.0227,0.0221,0.0005,0.0336,0.0005,direct,88221,90297
direct_vs_group_full,Rolle,2,2,4,0.0227,0.0221,0.0005,0.0336,0.0005,direct,88221,90297
direct_vs_group_full,Rückhaltegründen,2,2,4,0.0227,0.0221,0.0005,0.0336,0.0005,direct,88221,90297
direct_vs_group_full,Schmerzedukation,2,2,4,0.0227,0.0221,0.0005,0.0336,0.0005,direct,88221,90297
direct_vs_group_full,Schönen,2,2,4,0.0227,0.0221,0.0005,0.0336,0.0005,direct,88221,90297
direct_vs_group_full,Studienlage,2,2,4,0.0227,0.0221,0.0005,0.0336,0.0005,direct,88221,90297
direct_vs_group_full,Stützstrümpfe,2,2,4,0.0227,0.0221,0.0005,0.0336,0.0005,direct,88221,90297
direct_vs_group_full,Text,2,2,4,0.0227,0.0221,0.0005,0.0336,0.0005,direct,88221,90297
direct_vs_group_full,Tür,2,2,4,0.0227,0.0221,0.0005,0.0336,0.0005,direct,88221,90297
direct_vs_group_full,Usachen,2,2,4,0.0227,0.0221,0.0005,0.0336,0.0005,direct,88221,90297
direct_vs_group_full,VPN,2,2,4,0.0227,0.0221,0.0005,0.0336,0.0005,direct,88221,90297
direct_vs_group_full,Wartezeit,2,2,4,0.0227,0.0221,0.0005,0.0336,0.0005,direct,88221,90297
direct_vs_group_full,Zentrum,2,2,4,0.0227,0.0221,0.0005,0.0336,0.0005,direct,88221,90297
direct_vs_group_full,Zimmerkonflikt,2,2,4,0.0227,0.0221,0.0005,0.0336,0.0005,direct,88221,90297
direct_vs_group_full,Zusammenarbeit,2,2,4,0.0227,0.0221,0.0005,0.0336,0.0005,direct,88221,90297
direct_vs_group_full,anordnen,2,2,4,0.0227,0.0221,0.0005,0.0336,0.0005,direct,88221,90297
direct_vs_group_full,anorektische,2,2,4,0.0227,0.0221,0.0005,0.0336,0.0005,direct,88221,90297
direct_vs_group_full,anschließen,2,2,4,0.0227,0.0221,0.0005,0.0336,0.0005,direct,88221,90297
direct_vs_group_full,anzupassen,2,2,4,0.0227,0.0221,0.0005,0.0336,0.0005,direct,88221,90297
direct_vs_group_full,aufenthalt,2,2,4,0.0227,0.0221,0.0005,0.0336,0.0005,direct,88221,90297
direct_vs_group_full,aufgelöst,2,2,4,0.0227,0.0221,0.0005,0.0336,0.0005,direct,88221,90297
direct_vs_group_full,aufgeschlossen,2,2,4,0.0227,0.0221,0.0005,0.0336,0.0005,direct,88221,90297
direct_vs_group_full,ausführlicher,2,2,4,0.0227,0.0221,0.0005,0.0336,0.0005,direct,88221,90297
direct_vs_group_full,ausreichende,2,2,4,0.0227,0.0221,0.0005,0.0336,0.0005,direct,88221,90297
direct_vs_group_full,bezgl,2,2,4,0.0227,0.0221,0.0005,0.0336,0.0005,direct,88221,90297
direct_vs_group_full,dadurch,2,2,4,0.0227,0.0221,0.0005,0.0336,0.0005,direct,88221,90297
direct_vs_group_full,diejenigen,2,2,4,0.0227,0.0221,0.0005,0.0336,0.0005,direct,88221,90297
direct_vs_group_full,dritt,2,2,4,0.0227,0.0221,0.0005,0.0336,0.0005,direct,88221,90297
direct_vs_group_full,eCurve,2,2,4,0.0227,0.0221,0.0005,0.0336,0.0005,direct,88221,90297
direct_vs_group_full,ehrlich,2,2,4,0.0227,0.0221,0.0005,0.0336,0.0005,direct,88221,90297
direct_vs_group_full,eingeplant,2,2,4,0.0227,0.0221,0.0005,0.0336,0.0005,direct,88221,90297
direct_vs_group_full,eingewilligt,2,2,4,0.0227,0.0221,0.0005,0.0336,0.0005,direct,88221,90297
direct_vs_group_full,einigermaßen,2,2,4,0.0227,0.0221,0.0005,0.0336,0.0005,direct,88221,90297
direct_vs_group_full,endgültig,2,2,4,0.0227,0.0221,0.0005,0.0336,0.0005,direct,88221,90297
direct_vs_group_full,entgegen,2,2,4,0.0227,0.0221,0.0005,0.0336,0.0005,direct,88221,90297
direct_vs_group_full,erholsamen,2,2,4,0.0227,0.0221,0.0005,0.0336,0.0005,direct,88221,90297
direct_vs_group_full,ernährt,2,2,4,0.0227,0.0221,0.0005,0.0336,0.0005,direct,88221,90297
direct_vs_group_full,ersichtlich,2,2,4,0.0227,0.0221,0.0005,0.0336,0.0005,direct,88221,90297
direct_vs_group_full,fahre,2,2,4,0.0227,0.0221,0.0005,0.0336,0.0005,direct,88221,90297
direct_vs_group_full,folgen,2,2,4,0.0227,0.0221,0.0005,0.0336,0.0005,direct,88221,90297
direct_vs_group_full,gemerkt,2,2,4,0.0227,0.0221,0.0005,0.0336,0.0005,direct,88221,90297
direct_vs_group_full,genauso,2,2,4,0.0227,0.0221,0.0005,0.0336,0.0005,direct,88221,90297
direct_vs_group_full,geredet,2,2,4,0.0227,0.0221,0.0005,0.0336,0.0005,direct,88221,90297
direct_vs_group_full,gesetzl,2,2,4,0.0227,0.0221,0.0005,0.0336,0.0005,direct,88221,90297
direct_vs_group_full,gesunden,2,2,4,0.0227,0.0221,0.0005,0.0336,0.0005,direct,88221,90297
direct_vs_group_full,gewechselt,2,2,4,0.0227,0.0221,0.0005,0.0336,0.0005,direct,88221,90297
direct_vs_group_full,geweint,2,2,4,0.0227,0.0221,0.0005,0.0336,0.0005,direct,88221,90297
direct_vs_group_full,halben,2,2,4,0.0227,0.0221,0.0005,0.0336,0.0005,direct,88221,90297
direct_vs_group_full,hilfreiche,2,2,4,0.0227,0.0221,0.0005,0.0336,0.0005,direct,88221,90297
direct_vs_group_full,holt,2,2,4,0.0227,0.0221,0.0005,0.0336,0.0005,direct,88221,90297
direct_vs_group_full,hört,2,2,4,0.0227,0.0221,0.0005,0.0336,0.0005,direct,88221,90297
direct_vs_group_full,jemandem,2,2,4,0.0227,0.0221,0.0005,0.0336,0.0005,direct,88221,90297
direct_vs_group_full,k,2,2,4,0.0227,0.0221,0.0005,0.0336,0.0005,direct,88221,90297
direct_vs_group_full,leidet,2,2,4,0.0227,0.0221,0.0005,0.0336,0.0005,direct,88221,90297
direct_vs_group_full,lernen,2,2,4,0.0227,0.0221,0.0005,0.0336,0.0005,direct,88221,90297
direct_vs_group_full,lieben,2,2,4,0.0227,0.0221,0.0005,0.0336,0.0005,direct,88221,90297
direct_vs_group_full,löse,2,2,4,0.0227,0.0221,0.0005,0.0336,0.0005,direct,88221,90297
direct_vs_group_full,maximal,2,2,4,0.0227,0.0221,0.0005,0.0336,0.0005,direct,88221,90297
direct_vs_group_full,meines,2,2,4,0.0227,0.0221,0.0005,0.0336,0.0005,direct,88221,90297
direct_vs_group_full,ml,2,2,4,0.0227,0.0221,0.0005,0.0336,0.0005,direct,88221,90297
direct_vs_group_full,nachts,2,2,4,0.0227,0.0221,0.0005,0.0336,0.0005,direct,88221,90297
direct_vs_group_full,nachvollziehen,2,2,4,0.0227,0.0221,0.0005,0.0336,0.0005,direct,88221,90297
direct_vs_group_full,notfalls,2,2,4,0.0227,0.0221,0.0005,0.0336,0.0005,direct,88221,90297
direct_vs_group_full,nutze,2,2,4,0.0227,0.0221,0.0005,0.0336,0.0005,direct,88221,90297
direct_vs_group_full,ohnehin,2,2,4,0.0227,0.0221,0.0005,0.0336,0.0005,direct,88221,90297
direct_vs_group_full,produktiv,2,2,4,0.0227,0.0221,0.0005,0.0336,0.0005,direct,88221,90297
direct_vs_group_full,rekrutieren,2,2,4,0.0227,0.0221,0.0005,0.0336,0.0005,direct,88221,90297
direct_vs_group_full,rückgemeldet,2,2,4,0.0227,0.0221,0.0005,0.0336,0.0005,direct,88221,90297
direct_vs_group_full,rückmelden,2,2,4,0.0227,0.0221,0.0005,0.0336,0.0005,direct,88221,90297
direct_vs_group_full,schöner,2,2,4,0.0227,0.0221,0.0005,0.0336,0.0005,direct,88221,90297
direct_vs_group_full,schützen,2,2,4,0.0227,0.0221,0.0005,0.0336,0.0005,direct,88221,90297
direct_vs_group_full,sekundären,2,2,4,0.0227,0.0221,0.0005,0.0336,0.0005,direct,88221,90297
direct_vs_group_full,selbstständig,2,2,4,0.0227,0.0221,0.0005,0.0336,0.0005,direct,88221,90297
direct_vs_group_full,selbständig,2,2,4,0.0227,0.0221,0.0005,0.0336,0.0005,direct,88221,90297
direct_vs_group_full,stattgegeben,2,2,4,0.0227,0.0221,0.0005,0.0336,0.0005,direct,88221,90297
direct_vs_group_full,tolle,2,2,4,0.0227,0.0221,0.0005,0.0336,0.0005,direct,88221,90297
direct_vs_group_full,treten,2,2,4,0.0227,0.0221,0.0005,0.0336,0.0005,direct,88221,90297
direct_vs_group_full,umgezogen,2,2,4,0.0227,0.0221,0.0005,0.0336,0.0005,direct,88221,90297
direct_vs_group_full,und/oder,2,2,4,0.0227,0.0221,0.0005,0.0336,0.0005,direct,88221,90297
direct_vs_group_full,verfolgt,2,2,4,0.0227,0.0221,0.0005,0.0336,0.0005,direct,88221,90297
direct_vs_group_full,verlauf,2,2,4,0.0227,0.0221,0.0005,0.0336,0.0005,direct,88221,90297
direct_vs_group_full,vermehrte,2,2,4,0.0227,0.0221,0.0005,0.0336,0.0005,direct,88221,90297
direct_vs_group_full,vermuten,2,2,4,0.0227,0.0221,0.0005,0.0336,0.0005,direct,88221,90297
direct_vs_group_full,verschriftlicht,2,2,4,0.0227,0.0221,0.0005,0.0336,0.0005,direct,88221,90297
direct_vs_group_full,verwirrt,2,2,4,0.0227,0.0221,0.0005,0.0336,0.0005,direct,88221,90297
direct_vs_group_full,vieles,2,2,4,0.0227,0.0221,0.0005,0.0336,0.0005,direct,88221,90297
direct_vs_group_full,vier,2,2,4,0.0227,0.0221,0.0005,0.0336,0.0005,direct,88221,90297
direct_vs_group_full,vorkommen,2,2,4,0.0227,0.0221,0.0005,0.0336,0.0005,direct,88221,90297
direct_vs_group_full,vorliegen,2,2,4,0.0227,0.0221,0.0005,0.0336,0.0005,direct,88221,90297
direct_vs_group_full,wechseln,2,2,4,0.0227,0.0221,0.0005,0.0336,0.0005,direct,88221,90297
direct_vs_group_full,weitergeht,2,2,4,0.0227,0.0221,0.0005,0.0336,0.0005,direct,88221,90297
direct_vs_group_full,weiterleiten,2,2,4,0.0227,0.0221,0.0005,0.0336,0.0005,direct,88221,90297
direct_vs_group_full,wenigstens,2,2,4,0.0227,0.0221,0.0005,0.0336,0.0005,direct,88221,90297
direct_vs_group_full,wichtigen,2,2,4,0.0227,0.0221,0.0005,0.0336,0.0005,direct,88221,90297
direct_vs_group_full,wieso,2,2,4,0.0227,0.0221,0.0005,0.0336,0.0005,direct,88221,90297
direct_vs_group_full,wofür,2,2,4,0.0227,0.0221,0.0005,0.0336,0.0005,direct,88221,90297
direct_vs_group_full,wundert,2,2,4,0.0227,0.0221,0.0005,0.0336,0.0005,direct,88221,90297
direct_vs_group_full,wünschen,2,2,4,0.0227,0.0221,0.0005,0.0336,0.0005,direct,88221,90297
direct_vs_group_full,ähnlich,2,2,4,0.0227,0.0221,0.0005,0.0336,0.0005,direct,88221,90297
direct_vs_group_full,ähnliche,2,2,4,0.0227,0.0221,0.0005,0.0336,0.0005,direct,88221,90297
direct_vs_group_full,übermorgen,2,2,4,0.0227,0.0221,0.0005,0.0336,0.0005,direct,88221,90297
direct_vs_group_full,Pflege,42,43,85,0.4761,0.4762,-0.0001,0.0,0.0,direct,88221,90297
