comparison,item,direct_count,group_count,combined_count,direct_per_1000_tokens,group_per_1000_tokens,difference_direct_minus_group_per_1000,log_ratio_direct_vs_group,log_likelihood_g2,dominant_modality,direct_tokens_denominator,group_tokens_denominator
direct_vs_group_nonadjacent,Hashtag_PatName,697,3259,3956,7.9006,37.4589,-29.5583,-2.2445,1836.4788,group,88221,87002
direct_vs_group_nonadjacent,kein_Todo,11,651,662,0.1247,7.4826,-7.3579,-5.8441,814.7055,group,88221,87002
direct_vs_group_nonadjacent,du,931,123,1054,10.553,1.4138,9.1393,2.895,690.4619,direct,88221,87002
direct_vs_group_nonadjacent,ich,1768,704,2472,20.0406,8.0918,11.9488,1.3078,458.5892,direct,88221,87002
direct_vs_group_nonadjacent,Mention_KolName,86,599,685,0.9748,6.8849,-5.9101,-2.8131,439.15,group,88221,87002
direct_vs_group_nonadjacent,QuestionMark,1522,599,2121,17.2521,6.8849,10.3672,1.3245,402.6724,direct,88221,87002
direct_vs_group_nonadjacent,KolName,1333,605,1938,15.1098,6.9539,8.1559,1.1189,270.2587,direct,88221,87002
direct_vs_group_nonadjacent,dir,308,36,344,3.4912,0.4138,3.0774,3.0592,242.5107,direct,88221,87002
direct_vs_group_nonadjacent,anwesend,6,181,187,0.068,2.0804,-2.0124,-4.8235,208.6034,group,88221,87002
direct_vs_group_nonadjacent,Gruppe,98,399,497,1.1108,4.5861,-3.4753,-2.0401,199.7068,group,88221,87002
direct_vs_group_nonadjacent,PatName,1167,589,1756,13.2281,6.77,6.4582,0.9658,185.8892,direct,88221,87002
direct_vs_group_nonadjacent,sich,297,705,1002,3.3665,8.1033,-4.7367,-1.2658,176.7825,group,88221,87002
direct_vs_group_nonadjacent,Du,272,50,322,3.0832,0.5747,2.5085,2.4118,165.2609,direct,88221,87002
direct_vs_group_nonadjacent,Rückmeldung,29,215,244,0.3287,2.4712,-2.1425,-2.889,162.915,group,88221,87002
direct_vs_group_nonadjacent,ja,463,156,619,5.2482,1.7931,3.4551,1.5463,154.9706,direct,88221,87002
direct_vs_group_nonadjacent,Datum,223,556,779,2.5277,6.3907,-3.8629,-1.3362,151.7061,group,88221,87002
direct_vs_group_nonadjacent,hast,178,19,197,2.0177,0.2184,1.7993,3.1743,145.9186,direct,88221,87002
direct_vs_group_nonadjacent,Hi,144,10,154,1.6323,0.1149,1.5173,3.7625,137.6088,direct,88221,87002
direct_vs_group_nonadjacent,MT,0,96,96,0.0,1.1034,-1.1034,-7.6125,134.4246,group,88221,87002
direct_vs_group_nonadjacent,WE,6,121,127,0.068,1.3908,-1.3228,-4.2444,129.3245,group,88221,87002
direct_vs_group_nonadjacent,ok,227,50,277,2.5731,0.5747,1.9984,2.1514,119.9781,direct,88221,87002
direct_vs_group_nonadjacent,Thema,38,196,234,0.4307,2.2528,-1.8221,-2.3717,118.9898,group,88221,87002
direct_vs_group_nonadjacent,mal,381,135,516,4.3187,1.5517,2.767,1.4733,118.7852,direct,88221,87002
direct_vs_group_nonadjacent,waren,37,188,225,0.4194,2.1609,-1.7415,-2.3497,112.893,group,88221,87002
direct_vs_group_nonadjacent,wir,554,261,815,6.2797,2.9999,3.2798,1.0643,103.6941,direct,88221,87002
direct_vs_group_nonadjacent,noch,880,496,1376,9.9749,5.701,4.2739,0.8065,103.3226,direct,88221,87002
direct_vs_group_nonadjacent,Ausgang,7,104,111,0.0793,1.1954,-1.116,-3.8205,102.994,group,88221,87002
direct_vs_group_nonadjacent,dich,125,15,140,1.4169,0.1724,1.2445,2.9973,97.2175,direct,88221,87002
direct_vs_group_nonadjacent,danke,193,45,238,2.1877,0.5172,1.6705,2.0683,97.0875,direct,88221,87002
direct_vs_group_nonadjacent,das,1007,612,1619,11.4145,7.0343,4.3802,0.6979,91.9332,direct,88221,87002
direct_vs_group_nonadjacent,Ich,548,279,827,6.2117,3.2068,3.0049,0.9526,85.4075,direct,88221,87002
direct_vs_group_nonadjacent,schon,400,177,577,4.5341,2.0344,2.4996,1.1539,85.3956,direct,88221,87002
direct_vs_group_nonadjacent,Hey,72,2,74,0.8161,0.023,0.7931,4.8379,83.2263,direct,88221,87002
direct_vs_group_nonadjacent,Mention_All,0,57,57,0.0,0.6552,-0.6552,-6.8656,79.8146,group,88221,87002
direct_vs_group_nonadjacent,BE,17,112,129,0.1927,1.2873,-1.0946,-2.7046,79.6014,group,88221,87002
direct_vs_group_nonadjacent,Hallo,215,68,283,2.4371,0.7816,1.6555,1.6334,78.1941,direct,88221,87002
direct_vs_group_nonadjacent,mir,315,131,446,3.5706,1.5057,2.0649,1.2425,75.6867,direct,88221,87002
direct_vs_group_nonadjacent,n,5,75,80,0.0567,0.862,-0.8054,-3.799,74.4747,group,88221,87002
direct_vs_group_nonadjacent,KT,4,69,73,0.0453,0.7931,-0.7477,-3.9691,71.0974,group,88221,87002
direct_vs_group_nonadjacent,bist,80,7,87,0.9068,0.0805,0.8264,3.404,70.8951,direct,88221,87002
direct_vs_group_nonadjacent,Brief,168,47,215,1.9043,0.5402,1.3641,1.8067,70.5715,direct,88221,87002
direct_vs_group_nonadjacent,so,301,127,428,3.4119,1.4597,1.9521,1.2216,70.4281,direct,88221,87002
direct_vs_group_nonadjacent,eben,79,7,86,0.8955,0.0805,0.815,3.3859,69.6914,direct,88221,87002
direct_vs_group_nonadjacent,Übergabe,67,198,265,0.7595,2.2758,-1.5164,-1.5763,69.5293,group,88221,87002
direct_vs_group_nonadjacent,konnte,37,144,181,0.4194,1.6551,-1.2357,-1.9662,69.0751,group,88221,87002
direct_vs_group_nonadjacent,kannst,135,31,166,1.5302,0.3563,1.1739,2.0848,68.8373,direct,88221,87002
direct_vs_group_nonadjacent,Themen,7,75,82,0.0793,0.862,-0.7827,-3.3516,66.7903,group,88221,87002
direct_vs_group_nonadjacent,GT,23,113,136,0.2607,1.2988,-1.0381,-2.292,66.1751,group,88221,87002
direct_vs_group_nonadjacent,20,9,76,85,0.102,0.8735,-0.7715,-3.0295,61.3422,group,88221,87002
direct_vs_group_nonadjacent,Z,8,73,81,0.0907,0.8391,-0.7484,-3.1323,60.9755,group,88221,87002
direct_vs_group_nonadjacent,gerade,193,69,262,2.1877,0.7931,1.3946,1.4572,59.3891,direct,88221,87002
direct_vs_group_nonadjacent,bitte,173,342,515,1.961,3.9309,-1.97,-1.0012,58.8755,group,88221,87002
direct_vs_group_nonadjacent,aktives,1,48,49,0.0113,0.5517,-0.5404,-5.035,58.8217,group,88221,87002
direct_vs_group_nonadjacent,mich,271,119,390,3.0718,1.3678,1.704,1.1639,58.7441,direct,88221,87002
direct_vs_group_nonadjacent,hab,104,22,126,1.1789,0.2529,0.926,2.1954,56.8344,direct,88221,87002
direct_vs_group_nonadjacent,es,784,508,1292,8.8868,5.8389,3.0478,0.6055,55.6389,direct,88221,87002
direct_vs_group_nonadjacent,am,366,588,954,4.1487,6.7585,-2.6098,-0.7033,55.2721,group,88221,87002
direct_vs_group_nonadjacent,00,58,163,221,0.6574,1.8735,-1.2161,-1.5029,53.4288,group,88221,87002
direct_vs_group_nonadjacent,Patient,397,619,1016,4.5001,7.1148,-2.6147,-0.6602,52.0395,group,88221,87002
direct_vs_group_nonadjacent,ist,853,572,1425,9.6689,6.5746,3.0943,0.556,51.9352,direct,88221,87002
direct_vs_group_nonadjacent,Umgang,5,57,62,0.0567,0.6552,-0.5985,-3.4061,51.9143,group,88221,87002
direct_vs_group_nonadjacent,Ja,101,23,124,1.1449,0.2644,0.8805,2.0907,51.8785,direct,88221,87002
direct_vs_group_nonadjacent,alle,62,167,229,0.7028,1.9195,-1.2167,-1.4423,51.4634,group,88221,87002
direct_vs_group_nonadjacent,Depression,6,59,65,0.068,0.6781,-0.6101,-3.2145,50.8299,group,88221,87002
direct_vs_group_nonadjacent,Kannst,63,7,70,0.7141,0.0805,0.6337,3.0617,50.7532,direct,88221,87002
direct_vs_group_nonadjacent,Alle,4,53,57,0.0453,0.6092,-0.5638,-3.5916,50.7368,group,88221,87002
direct_vs_group_nonadjacent,fertig,94,21,115,1.0655,0.2414,0.8241,2.1159,49.0887,direct,88221,87002
direct_vs_group_nonadjacent,dann,541,332,873,6.1323,3.816,2.3163,0.6835,47.659,direct,88221,87002
direct_vs_group_nonadjacent,bB,3,47,50,0.034,0.5402,-0.5062,-3.7826,47.2326,group,88221,87002
direct_vs_group_nonadjacent,Link,117,34,151,1.3262,0.3908,0.9354,1.7479,47.1056,direct,88221,87002
direct_vs_group_nonadjacent,vom,36,117,153,0.4081,1.3448,-0.9367,-1.7068,46.2855,group,88221,87002
direct_vs_group_nonadjacent,gleich,97,24,121,1.0995,0.2759,0.8237,1.9725,46.191,direct,88221,87002
direct_vs_group_nonadjacent,Mo,21,89,110,0.238,1.023,-0.7849,-2.0776,46.1854,group,88221,87002
direct_vs_group_nonadjacent,stabil,4,49,53,0.0453,0.5632,-0.5179,-3.4795,45.7401,group,88221,87002
direct_vs_group_nonadjacent,Fach,33,0,33,0.3741,0.0,0.3741,6.046,45.2902,direct,88221,87002
direct_vs_group_nonadjacent,Kalinor,2,42,44,0.0227,0.4827,-0.4601,-4.1075,45.2838,group,88221,87002
direct_vs_group_nonadjacent,Typ,1,38,39,0.0113,0.4368,-0.4254,-4.7019,45.2809,group,88221,87002
direct_vs_group_nonadjacent,Klinik,47,134,181,0.5328,1.5402,-1.0074,-1.5217,44.8176,group,88221,87002
direct_vs_group_nonadjacent,klar,112,33,145,1.2695,0.3793,0.8902,1.7276,44.381,direct,88221,87002
direct_vs_group_nonadjacent,morgen,371,208,579,4.2053,2.3907,1.8146,0.8132,44.274,direct,88221,87002
direct_vs_group_nonadjacent,eingebracht,1,37,38,0.0113,0.4253,-0.4139,-4.6639,43.9333,group,88221,87002
direct_vs_group_nonadjacent,Hast,45,3,48,0.5101,0.0345,0.4756,3.6804,43.5161,direct,88221,87002
direct_vs_group_nonadjacent,Samstag,15,74,89,0.17,0.8506,-0.6805,-2.285,43.4713,group,88221,87002
direct_vs_group_nonadjacent,super,85,20,105,0.9635,0.2299,0.7336,2.0402,42.4099,direct,88221,87002
direct_vs_group_nonadjacent,auch,690,462,1152,7.8213,5.3102,2.511,0.5581,42.3077,direct,88221,87002
direct_vs_group_nonadjacent,würde,234,113,347,2.6524,1.2988,1.3536,1.0268,41.4259,direct,88221,87002
direct_vs_group_nonadjacent,Danke,211,98,309,2.3917,1.1264,1.2653,1.0824,40.7405,direct,88221,87002
direct_vs_group_nonadjacent,hattest,35,1,36,0.3967,0.0115,0.3852,4.5447,40.2963,direct,88221,87002
direct_vs_group_nonadjacent,jetzt,283,150,433,3.2079,1.7241,1.4838,0.8935,39.6905,direct,88221,87002
direct_vs_group_nonadjacent,hatte,222,107,329,2.5164,1.2299,1.2866,1.0294,39.4748,direct,88221,87002
direct_vs_group_nonadjacent,Und,71,15,86,0.8048,0.1724,0.6324,2.1856,38.8406,direct,88221,87002
direct_vs_group_nonadjacent,einfach,79,19,98,0.8955,0.2184,0.6771,2.0074,38.6346,direct,88221,87002
direct_vs_group_nonadjacent,Könntest,47,5,52,0.5328,0.0575,0.4753,3.0904,38.5843,direct,88221,87002
direct_vs_group_nonadjacent,jedoch,14,67,81,0.1587,0.7701,-0.6114,-2.2389,38.4529,group,88221,87002
direct_vs_group_nonadjacent,deine,44,4,48,0.4987,0.046,0.4528,3.2857,38.4516,direct,88221,87002
direct_vs_group_nonadjacent,Todo,10,58,68,0.1134,0.6667,-0.5533,-2.4981,38.1492,group,88221,87002
direct_vs_group_nonadjacent,also,99,30,129,1.1222,0.3448,0.7774,1.6858,37.9521,direct,88221,87002
direct_vs_group_nonadjacent,und,1636,1981,3617,18.5443,22.7696,-4.2253,-0.2961,37.9325,group,88221,87002
direct_vs_group_nonadjacent,weißt,37,2,39,0.4194,0.023,0.3964,3.8868,37.8031,direct,88221,87002
direct_vs_group_nonadjacent,Bitte,28,93,121,0.3174,1.0689,-0.7516,-1.7341,37.7375,group,88221,87002
direct_vs_group_nonadjacent,RS,7,50,57,0.0793,0.5747,-0.4954,-2.7714,37.157,group,88221,87002
direct_vs_group_nonadjacent,werden,123,234,357,1.3942,2.6896,-1.2954,-0.9452,36.6531,group,88221,87002
direct_vs_group_nonadjacent,restriktiven,0,26,26,0.0,0.2988,-0.2988,-5.748,36.4067,group,88221,87002
direct_vs_group_nonadjacent,gerne,177,80,257,2.0063,0.9195,1.0868,1.1207,36.1966,direct,88221,87002
direct_vs_group_nonadjacent,Dir,66,14,80,0.7481,0.1609,0.5872,2.1772,35.9877,direct,88221,87002
direct_vs_group_nonadjacent,Torem,4,41,45,0.0453,0.4713,-0.4259,-3.2252,35.9039,group,88221,87002
direct_vs_group_nonadjacent,Morgen,113,40,153,1.2809,0.4598,0.8211,1.4666,35.2807,direct,88221,87002
direct_vs_group_nonadjacent,Moin,35,2,37,0.3967,0.023,0.3737,3.8077,35.2746,direct,88221,87002
direct_vs_group_nonadjacent,hallo,31,1,32,0.3514,0.0115,0.3399,4.3722,35.0457,direct,88221,87002
direct_vs_group_nonadjacent,lg,31,1,32,0.3514,0.0115,0.3399,4.3722,35.0457,direct,88221,87002
direct_vs_group_nonadjacent,nochmal,291,163,454,3.2985,1.8735,1.425,0.8141,34.8231,direct,88221,87002
direct_vs_group_nonadjacent,machen,176,81,257,1.995,0.931,1.064,1.0947,34.6543,direct,88221,87002
direct_vs_group_nonadjacent,kurz,133,53,186,1.5076,0.6092,0.8984,1.2992,34.4527,direct,88221,87002
direct_vs_group_nonadjacent,doch,91,28,119,1.0315,0.3218,0.7097,1.6627,34.2467,direct,88221,87002
direct_vs_group_nonadjacent,M,2,33,35,0.0227,0.3793,-0.3566,-3.7642,33.6211,group,88221,87002
direct_vs_group_nonadjacent,sichten,2,33,35,0.0227,0.3793,-0.3566,-3.7642,33.6211,group,88221,87002
direct_vs_group_nonadjacent,IIÂ°,0,24,24,0.0,0.2759,-0.2759,-5.6348,33.6062,group,88221,87002
direct_vs_group_nonadjacent,Tacrolimus,0,24,24,0.0,0.2759,-0.2759,-5.6348,33.6062,group,88221,87002
direct_vs_group_nonadjacent,Beschwerden,4,39,43,0.0453,0.4483,-0.4029,-3.1539,33.4847,group,88221,87002
direct_vs_group_nonadjacent,könntest,100,34,134,1.1335,0.3908,0.7427,1.5225,33.0571,direct,88221,87002
direct_vs_group_nonadjacent,Teil,63,14,77,0.7141,0.1609,0.5532,2.1106,33.0492,direct,88221,87002
direct_vs_group_nonadjacent,Guten,96,32,128,1.0882,0.3678,0.7204,1.55,32.6036,direct,88221,87002
direct_vs_group_nonadjacent,vielleicht,119,46,165,1.3489,0.5287,0.8202,1.3416,32.4352,direct,88221,87002
direct_vs_group_nonadjacent,beteiligt,0,23,23,0.0,0.2644,-0.2644,-5.5747,32.2059,group,88221,87002
direct_vs_group_nonadjacent,sei,78,163,241,0.8841,1.8735,-0.9894,-1.0786,31.8283,group,88221,87002
direct_vs_group_nonadjacent,habe,722,516,1238,8.184,5.9309,2.2531,0.4642,31.6315,direct,88221,87002
direct_vs_group_nonadjacent,auf,392,558,950,4.4434,6.4136,-1.9703,-0.5289,31.5114,group,88221,87002
direct_vs_group_nonadjacent,Schmerzen,13,58,71,0.1474,0.6667,-0.5193,-2.1356,31.456,group,88221,87002
direct_vs_group_nonadjacent,schreiben,55,11,66,0.6234,0.1264,0.497,2.2508,31.4123,direct,88221,87002
direct_vs_group_nonadjacent,zurückhaltend,2,31,33,0.0227,0.3563,-0.3336,-3.6754,31.0631,group,88221,87002
direct_vs_group_nonadjacent,alles,117,46,163,1.3262,0.5287,0.7975,1.3173,31.0071,direct,88221,87002
direct_vs_group_nonadjacent,eigentlich,78,23,101,0.8841,0.2644,0.6198,1.72,30.8803,direct,88221,87002
direct_vs_group_nonadjacent,klinisch,0,22,22,0.0,0.2529,-0.2529,-5.5119,30.8056,group,88221,87002
direct_vs_group_nonadjacent,&,5,39,44,0.0567,0.4483,-0.3916,-2.8644,30.3157,group,88221,87002
direct_vs_group_nonadjacent,könne,8,46,54,0.0907,0.5287,-0.438,-2.4718,30.087,group,88221,87002
direct_vs_group_nonadjacent,Ah,34,3,37,0.3854,0.0345,0.3509,3.2811,30.0396,direct,88221,87002
direct_vs_group_nonadjacent,magst,27,1,28,0.306,0.0115,0.2946,4.1763,29.8276,direct,88221,87002
direct_vs_group_nonadjacent,passt,55,12,67,0.6234,0.1379,0.4855,2.1305,29.3023,direct,88221,87002
direct_vs_group_nonadjacent,distanziert,1,26,27,0.0113,0.2988,-0.2875,-4.163,29.2249,group,88221,87002
direct_vs_group_nonadjacent,außer,8,45,53,0.0907,0.5172,-0.4265,-2.4404,29.0107,group,88221,87002
direct_vs_group_nonadjacent,sehen,98,36,134,1.1108,0.4138,0.6971,1.4122,28.9532,direct,88221,87002
direct_vs_group_nonadjacent,Dich,21,0,21,0.238,0.0,0.238,5.4062,28.821,direct,88221,87002
direct_vs_group_nonadjacent,bin,205,109,314,2.3237,1.2528,1.0709,0.8881,28.505,direct,88221,87002
direct_vs_group_nonadjacent,Austausch,5,37,42,0.0567,0.4253,-0.3686,-2.7895,28.0097,group,88221,87002
direct_vs_group_nonadjacent,von,495,666,1161,5.6109,7.655,-2.0441,-0.4478,27.7134,group,88221,87002
direct_vs_group_nonadjacent,Anwesenheit,2,28,30,0.0227,0.3218,-0.2992,-3.531,27.2562,group,88221,87002
direct_vs_group_nonadjacent,vergessen,42,7,49,0.4761,0.0805,0.3956,2.4824,27.2524,direct,88221,87002
direct_vs_group_nonadjacent,Kontrolle,17,61,78,0.1927,0.7011,-0.5084,-1.8333,26.9562,group,88221,87002
direct_vs_group_nonadjacent,2,95,178,273,1.0768,2.0459,-0.9691,-0.9224,26.8064,group,88221,87002
direct_vs_group_nonadjacent,VP,0,19,19,0.0,0.2184,-0.2184,-5.3055,26.6049,group,88221,87002
direct_vs_group_nonadjacent,ah,31,3,34,0.3514,0.0345,0.3169,3.1499,26.4524,direct,88221,87002
direct_vs_group_nonadjacent,deinen,31,3,34,0.3514,0.0345,0.3169,3.1499,26.4524,direct,88221,87002
direct_vs_group_nonadjacent,geht,137,64,201,1.5529,0.7356,0.8173,1.072,26.1224,direct,88221,87002
direct_vs_group_nonadjacent,sag,19,0,19,0.2154,0.0,0.2154,5.2653,26.0761,direct,88221,87002
direct_vs_group_nonadjacent,wolle,7,40,47,0.0793,0.4598,-0.3804,-2.453,26.0565,group,88221,87002
direct_vs_group_nonadjacent,kein,68,138,206,0.7708,1.5862,-0.8154,-1.0358,25.2507,group,88221,87002
direct_vs_group_nonadjacent,Anwesend,0,18,18,0.0,0.2069,-0.2069,-5.2295,25.2046,group,88221,87002
direct_vs_group_nonadjacent,glaube,64,19,83,0.7255,0.2184,0.5071,1.7058,25.1385,direct,88221,87002
direct_vs_group_nonadjacent,Sa,7,39,46,0.0793,0.4483,-0.3689,-2.417,24.9826,group,88221,87002
direct_vs_group_nonadjacent,Desktop,18,0,18,0.204,0.0,0.204,5.1894,24.7037,direct,88221,87002
direct_vs_group_nonadjacent,dein,18,0,18,0.204,0.0,0.204,5.1894,24.7037,direct,88221,87002
direct_vs_group_nonadjacent,termin,18,0,18,0.204,0.0,0.204,5.1894,24.7037,direct,88221,87002
direct_vs_group_nonadjacent,große,5,34,39,0.0567,0.3908,-0.3341,-2.6692,24.6,group,88221,87002
direct_vs_group_nonadjacent,gar,52,13,65,0.5894,0.1494,0.44,1.9393,24.5173,direct,88221,87002
direct_vs_group_nonadjacent,oder,299,187,486,3.3892,2.1494,1.2398,0.6556,24.5093,direct,88221,87002
direct_vs_group_nonadjacent,Angst,16,56,72,0.1814,0.6437,-0.4623,-1.7959,24.0955,group,88221,87002
direct_vs_group_nonadjacent,Hab,26,2,28,0.2947,0.023,0.2717,3.3859,24.0738,direct,88221,87002
direct_vs_group_nonadjacent,L,0,17,17,0.0,0.1954,-0.1954,-5.1494,23.8044,group,88221,87002
direct_vs_group_nonadjacent,brachte,0,17,17,0.0,0.1954,-0.1954,-5.1494,23.8044,group,88221,87002
direct_vs_group_nonadjacent,Aber,53,14,67,0.6008,0.1609,0.4398,1.8634,23.6581,direct,88221,87002
direct_vs_group_nonadjacent,verlassen,2,25,27,0.0227,0.2873,-0.2647,-3.3706,23.4925,group,88221,87002
direct_vs_group_nonadjacent,BIA,22,1,23,0.2494,0.0115,0.2379,3.8868,23.3668,direct,88221,87002
direct_vs_group_nonadjacent,über,144,235,379,1.6323,2.7011,-1.0688,-0.7247,23.3491,group,88221,87002
direct_vs_group_nonadjacent,schau,17,0,17,0.1927,0.0,0.1927,5.1092,23.3313,direct,88221,87002
direct_vs_group_nonadjacent,wollte,107,47,154,1.2129,0.5402,0.6726,1.1583,23.1798,direct,88221,87002
direct_vs_group_nonadjacent,eigenen,6,35,41,0.068,0.4023,-0.3343,-2.4694,23.1061,group,88221,87002
direct_vs_group_nonadjacent,fühle,4,30,34,0.0453,0.3448,-0.2995,-2.7809,22.8671,group,88221,87002
direct_vs_group_nonadjacent,kaum,4,30,34,0.0453,0.3448,-0.2995,-2.7809,22.8671,group,88221,87002
direct_vs_group_nonadjacent,Schmerz,1,21,22,0.0113,0.2414,-0.23,-3.8614,22.6419,group,88221,87002
direct_vs_group_nonadjacent,Hashtag_Schmerzedukation,0,16,16,0.0,0.1839,-0.1839,-5.0645,22.4041,group,88221,87002
direct_vs_group_nonadjacent,LTX,0,16,16,0.0,0.1839,-0.1839,-5.0645,22.4041,group,88221,87002
direct_vs_group_nonadjacent,Tac,0,16,16,0.0,0.1839,-0.1839,-5.0645,22.4041,group,88221,87002
direct_vs_group_nonadjacent,Kalium,5,32,37,0.0567,0.3678,-0.3111,-2.583,22.3639,group,88221,87002
direct_vs_group_nonadjacent,starke,5,32,37,0.0567,0.3678,-0.3111,-2.583,22.3639,group,88221,87002
direct_vs_group_nonadjacent,nachher,35,6,41,0.3967,0.069,0.3278,2.4292,22.2991,direct,88221,87002
direct_vs_group_nonadjacent,bisschen,30,4,34,0.3401,0.046,0.2941,2.7407,22.1436,direct,88221,87002
direct_vs_group_nonadjacent,ne,21,1,22,0.238,0.0115,0.2265,3.8212,22.0853,direct,88221,87002
direct_vs_group_nonadjacent,Bist,16,0,16,0.1814,0.0,0.1814,5.0243,21.9589,direct,88221,87002
direct_vs_group_nonadjacent,deinem,16,0,16,0.1814,0.0,0.1814,5.0243,21.9589,direct,88221,87002
direct_vs_group_nonadjacent,Bin,39,8,47,0.4421,0.092,0.3501,2.1962,21.8418,direct,88221,87002
direct_vs_group_nonadjacent,den,577,423,1000,6.5404,4.862,1.6784,0.4274,21.7163,direct,88221,87002
direct_vs_group_nonadjacent,irgendwie,32,5,37,0.3627,0.0575,0.3053,2.5429,21.6126,direct,88221,87002
direct_vs_group_nonadjacent,PCR,28,73,101,0.3174,0.8391,-0.5217,-1.3869,21.4029,group,88221,87002
direct_vs_group_nonadjacent,Hintergrund,1,20,21,0.0113,0.2299,-0.2185,-3.7927,21.3369,group,88221,87002
direct_vs_group_nonadjacent,entschuldigt,1,20,21,0.0113,0.2299,-0.2185,-3.7927,21.3369,group,88221,87002
direct_vs_group_nonadjacent,wegen,127,63,190,1.4396,0.7241,0.7154,0.9856,21.104,direct,88221,87002
direct_vs_group_nonadjacent,LG,48,13,61,0.5441,0.1494,0.3947,1.825,20.8773,direct,88221,87002
direct_vs_group_nonadjacent,euch,12,45,57,0.136,0.5172,-0.3812,-1.884,20.8102,group,88221,87002
direct_vs_group_nonadjacent,uhr,20,1,21,0.2267,0.0115,0.2152,3.7525,20.8082,direct,88221,87002
direct_vs_group_nonadjacent,gewesen,17,54,71,0.1927,0.6207,-0.428,-1.659,20.7841,group,88221,87002
direct_vs_group_nonadjacent,Stimmung,9,39,48,0.102,0.4483,-0.3462,-2.0759,20.6344,group,88221,87002
direct_vs_group_nonadjacent,meinst,15,0,15,0.17,0.0,0.17,4.9341,20.5864,direct,88221,87002
direct_vs_group_nonadjacent,ruf,15,0,15,0.17,0.0,0.17,4.9341,20.5864,direct,88221,87002
direct_vs_group_nonadjacent,behandelt,4,28,32,0.0453,0.3218,-0.2765,-2.683,20.5836,group,88221,87002
direct_vs_group_nonadjacent,Entlassung,30,75,105,0.3401,0.862,-0.522,-1.3277,20.5555,group,88221,87002
direct_vs_group_nonadjacent,Zi,5,30,35,0.0567,0.3448,-0.2881,-2.4914,20.1617,group,88221,87002
direct_vs_group_nonadjacent,Alles,28,4,32,0.3174,0.046,0.2714,2.6429,19.9157,direct,88221,87002
direct_vs_group_nonadjacent,anrufen,61,21,82,0.6914,0.2414,0.4501,1.4962,19.8181,direct,88221,87002
direct_vs_group_nonadjacent,Spiegel,10,40,50,0.1134,0.4598,-0.3464,-1.9676,19.6943,group,88221,87002
direct_vs_group_nonadjacent,PSYCHE,0,14,14,0.0,0.1609,-0.1609,-4.8781,19.6036,group,88221,87002
direct_vs_group_nonadjacent,SOMA,0,14,14,0.0,0.1609,-0.1609,-4.8781,19.6036,group,88221,87002
direct_vs_group_nonadjacent,aktiven,0,14,14,0.0,0.1609,-0.1609,-4.8781,19.6036,group,88221,87002
direct_vs_group_nonadjacent,Ösophagusvarizen,0,14,14,0.0,0.1609,-0.1609,-4.8781,19.6036,group,88221,87002
direct_vs_group_nonadjacent,Das,111,54,165,1.2582,0.6207,0.6375,1.0126,19.3174,direct,88221,87002
direct_vs_group_nonadjacent,Hättest,14,0,14,0.1587,0.0,0.1587,4.8379,19.214,direct,88221,87002
direct_vs_group_nonadjacent,al,14,0,14,0.1587,0.0,0.1587,4.8379,19.214,direct,88221,87002
direct_vs_group_nonadjacent,et,14,0,14,0.1587,0.0,0.1587,4.8379,19.214,direct,88221,87002
direct_vs_group_nonadjacent,rüber,14,0,14,0.1587,0.0,0.1587,4.8379,19.214,direct,88221,87002
direct_vs_group_nonadjacent,D,44,12,56,0.4987,0.1379,0.3608,1.8118,18.997,direct,88221,87002
direct_vs_group_nonadjacent,Übelkeit,3,24,27,0.034,0.2759,-0.2419,-2.8274,18.8865,group,88221,87002
direct_vs_group_nonadjacent,offen,11,41,52,0.1247,0.4713,-0.3466,-1.8716,18.8445,group,88221,87002
direct_vs_group_nonadjacent,viel,66,124,190,0.7481,1.4253,-0.6771,-0.9248,18.8072,group,88221,87002
direct_vs_group_nonadjacent,dies,10,39,49,0.1134,0.4483,-0.3349,-1.9315,18.7454,group,88221,87002
direct_vs_group_nonadjacent,Atosil,1,18,19,0.0113,0.2069,-0.1956,-3.6446,18.7418,group,88221,87002
direct_vs_group_nonadjacent,angesetzt,7,33,40,0.0793,0.3793,-0.3,-2.1793,18.7174,group,88221,87002
direct_vs_group_nonadjacent,liebe,61,22,83,0.6914,0.2529,0.4386,1.4306,18.5287,direct,88221,87002
direct_vs_group_nonadjacent,Mail,29,5,34,0.3287,0.0575,0.2712,2.4031,18.4067,direct,88221,87002
direct_vs_group_nonadjacent,forticreme,18,1,19,0.204,0.0115,0.1925,3.6044,18.2687,direct,88221,87002
direct_vs_group_nonadjacent,verschieben,18,1,19,0.204,0.0115,0.1925,3.6044,18.2687,direct,88221,87002
direct_vs_group_nonadjacent,Atmosphäre,0,13,13,0.0,0.1494,-0.1494,-4.775,18.2033,group,88221,87002
direct_vs_group_nonadjacent,Hashtag_PsychÜbergabe,0,13,13,0.0,0.1494,-0.1494,-4.775,18.2033,group,88221,87002
direct_vs_group_nonadjacent,Wilson,0,13,13,0.0,0.1494,-0.1494,-4.775,18.2033,group,88221,87002
direct_vs_group_nonadjacent,doâs,0,13,13,0.0,0.1494,-0.1494,-4.775,18.2033,group,88221,87002
direct_vs_group_nonadjacent,nur,209,129,338,2.3691,1.4827,0.8863,0.6739,18.019,direct,88221,87002
direct_vs_group_nonadjacent,v,11,40,51,0.1247,0.4598,-0.3351,-1.8364,17.9248,group,88221,87002
direct_vs_group_nonadjacent,Weißt,13,0,13,0.1474,0.0,0.1474,4.7348,17.8416,direct,88221,87002
direct_vs_group_nonadjacent,kommst,13,0,13,0.1474,0.0,0.1474,4.7348,17.8416,direct,88221,87002
direct_vs_group_nonadjacent,1,145,223,368,1.6436,2.5632,-0.9196,-0.6393,17.7618,group,88221,87002
direct_vs_group_nonadjacent,tgl,8,34,42,0.0907,0.3908,-0.3001,-2.0411,17.6875,group,88221,87002
direct_vs_group_nonadjacent,Reducto,2,20,22,0.0227,0.2299,-0.2072,-3.0557,17.346,group,88221,87002
direct_vs_group_nonadjacent,aktiv,4,25,29,0.0453,0.2873,-0.242,-2.5226,17.2271,group,88221,87002
direct_vs_group_nonadjacent,Studie,49,16,65,0.5554,0.1839,0.3715,1.5649,17.104,direct,88221,87002
direct_vs_group_nonadjacent,Na,17,1,18,0.1927,0.0115,0.1812,3.5242,17.0074,direct,88221,87002
direct_vs_group_nonadjacent,angefangen,17,1,18,0.1927,0.0115,0.1812,3.5242,17.0074,direct,88221,87002
direct_vs_group_nonadjacent,wirkte,5,27,32,0.0567,0.3103,-0.2537,-2.342,16.9315,group,88221,87002
direct_vs_group_nonadjacent,okay,20,2,22,0.2267,0.023,0.2037,3.0156,16.8451,direct,88221,87002
direct_vs_group_nonadjacent,HCC,0,12,12,0.0,0.1379,-0.1379,-4.6639,16.8031,group,88221,87002
direct_vs_group_nonadjacent,Klärung,0,12,12,0.0,0.1379,-0.1379,-4.6639,16.8031,group,88221,87002
direct_vs_group_nonadjacent,Ligaturen,0,12,12,0.0,0.1379,-0.1379,-4.6639,16.8031,group,88221,87002
direct_vs_group_nonadjacent,Pfortaderthrombose,0,12,12,0.0,0.1379,-0.1379,-4.6639,16.8031,group,88221,87002
direct_vs_group_nonadjacent,Polytox,0,12,12,0.0,0.1379,-0.1379,-4.6639,16.8031,group,88221,87002
direct_vs_group_nonadjacent,Spiel,0,12,12,0.0,0.1379,-0.1379,-4.6639,16.8031,group,88221,87002
direct_vs_group_nonadjacent,Zusammen,0,12,12,0.0,0.1379,-0.1379,-4.6639,16.8031,group,88221,87002
direct_vs_group_nonadjacent,blutigem,0,12,12,0.0,0.1379,-0.1379,-4.6639,16.8031,group,88221,87002
direct_vs_group_nonadjacent,ethyltox,0,12,12,0.0,0.1379,-0.1379,-4.6639,16.8031,group,88221,87002
direct_vs_group_nonadjacent,Ösophagusvarizenblutung,0,12,12,0.0,0.1379,-0.1379,-4.6639,16.8031,group,88221,87002
direct_vs_group_nonadjacent,Termin,138,77,215,1.5643,0.885,0.6792,0.8175,16.7086,direct,88221,87002
direct_vs_group_nonadjacent,Gesprächstherapie,3,22,25,0.034,0.2529,-0.2189,-2.7046,16.5767,group,88221,87002
direct_vs_group_nonadjacent,Fragebogen,12,0,12,0.136,0.0,0.136,4.6238,16.4691,direct,88221,87002
direct_vs_group_nonadjacent,Sag,12,0,12,0.136,0.0,0.136,4.6238,16.4691,direct,88221,87002
direct_vs_group_nonadjacent,brief,12,0,12,0.136,0.0,0.136,4.6238,16.4691,direct,88221,87002
direct_vs_group_nonadjacent,doctalk,12,0,12,0.136,0.0,0.136,4.6238,16.4691,direct,88221,87002
direct_vs_group_nonadjacent,gucken,12,0,12,0.136,0.0,0.136,4.6238,16.4691,direct,88221,87002
direct_vs_group_nonadjacent,irgendwann,12,0,12,0.136,0.0,0.136,4.6238,16.4691,direct,88221,87002
direct_vs_group_nonadjacent,da,446,328,774,5.0555,3.77,1.2855,0.4227,16.4556,direct,88221,87002
direct_vs_group_nonadjacent,weiterhin,16,47,63,0.1814,0.5402,-0.3589,-1.5455,16.3727,group,88221,87002
direct_vs_group_nonadjacent,folgende,2,19,21,0.0227,0.2184,-0.1957,-2.9835,16.1411,group,88221,87002
direct_vs_group_nonadjacent,ggü,2,19,21,0.0227,0.2184,-0.1957,-2.9835,16.1411,group,88221,87002
direct_vs_group_nonadjacent,Konflikt,4,24,28,0.0453,0.2759,-0.2305,-2.4649,16.1294,group,88221,87002
direct_vs_group_nonadjacent,gelbe,15,45,60,0.17,0.5172,-0.3472,-1.5737,16.1178,group,88221,87002
direct_vs_group_nonadjacent,geschrieben,35,9,44,0.3967,0.1034,0.2933,1.8817,16.053,direct,88221,87002
direct_vs_group_nonadjacent,Karte,17,48,65,0.1927,0.5517,-0.359,-1.4907,15.8378,group,88221,87002
direct_vs_group_nonadjacent,Sonntag,8,32,40,0.0907,0.3678,-0.2771,-1.955,15.7555,group,88221,87002
direct_vs_group_nonadjacent,kriegt,8,32,40,0.0907,0.3678,-0.2771,-1.955,15.7555,group,88221,87002
direct_vs_group_nonadjacent,Phosphat,6,28,34,0.068,0.3218,-0.2538,-2.1525,15.7538,group,88221,87002
direct_vs_group_nonadjacent,Namen,16,1,17,0.1814,0.0115,0.1699,3.4394,15.7527,direct,88221,87002
direct_vs_group_nonadjacent,freigegeben,16,1,17,0.1814,0.0115,0.1699,3.4394,15.7527,direct,88221,87002
direct_vs_group_nonadjacent,fehlt,19,2,21,0.2154,0.023,0.1924,2.9434,15.668,direct,88221,87002
direct_vs_group_nonadjacent,inkl,19,2,21,0.2154,0.023,0.1924,2.9434,15.668,direct,88221,87002
direct_vs_group_nonadjacent,a,44,88,132,0.4987,1.0115,-0.5127,-1.0119,15.5697,group,88221,87002
direct_vs_group_nonadjacent,komme,40,12,52,0.4534,0.1379,0.3155,1.6759,15.519,direct,88221,87002
direct_vs_group_nonadjacent,Grenzen,3,21,24,0.034,0.2414,-0.2074,-2.639,15.4377,group,88221,87002
direct_vs_group_nonadjacent,einlassen,3,21,24,0.034,0.2414,-0.2074,-2.639,15.4377,group,88221,87002
direct_vs_group_nonadjacent,Hashtag_Übergabe,0,11,11,0.0,0.1264,-0.1264,-4.5436,15.4028,group,88221,87002
direct_vs_group_nonadjacent,Selbstvertrauen,0,11,11,0.0,0.1264,-0.1264,-4.5436,15.4028,group,88221,87002
direct_vs_group_nonadjacent,Ton,0,11,11,0.0,0.1264,-0.1264,-4.5436,15.4028,group,88221,87002
direct_vs_group_nonadjacent,Werke,0,11,11,0.0,0.1264,-0.1264,-4.5436,15.4028,group,88221,87002
direct_vs_group_nonadjacent,absprachefähig,0,11,11,0.0,0.1264,-0.1264,-4.5436,15.4028,group,88221,87002
direct_vs_group_nonadjacent,gemischte,0,11,11,0.0,0.1264,-0.1264,-4.5436,15.4028,group,88221,87002
direct_vs_group_nonadjacent,teilgenommen,0,11,11,0.0,0.1264,-0.1264,-4.5436,15.4028,group,88221,87002
direct_vs_group_nonadjacent,zuerst,0,11,11,0.0,0.1264,-0.1264,-4.5436,15.4028,group,88221,87002
direct_vs_group_nonadjacent,wurde,74,128,202,0.8388,1.4712,-0.6324,-0.8065,15.3738,group,88221,87002
direct_vs_group_nonadjacent,Ok,55,21,76,0.6234,0.2414,0.3821,1.3481,15.2941,direct,88221,87002
direct_vs_group_nonadjacent,finde,45,15,60,0.5101,0.1724,0.3377,1.5335,15.2829,direct,88221,87002
direct_vs_group_nonadjacent,Download,11,0,11,0.1247,0.0,0.1247,4.5035,15.0967,direct,88221,87002
direct_vs_group_nonadjacent,Rufst,11,0,11,0.1247,0.0,0.1247,4.5035,15.0967,direct,88221,87002
direct_vs_group_nonadjacent,off,11,0,11,0.1247,0.0,0.1247,4.5035,15.0967,direct,88221,87002
direct_vs_group_nonadjacent,gesehen,82,39,121,0.9295,0.4483,0.4812,1.0425,15.0276,direct,88221,87002
direct_vs_group_nonadjacent,denn,48,17,65,0.5441,0.1954,0.3487,1.4506,14.9752,direct,88221,87002
direct_vs_group_nonadjacent,Insgesamt,2,18,20,0.0227,0.2069,-0.1842,-2.9076,14.9462,group,88221,87002
direct_vs_group_nonadjacent,bringt,2,18,20,0.0227,0.2069,-0.1842,-2.9076,14.9462,group,88221,87002
direct_vs_group_nonadjacent,drüber,21,3,24,0.238,0.0345,0.2036,2.5988,14.9368,direct,88221,87002
direct_vs_group_nonadjacent,weiß,89,44,133,1.0088,0.5057,0.5031,0.988,14.9106,direct,88221,87002
direct_vs_group_nonadjacent,Liebes,1,15,16,0.0113,0.1724,-0.1611,-3.3893,14.8949,group,88221,87002
direct_vs_group_nonadjacent,Modul,1,15,16,0.0113,0.1724,-0.1611,-3.3893,14.8949,group,88221,87002
direct_vs_group_nonadjacent,hohe,1,15,16,0.0113,0.1724,-0.1611,-3.3893,14.8949,group,88221,87002
direct_vs_group_nonadjacent,muss,126,71,197,1.4282,0.8161,0.6122,0.803,14.8056,direct,88221,87002
direct_vs_group_nonadjacent,wirkt,7,29,36,0.0793,0.3333,-0.254,-1.9958,14.747,group,88221,87002
direct_vs_group_nonadjacent,wenn,307,216,523,3.4799,2.4827,0.9972,0.4861,14.6737,direct,88221,87002
direct_vs_group_nonadjacent,ob,203,131,334,2.301,1.5057,0.7953,0.6099,14.6578,direct,88221,87002
direct_vs_group_nonadjacent,grade,23,4,27,0.2607,0.046,0.2147,2.3646,14.5148,direct,88221,87002
direct_vs_group_nonadjacent,Deine,15,1,16,0.17,0.0115,0.1585,3.3492,14.5054,direct,88221,87002
direct_vs_group_nonadjacent,ft3,15,1,16,0.17,0.0115,0.1585,3.3492,14.5054,direct,88221,87002
direct_vs_group_nonadjacent,ft4,15,1,16,0.17,0.0115,0.1585,3.3492,14.5054,direct,88221,87002
direct_vs_group_nonadjacent,oh,15,1,16,0.17,0.0115,0.1585,3.3492,14.5054,direct,88221,87002
direct_vs_group_nonadjacent,deiner,18,2,20,0.204,0.023,0.181,2.8675,14.5009,direct,88221,87002
direct_vs_group_nonadjacent,hey,18,2,20,0.204,0.023,0.181,2.8675,14.5009,direct,88221,87002
direct_vs_group_nonadjacent,per,18,2,20,0.204,0.023,0.181,2.8675,14.5009,direct,88221,87002
direct_vs_group_nonadjacent,siehst,18,2,20,0.204,0.023,0.181,2.8675,14.5009,direct,88221,87002
direct_vs_group_nonadjacent,übrigens,18,2,20,0.204,0.023,0.181,2.8675,14.5009,direct,88221,87002
direct_vs_group_nonadjacent,mache,52,20,72,0.5894,0.2299,0.3595,1.3366,14.2901,direct,88221,87002
direct_vs_group_nonadjacent,Vielleicht,47,17,64,0.5328,0.1954,0.3374,1.4205,14.2146,direct,88221,87002
direct_vs_group_nonadjacent,weg,27,6,33,0.306,0.069,0.2371,2.0608,14.1639,direct,88221,87002
direct_vs_group_nonadjacent,rein,29,7,36,0.3287,0.0805,0.2483,1.9557,14.1348,direct,88221,87002
direct_vs_group_nonadjacent,Raum,19,49,68,0.2154,0.5632,-0.3478,-1.364,14.1227,group,88221,87002
direct_vs_group_nonadjacent,0ml,0,10,10,0.0,0.1149,-0.1149,-4.4124,14.0026,group,88221,87002
direct_vs_group_nonadjacent,Beteiligung,0,10,10,0.0,0.1149,-0.1149,-4.4124,14.0026,group,88221,87002
direct_vs_group_nonadjacent,Brausetbl,0,10,10,0.0,0.1149,-0.1149,-4.4124,14.0026,group,88221,87002
direct_vs_group_nonadjacent,Dilatation,0,10,10,0.0,0.1149,-0.1149,-4.4124,14.0026,group,88221,87002
direct_vs_group_nonadjacent,Eating,0,10,10,0.0,0.1149,-0.1149,-4.4124,14.0026,group,88221,87002
direct_vs_group_nonadjacent,Entlastung,0,10,10,0.0,0.1149,-0.1149,-4.4124,14.0026,group,88221,87002
direct_vs_group_nonadjacent,Kritik,0,10,10,0.0,0.1149,-0.1149,-4.4124,14.0026,group,88221,87002
direct_vs_group_nonadjacent,Tramal,0,10,10,0.0,0.1149,-0.1149,-4.4124,14.0026,group,88221,87002
direct_vs_group_nonadjacent,unbeteiligt,0,10,10,0.0,0.1149,-0.1149,-4.4124,14.0026,group,88221,87002
direct_vs_group_nonadjacent,würdigen,0,10,10,0.0,0.1149,-0.1149,-4.4124,14.0026,group,88221,87002
direct_vs_group_nonadjacent,äußert,0,10,10,0.0,0.1149,-0.1149,-4.4124,14.0026,group,88221,87002
direct_vs_group_nonadjacent,was,211,139,350,2.3917,1.5977,0.7941,0.5803,13.9328,direct,88221,87002
direct_vs_group_nonadjacent,Idee,20,3,23,0.2267,0.0345,0.1922,2.5301,13.8376,direct,88221,87002
direct_vs_group_nonadjacent,konnten,5,24,29,0.0567,0.2759,-0.2192,-2.1754,13.8061,group,88221,87002
direct_vs_group_nonadjacent,gesteigert,7,28,35,0.0793,0.3218,-0.2425,-1.9461,13.786,group,88221,87002
direct_vs_group_nonadjacent,Schwierigkeiten,6,26,32,0.068,0.2988,-0.2308,-2.0476,13.7563,group,88221,87002
direct_vs_group_nonadjacent,allen,6,26,32,0.068,0.2988,-0.2308,-2.0476,13.7563,group,88221,87002
direct_vs_group_nonadjacent,erst,109,60,169,1.2355,0.6896,0.5459,0.8359,13.7396,direct,88221,87002
direct_vs_group_nonadjacent,meine,48,18,66,0.5441,0.2069,0.3372,1.3704,13.7355,direct,88221,87002
direct_vs_group_nonadjacent,eingescannt,10,0,10,0.1134,0.0,0.1134,4.3722,13.7243,direct,88221,87002
direct_vs_group_nonadjacent,vlt,10,0,10,0.1134,0.0,0.1134,4.3722,13.7243,direct,88221,87002
direct_vs_group_nonadjacent,wöchentlich,10,0,10,0.1134,0.0,0.1134,4.3722,13.7243,direct,88221,87002
direct_vs_group_nonadjacent,0,69,118,187,0.7821,1.3563,-0.5742,-0.7899,13.6815,group,88221,87002
direct_vs_group_nonadjacent,Achtung,1,14,15,0.0113,0.1609,-0.1496,-3.2931,13.6281,group,88221,87002
direct_vs_group_nonadjacent,Berichtet,1,14,15,0.0113,0.1609,-0.1496,-3.2931,13.6281,group,88221,87002
direct_vs_group_nonadjacent,SKT,1,14,15,0.0113,0.1609,-0.1496,-3.2931,13.6281,group,88221,87002
direct_vs_group_nonadjacent,schien,1,14,15,0.0113,0.1609,-0.1496,-3.2931,13.6281,group,88221,87002
direct_vs_group_nonadjacent,Konsil,48,90,138,0.5441,1.0345,-0.4904,-0.92,13.5787,group,88221,87002
direct_vs_group_nonadjacent,soll,126,73,199,1.4282,0.8391,0.5892,0.7632,13.5596,direct,88221,87002
direct_vs_group_nonadjacent,aber,416,312,728,4.7154,3.5861,1.1293,0.3944,13.4963,direct,88221,87002
direct_vs_group_nonadjacent,Ihr,19,48,67,0.2154,0.5517,-0.3363,-1.3346,13.3836,group,88221,87002
direct_vs_group_nonadjacent,Hause,10,33,43,0.1134,0.3793,-0.2659,-1.6938,13.2907,group,88221,87002
direct_vs_group_nonadjacent,glaub,14,1,15,0.1587,0.0115,0.1472,3.2529,13.2664,direct,88221,87002
direct_vs_group_nonadjacent,vllt,14,1,15,0.1587,0.0115,0.1472,3.2529,13.2664,direct,88221,87002
direct_vs_group_nonadjacent,erreichbar,28,7,35,0.3174,0.0805,0.2369,1.9059,13.2016,direct,88221,87002
direct_vs_group_nonadjacent,App,26,6,32,0.2947,0.069,0.2258,2.0074,13.1997,direct,88221,87002
direct_vs_group_nonadjacent,legen,26,6,32,0.2947,0.069,0.2258,2.0074,13.1997,direct,88221,87002
direct_vs_group_nonadjacent,Ergebnis,3,19,22,0.034,0.2184,-0.1844,-2.4981,13.1967,group,88221,87002
direct_vs_group_nonadjacent,mg,13,38,51,0.1474,0.4368,-0.2894,-1.532,13.1503,group,88221,87002
direct_vs_group_nonadjacent,einen,234,160,394,2.6524,1.839,0.8134,0.5269,12.9708,direct,88221,87002
direct_vs_group_nonadjacent,Prozess,8,29,37,0.0907,0.3333,-0.2426,-1.8153,12.9532,group,88221,87002
direct_vs_group_nonadjacent,hoffe,42,15,57,0.4761,0.1724,0.3037,1.4351,12.9438,direct,88221,87002
direct_vs_group_nonadjacent,Sitzung,7,27,34,0.0793,0.3103,-0.231,-1.8945,12.8393,group,88221,87002
direct_vs_group_nonadjacent,seiner,6,25,31,0.068,0.2873,-0.2193,-1.9921,12.7787,group,88221,87002
direct_vs_group_nonadjacent,geben,68,32,100,0.7708,0.3678,0.403,1.0556,12.7595,direct,88221,87002
direct_vs_group_nonadjacent,gelesen,19,3,22,0.2154,0.0345,0.1809,2.458,12.7514,direct,88221,87002
direct_vs_group_nonadjacent,anderen,47,87,134,0.5328,1.0,-0.4672,-0.9014,12.6873,group,88221,87002
direct_vs_group_nonadjacent,/,39,76,115,0.4421,0.8735,-0.4315,-0.9737,12.6391,group,88221,87002
direct_vs_group_nonadjacent,Abendessen,0,9,9,0.0,0.1034,-0.1034,-4.268,12.6023,group,88221,87002
direct_vs_group_nonadjacent,Bedürfnisse,0,9,9,0.0,0.1034,-0.1034,-4.268,12.6023,group,88221,87002
direct_vs_group_nonadjacent,Fenster,0,9,9,0.0,0.1034,-0.1034,-4.268,12.6023,group,88221,87002
direct_vs_group_nonadjacent,Fraxiparin,0,9,9,0.0,0.1034,-0.1034,-4.268,12.6023,group,88221,87002
direct_vs_group_nonadjacent,Kapseln,0,9,9,0.0,0.1034,-0.1034,-4.268,12.6023,group,88221,87002
direct_vs_group_nonadjacent,Kultur,0,9,9,0.0,0.1034,-0.1034,-4.268,12.6023,group,88221,87002
direct_vs_group_nonadjacent,Leberkapselschmerz,0,9,9,0.0,0.1034,-0.1034,-4.268,12.6023,group,88221,87002
direct_vs_group_nonadjacent,Mitleid,0,9,9,0.0,0.1034,-0.1034,-4.268,12.6023,group,88221,87002
direct_vs_group_nonadjacent,Myoklonien,0,9,9,0.0,0.1034,-0.1034,-4.268,12.6023,group,88221,87002
direct_vs_group_nonadjacent,Persönlichkeitsstrg,0,9,9,0.0,0.1034,-0.1034,-4.268,12.6023,group,88221,87002
direct_vs_group_nonadjacent,Refluxösophagitis,0,9,9,0.0,0.1034,-0.1034,-4.268,12.6023,group,88221,87002
direct_vs_group_nonadjacent,Trpf,0,9,9,0.0,0.1034,-0.1034,-4.268,12.6023,group,88221,87002
direct_vs_group_nonadjacent,abgemacht,0,9,9,0.0,0.1034,-0.1034,-4.268,12.6023,group,88221,87002
direct_vs_group_nonadjacent,außerhalb,0,9,9,0.0,0.1034,-0.1034,-4.268,12.6023,group,88221,87002
direct_vs_group_nonadjacent,depress,0,9,9,0.0,0.1034,-0.1034,-4.268,12.6023,group,88221,87002
direct_vs_group_nonadjacent,festere,0,9,9,0.0,0.1034,-0.1034,-4.268,12.6023,group,88221,87002
direct_vs_group_nonadjacent,hypokaliäm,0,9,9,0.0,0.1034,-0.1034,-4.268,12.6023,group,88221,87002
direct_vs_group_nonadjacent,induz,0,9,9,0.0,0.1034,-0.1034,-4.268,12.6023,group,88221,87002
direct_vs_group_nonadjacent,klinische,0,9,9,0.0,0.1034,-0.1034,-4.268,12.6023,group,88221,87002
direct_vs_group_nonadjacent,li,0,9,9,0.0,0.1034,-0.1034,-4.268,12.6023,group,88221,87002
direct_vs_group_nonadjacent,malt,0,9,9,0.0,0.1034,-0.1034,-4.268,12.6023,group,88221,87002
direct_vs_group_nonadjacent,passiv,0,9,9,0.0,0.1034,-0.1034,-4.268,12.6023,group,88221,87002
direct_vs_group_nonadjacent,samstag,0,9,9,0.0,0.1034,-0.1034,-4.268,12.6023,group,88221,87002
direct_vs_group_nonadjacent,seither,0,9,9,0.0,0.1034,-0.1034,-4.268,12.6023,group,88221,87002
direct_vs_group_nonadjacent,spüren,0,9,9,0.0,0.1034,-0.1034,-4.268,12.6023,group,88221,87002
direct_vs_group_nonadjacent,verlässt,0,9,9,0.0,0.1034,-0.1034,-4.268,12.6023,group,88221,87002
direct_vs_group_nonadjacent,ÖGDs,0,9,9,0.0,0.1034,-0.1034,-4.268,12.6023,group,88221,87002
direct_vs_group_nonadjacent,Ösophagusstenose,0,9,9,0.0,0.1034,-0.1034,-4.268,12.6023,group,88221,87002
direct_vs_group_nonadjacent,Leberzirrhose,2,16,18,0.0227,0.1839,-0.1612,-2.7425,12.591,group,88221,87002
direct_vs_group_nonadjacent,einbringen,2,16,18,0.0227,0.1839,-0.1612,-2.7425,12.591,group,88221,87002
direct_vs_group_nonadjacent,gesagt,72,35,107,0.8161,0.4023,0.4138,1.0101,12.5528,direct,88221,87002
direct_vs_group_nonadjacent,12,97,53,150,1.0995,0.6092,0.4903,0.8458,12.4935,direct,88221,87002
direct_vs_group_nonadjacent,möchte,71,118,189,0.8048,1.3563,-0.5515,-0.7489,12.4745,group,88221,87002
direct_vs_group_nonadjacent,Gabe,1,13,14,0.0113,0.1494,-0.1381,-3.19,12.3708,group,88221,87002
direct_vs_group_nonadjacent,Tachykardie,1,13,14,0.0113,0.1494,-0.1381,-3.19,12.3708,group,88221,87002
direct_vs_group_nonadjacent,Werk,1,13,14,0.0113,0.1494,-0.1381,-3.19,12.3708,group,88221,87002
direct_vs_group_nonadjacent,Vereinbarungen,9,0,9,0.102,0.0,0.102,4.2279,12.3519,direct,88221,87002
direct_vs_group_nonadjacent,Ärger,9,0,9,0.102,0.0,0.102,4.2279,12.3519,direct,88221,87002
direct_vs_group_nonadjacent,deutlich,13,37,50,0.1474,0.4253,-0.2779,-1.494,12.3454,group,88221,87002
direct_vs_group_nonadjacent,fand,23,5,28,0.2607,0.0575,0.2032,2.0751,12.2908,direct,88221,87002
direct_vs_group_nonadjacent,Wann,25,6,31,0.2834,0.069,0.2144,1.9519,12.25,direct,88221,87002
direct_vs_group_nonadjacent,Gruß,16,2,18,0.1814,0.023,0.1584,2.7024,12.2014,direct,88221,87002
direct_vs_group_nonadjacent,Können,16,2,18,0.1814,0.023,0.1584,2.7024,12.2014,direct,88221,87002
direct_vs_group_nonadjacent,hi,16,2,18,0.1814,0.023,0.1584,2.7024,12.2014,direct,88221,87002
direct_vs_group_nonadjacent,hoffentlich,16,2,18,0.1814,0.023,0.1584,2.7024,12.2014,direct,88221,87002
direct_vs_group_nonadjacent,woche,16,2,18,0.1814,0.023,0.1584,2.7024,12.2014,direct,88221,87002
direct_vs_group_nonadjacent,seine,15,40,55,0.17,0.4598,-0.2897,-1.4057,12.1419,group,88221,87002
direct_vs_group_nonadjacent,Frustration,3,18,21,0.034,0.2069,-0.1729,-2.4222,12.097,group,88221,87002
direct_vs_group_nonadjacent,fallend,3,18,21,0.034,0.2069,-0.1729,-2.4222,12.097,group,88221,87002
direct_vs_group_nonadjacent,erhöht,12,35,47,0.136,0.4023,-0.2663,-1.526,12.0764,group,88221,87002
direct_vs_group_nonadjacent,nachgemeldet,13,1,14,0.1474,0.0115,0.1359,3.1499,12.0369,direct,88221,87002
direct_vs_group_nonadjacent,BEX,7,26,33,0.0793,0.2988,-0.2195,-1.8411,11.9079,group,88221,87002
direct_vs_group_nonadjacent,ebenfalls,4,20,24,0.0453,0.2299,-0.1845,-2.2077,11.8679,group,88221,87002
direct_vs_group_nonadjacent,statt,14,38,52,0.1587,0.4368,-0.2781,-1.4289,11.8446,group,88221,87002
direct_vs_group_nonadjacent,Mitpatient,6,24,30,0.068,0.2759,-0.2078,-1.9343,11.8166,group,88221,87002
direct_vs_group_nonadjacent,erste,6,24,30,0.068,0.2759,-0.2078,-1.9343,11.8166,group,88221,87002
direct_vs_group_nonadjacent,nach,239,316,555,2.7091,3.6321,-0.923,-0.4223,11.8157,group,88221,87002
direct_vs_group_nonadjacent,schauen,50,21,71,0.5668,0.2414,0.3254,1.2119,11.7985,direct,88221,87002
direct_vs_group_nonadjacent,Gastro,5,22,27,0.0567,0.2529,-0.1962,-2.0525,11.7928,group,88221,87002
direct_vs_group_nonadjacent,hättest,18,3,21,0.204,0.0345,0.1696,2.382,11.6796,direct,88221,87002
direct_vs_group_nonadjacent,Briefe,30,9,39,0.3401,0.1034,0.2366,1.6627,11.6393,direct,88221,87002
direct_vs_group_nonadjacent,Neuaufnahme,30,9,39,0.3401,0.1034,0.2366,1.6627,11.6393,direct,88221,87002
direct_vs_group_nonadjacent,aus,172,238,410,1.9496,2.7356,-0.7859,-0.4875,11.6089,group,88221,87002
direct_vs_group_nonadjacent,möglich,42,78,120,0.4761,0.8965,-0.4205,-0.9053,11.4748,group,88221,87002
direct_vs_group_nonadjacent,Suizidalität,34,67,101,0.3854,0.7701,-0.3847,-0.9884,11.4468,group,88221,87002
direct_vs_group_nonadjacent,Super,40,15,55,0.4534,0.1724,0.281,1.3656,11.4462,direct,88221,87002
direct_vs_group_nonadjacent,uns,139,87,226,1.5756,1.0,0.5756,0.6528,11.3599,direct,88221,87002
direct_vs_group_nonadjacent,gedacht,24,6,30,0.272,0.069,0.2031,1.8942,11.3157,direct,88221,87002
direct_vs_group_nonadjacent,2xtgl,0,8,8,0.0,0.092,-0.092,-4.1075,11.2021,group,88221,87002
direct_vs_group_nonadjacent,Bio,0,8,8,0.0,0.092,-0.092,-4.1075,11.2021,group,88221,87002
direct_vs_group_nonadjacent,Crohn,0,8,8,0.0,0.092,-0.092,-4.1075,11.2021,group,88221,87002
direct_vs_group_nonadjacent,Entwicklungen,0,8,8,0.0,0.092,-0.092,-4.1075,11.2021,group,88221,87002
direct_vs_group_nonadjacent,Ermüdungszustand,0,8,8,0.0,0.092,-0.092,-4.1075,11.2021,group,88221,87002
direct_vs_group_nonadjacent,Erschöpfungs,0,8,8,0.0,0.092,-0.092,-4.1075,11.2021,group,88221,87002
direct_vs_group_nonadjacent,Freude,0,8,8,0.0,0.092,-0.092,-4.1075,11.2021,group,88221,87002
direct_vs_group_nonadjacent,Hashtag_GT_,0,8,8,0.0,0.092,-0.092,-4.1075,11.2021,group,88221,87002
direct_vs_group_nonadjacent,Heiligen,0,8,8,0.0,0.092,-0.092,-4.1075,11.2021,group,88221,87002
direct_vs_group_nonadjacent,Infusionen,0,8,8,0.0,0.092,-0.092,-4.1075,11.2021,group,88221,87002
direct_vs_group_nonadjacent,M21,0,8,8,0.0,0.092,-0.092,-4.1075,11.2021,group,88221,87002
direct_vs_group_nonadjacent,Meropenem,0,8,8,0.0,0.092,-0.092,-4.1075,11.2021,group,88221,87002
direct_vs_group_nonadjacent,Messe,0,8,8,0.0,0.092,-0.092,-4.1075,11.2021,group,88221,87002
direct_vs_group_nonadjacent,Obstipation,0,8,8,0.0,0.092,-0.092,-4.1075,11.2021,group,88221,87002
direct_vs_group_nonadjacent,Pen,0,8,8,0.0,0.092,-0.092,-4.1075,11.2021,group,88221,87002
direct_vs_group_nonadjacent,Sa+So,0,8,8,0.0,0.092,-0.092,-4.1075,11.2021,group,88221,87002
direct_vs_group_nonadjacent,Sirdalud,0,8,8,0.0,0.092,-0.092,-4.1075,11.2021,group,88221,87002
direct_vs_group_nonadjacent,Speckstein,0,8,8,0.0,0.092,-0.092,-4.1075,11.2021,group,88221,87002
direct_vs_group_nonadjacent,Unsicherheiten,0,8,8,0.0,0.092,-0.092,-4.1075,11.2021,group,88221,87002
direct_vs_group_nonadjacent,Vanco,0,8,8,0.0,0.092,-0.092,-4.1075,11.2021,group,88221,87002
direct_vs_group_nonadjacent,Weitere,0,8,8,0.0,0.092,-0.092,-4.1075,11.2021,group,88221,87002
direct_vs_group_nonadjacent,________________________________________________________________________________,0,8,8,0.0,0.092,-0.092,-4.1075,11.2021,group,88221,87002
direct_vs_group_nonadjacent,begleitet,0,8,8,0.0,0.092,-0.092,-4.1075,11.2021,group,88221,87002
direct_vs_group_nonadjacent,beteiligte,0,8,8,0.0,0.092,-0.092,-4.1075,11.2021,group,88221,87002
direct_vs_group_nonadjacent,eigener,0,8,8,0.0,0.092,-0.092,-4.1075,11.2021,group,88221,87002
direct_vs_group_nonadjacent,gesamte,0,8,8,0.0,0.092,-0.092,-4.1075,11.2021,group,88221,87002
direct_vs_group_nonadjacent,kreativen,0,8,8,0.0,0.092,-0.092,-4.1075,11.2021,group,88221,87002
direct_vs_group_nonadjacent,reflektiert,0,8,8,0.0,0.092,-0.092,-4.1075,11.2021,group,88221,87002
direct_vs_group_nonadjacent,relevanter,0,8,8,0.0,0.092,-0.092,-4.1075,11.2021,group,88221,87002
direct_vs_group_nonadjacent,AWO,1,12,13,0.0113,0.1379,-0.1266,-3.079,11.1246,group,88221,87002
direct_vs_group_nonadjacent,AvD,1,12,13,0.0113,0.1379,-0.1266,-3.079,11.1246,group,88221,87002
direct_vs_group_nonadjacent,Bruder,1,12,13,0.0113,0.1379,-0.1266,-3.079,11.1246,group,88221,87002
direct_vs_group_nonadjacent,Bzgl,1,12,13,0.0113,0.1379,-0.1266,-3.079,11.1246,group,88221,87002
direct_vs_group_nonadjacent,Evaluation,1,12,13,0.0113,0.1379,-0.1266,-3.079,11.1246,group,88221,87002
direct_vs_group_nonadjacent,Nr,1,12,13,0.0113,0.1379,-0.1266,-3.079,11.1246,group,88221,87002
direct_vs_group_nonadjacent,REA,1,12,13,0.0113,0.1379,-0.1266,-3.079,11.1246,group,88221,87002
direct_vs_group_nonadjacent,ausschweifend,1,12,13,0.0113,0.1379,-0.1266,-3.079,11.1246,group,88221,87002
direct_vs_group_nonadjacent,hängt,1,12,13,0.0113,0.1379,-0.1266,-3.079,11.1246,group,88221,87002
direct_vs_group_nonadjacent,meinen,31,10,41,0.3514,0.1149,0.2365,1.5649,10.9939,direct,88221,87002
direct_vs_group_nonadjacent,schön,31,10,41,0.3514,0.1149,0.2365,1.5649,10.9939,direct,88221,87002
direct_vs_group_nonadjacent,eigene,7,25,32,0.0793,0.2873,-0.208,-1.7856,10.9929,group,88221,87002
direct_vs_group_nonadjacent,Anamnesebogen,8,0,8,0.0907,0.0,0.0907,4.0674,10.9794,direct,88221,87002
direct_vs_group_nonadjacent,Dein,8,0,8,0.0907,0.0,0.0907,4.0674,10.9794,direct,88221,87002
direct_vs_group_nonadjacent,Geburtsdatum,8,0,8,0.0907,0.0,0.0907,4.0674,10.9794,direct,88221,87002
direct_vs_group_nonadjacent,Huhu,8,0,8,0.0907,0.0,0.0907,4.0674,10.9794,direct,88221,87002
direct_vs_group_nonadjacent,Sollten,8,0,8,0.0907,0.0,0.0907,4.0674,10.9794,direct,88221,87002
direct_vs_group_nonadjacent,Unterschrift,8,0,8,0.0907,0.0,0.0907,4.0674,10.9794,direct,88221,87002
direct_vs_group_nonadjacent,cut,8,0,8,0.0907,0.0,0.0907,4.0674,10.9794,direct,88221,87002
direct_vs_group_nonadjacent,eig,8,0,8,0.0907,0.0,0.0907,4.0674,10.9794,direct,88221,87002
direct_vs_group_nonadjacent,irgendwas,8,0,8,0.0907,0.0,0.0907,4.0674,10.9794,direct,88221,87002
direct_vs_group_nonadjacent,komisch,8,0,8,0.0907,0.0,0.0907,4.0674,10.9794,direct,88221,87002
direct_vs_group_nonadjacent,Tag,24,52,76,0.272,0.5977,-0.3256,-1.1196,10.9561,group,88221,87002
direct_vs_group_nonadjacent,angespannt,4,19,23,0.0453,0.2184,-0.173,-2.1356,10.8409,group,88221,87002
direct_vs_group_nonadjacent,Dermakonsil,12,1,13,0.136,0.0115,0.1245,3.0388,10.8185,direct,88221,87002
direct_vs_group_nonadjacent,Hello,12,1,13,0.136,0.0115,0.1245,3.0388,10.8185,direct,88221,87002
direct_vs_group_nonadjacent,Mestinon,12,1,13,0.136,0.0115,0.1245,3.0388,10.8185,direct,88221,87002
direct_vs_group_nonadjacent,Muskelschmerzen,12,1,13,0.136,0.0115,0.1245,3.0388,10.8185,direct,88221,87002
direct_vs_group_nonadjacent,brauchst,12,1,13,0.136,0.0115,0.1245,3.0388,10.8185,direct,88221,87002
direct_vs_group_nonadjacent,erniedrigtem,12,1,13,0.136,0.0115,0.1245,3.0388,10.8185,direct,88221,87002
direct_vs_group_nonadjacent,melde,12,1,13,0.136,0.0115,0.1245,3.0388,10.8185,direct,88221,87002
direct_vs_group_nonadjacent,zu,627,739,1366,7.1072,8.4941,-1.3869,-0.257,10.8178,group,88221,87002
direct_vs_group_nonadjacent,Telefonnummer,104,61,165,1.1789,0.7011,0.4777,0.7448,10.7462,direct,88221,87002
direct_vs_group_nonadjacent,Mirtazapin,10,30,40,0.1134,0.3448,-0.2315,-1.5585,10.7452,group,88221,87002
direct_vs_group_nonadjacent,abgenommen,10,30,40,0.1134,0.3448,-0.2315,-1.5585,10.7452,group,88221,87002
direct_vs_group_nonadjacent,dieser,10,30,40,0.1134,0.3448,-0.2315,-1.5585,10.7452,group,88221,87002
direct_vs_group_nonadjacent,bei,645,525,1170,7.3112,6.0343,1.2768,0.2767,10.7163,direct,88221,87002
direct_vs_group_nonadjacent,jemand,15,38,53,0.17,0.4368,-0.2667,-1.3327,10.6433,group,88221,87002
direct_vs_group_nonadjacent,mindestens,17,3,20,0.1927,0.0345,0.1582,2.3019,10.6237,direct,88221,87002
direct_vs_group_nonadjacent,ambulante,9,28,37,0.102,0.3218,-0.2198,-1.605,10.5046,group,88221,87002
direct_vs_group_nonadjacent,gebe,25,7,32,0.2834,0.0805,0.2029,1.7455,10.492,direct,88221,87002
direct_vs_group_nonadjacent,siehe,12,33,45,0.136,0.3793,-0.2433,-1.4423,10.4853,group,88221,87002
direct_vs_group_nonadjacent,Dann,51,23,74,0.5781,0.2644,0.3137,1.1118,10.4771,direct,88221,87002
direct_vs_group_nonadjacent,+1,23,6,29,0.2607,0.069,0.1917,1.8341,10.3981,direct,88221,87002
direct_vs_group_nonadjacent,Bescheid,68,35,103,0.7708,0.4023,0.3685,0.9282,10.3074,direct,88221,87002
direct_vs_group_nonadjacent,akuter,2,14,16,0.0227,0.1609,-0.1382,-2.5561,10.2918,group,88221,87002
direct_vs_group_nonadjacent,genug,2,14,16,0.0227,0.1609,-0.1382,-2.5561,10.2918,group,88221,87002
direct_vs_group_nonadjacent,schwere,2,14,16,0.0227,0.1609,-0.1382,-2.5561,10.2918,group,88221,87002
direct_vs_group_nonadjacent,ganz,73,39,112,0.8275,0.4483,0.3792,0.8758,10.0185,direct,88221,87002
direct_vs_group_nonadjacent,Befund,13,34,47,0.1474,0.3908,-0.2434,-1.3737,10.0176,group,88221,87002
direct_vs_group_nonadjacent,Liste,14,2,16,0.1587,0.023,0.1357,2.516,9.9579,direct,88221,87002
direct_vs_group_nonadjacent,OGTT,14,2,16,0.1587,0.023,0.1357,2.516,9.9579,direct,88221,87002
direct_vs_group_nonadjacent,ergänzen,14,2,16,0.1587,0.023,0.1357,2.516,9.9579,direct,88221,87002
direct_vs_group_nonadjacent,Arztzimmer,3,16,19,0.034,0.1839,-0.1499,-2.2571,9.9472,group,88221,87002
direct_vs_group_nonadjacent,zudem,3,16,19,0.034,0.1839,-0.1499,-2.2571,9.9472,group,88221,87002
direct_vs_group_nonadjacent,niedrig,6,22,28,0.068,0.2529,-0.1849,-1.8115,9.9437,group,88221,87002
direct_vs_group_nonadjacent,Binge,1,11,12,0.0113,0.1264,-0.1151,-2.9587,9.8912,group,88221,87002
direct_vs_group_nonadjacent,Schweigen,1,11,12,0.0113,0.1264,-0.1151,-2.9587,9.8912,group,88221,87002
direct_vs_group_nonadjacent,Selbstfürsorge,1,11,12,0.0113,0.1264,-0.1151,-2.9587,9.8912,group,88221,87002
direct_vs_group_nonadjacent,geöffnet,1,11,12,0.0113,0.1264,-0.1151,-2.9587,9.8912,group,88221,87002
direct_vs_group_nonadjacent,schlafen,1,11,12,0.0113,0.1264,-0.1151,-2.9587,9.8912,group,88221,87002
direct_vs_group_nonadjacent,V,19,43,62,0.2154,0.4942,-0.2789,-1.1776,9.8744,group,88221,87002
direct_vs_group_nonadjacent,15mg,0,7,7,0.0,0.0805,-0.0805,-3.927,9.8018,group,88221,87002
direct_vs_group_nonadjacent,Abwesend,0,7,7,0.0,0.0805,-0.0805,-3.927,9.8018,group,88221,87002
direct_vs_group_nonadjacent,Atorva,0,7,7,0.0,0.0805,-0.0805,-3.927,9.8018,group,88221,87002
direct_vs_group_nonadjacent,Begrüßung,0,7,7,0.0,0.0805,-0.0805,-3.927,9.8018,group,88221,87002
direct_vs_group_nonadjacent,Bifiteral,0,7,7,0.0,0.0805,-0.0805,-3.927,9.8018,group,88221,87002
direct_vs_group_nonadjacent,Bilder,0,7,7,0.0,0.0805,-0.0805,-3.927,9.8018,group,88221,87002
direct_vs_group_nonadjacent,Brause,0,7,7,0.0,0.0805,-0.0805,-3.927,9.8018,group,88221,87002
direct_vs_group_nonadjacent,Dienstags,0,7,7,0.0,0.0805,-0.0805,-3.927,9.8018,group,88221,87002
direct_vs_group_nonadjacent,Erysipel,0,7,7,0.0,0.0805,-0.0805,-3.927,9.8018,group,88221,87002
direct_vs_group_nonadjacent,Harmonie,0,7,7,0.0,0.0805,-0.0805,-3.927,9.8018,group,88221,87002
direct_vs_group_nonadjacent,Hb,0,7,7,0.0,0.0805,-0.0805,-3.927,9.8018,group,88221,87002
direct_vs_group_nonadjacent,Ibuprofen,0,7,7,0.0,0.0805,-0.0805,-3.927,9.8018,group,88221,87002
direct_vs_group_nonadjacent,Jahreswechsel,0,7,7,0.0,0.0805,-0.0805,-3.927,9.8018,group,88221,87002
direct_vs_group_nonadjacent,Komponente,0,7,7,0.0,0.0805,-0.0805,-3.927,9.8018,group,88221,87002
direct_vs_group_nonadjacent,Lunge,0,7,7,0.0,0.0805,-0.0805,-3.927,9.8018,group,88221,87002
direct_vs_group_nonadjacent,Ortoton,0,7,7,0.0,0.0805,-0.0805,-3.927,9.8018,group,88221,87002
direct_vs_group_nonadjacent,ProstataCA,0,7,7,0.0,0.0805,-0.0805,-3.927,9.8018,group,88221,87002
direct_vs_group_nonadjacent,SozD,0,7,7,0.0,0.0805,-0.0805,-3.927,9.8018,group,88221,87002
direct_vs_group_nonadjacent,Termins,0,7,7,0.0,0.0805,-0.0805,-3.927,9.8018,group,88221,87002
direct_vs_group_nonadjacent,VHF,0,7,7,0.0,0.0805,-0.0805,-3.927,9.8018,group,88221,87002
direct_vs_group_nonadjacent,ablenken,0,7,7,0.0,0.0805,-0.0805,-3.927,9.8018,group,88221,87002
direct_vs_group_nonadjacent,abwesend,0,7,7,0.0,0.0805,-0.0805,-3.927,9.8018,group,88221,87002
direct_vs_group_nonadjacent,bedrückt,0,7,7,0.0,0.0805,-0.0805,-3.927,9.8018,group,88221,87002
direct_vs_group_nonadjacent,belastenden,0,7,7,0.0,0.0805,-0.0805,-3.927,9.8018,group,88221,87002
direct_vs_group_nonadjacent,betätigt,0,7,7,0.0,0.0805,-0.0805,-3.927,9.8018,group,88221,87002
direct_vs_group_nonadjacent,blieb,0,7,7,0.0,0.0805,-0.0805,-3.927,9.8018,group,88221,87002
direct_vs_group_nonadjacent,deren,0,7,7,0.0,0.0805,-0.0805,-3.927,9.8018,group,88221,87002
direct_vs_group_nonadjacent,erfolgte,0,7,7,0.0,0.0805,-0.0805,-3.927,9.8018,group,88221,87002
direct_vs_group_nonadjacent,frustriert,0,7,7,0.0,0.0805,-0.0805,-3.927,9.8018,group,88221,87002
direct_vs_group_nonadjacent,häuslichen,0,7,7,0.0,0.0805,-0.0805,-3.927,9.8018,group,88221,87002
direct_vs_group_nonadjacent,möglicher,0,7,7,0.0,0.0805,-0.0805,-3.927,9.8018,group,88221,87002
direct_vs_group_nonadjacent,psychosomatischen,0,7,7,0.0,0.0805,-0.0805,-3.927,9.8018,group,88221,87002
direct_vs_group_nonadjacent,redet,0,7,7,0.0,0.0805,-0.0805,-3.927,9.8018,group,88221,87002
direct_vs_group_nonadjacent,spielt,0,7,7,0.0,0.0805,-0.0805,-3.927,9.8018,group,88221,87002
direct_vs_group_nonadjacent,still,0,7,7,0.0,0.0805,-0.0805,-3.927,9.8018,group,88221,87002
direct_vs_group_nonadjacent,teilt,0,7,7,0.0,0.0805,-0.0805,-3.927,9.8018,group,88221,87002
direct_vs_group_nonadjacent,vakant,0,7,7,0.0,0.0805,-0.0805,-3.927,9.8018,group,88221,87002
direct_vs_group_nonadjacent,verbalisieren,0,7,7,0.0,0.0805,-0.0805,-3.927,9.8018,group,88221,87002
direct_vs_group_nonadjacent,verstärkt,0,7,7,0.0,0.0805,-0.0805,-3.927,9.8018,group,88221,87002
direct_vs_group_nonadjacent,vertragen,0,7,7,0.0,0.0805,-0.0805,-3.927,9.8018,group,88221,87002
direct_vs_group_nonadjacent,BMI,36,14,50,0.4081,0.1609,0.2472,1.3118,9.7157,direct,88221,87002
direct_vs_group_nonadjacent,anschauen,24,7,31,0.272,0.0805,0.1916,1.6877,9.6222,direct,88221,87002
direct_vs_group_nonadjacent,bescheid,24,7,31,0.272,0.0805,0.1916,1.6877,9.6222,direct,88221,87002
direct_vs_group_nonadjacent,Aufnahmen,11,1,12,0.1247,0.0115,0.1132,2.9185,9.6129,direct,88221,87002
direct_vs_group_nonadjacent,Keratosen,11,1,12,0.1247,0.0115,0.1132,2.9185,9.6129,direct,88221,87002
direct_vs_group_nonadjacent,Seb,11,1,12,0.1247,0.0115,0.1132,2.9185,9.6129,direct,88221,87002
direct_vs_group_nonadjacent,echt,11,1,12,0.1247,0.0115,0.1132,2.9185,9.6129,direct,88221,87002
direct_vs_group_nonadjacent,müsstest,11,1,12,0.1247,0.0115,0.1132,2.9185,9.6129,direct,88221,87002
direct_vs_group_nonadjacent,willst,11,1,12,0.1247,0.0115,0.1132,2.9185,9.6129,direct,88221,87002
direct_vs_group_nonadjacent,Größe,7,0,7,0.0793,0.0,0.0793,3.8868,9.607,direct,88221,87002
direct_vs_group_nonadjacent,I,7,0,7,0.0793,0.0,0.0793,3.8868,9.607,direct,88221,87002
direct_vs_group_nonadjacent,LDH,7,0,7,0.0793,0.0,0.0793,3.8868,9.607,direct,88221,87002
direct_vs_group_nonadjacent,Schweigepflichtsentbindung,7,0,7,0.0793,0.0,0.0793,3.8868,9.607,direct,88221,87002
direct_vs_group_nonadjacent,Studienfach,7,0,7,0.0793,0.0,0.0793,3.8868,9.607,direct,88221,87002
direct_vs_group_nonadjacent,Website,7,0,7,0.0793,0.0,0.0793,3.8868,9.607,direct,88221,87002
direct_vs_group_nonadjacent,Windows,7,0,7,0.0793,0.0,0.0793,3.8868,9.607,direct,88221,87002
direct_vs_group_nonadjacent,eingerichtet,7,0,7,0.0793,0.0,0.0793,3.8868,9.607,direct,88221,87002
direct_vs_group_nonadjacent,entschuldige,7,0,7,0.0793,0.0,0.0793,3.8868,9.607,direct,88221,87002
direct_vs_group_nonadjacent,fragst,7,0,7,0.0793,0.0,0.0793,3.8868,9.607,direct,88221,87002
direct_vs_group_nonadjacent,fresubin,7,0,7,0.0793,0.0,0.0793,3.8868,9.607,direct,88221,87002
direct_vs_group_nonadjacent,geb,7,0,7,0.0793,0.0,0.0793,3.8868,9.607,direct,88221,87002
direct_vs_group_nonadjacent,heruntergeladen,7,0,7,0.0793,0.0,0.0793,3.8868,9.607,direct,88221,87002
direct_vs_group_nonadjacent,rufe,7,0,7,0.0793,0.0,0.0793,3.8868,9.607,direct,88221,87002
direct_vs_group_nonadjacent,slightly_smiling_face,7,0,7,0.0793,0.0,0.0793,3.8868,9.607,direct,88221,87002
direct_vs_group_nonadjacent,vorne,7,0,7,0.0793,0.0,0.0793,3.8868,9.607,direct,88221,87002
direct_vs_group_nonadjacent,stimmt,16,3,19,0.1814,0.0345,0.1469,2.217,9.5855,direct,88221,87002
direct_vs_group_nonadjacent,vor,112,161,273,1.2695,1.8505,-0.581,-0.5417,9.5377,group,88221,87002
direct_vs_group_nonadjacent,genau,45,20,65,0.5101,0.2299,0.2802,1.1302,9.523,direct,88221,87002
direct_vs_group_nonadjacent,einmal,101,61,162,1.1449,0.7011,0.4437,0.7027,9.4307,direct,88221,87002
direct_vs_group_nonadjacent,100ml,20,5,25,0.2267,0.0575,0.1692,1.878,9.4297,direct,88221,87002
direct_vs_group_nonadjacent,iPad,20,5,25,0.2267,0.0575,0.1692,1.878,9.4297,direct,88221,87002
direct_vs_group_nonadjacent,mach,20,5,25,0.2267,0.0575,0.1692,1.878,9.4297,direct,88221,87002
direct_vs_group_nonadjacent,45,29,10,39,0.3287,0.1149,0.2138,1.4703,9.4001,direct,88221,87002
direct_vs_group_nonadjacent,11,73,40,113,0.8275,0.4598,0.3677,0.8397,9.3254,direct,88221,87002
direct_vs_group_nonadjacent,Gefühl,13,33,46,0.1474,0.3793,-0.2319,-1.3313,9.2732,group,88221,87002
direct_vs_group_nonadjacent,berichtet,13,33,46,0.1474,0.3793,-0.2319,-1.3313,9.2732,group,88221,87002
direct_vs_group_nonadjacent,gemacht,70,38,108,0.7935,0.4368,0.3567,0.8527,9.1853,direct,88221,87002
direct_vs_group_nonadjacent,Infliximab,2,13,15,0.0227,0.1494,-0.1268,-2.453,9.168,group,88221,87002
direct_vs_group_nonadjacent,Leberwerte,2,13,15,0.0227,0.1494,-0.1268,-2.453,9.168,group,88221,87002
direct_vs_group_nonadjacent,Untersuchung,2,13,15,0.0227,0.1494,-0.1268,-2.453,9.168,group,88221,87002
direct_vs_group_nonadjacent,Verhalten,2,13,15,0.0227,0.1494,-0.1268,-2.453,9.168,group,88221,87002
direct_vs_group_nonadjacent,starker,2,13,15,0.0227,0.1494,-0.1268,-2.453,9.168,group,88221,87002
direct_vs_group_nonadjacent,verstehen,2,13,15,0.0227,0.1494,-0.1268,-2.453,9.168,group,88221,87002
direct_vs_group_nonadjacent,immer,108,67,175,1.2242,0.7701,0.4541,0.6647,9.1336,direct,88221,87002
direct_vs_group_nonadjacent,Besprechung,6,21,27,0.068,0.2414,-0.1734,-1.7459,9.0358,group,88221,87002
direct_vs_group_nonadjacent,Da,60,31,91,0.6801,0.3563,0.3238,0.9215,9.0058,direct,88221,87002
direct_vs_group_nonadjacent,laut,20,43,63,0.2267,0.4942,-0.2675,-1.1055,8.9171,group,88221,87002
direct_vs_group_nonadjacent,Suizidgedanken,5,19,24,0.0567,0.2184,-0.1617,-1.846,8.9035,group,88221,87002
direct_vs_group_nonadjacent,Emotionen,3,15,18,0.034,0.1724,-0.1384,-2.1669,8.9009,group,88221,87002
direct_vs_group_nonadjacent,wann,57,29,86,0.6461,0.3333,0.3128,0.9428,8.8992,direct,88221,87002
direct_vs_group_nonadjacent,hinzufügen,13,2,15,0.1474,0.023,0.1244,2.4129,8.8619,direct,88221,87002
direct_vs_group_nonadjacent,erfolgt,25,50,75,0.2834,0.5747,-0.2913,-1.0059,8.8464,group,88221,87002
direct_vs_group_nonadjacent,wäre,180,126,306,2.0403,1.4482,0.5921,0.4928,8.843,direct,88221,87002
direct_vs_group_nonadjacent,Die,131,86,217,1.4849,0.9885,0.4964,0.5842,8.7842,direct,88221,87002
direct_vs_group_nonadjacent,6h,1,10,11,0.0113,0.1149,-0.1036,-2.8274,8.673,group,88221,87002
direct_vs_group_nonadjacent,Besuch,1,10,11,0.0113,0.1149,-0.1036,-2.8274,8.673,group,88221,87002
direct_vs_group_nonadjacent,HG,1,10,11,0.0113,0.1149,-0.1036,-2.8274,8.673,group,88221,87002
direct_vs_group_nonadjacent,Nachtrag,1,10,11,0.0113,0.1149,-0.1036,-2.8274,8.673,group,88221,87002
direct_vs_group_nonadjacent,festen,1,10,11,0.0113,0.1149,-0.1036,-2.8274,8.673,group,88221,87002
direct_vs_group_nonadjacent,öffnen,1,10,11,0.0113,0.1149,-0.1036,-2.8274,8.673,group,88221,87002
direct_vs_group_nonadjacent,Anorexie,21,44,65,0.238,0.5057,-0.2677,-1.0695,8.6406,group,88221,87002
direct_vs_group_nonadjacent,Nachricht,28,10,38,0.3174,0.1149,0.2024,1.4205,8.6292,direct,88221,87002
direct_vs_group_nonadjacent,sagen,62,33,95,0.7028,0.3793,0.3235,0.8796,8.5966,direct,88221,87002
direct_vs_group_nonadjacent,Umstellung,8,24,32,0.0907,0.2759,-0.1852,-1.5473,8.5961,group,88221,87002
direct_vs_group_nonadjacent,während,8,24,32,0.0907,0.2759,-0.1852,-1.5473,8.5961,group,88221,87002
direct_vs_group_nonadjacent,bezugstherapeutischen,15,3,18,0.17,0.0345,0.1355,2.1268,8.567,direct,88221,87002
direct_vs_group_nonadjacent,unsere,15,3,18,0.17,0.0345,0.1355,2.1268,8.567,direct,88221,87002
direct_vs_group_nonadjacent,zeigte,13,32,45,0.1474,0.3678,-0.2205,-1.2876,8.5459,group,88221,87002
direct_vs_group_nonadjacent,RR,15,35,50,0.17,0.4023,-0.2323,-1.2156,8.509,group,88221,87002
direct_vs_group_nonadjacent,geklappt,17,4,21,0.1927,0.046,0.1467,1.9393,8.482,direct,88221,87002
direct_vs_group_nonadjacent,Messung,10,1,11,0.1134,0.0115,0.1019,2.7873,8.4226,direct,88221,87002
direct_vs_group_nonadjacent,Okay,10,1,11,0.1134,0.0115,0.1019,2.7873,8.4226,direct,88221,87002
direct_vs_group_nonadjacent,findest,10,1,11,0.1134,0.0115,0.1019,2.7873,8.4226,direct,88221,87002
direct_vs_group_nonadjacent,musst,10,1,11,0.1134,0.0115,0.1019,2.7873,8.4226,direct,88221,87002
direct_vs_group_nonadjacent,würdest,10,1,11,0.1134,0.0115,0.1019,2.7873,8.4226,direct,88221,87002
direct_vs_group_nonadjacent,zeit,10,1,11,0.1134,0.0115,0.1019,2.7873,8.4226,direct,88221,87002
direct_vs_group_nonadjacent,ABiose,0,6,6,0.0,0.069,-0.069,-3.7205,8.4015,group,88221,87002
direct_vs_group_nonadjacent,Antriebslosigkeit,0,6,6,0.0,0.069,-0.069,-3.7205,8.4015,group,88221,87002
direct_vs_group_nonadjacent,Antworten,0,6,6,0.0,0.069,-0.069,-3.7205,8.4015,group,88221,87002
direct_vs_group_nonadjacent,Begleitung,0,6,6,0.0,0.069,-0.069,-3.7205,8.4015,group,88221,87002
direct_vs_group_nonadjacent,Begrenzung,0,6,6,0.0,0.069,-0.069,-3.7205,8.4015,group,88221,87002
direct_vs_group_nonadjacent,Bex,0,6,6,0.0,0.069,-0.069,-3.7205,8.4015,group,88221,87002
direct_vs_group_nonadjacent,Blutgruppe,0,6,6,0.0,0.069,-0.069,-3.7205,8.4015,group,88221,87002
direct_vs_group_nonadjacent,Bringt,0,6,6,0.0,0.069,-0.069,-3.7205,8.4015,group,88221,87002
direct_vs_group_nonadjacent,Elternhaus,0,6,6,0.0,0.069,-0.069,-3.7205,8.4015,group,88221,87002
direct_vs_group_nonadjacent,Entlasstermin,0,6,6,0.0,0.069,-0.069,-3.7205,8.4015,group,88221,87002
direct_vs_group_nonadjacent,Erwartungen,0,6,6,0.0,0.069,-0.069,-3.7205,8.4015,group,88221,87002
direct_vs_group_nonadjacent,Farbe,0,6,6,0.0,0.069,-0.069,-3.7205,8.4015,group,88221,87002
direct_vs_group_nonadjacent,Fosfomycin,0,6,6,0.0,0.069,-0.069,-3.7205,8.4015,group,88221,87002
direct_vs_group_nonadjacent,Gelände,0,6,6,0.0,0.069,-0.069,-3.7205,8.4015,group,88221,87002
direct_vs_group_nonadjacent,Hashtag_Erschöpfung,0,6,6,0.0,0.069,-0.069,-3.7205,8.4015,group,88221,87002
direct_vs_group_nonadjacent,Krankheitsverständnis,0,6,6,0.0,0.069,-0.069,-3.7205,8.4015,group,88221,87002
direct_vs_group_nonadjacent,LAE,0,6,6,0.0,0.069,-0.069,-3.7205,8.4015,group,88221,87002
direct_vs_group_nonadjacent,Meinungen,0,6,6,0.0,0.069,-0.069,-3.7205,8.4015,group,88221,87002
direct_vs_group_nonadjacent,Nierenwerte,0,6,6,0.0,0.069,-0.069,-3.7205,8.4015,group,88221,87002
direct_vs_group_nonadjacent,Nutzen,0,6,6,0.0,0.069,-0.069,-3.7205,8.4015,group,88221,87002
direct_vs_group_nonadjacent,Ostern,0,6,6,0.0,0.069,-0.069,-3.7205,8.4015,group,88221,87002
direct_vs_group_nonadjacent,Phase,0,6,6,0.0,0.069,-0.069,-3.7205,8.4015,group,88221,87002
direct_vs_group_nonadjacent,Schnarchen,0,6,6,0.0,0.069,-0.069,-3.7205,8.4015,group,88221,87002
direct_vs_group_nonadjacent,Song,0,6,6,0.0,0.069,-0.069,-3.7205,8.4015,group,88221,87002
direct_vs_group_nonadjacent,Soziale,0,6,6,0.0,0.069,-0.069,-3.7205,8.4015,group,88221,87002
direct_vs_group_nonadjacent,Therapeuten,0,6,6,0.0,0.069,-0.069,-3.7205,8.4015,group,88221,87002
direct_vs_group_nonadjacent,Therapieversuch,0,6,6,0.0,0.069,-0.069,-3.7205,8.4015,group,88221,87002
direct_vs_group_nonadjacent,Trop,0,6,6,0.0,0.069,-0.069,-3.7205,8.4015,group,88221,87002
direct_vs_group_nonadjacent,Tränen,0,6,6,0.0,0.069,-0.069,-3.7205,8.4015,group,88221,87002
direct_vs_group_nonadjacent,Verantwortung,0,6,6,0.0,0.069,-0.069,-3.7205,8.4015,group,88221,87002
direct_vs_group_nonadjacent,Wärme,0,6,6,0.0,0.069,-0.069,-3.7205,8.4015,group,88221,87002
direct_vs_group_nonadjacent,belasten,0,6,6,0.0,0.069,-0.069,-3.7205,8.4015,group,88221,87002
direct_vs_group_nonadjacent,betont,0,6,6,0.0,0.069,-0.069,-3.7205,8.4015,group,88221,87002
direct_vs_group_nonadjacent,einerseits,0,6,6,0.0,0.069,-0.069,-3.7205,8.4015,group,88221,87002
direct_vs_group_nonadjacent,eingehen,0,6,6,0.0,0.069,-0.069,-3.7205,8.4015,group,88221,87002
direct_vs_group_nonadjacent,entschuldigen,0,6,6,0.0,0.069,-0.069,-3.7205,8.4015,group,88221,87002
direct_vs_group_nonadjacent,erkennen,0,6,6,0.0,0.069,-0.069,-3.7205,8.4015,group,88221,87002
direct_vs_group_nonadjacent,erreichte,0,6,6,0.0,0.069,-0.069,-3.7205,8.4015,group,88221,87002
direct_vs_group_nonadjacent,erschöpft,0,6,6,0.0,0.069,-0.069,-3.7205,8.4015,group,88221,87002
direct_vs_group_nonadjacent,gebraucht,0,6,6,0.0,0.069,-0.069,-3.7205,8.4015,group,88221,87002
direct_vs_group_nonadjacent,gemeinsame,0,6,6,0.0,0.069,-0.069,-3.7205,8.4015,group,88221,87002
direct_vs_group_nonadjacent,niedrigem,0,6,6,0.0,0.069,-0.069,-3.7205,8.4015,group,88221,87002
direct_vs_group_nonadjacent,positioniert,0,6,6,0.0,0.069,-0.069,-3.7205,8.4015,group,88221,87002
direct_vs_group_nonadjacent,schriftlichen,0,6,6,0.0,0.069,-0.069,-3.7205,8.4015,group,88221,87002
direct_vs_group_nonadjacent,schwierigen,0,6,6,0.0,0.069,-0.069,-3.7205,8.4015,group,88221,87002
direct_vs_group_nonadjacent,suizidal,0,6,6,0.0,0.069,-0.069,-3.7205,8.4015,group,88221,87002
direct_vs_group_nonadjacent,widersprochen,0,6,6,0.0,0.069,-0.069,-3.7205,8.4015,group,88221,87002
direct_vs_group_nonadjacent,meinem,26,9,35,0.2947,0.1034,0.1913,1.4599,8.3822,direct,88221,87002
direct_vs_group_nonadjacent,Station,61,96,157,0.6914,1.1034,-0.412,-0.67,8.3631,group,88221,87002
direct_vs_group_nonadjacent,Empfehlung,7,22,29,0.0793,0.2529,-0.1735,-1.605,8.3581,group,88221,87002
direct_vs_group_nonadjacent,Gruppen,10,27,37,0.1134,0.3103,-0.197,-1.4091,8.3502,group,88221,87002
direct_vs_group_nonadjacent,denke,34,14,48,0.3854,0.1609,0.2245,1.2305,8.317,direct,88221,87002
direct_vs_group_nonadjacent,richtig,43,20,63,0.4874,0.2299,0.2575,1.0653,8.2771,direct,88221,87002
direct_vs_group_nonadjacent,fragen,84,50,134,0.9522,0.5747,0.3775,0.7226,8.2553,direct,88221,87002
direct_vs_group_nonadjacent,Achso,6,0,6,0.068,0.0,0.068,3.6804,8.2346,direct,88221,87002
direct_vs_group_nonadjacent,Anleitung,6,0,6,0.068,0.0,0.068,3.6804,8.2346,direct,88221,87002
direct_vs_group_nonadjacent,BA,6,0,6,0.068,0.0,0.068,3.6804,8.2346,direct,88221,87002
direct_vs_group_nonadjacent,Deinen,6,0,6,0.068,0.0,0.068,3.6804,8.2346,direct,88221,87002
direct_vs_group_nonadjacent,Gewichtshaltevertrag,6,0,6,0.068,0.0,0.068,3.6804,8.2346,direct,88221,87002
direct_vs_group_nonadjacent,Glühwein,6,0,6,0.068,0.0,0.068,3.6804,8.2346,direct,88221,87002
direct_vs_group_nonadjacent,Mache,6,0,6,0.068,0.0,0.068,3.6804,8.2346,direct,88221,87002
direct_vs_group_nonadjacent,Mensa,6,0,6,0.068,0.0,0.068,3.6804,8.2346,direct,88221,87002
direct_vs_group_nonadjacent,Normbereich,6,0,6,0.068,0.0,0.068,3.6804,8.2346,direct,88221,87002
direct_vs_group_nonadjacent,Selbsterfahrung,6,0,6,0.068,0.0,0.068,3.6804,8.2346,direct,88221,87002
direct_vs_group_nonadjacent,Wo,6,0,6,0.068,0.0,0.068,3.6804,8.2346,direct,88221,87002
direct_vs_group_nonadjacent,abzusprechen,6,0,6,0.068,0.0,0.068,3.6804,8.2346,direct,88221,87002
direct_vs_group_nonadjacent,bestehender,6,0,6,0.068,0.0,0.068,3.6804,8.2346,direct,88221,87002
direct_vs_group_nonadjacent,erwarten,6,0,6,0.068,0.0,0.068,3.6804,8.2346,direct,88221,87002
direct_vs_group_nonadjacent,eurem,6,0,6,0.068,0.0,0.068,3.6804,8.2346,direct,88221,87002
direct_vs_group_nonadjacent,installieren,6,0,6,0.068,0.0,0.068,3.6804,8.2346,direct,88221,87002
direct_vs_group_nonadjacent,kleines,6,0,6,0.068,0.0,0.068,3.6804,8.2346,direct,88221,87002
direct_vs_group_nonadjacent,no,6,0,6,0.068,0.0,0.068,3.6804,8.2346,direct,88221,87002
direct_vs_group_nonadjacent,sagst,6,0,6,0.068,0.0,0.068,3.6804,8.2346,direct,88221,87002
direct_vs_group_nonadjacent,sprich,6,0,6,0.068,0.0,0.068,3.6804,8.2346,direct,88221,87002
direct_vs_group_nonadjacent,top,6,0,6,0.068,0.0,0.068,3.6804,8.2346,direct,88221,87002
direct_vs_group_nonadjacent,vermeiden,6,0,6,0.068,0.0,0.068,3.6804,8.2346,direct,88221,87002
direct_vs_group_nonadjacent,wen,6,0,6,0.068,0.0,0.068,3.6804,8.2346,direct,88221,87002
direct_vs_group_nonadjacent,zurückrufen,6,0,6,0.068,0.0,0.068,3.6804,8.2346,direct,88221,87002
direct_vs_group_nonadjacent,Situation,12,30,42,0.136,0.3448,-0.2088,-1.307,8.2222,group,88221,87002
direct_vs_group_nonadjacent,Projekt,24,8,32,0.272,0.092,0.1801,1.5072,8.1509,direct,88221,87002
direct_vs_group_nonadjacent,angepasst,6,20,26,0.068,0.2299,-0.1619,-1.6772,8.1491,group,88221,87002
direct_vs_group_nonadjacent,inzwischen,6,20,26,0.068,0.2299,-0.1619,-1.6772,8.1491,group,88221,87002
direct_vs_group_nonadjacent,Abschied,2,12,14,0.0227,0.1379,-0.1153,-2.342,8.0647,group,88221,87002
direct_vs_group_nonadjacent,CT,2,12,14,0.0227,0.1379,-0.1153,-2.342,8.0647,group,88221,87002
direct_vs_group_nonadjacent,Kopfschmerzen,2,12,14,0.0227,0.1379,-0.1153,-2.342,8.0647,group,88221,87002
direct_vs_group_nonadjacent,Maske,2,12,14,0.0227,0.1379,-0.1153,-2.342,8.0647,group,88221,87002
direct_vs_group_nonadjacent,Ruf,2,12,14,0.0227,0.1379,-0.1153,-2.342,8.0647,group,88221,87002
direct_vs_group_nonadjacent,Versuch,2,12,14,0.0227,0.1379,-0.1153,-2.342,8.0647,group,88221,87002
direct_vs_group_nonadjacent,akute,2,12,14,0.0227,0.1379,-0.1153,-2.342,8.0647,group,88221,87002
direct_vs_group_nonadjacent,anzusprechen,2,12,14,0.0227,0.1379,-0.1153,-2.342,8.0647,group,88221,87002
direct_vs_group_nonadjacent,darf,21,43,64,0.238,0.4942,-0.2562,-1.0368,8.0282,group,88221,87002
direct_vs_group_nonadjacent,A,5,18,23,0.0567,0.2069,-0.1502,-1.7701,7.9818,group,88221,87002
direct_vs_group_nonadjacent,Erbrechen,5,18,23,0.0567,0.2069,-0.1502,-1.7701,7.9818,group,88221,87002
direct_vs_group_nonadjacent,Gruppentherapie,5,18,23,0.0567,0.2069,-0.1502,-1.7701,7.9818,group,88221,87002
direct_vs_group_nonadjacent,Nacht,5,18,23,0.0567,0.2069,-0.1502,-1.7701,7.9818,group,88221,87002
direct_vs_group_nonadjacent,Supervision,22,7,29,0.2494,0.0805,0.1689,1.5649,7.9407,direct,88221,87002
direct_vs_group_nonadjacent,die,1363,1203,2566,15.4498,13.8273,1.6226,0.16,7.8811,direct,88221,87002
direct_vs_group_nonadjacent,25mg,3,14,17,0.034,0.1609,-0.1269,-2.0707,7.8769,group,88221,87002
direct_vs_group_nonadjacent,Arzt,3,14,17,0.034,0.1609,-0.1269,-2.0707,7.8769,group,88221,87002
direct_vs_group_nonadjacent,festgelegt,3,14,17,0.034,0.1609,-0.1269,-2.0707,7.8769,group,88221,87002
direct_vs_group_nonadjacent,Kurve,12,2,14,0.136,0.023,0.113,2.3019,7.7864,direct,88221,87002
direct_vs_group_nonadjacent,denkst,12,2,14,0.136,0.023,0.113,2.3019,7.7864,direct,88221,87002
direct_vs_group_nonadjacent,Steigerung,8,23,31,0.0907,0.2644,-0.1737,-1.4872,7.7819,group,88221,87002
direct_vs_group_nonadjacent,Neuaufnahmen,20,6,26,0.2267,0.069,0.1577,1.637,7.7595,direct,88221,87002
direct_vs_group_nonadjacent,bevor,20,6,26,0.2267,0.069,0.1577,1.637,7.7595,direct,88221,87002
direct_vs_group_nonadjacent,besten,30,12,42,0.3401,0.1379,0.2021,1.2668,7.7213,direct,88221,87002
direct_vs_group_nonadjacent,Lieber,42,20,62,0.4761,0.2299,0.2462,1.0318,7.676,direct,88221,87002
direct_vs_group_nonadjacent,in,760,860,1620,8.6147,9.8848,-1.2701,-0.1983,7.6466,group,88221,87002
direct_vs_group_nonadjacent,bestimmt,18,5,23,0.204,0.0575,0.1466,1.7299,7.62,direct,88221,87002
direct_vs_group_nonadjacent,erneut,10,26,36,0.1134,0.2988,-0.1855,-1.3557,7.5903,group,88221,87002
direct_vs_group_nonadjacent,Schirm,14,3,17,0.1587,0.0345,0.1242,2.0306,7.5708,direct,88221,87002
direct_vs_group_nonadjacent,kommen,64,36,100,0.7255,0.4138,0.3117,0.8013,7.561,direct,88221,87002
direct_vs_group_nonadjacent,kommt,68,39,107,0.7708,0.4483,0.3225,0.7742,7.5607,direct,88221,87002
direct_vs_group_nonadjacent,Nein,16,4,20,0.1814,0.046,0.1354,1.8544,7.5438,direct,88221,87002
direct_vs_group_nonadjacent,sehr,231,290,521,2.6184,3.3333,-0.7148,-0.3476,7.5419,group,88221,87002
direct_vs_group_nonadjacent,Abdomen,7,21,28,0.0793,0.2414,-0.162,-1.5394,7.5216,group,88221,87002
direct_vs_group_nonadjacent,Weihnachten,7,21,28,0.0793,0.2414,-0.162,-1.5394,7.5216,group,88221,87002
direct_vs_group_nonadjacent,Sono,12,29,41,0.136,0.3333,-0.1973,-1.2589,7.5046,group,88221,87002
direct_vs_group_nonadjacent,1h,1,9,10,0.0113,0.1034,-0.0921,-2.683,7.4731,group,88221,87002
direct_vs_group_nonadjacent,30mg,1,9,10,0.0113,0.1034,-0.0921,-2.683,7.4731,group,88221,87002
direct_vs_group_nonadjacent,Abgrenzung,1,9,10,0.0113,0.1034,-0.0921,-2.683,7.4731,group,88221,87002
direct_vs_group_nonadjacent,Entscheidungen,1,9,10,0.0113,0.1034,-0.0921,-2.683,7.4731,group,88221,87002
direct_vs_group_nonadjacent,Stuhlgang,1,9,10,0.0113,0.1034,-0.0921,-2.683,7.4731,group,88221,87002
direct_vs_group_nonadjacent,akuten,1,9,10,0.0113,0.1034,-0.0921,-2.683,7.4731,group,88221,87002
direct_vs_group_nonadjacent,geplante,1,9,10,0.0113,0.1034,-0.0921,-2.683,7.4731,group,88221,87002
direct_vs_group_nonadjacent,kamen,1,9,10,0.0113,0.1034,-0.0921,-2.683,7.4731,group,88221,87002
direct_vs_group_nonadjacent,klagt,1,9,10,0.0113,0.1034,-0.0921,-2.683,7.4731,group,88221,87002
direct_vs_group_nonadjacent,medikamentös,1,9,10,0.0113,0.1034,-0.0921,-2.683,7.4731,group,88221,87002
direct_vs_group_nonadjacent,ruhiger,1,9,10,0.0113,0.1034,-0.0921,-2.683,7.4731,group,88221,87002
direct_vs_group_nonadjacent,Überblick,1,9,10,0.0113,0.1034,-0.0921,-2.683,7.4731,group,88221,87002
direct_vs_group_nonadjacent,tatsächlich,23,8,31,0.2607,0.092,0.1688,1.4471,7.3645,direct,88221,87002
direct_vs_group_nonadjacent,berichtete,6,19,25,0.068,0.2184,-0.1504,-1.605,7.2855,group,88221,87002
direct_vs_group_nonadjacent,Arthrose,9,1,10,0.102,0.0115,0.0905,2.6429,7.2505,direct,88221,87002
direct_vs_group_nonadjacent,Chat,9,1,10,0.102,0.0115,0.0905,2.6429,7.2505,direct,88221,87002
direct_vs_group_nonadjacent,ausgefüllt,9,1,10,0.102,0.0115,0.0905,2.6429,7.2505,direct,88221,87002
direct_vs_group_nonadjacent,gehst,9,1,10,0.102,0.0115,0.0905,2.6429,7.2505,direct,88221,87002
direct_vs_group_nonadjacent,habs,9,1,10,0.102,0.0115,0.0905,2.6429,7.2505,direct,88221,87002
direct_vs_group_nonadjacent,mittwoch,9,1,10,0.102,0.0115,0.0905,2.6429,7.2505,direct,88221,87002
direct_vs_group_nonadjacent,tauschen,9,1,10,0.102,0.0115,0.0905,2.6429,7.2505,direct,88221,87002
direct_vs_group_nonadjacent,gefragt,44,22,66,0.4987,0.2529,0.2459,0.9638,7.1726,direct,88221,87002
direct_vs_group_nonadjacent,er,196,249,445,2.2217,2.862,-0.6403,-0.3646,7.0863,group,88221,87002
direct_vs_group_nonadjacent,3h,0,5,5,0.0,0.0575,-0.0575,-3.4795,7.0013,group,88221,87002
direct_vs_group_nonadjacent,AGS,0,5,5,0.0,0.0575,-0.0575,-3.4795,7.0013,group,88221,87002
direct_vs_group_nonadjacent,Abilify,0,5,5,0.0,0.0575,-0.0575,-3.4795,7.0013,group,88221,87002
direct_vs_group_nonadjacent,Abstimmung,0,5,5,0.0,0.0575,-0.0575,-3.4795,7.0013,group,88221,87002
direct_vs_group_nonadjacent,Agnus,0,5,5,0.0,0.0575,-0.0575,-3.4795,7.0013,group,88221,87002
direct_vs_group_nonadjacent,Akzeptanz,0,5,5,0.0,0.0575,-0.0575,-3.4795,7.0013,group,88221,87002
direct_vs_group_nonadjacent,Anhalt,0,5,5,0.0,0.0575,-0.0575,-3.4795,7.0013,group,88221,87002
direct_vs_group_nonadjacent,Ankunft,0,5,5,0.0,0.0575,-0.0575,-3.4795,7.0013,group,88221,87002
direct_vs_group_nonadjacent,Ansatzpunkte,0,5,5,0.0,0.0575,-0.0575,-3.4795,7.0013,group,88221,87002
direct_vs_group_nonadjacent,Ansätzen,0,5,5,0.0,0.0575,-0.0575,-3.4795,7.0013,group,88221,87002
direct_vs_group_nonadjacent,Balance,0,5,5,0.0,0.0575,-0.0575,-3.4795,7.0013,group,88221,87002
direct_vs_group_nonadjacent,Ball,0,5,5,0.0,0.0575,-0.0575,-3.4795,7.0013,group,88221,87002
direct_vs_group_nonadjacent,Begutachtung,0,5,5,0.0,0.0575,-0.0575,-3.4795,7.0013,group,88221,87002
direct_vs_group_nonadjacent,Buprenorphin,0,5,5,0.0,0.0575,-0.0575,-3.4795,7.0013,group,88221,87002
direct_vs_group_nonadjacent,Castus,0,5,5,0.0,0.0575,-0.0575,-3.4795,7.0013,group,88221,87002
direct_vs_group_nonadjacent,Cave,0,5,5,0.0,0.0575,-0.0575,-3.4795,7.0013,group,88221,87002
direct_vs_group_nonadjacent,ES,0,5,5,0.0,0.0575,-0.0575,-3.4795,7.0013,group,88221,87002
direct_vs_group_nonadjacent,Eindrücke,0,5,5,0.0,0.0575,-0.0575,-3.4795,7.0013,group,88221,87002
direct_vs_group_nonadjacent,Einmalgabe,0,5,5,0.0,0.0575,-0.0575,-3.4795,7.0013,group,88221,87002
direct_vs_group_nonadjacent,Einzelzimmer,0,5,5,0.0,0.0575,-0.0575,-3.4795,7.0013,group,88221,87002
direct_vs_group_nonadjacent,Elektrolyt,0,5,5,0.0,0.0575,-0.0575,-3.4795,7.0013,group,88221,87002
direct_vs_group_nonadjacent,Emotion,0,5,5,0.0,0.0575,-0.0575,-3.4795,7.0013,group,88221,87002
direct_vs_group_nonadjacent,Erhält,0,5,5,0.0,0.0575,-0.0575,-3.4795,7.0013,group,88221,87002
direct_vs_group_nonadjacent,Essgruppenraum,0,5,5,0.0,0.0575,-0.0575,-3.4795,7.0013,group,88221,87002
direct_vs_group_nonadjacent,Eure,0,5,5,0.0,0.0575,-0.0575,-3.4795,7.0013,group,88221,87002
direct_vs_group_nonadjacent,Exploration,0,5,5,0.0,0.0575,-0.0575,-3.4795,7.0013,group,88221,87002
direct_vs_group_nonadjacent,Fatigue,0,5,5,0.0,0.0575,-0.0575,-3.4795,7.0013,group,88221,87002
direct_vs_group_nonadjacent,Fraglich,0,5,5,0.0,0.0575,-0.0575,-3.4795,7.0013,group,88221,87002
direct_vs_group_nonadjacent,Freundeskreis,0,5,5,0.0,0.0575,-0.0575,-3.4795,7.0013,group,88221,87002
direct_vs_group_nonadjacent,Frust,0,5,5,0.0,0.0575,-0.0575,-3.4795,7.0013,group,88221,87002
direct_vs_group_nonadjacent,Fühle,0,5,5,0.0,0.0575,-0.0575,-3.4795,7.0013,group,88221,87002
direct_vs_group_nonadjacent,Gesundheitszustand,0,5,5,0.0,0.0575,-0.0575,-3.4795,7.0013,group,88221,87002
direct_vs_group_nonadjacent,Grundsätzlich,0,5,5,0.0,0.0575,-0.0575,-3.4795,7.0013,group,88221,87002
direct_vs_group_nonadjacent,Gymnastikraum,0,5,5,0.0,0.0575,-0.0575,-3.4795,7.0013,group,88221,87002
direct_vs_group_nonadjacent,Infektion,0,5,5,0.0,0.0575,-0.0575,-3.4795,7.0013,group,88221,87002
direct_vs_group_nonadjacent,Instrumente,0,5,5,0.0,0.0575,-0.0575,-3.4795,7.0013,group,88221,87002
direct_vs_group_nonadjacent,Iono,0,5,5,0.0,0.0575,-0.0575,-3.4795,7.0013,group,88221,87002
direct_vs_group_nonadjacent,K+,0,5,5,0.0,0.0575,-0.0575,-3.4795,7.0013,group,88221,87002
direct_vs_group_nonadjacent,Kommunikation,0,5,5,0.0,0.0575,-0.0575,-3.4795,7.0013,group,88221,87002
direct_vs_group_nonadjacent,Kopfschmerz,0,5,5,0.0,0.0575,-0.0575,-3.4795,7.0013,group,88221,87002
direct_vs_group_nonadjacent,Leistungsdruck,0,5,5,0.0,0.0575,-0.0575,-3.4795,7.0013,group,88221,87002
direct_vs_group_nonadjacent,Lenkung,0,5,5,0.0,0.0575,-0.0575,-3.4795,7.0013,group,88221,87002
direct_vs_group_nonadjacent,Luftnot,0,5,5,0.0,0.0575,-0.0575,-3.4795,7.0013,group,88221,87002
direct_vs_group_nonadjacent,Male,0,5,5,0.0,0.0575,-0.0575,-3.4795,7.0013,group,88221,87002
direct_vs_group_nonadjacent,Malen,0,5,5,0.0,0.0575,-0.0575,-3.4795,7.0013,group,88221,87002
direct_vs_group_nonadjacent,Manie,0,5,5,0.0,0.0575,-0.0575,-3.4795,7.0013,group,88221,87002
direct_vs_group_nonadjacent,Materialien,0,5,5,0.0,0.0575,-0.0575,-3.4795,7.0013,group,88221,87002
direct_vs_group_nonadjacent,Misstrauen,0,5,5,0.0,0.0575,-0.0575,-3.4795,7.0013,group,88221,87002
direct_vs_group_nonadjacent,Mönchspfeffer,0,5,5,0.0,0.0575,-0.0575,-3.4795,7.0013,group,88221,87002
direct_vs_group_nonadjacent,Nachtruhe,0,5,5,0.0,0.0575,-0.0575,-3.4795,7.0013,group,88221,87002
direct_vs_group_nonadjacent,Neue,0,5,5,0.0,0.0575,-0.0575,-3.4795,7.0013,group,88221,87002
direct_vs_group_nonadjacent,Orthoton,0,5,5,0.0,0.0575,-0.0575,-3.4795,7.0013,group,88221,87002
direct_vs_group_nonadjacent,PMS,0,5,5,0.0,0.0575,-0.0575,-3.4795,7.0013,group,88221,87002
direct_vs_group_nonadjacent,Pflaster,0,5,5,0.0,0.0575,-0.0575,-3.4795,7.0013,group,88221,87002
direct_vs_group_nonadjacent,Phospat,0,5,5,0.0,0.0575,-0.0575,-3.4795,7.0013,group,88221,87002
direct_vs_group_nonadjacent,Polarisierung,0,5,5,0.0,0.0575,-0.0575,-3.4795,7.0013,group,88221,87002
direct_vs_group_nonadjacent,Psycho,0,5,5,0.0,0.0575,-0.0575,-3.4795,7.0013,group,88221,87002
direct_vs_group_nonadjacent,Soziales,0,5,5,0.0,0.0575,-0.0575,-3.4795,7.0013,group,88221,87002
direct_vs_group_nonadjacent,Strukturen,0,5,5,0.0,0.0575,-0.0575,-3.4795,7.0013,group,88221,87002
direct_vs_group_nonadjacent,Teller,0,5,5,0.0,0.0575,-0.0575,-3.4795,7.0013,group,88221,87002
direct_vs_group_nonadjacent,Toxurin,0,5,5,0.0,0.0575,-0.0575,-3.4795,7.0013,group,88221,87002
direct_vs_group_nonadjacent,Ungeduld,0,5,5,0.0,0.0575,-0.0575,-3.4795,7.0013,group,88221,87002
direct_vs_group_nonadjacent,Verdachtdiagnosen,0,5,5,0.0,0.0575,-0.0575,-3.4795,7.0013,group,88221,87002
direct_vs_group_nonadjacent,Verspannungen,0,5,5,0.0,0.0575,-0.0575,-3.4795,7.0013,group,88221,87002
direct_vs_group_nonadjacent,Werdegang,0,5,5,0.0,0.0575,-0.0575,-3.4795,7.0013,group,88221,87002
direct_vs_group_nonadjacent,Zeichen,0,5,5,0.0,0.0575,-0.0575,-3.4795,7.0013,group,88221,87002
direct_vs_group_nonadjacent,Zimmersituation,0,5,5,0.0,0.0575,-0.0575,-3.4795,7.0013,group,88221,87002
direct_vs_group_nonadjacent,Zuge,0,5,5,0.0,0.0575,-0.0575,-3.4795,7.0013,group,88221,87002
direct_vs_group_nonadjacent,anfangs,0,5,5,0.0,0.0575,-0.0575,-3.4795,7.0013,group,88221,87002
direct_vs_group_nonadjacent,ausgeatmet,0,5,5,0.0,0.0575,-0.0575,-3.4795,7.0013,group,88221,87002
direct_vs_group_nonadjacent,begleiten,0,5,5,0.0,0.0575,-0.0575,-3.4795,7.0013,group,88221,87002
direct_vs_group_nonadjacent,beruhigen,0,5,5,0.0,0.0575,-0.0575,-3.4795,7.0013,group,88221,87002
direct_vs_group_nonadjacent,darstellen,0,5,5,0.0,0.0575,-0.0575,-3.4795,7.0013,group,88221,87002
direct_vs_group_nonadjacent,einsam,0,5,5,0.0,0.0575,-0.0575,-3.4795,7.0013,group,88221,87002
direct_vs_group_nonadjacent,einschl,0,5,5,0.0,0.0575,-0.0575,-3.4795,7.0013,group,88221,87002
direct_vs_group_nonadjacent,empfahl,0,5,5,0.0,0.0575,-0.0575,-3.4795,7.0013,group,88221,87002
direct_vs_group_nonadjacent,engen,0,5,5,0.0,0.0575,-0.0575,-3.4795,7.0013,group,88221,87002
direct_vs_group_nonadjacent,erleben,0,5,5,0.0,0.0575,-0.0575,-3.4795,7.0013,group,88221,87002
direct_vs_group_nonadjacent,fokussiert,0,5,5,0.0,0.0575,-0.0575,-3.4795,7.0013,group,88221,87002
direct_vs_group_nonadjacent,geplanter,0,5,5,0.0,0.0575,-0.0575,-3.4795,7.0013,group,88221,87002
direct_vs_group_nonadjacent,geseufzt,0,5,5,0.0,0.0575,-0.0575,-3.4795,7.0013,group,88221,87002
direct_vs_group_nonadjacent,gestresst,0,5,5,0.0,0.0575,-0.0575,-3.4795,7.0013,group,88221,87002
direct_vs_group_nonadjacent,herrschte,0,5,5,0.0,0.0575,-0.0575,-3.4795,7.0013,group,88221,87002
direct_vs_group_nonadjacent,hiermit,0,5,5,0.0,0.0575,-0.0575,-3.4795,7.0013,group,88221,87002
direct_vs_group_nonadjacent,intensive,0,5,5,0.0,0.0575,-0.0575,-3.4795,7.0013,group,88221,87002
direct_vs_group_nonadjacent,introspektionsfähig,0,5,5,0.0,0.0575,-0.0575,-3.4795,7.0013,group,88221,87002
direct_vs_group_nonadjacent,kreative,0,5,5,0.0,0.0575,-0.0575,-3.4795,7.0013,group,88221,87002
direct_vs_group_nonadjacent,latent,0,5,5,0.0,0.0575,-0.0575,-3.4795,7.0013,group,88221,87002
direct_vs_group_nonadjacent,lösen,0,5,5,0.0,0.0575,-0.0575,-3.4795,7.0013,group,88221,87002
direct_vs_group_nonadjacent,misstrauischen,0,5,5,0.0,0.0575,-0.0575,-3.4795,7.0013,group,88221,87002
direct_vs_group_nonadjacent,oraler,0,5,5,0.0,0.0575,-0.0575,-3.4795,7.0013,group,88221,87002
direct_vs_group_nonadjacent,pausiert,0,5,5,0.0,0.0575,-0.0575,-3.4795,7.0013,group,88221,87002
direct_vs_group_nonadjacent,psychischer,0,5,5,0.0,0.0575,-0.0575,-3.4795,7.0013,group,88221,87002
direct_vs_group_nonadjacent,reger,0,5,5,0.0,0.0575,-0.0575,-3.4795,7.0013,group,88221,87002
direct_vs_group_nonadjacent,resonierte,0,5,5,0.0,0.0575,-0.0575,-3.4795,7.0013,group,88221,87002
direct_vs_group_nonadjacent,schlug,0,5,5,0.0,0.0575,-0.0575,-3.4795,7.0013,group,88221,87002
direct_vs_group_nonadjacent,seitens,0,5,5,0.0,0.0575,-0.0575,-3.4795,7.0013,group,88221,87002
direct_vs_group_nonadjacent,sichtlich,0,5,5,0.0,0.0575,-0.0575,-3.4795,7.0013,group,88221,87002
direct_vs_group_nonadjacent,sinkt,0,5,5,0.0,0.0575,-0.0575,-3.4795,7.0013,group,88221,87002
direct_vs_group_nonadjacent,sortieren,0,5,5,0.0,0.0575,-0.0575,-3.4795,7.0013,group,88221,87002
direct_vs_group_nonadjacent,sprachliche,0,5,5,0.0,0.0575,-0.0575,-3.4795,7.0013,group,88221,87002
direct_vs_group_nonadjacent,sympathisierte,0,5,5,0.0,0.0575,-0.0575,-3.4795,7.0013,group,88221,87002
direct_vs_group_nonadjacent,thorakale,0,5,5,0.0,0.0575,-0.0575,-3.4795,7.0013,group,88221,87002
direct_vs_group_nonadjacent,unangenehm,0,5,5,0.0,0.0575,-0.0575,-3.4795,7.0013,group,88221,87002
direct_vs_group_nonadjacent,verließ,0,5,5,0.0,0.0575,-0.0575,-3.4795,7.0013,group,88221,87002
direct_vs_group_nonadjacent,vorsichtige,0,5,5,0.0,0.0575,-0.0575,-3.4795,7.0013,group,88221,87002
direct_vs_group_nonadjacent,wertschätzende,0,5,5,0.0,0.0575,-0.0575,-3.4795,7.0013,group,88221,87002
direct_vs_group_nonadjacent,zN,0,5,5,0.0,0.0575,-0.0575,-3.4795,7.0013,group,88221,87002
direct_vs_group_nonadjacent,seinen,8,22,30,0.0907,0.2529,-0.1622,-1.4245,6.9902,group,88221,87002
direct_vs_group_nonadjacent,Beratung,2,11,13,0.0227,0.1264,-0.1038,-2.2217,6.9853,group,88221,87002
direct_vs_group_nonadjacent,Hashtag_Fr,2,11,13,0.0227,0.1264,-0.1038,-2.2217,6.9853,group,88221,87002
direct_vs_group_nonadjacent,Tafel,2,11,13,0.0227,0.1264,-0.1038,-2.2217,6.9853,group,88221,87002
direct_vs_group_nonadjacent,mobil,2,11,13,0.0227,0.1264,-0.1038,-2.2217,6.9853,group,88221,87002
direct_vs_group_nonadjacent,offene,2,11,13,0.0227,0.1264,-0.1038,-2.2217,6.9853,group,88221,87002
direct_vs_group_nonadjacent,gern,52,28,80,0.5894,0.3218,0.2676,0.8613,6.982,direct,88221,87002
direct_vs_group_nonadjacent,Adipositas,4,15,19,0.0453,0.1724,-0.1271,-1.8043,6.9367,group,88221,87002
direct_vs_group_nonadjacent,Alltag,4,15,19,0.0453,0.1724,-0.1271,-1.8043,6.9367,group,88221,87002
direct_vs_group_nonadjacent,Anliegen,4,15,19,0.0453,0.1724,-0.1271,-1.8043,6.9367,group,88221,87002
direct_vs_group_nonadjacent,bekannt,4,15,19,0.0453,0.1724,-0.1271,-1.8043,6.9367,group,88221,87002
direct_vs_group_nonadjacent,Leben,3,13,16,0.034,0.1494,-0.1154,-1.9676,6.8781,group,88221,87002
direct_vs_group_nonadjacent,Spaß,3,13,16,0.034,0.1494,-0.1154,-1.9676,6.8781,group,88221,87002
direct_vs_group_nonadjacent,Studentenunterricht,3,13,16,0.034,0.1494,-0.1154,-1.9676,6.8781,group,88221,87002
direct_vs_group_nonadjacent,Wünsche,3,13,16,0.034,0.1494,-0.1154,-1.9676,6.8781,group,88221,87002
direct_vs_group_nonadjacent,Zunahme,3,13,16,0.034,0.1494,-0.1154,-1.9676,6.8781,group,88221,87002
direct_vs_group_nonadjacent,einnehmen,3,13,16,0.034,0.1494,-0.1154,-1.9676,6.8781,group,88221,87002
direct_vs_group_nonadjacent,gefühlt,3,13,16,0.034,0.1494,-0.1154,-1.9676,6.8781,group,88221,87002
direct_vs_group_nonadjacent,suchen,3,13,16,0.034,0.1494,-0.1154,-1.9676,6.8781,group,88221,87002
direct_vs_group_nonadjacent,ACT,5,0,5,0.0567,0.0,0.0567,3.4394,6.8621,direct,88221,87002
direct_vs_group_nonadjacent,Atrophie,5,0,5,0.0567,0.0,0.0567,3.4394,6.8621,direct,88221,87002
direct_vs_group_nonadjacent,Aufnahmegespräch,5,0,5,0.0567,0.0,0.0567,3.4394,6.8621,direct,88221,87002
direct_vs_group_nonadjacent,Bestellung,5,0,5,0.0567,0.0,0.0567,3.4394,6.8621,direct,88221,87002
direct_vs_group_nonadjacent,Fehler,5,0,5,0.0567,0.0,0.0567,3.4394,6.8621,direct,88221,87002
direct_vs_group_nonadjacent,Gang,5,0,5,0.0567,0.0,0.0567,3.4394,6.8621,direct,88221,87002
direct_vs_group_nonadjacent,Gesprächs,5,0,5,0.0567,0.0,0.0567,3.4394,6.8621,direct,88221,87002
direct_vs_group_nonadjacent,Hej,5,0,5,0.0567,0.0,0.0567,3.4394,6.8621,direct,88221,87002
direct_vs_group_nonadjacent,Homeoffice,5,0,5,0.0567,0.0,0.0567,3.4394,6.8621,direct,88221,87002
direct_vs_group_nonadjacent,Interessant,5,0,5,0.0567,0.0,0.0567,3.4394,6.8621,direct,88221,87002
direct_vs_group_nonadjacent,Liegen,5,0,5,0.0567,0.0,0.0567,3.4394,6.8621,direct,88221,87002
direct_vs_group_nonadjacent,Mittw,5,0,5,0.0567,0.0,0.0567,3.4394,6.8621,direct,88221,87002
direct_vs_group_nonadjacent,Sollen,5,0,5,0.0567,0.0,0.0567,3.4394,6.8621,direct,88221,87002
direct_vs_group_nonadjacent,Top,5,0,5,0.0567,0.0,0.0567,3.4394,6.8621,direct,88221,87002
direct_vs_group_nonadjacent,Untergrenze,5,0,5,0.0567,0.0,0.0567,3.4394,6.8621,direct,88221,87002
direct_vs_group_nonadjacent,Zusatznahrung,5,0,5,0.0567,0.0,0.0567,3.4394,6.8621,direct,88221,87002
direct_vs_group_nonadjacent,angezeigt,5,0,5,0.0567,0.0,0.0567,3.4394,6.8621,direct,88221,87002
direct_vs_group_nonadjacent,ausgehändigt,5,0,5,0.0567,0.0,0.0567,3.4394,6.8621,direct,88221,87002
direct_vs_group_nonadjacent,blöd,5,0,5,0.0567,0.0,0.0567,3.4394,6.8621,direct,88221,87002
direct_vs_group_nonadjacent,chaotisch,5,0,5,0.0567,0.0,0.0567,3.4394,6.8621,direct,88221,87002
direct_vs_group_nonadjacent,deines,5,0,5,0.0567,0.0,0.0567,3.4394,6.8621,direct,88221,87002
direct_vs_group_nonadjacent,demnächst,5,0,5,0.0567,0.0,0.0567,3.4394,6.8621,direct,88221,87002
direct_vs_group_nonadjacent,derzeitig,5,0,5,0.0567,0.0,0.0567,3.4394,6.8621,direct,88221,87002
direct_vs_group_nonadjacent,euer,5,0,5,0.0567,0.0,0.0567,3.4394,6.8621,direct,88221,87002
direct_vs_group_nonadjacent,for,5,0,5,0.0567,0.0,0.0567,3.4394,6.8621,direct,88221,87002
direct_vs_group_nonadjacent,haha,5,0,5,0.0567,0.0,0.0567,3.4394,6.8621,direct,88221,87002
direct_vs_group_nonadjacent,joy,5,0,5,0.0567,0.0,0.0567,3.4394,6.8621,direct,88221,87002
direct_vs_group_nonadjacent,klicken,5,0,5,0.0567,0.0,0.0567,3.4394,6.8621,direct,88221,87002
direct_vs_group_nonadjacent,letzteres,5,0,5,0.0567,0.0,0.0567,3.4394,6.8621,direct,88221,87002
direct_vs_group_nonadjacent,nee,5,0,5,0.0567,0.0,0.0567,3.4394,6.8621,direct,88221,87002
direct_vs_group_nonadjacent,rief,5,0,5,0.0567,0.0,0.0567,3.4394,6.8621,direct,88221,87002
direct_vs_group_nonadjacent,unaufällig,5,0,5,0.0567,0.0,0.0567,3.4394,6.8621,direct,88221,87002
direct_vs_group_nonadjacent,versendet,5,0,5,0.0567,0.0,0.0567,3.4394,6.8621,direct,88221,87002
direct_vs_group_nonadjacent,vorbeischauen,5,0,5,0.0567,0.0,0.0567,3.4394,6.8621,direct,88221,87002
direct_vs_group_nonadjacent,vorbereitet,5,0,5,0.0567,0.0,0.0567,3.4394,6.8621,direct,88221,87002
direct_vs_group_nonadjacent,â¢,5,0,5,0.0567,0.0,0.0567,3.4394,6.8621,direct,88221,87002
direct_vs_group_nonadjacent,seit,60,91,151,0.6801,1.046,-0.3658,-0.6169,6.8484,group,88221,87002
direct_vs_group_nonadjacent,könnten,42,21,63,0.4761,0.2414,0.2347,0.9631,6.8466,direct,88221,87002
direct_vs_group_nonadjacent,damit,87,55,142,0.9862,0.6322,0.354,0.6367,6.8352,direct,88221,87002
direct_vs_group_nonadjacent,schaue,17,5,22,0.1927,0.0575,0.1352,1.6498,6.7503,direct,88221,87002
direct_vs_group_nonadjacent,Erinnerung,11,2,13,0.1247,0.023,0.1017,2.1816,6.7348,direct,88221,87002
direct_vs_group_nonadjacent,Feierabend,11,2,13,0.1247,0.023,0.1017,2.1816,6.7348,direct,88221,87002
direct_vs_group_nonadjacent,Mattermost,11,2,13,0.1247,0.023,0.1017,2.1816,6.7348,direct,88221,87002
direct_vs_group_nonadjacent,unten,11,2,13,0.1247,0.023,0.1017,2.1816,6.7348,direct,88221,87002
direct_vs_group_nonadjacent,unterschreiben,11,2,13,0.1247,0.023,0.1017,2.1816,6.7348,direct,88221,87002
direct_vs_group_nonadjacent,BZ,7,20,27,0.0793,0.2299,-0.1505,-1.4707,6.709,group,88221,87002
direct_vs_group_nonadjacent,belastet,7,20,27,0.0793,0.2299,-0.1505,-1.4707,6.709,group,88221,87002
direct_vs_group_nonadjacent,Hatte,15,4,19,0.17,0.046,0.1241,1.7642,6.6306,direct,88221,87002
direct_vs_group_nonadjacent,Praktikantin,15,4,19,0.17,0.046,0.1241,1.7642,6.6306,direct,88221,87002
direct_vs_group_nonadjacent,heißt,15,4,19,0.17,0.046,0.1241,1.7642,6.6306,direct,88221,87002
direct_vs_group_nonadjacent,lass,15,4,19,0.17,0.046,0.1241,1.7642,6.6306,direct,88221,87002
direct_vs_group_nonadjacent,Ach,13,3,16,0.1474,0.0345,0.1129,1.9275,6.5999,direct,88221,87002
direct_vs_group_nonadjacent,Anmeldung,13,3,16,0.1474,0.0345,0.1129,1.9275,6.5999,direct,88221,87002
direct_vs_group_nonadjacent,Lust,13,3,16,0.1474,0.0345,0.1129,1.9275,6.5999,direct,88221,87002
direct_vs_group_nonadjacent,TSH,13,3,16,0.1474,0.0345,0.1129,1.9275,6.5999,direct,88221,87002
direct_vs_group_nonadjacent,sweat_smile,13,3,16,0.1474,0.0345,0.1129,1.9275,6.5999,direct,88221,87002
direct_vs_group_nonadjacent,der,1044,1149,2193,11.8339,13.2066,-1.3727,-0.1583,6.5964,group,88221,87002
direct_vs_group_nonadjacent,Ist,40,20,60,0.4534,0.2299,0.2235,0.9622,6.5206,direct,88221,87002
direct_vs_group_nonadjacent,essen,40,20,60,0.4534,0.2299,0.2235,0.9622,6.5206,direct,88221,87002
direct_vs_group_nonadjacent,ihr,422,346,768,4.7834,3.9769,0.8065,0.266,6.5129,direct,88221,87002
direct_vs_group_nonadjacent,Fresubin,55,31,86,0.6234,0.3563,0.2671,0.7971,6.4577,direct,88221,87002
direct_vs_group_nonadjacent,Freitag,77,110,187,0.8728,1.2643,-0.3915,-0.5319,6.3223,group,88221,87002
direct_vs_group_nonadjacent,sie,1059,933,1992,12.0039,10.7239,1.2801,0.1626,6.3185,direct,88221,87002
direct_vs_group_nonadjacent,AP,1,8,9,0.0113,0.092,-0.0806,-2.5226,6.2955,group,88221,87002
direct_vs_group_nonadjacent,Beine,1,8,9,0.0113,0.092,-0.0806,-2.5226,6.2955,group,88221,87002
direct_vs_group_nonadjacent,Gesprächstherapiegruppe,1,8,9,0.0113,0.092,-0.0806,-2.5226,6.2955,group,88221,87002
direct_vs_group_nonadjacent,Konflikte,1,8,9,0.0113,0.092,-0.0806,-2.5226,6.2955,group,88221,87002
direct_vs_group_nonadjacent,Krankheitskonzept,1,8,9,0.0113,0.092,-0.0806,-2.5226,6.2955,group,88221,87002
direct_vs_group_nonadjacent,Musik,1,8,9,0.0113,0.092,-0.0806,-2.5226,6.2955,group,88221,87002
direct_vs_group_nonadjacent,Veränderungen,1,8,9,0.0113,0.092,-0.0806,-2.5226,6.2955,group,88221,87002
direct_vs_group_nonadjacent,ausführliche,1,8,9,0.0113,0.092,-0.0806,-2.5226,6.2955,group,88221,87002
direct_vs_group_nonadjacent,bedingt,1,8,9,0.0113,0.092,-0.0806,-2.5226,6.2955,group,88221,87002
direct_vs_group_nonadjacent,bekannte,1,8,9,0.0113,0.092,-0.0806,-2.5226,6.2955,group,88221,87002
direct_vs_group_nonadjacent,deutliche,1,8,9,0.0113,0.092,-0.0806,-2.5226,6.2955,group,88221,87002
direct_vs_group_nonadjacent,dosiert,1,8,9,0.0113,0.092,-0.0806,-2.5226,6.2955,group,88221,87002
direct_vs_group_nonadjacent,erlaubt,1,8,9,0.0113,0.092,-0.0806,-2.5226,6.2955,group,88221,87002
direct_vs_group_nonadjacent,parallel,1,8,9,0.0113,0.092,-0.0806,-2.5226,6.2955,group,88221,87002
direct_vs_group_nonadjacent,seines,1,8,9,0.0113,0.092,-0.0806,-2.5226,6.2955,group,88221,87002
direct_vs_group_nonadjacent,sozialen,1,8,9,0.0113,0.092,-0.0806,-2.5226,6.2955,group,88221,87002
direct_vs_group_nonadjacent,vmtl,1,8,9,0.0113,0.092,-0.0806,-2.5226,6.2955,group,88221,87002
direct_vs_group_nonadjacent,3,53,81,134,0.6008,0.931,-0.3302,-0.6273,6.2902,group,88221,87002
direct_vs_group_nonadjacent,Wer,5,16,21,0.0567,0.1839,-0.1272,-1.605,6.2135,group,88221,87002
direct_vs_group_nonadjacent,Ziele,5,16,21,0.0567,0.1839,-0.1272,-1.605,6.2135,group,88221,87002
direct_vs_group_nonadjacent,man,70,43,113,0.7935,0.4942,0.2992,0.6765,6.144,direct,88221,87002
direct_vs_group_nonadjacent,16,19,37,56,0.2154,0.4253,-0.2099,-0.9635,6.1429,group,88221,87002
direct_vs_group_nonadjacent,Forticreme,8,1,9,0.0907,0.0115,0.0792,2.4824,6.1007,direct,88221,87002
direct_vs_group_nonadjacent,Lg,8,1,9,0.0907,0.0115,0.0792,2.4824,6.1007,direct,88221,87002
direct_vs_group_nonadjacent,Statin,8,1,9,0.0907,0.0115,0.0792,2.4824,6.1007,direct,88221,87002
direct_vs_group_nonadjacent,welchen,8,1,9,0.0907,0.0115,0.0792,2.4824,6.1007,direct,88221,87002
direct_vs_group_nonadjacent,kam,28,49,77,0.3174,0.5632,-0.2458,-0.8165,6.0964,group,88221,87002
direct_vs_group_nonadjacent,Bereich,39,63,102,0.4421,0.7241,-0.282,-0.705,6.0392,group,88221,87002
direct_vs_group_nonadjacent,BEs,4,14,18,0.0453,0.1609,-0.1156,-1.7081,6.0239,group,88221,87002
direct_vs_group_nonadjacent,Sertralin,4,14,18,0.0453,0.1609,-0.1156,-1.7081,6.0239,group,88221,87002
direct_vs_group_nonadjacent,vorerst,4,14,18,0.0453,0.1609,-0.1156,-1.7081,6.0239,group,88221,87002
direct_vs_group_nonadjacent,Aufenthalt,17,34,51,0.1927,0.3908,-0.1981,-0.9993,6.0156,group,88221,87002
direct_vs_group_nonadjacent,zwischen,17,34,51,0.1927,0.3908,-0.1981,-0.9993,6.0156,group,88221,87002
direct_vs_group_nonadjacent,macht,54,31,85,0.6121,0.3563,0.2558,0.7708,5.9859,direct,88221,87002
direct_vs_group_nonadjacent,ohne,29,50,79,0.3287,0.5747,-0.246,-0.7956,5.946,group,88221,87002
direct_vs_group_nonadjacent,Erkrankung,2,10,12,0.0227,0.1149,-0.0923,-2.0905,5.934,group,88221,87002
direct_vs_group_nonadjacent,KomBew,2,10,12,0.0227,0.1149,-0.0923,-2.0905,5.934,group,88221,87002
direct_vs_group_nonadjacent,Lebertransplantation,2,10,12,0.0227,0.1149,-0.0923,-2.0905,5.934,group,88221,87002
direct_vs_group_nonadjacent,Risiko,2,10,12,0.0227,0.1149,-0.0923,-2.0905,5.934,group,88221,87002
direct_vs_group_nonadjacent,Transaminasen,2,10,12,0.0227,0.1149,-0.0923,-2.0905,5.934,group,88221,87002
direct_vs_group_nonadjacent,angekündigt,2,10,12,0.0227,0.1149,-0.0923,-2.0905,5.934,group,88221,87002
direct_vs_group_nonadjacent,miteinander,2,10,12,0.0227,0.1149,-0.0923,-2.0905,5.934,group,88221,87002
direct_vs_group_nonadjacent,probieren,2,10,12,0.0227,0.1149,-0.0923,-2.0905,5.934,group,88221,87002
direct_vs_group_nonadjacent,Übungen,2,10,12,0.0227,0.1149,-0.0923,-2.0905,5.934,group,88221,87002
direct_vs_group_nonadjacent,könnte,108,74,182,1.2242,0.8506,0.3736,0.5223,5.9249,direct,88221,87002
direct_vs_group_nonadjacent,Nahrung,7,19,26,0.0793,0.2184,-0.139,-1.3986,5.9223,group,88221,87002
direct_vs_group_nonadjacent,erhalten,7,19,26,0.0793,0.2184,-0.139,-1.3986,5.9223,group,88221,87002
direct_vs_group_nonadjacent,leicht,7,19,26,0.0793,0.2184,-0.139,-1.3986,5.9223,group,88221,87002
direct_vs_group_nonadjacent,Krea,3,12,15,0.034,0.1379,-0.1039,-1.8566,5.9083,group,88221,87002
direct_vs_group_nonadjacent,Kurze,3,12,15,0.034,0.1379,-0.1039,-1.8566,5.9083,group,88221,87002
direct_vs_group_nonadjacent,Leitungsvisite,3,12,15,0.034,0.1379,-0.1039,-1.8566,5.9083,group,88221,87002
direct_vs_group_nonadjacent,Mann,3,12,15,0.034,0.1379,-0.1039,-1.8566,5.9083,group,88221,87002
direct_vs_group_nonadjacent,Therapien,3,12,15,0.034,0.1379,-0.1039,-1.8566,5.9083,group,88221,87002
direct_vs_group_nonadjacent,bringen,3,12,15,0.034,0.1379,-0.1039,-1.8566,5.9083,group,88221,87002
direct_vs_group_nonadjacent,schönes,16,5,21,0.1814,0.0575,0.1239,1.5649,5.9074,direct,88221,87002
direct_vs_group_nonadjacent,total,16,5,21,0.1814,0.0575,0.1239,1.5649,5.9074,direct,88221,87002
direct_vs_group_nonadjacent,vereinbaren,16,5,21,0.1814,0.0575,0.1239,1.5649,5.9074,direct,88221,87002
direct_vs_group_nonadjacent,steht,43,23,66,0.4874,0.2644,0.2231,0.8683,5.8819,direct,88221,87002
direct_vs_group_nonadjacent,keine,132,172,304,1.4962,1.977,-0.4807,-0.4007,5.8497,group,88221,87002
direct_vs_group_nonadjacent,Sie,148,190,338,1.6776,2.1839,-0.5063,-0.3794,5.8332,group,88221,87002
direct_vs_group_nonadjacent,musste,9,22,31,0.102,0.2529,-0.1509,-1.264,5.8062,group,88221,87002
direct_vs_group_nonadjacent,eine,441,367,808,4.9988,4.2183,0.7805,0.2446,5.7962,direct,88221,87002
direct_vs_group_nonadjacent,vertreten,18,35,53,0.204,0.4023,-0.1983,-0.9604,5.7895,group,88221,87002
direct_vs_group_nonadjacent,achten,11,25,36,0.1247,0.2873,-0.1627,-1.1689,5.7873,group,88221,87002
direct_vs_group_nonadjacent,Screening,24,10,34,0.272,0.1149,0.1571,1.2023,5.7466,direct,88221,87002
direct_vs_group_nonadjacent,hin,24,10,34,0.272,0.1149,0.1571,1.2023,5.7466,direct,88221,87002
direct_vs_group_nonadjacent,schönen,14,4,18,0.1587,0.046,0.1127,1.668,5.7456,direct,88221,87002
direct_vs_group_nonadjacent,umsetzen,14,4,18,0.1587,0.046,0.1127,1.668,5.7456,direct,88221,87002
direct_vs_group_nonadjacent,leider,111,77,188,1.2582,0.885,0.3732,0.5047,5.7189,direct,88221,87002
direct_vs_group_nonadjacent,Gelegenheit,10,2,12,0.1134,0.023,0.0904,2.0503,5.7113,direct,88221,87002
direct_vs_group_nonadjacent,Oh,10,2,12,0.1134,0.023,0.0904,2.0503,5.7113,direct,88221,87002
direct_vs_group_nonadjacent,dringend,10,2,12,0.1134,0.023,0.0904,2.0503,5.7113,direct,88221,87002
direct_vs_group_nonadjacent,reicht,10,2,12,0.1134,0.023,0.0904,2.0503,5.7113,direct,88221,87002
direct_vs_group_nonadjacent,tut,10,2,12,0.1134,0.023,0.0904,2.0503,5.7113,direct,88221,87002
direct_vs_group_nonadjacent,EB,12,3,15,0.136,0.0345,0.1015,1.8164,5.6578,direct,88221,87002
direct_vs_group_nonadjacent,Kapazitäten,12,3,15,0.136,0.0345,0.1015,1.8164,5.6578,direct,88221,87002
direct_vs_group_nonadjacent,angerufen,12,3,15,0.136,0.0345,0.1015,1.8164,5.6578,direct,88221,87002
direct_vs_group_nonadjacent,jeweils,6,17,23,0.068,0.1954,-0.1274,-1.4489,5.6366,group,88221,87002
direct_vs_group_nonadjacent,Gewicht,80,52,132,0.9068,0.5977,0.3091,0.5966,5.6016,direct,88221,87002
direct_vs_group_nonadjacent,112,0,4,4,0.0,0.046,-0.046,-3.19,5.601,group,88221,87002
direct_vs_group_nonadjacent,1mg,0,4,4,0.0,0.046,-0.046,-3.19,5.601,group,88221,87002
direct_vs_group_nonadjacent,220/90mmHg,0,4,4,0.0,0.046,-0.046,-3.19,5.601,group,88221,87002
direct_vs_group_nonadjacent,2GefäßKHK,0,4,4,0.0,0.046,-0.046,-3.19,5.601,group,88221,87002
direct_vs_group_nonadjacent,2h,0,4,4,0.0,0.046,-0.046,-3.19,5.601,group,88221,87002
direct_vs_group_nonadjacent,32a,0,4,4,0.0,0.046,-0.046,-3.19,5.601,group,88221,87002
direct_vs_group_nonadjacent,32b,0,4,4,0.0,0.046,-0.046,-3.19,5.601,group,88221,87002
direct_vs_group_nonadjacent,5jähriger,0,4,4,0.0,0.046,-0.046,-3.19,5.601,group,88221,87002
direct_vs_group_nonadjacent,788,0,4,4,0.0,0.046,-0.046,-3.19,5.601,group,88221,87002
direct_vs_group_nonadjacent,788917847,0,4,4,0.0,0.046,-0.046,-3.19,5.601,group,88221,87002
direct_vs_group_nonadjacent,80%,0,4,4,0.0,0.046,-0.046,-3.19,5.601,group,88221,87002
direct_vs_group_nonadjacent,847,0,4,4,0.0,0.046,-0.046,-3.19,5.601,group,88221,87002
direct_vs_group_nonadjacent,85%,0,4,4,0.0,0.046,-0.046,-3.19,5.601,group,88221,87002
direct_vs_group_nonadjacent,917,0,4,4,0.0,0.046,-0.046,-3.19,5.601,group,88221,87002
direct_vs_group_nonadjacent,98%,0,4,4,0.0,0.046,-0.046,-3.19,5.601,group,88221,87002
direct_vs_group_nonadjacent,AEG1,0,4,4,0.0,0.046,-0.046,-3.19,5.601,group,88221,87002
direct_vs_group_nonadjacent,Allgemeinsymtomatik,0,4,4,0.0,0.046,-0.046,-3.19,5.601,group,88221,87002
direct_vs_group_nonadjacent,Anderen,0,4,4,0.0,0.046,-0.046,-3.19,5.601,group,88221,87002
direct_vs_group_nonadjacent,Anfangsrunde,0,4,4,0.0,0.046,-0.046,-3.19,5.601,group,88221,87002
direct_vs_group_nonadjacent,Angehörigen,0,4,4,0.0,0.046,-0.046,-3.19,5.601,group,88221,87002
direct_vs_group_nonadjacent,Ansprechen,0,4,4,0.0,0.046,-0.046,-3.19,5.601,group,88221,87002
direct_vs_group_nonadjacent,Ansprechpersonen,0,4,4,0.0,0.046,-0.046,-3.19,5.601,group,88221,87002
direct_vs_group_nonadjacent,Archivierung,0,4,4,0.0,0.046,-0.046,-3.19,5.601,group,88221,87002
direct_vs_group_nonadjacent,Arcoxia,0,4,4,0.0,0.046,-0.046,-3.19,5.601,group,88221,87002
direct_vs_group_nonadjacent,Atosiltropfen,0,4,4,0.0,0.046,-0.046,-3.19,5.601,group,88221,87002
direct_vs_group_nonadjacent,Audio,0,4,4,0.0,0.046,-0.046,-3.19,5.601,group,88221,87002
direct_vs_group_nonadjacent,Auszug,0,4,4,0.0,0.046,-0.046,-3.19,5.601,group,88221,87002
direct_vs_group_nonadjacent,BDI,0,4,4,0.0,0.046,-0.046,-3.19,5.601,group,88221,87002
direct_vs_group_nonadjacent,Bearbeitung,0,4,4,0.0,0.046,-0.046,-3.19,5.601,group,88221,87002
direct_vs_group_nonadjacent,Behandlerwechsel,0,4,4,0.0,0.046,-0.046,-3.19,5.601,group,88221,87002
direct_vs_group_nonadjacent,Beschützerrolle,0,4,4,0.0,0.046,-0.046,-3.19,5.601,group,88221,87002
direct_vs_group_nonadjacent,Besprechungsoptionen,0,4,4,0.0,0.046,-0.046,-3.19,5.601,group,88221,87002
direct_vs_group_nonadjacent,Bewegungsstörung,0,4,4,0.0,0.046,-0.046,-3.19,5.601,group,88221,87002
direct_vs_group_nonadjacent,Bipolar,0,4,4,0.0,0.046,-0.046,-3.19,5.601,group,88221,87002
direct_vs_group_nonadjacent,Blutentnahmen,0,4,4,0.0,0.046,-0.046,-3.19,5.601,group,88221,87002
direct_vs_group_nonadjacent,Carotiden,0,4,4,0.0,0.046,-0.046,-3.19,5.601,group,88221,87002
direct_vs_group_nonadjacent,Chance,0,4,4,0.0,0.046,-0.046,-3.19,5.601,group,88221,87002
direct_vs_group_nonadjacent,Chemo,0,4,4,0.0,0.046,-0.046,-3.19,5.601,group,88221,87002
direct_vs_group_nonadjacent,Colitis,0,4,4,0.0,0.046,-0.046,-3.19,5.601,group,88221,87002
direct_vs_group_nonadjacent,Computer,0,4,4,0.0,0.046,-0.046,-3.19,5.601,group,88221,87002
direct_vs_group_nonadjacent,Ding,0,4,4,0.0,0.046,-0.046,-3.19,5.601,group,88221,87002
direct_vs_group_nonadjacent,Doppler,0,4,4,0.0,0.046,-0.046,-3.19,5.601,group,88221,87002
direct_vs_group_nonadjacent,Dosisfindung,0,4,4,0.0,0.046,-0.046,-3.19,5.601,group,88221,87002
direct_vs_group_nonadjacent,Ehrlichkeit,0,4,4,0.0,0.046,-0.046,-3.19,5.601,group,88221,87002
direct_vs_group_nonadjacent,Eingangsrunde,0,4,4,0.0,0.046,-0.046,-3.19,5.601,group,88221,87002
direct_vs_group_nonadjacent,Elyte,0,4,4,0.0,0.046,-0.046,-3.19,5.601,group,88221,87002
direct_vs_group_nonadjacent,Endosono,0,4,4,0.0,0.046,-0.046,-3.19,5.601,group,88221,87002
direct_vs_group_nonadjacent,Entzügigkeit,0,4,4,0.0,0.046,-0.046,-3.19,5.601,group,88221,87002
direct_vs_group_nonadjacent,Epilepsie,0,4,4,0.0,0.046,-0.046,-3.19,5.601,group,88221,87002
direct_vs_group_nonadjacent,Erkältungssymptomatik,0,4,4,0.0,0.046,-0.046,-3.19,5.601,group,88221,87002
direct_vs_group_nonadjacent,Fazit,0,4,4,0.0,0.046,-0.046,-3.19,5.601,group,88221,87002
direct_vs_group_nonadjacent,Feuerwerk,0,4,4,0.0,0.046,-0.046,-3.19,5.601,group,88221,87002
direct_vs_group_nonadjacent,Frührentnerin,0,4,4,0.0,0.046,-0.046,-3.19,5.601,group,88221,87002
direct_vs_group_nonadjacent,G,0,4,4,0.0,0.046,-0.046,-3.19,5.601,group,88221,87002
direct_vs_group_nonadjacent,Gegenstand,0,4,4,0.0,0.046,-0.046,-3.19,5.601,group,88221,87002
direct_vs_group_nonadjacent,Germany,0,4,4,0.0,0.046,-0.046,-3.19,5.601,group,88221,87002
direct_vs_group_nonadjacent,Gesamtzustandes,0,4,4,0.0,0.046,-0.046,-3.19,5.601,group,88221,87002
direct_vs_group_nonadjacent,Gruppenmitgliedern,0,4,4,0.0,0.046,-0.046,-3.19,5.601,group,88221,87002
direct_vs_group_nonadjacent,HAP,0,4,4,0.0,0.046,-0.046,-3.19,5.601,group,88221,87002
direct_vs_group_nonadjacent,Hashtag_GT_Diagnostik,0,4,4,0.0,0.046,-0.046,-3.19,5.601,group,88221,87002
direct_vs_group_nonadjacent,Herzenzyme,0,4,4,0.0,0.046,-0.046,-3.19,5.601,group,88221,87002
direct_vs_group_nonadjacent,Hypotonie,0,4,4,0.0,0.046,-0.046,-3.19,5.601,group,88221,87002
direct_vs_group_nonadjacent,Hände,0,4,4,0.0,0.046,-0.046,-3.19,5.601,group,88221,87002
direct_vs_group_nonadjacent,Häufung,0,4,4,0.0,0.046,-0.046,-3.19,5.601,group,88221,87002
direct_vs_group_nonadjacent,ID,0,4,4,0.0,0.046,-0.046,-3.19,5.601,group,88221,87002
direct_vs_group_nonadjacent,Ihrem,0,4,4,0.0,0.046,-0.046,-3.19,5.601,group,88221,87002
direct_vs_group_nonadjacent,Insuffizienz,0,4,4,0.0,0.046,-0.046,-3.19,5.601,group,88221,87002
direct_vs_group_nonadjacent,Intellektualisierung,0,4,4,0.0,0.046,-0.046,-3.19,5.601,group,88221,87002
direct_vs_group_nonadjacent,Jemand,0,4,4,0.0,0.046,-0.046,-3.19,5.601,group,88221,87002
direct_vs_group_nonadjacent,KEIN,0,4,4,0.0,0.046,-0.046,-3.19,5.601,group,88221,87002
direct_vs_group_nonadjacent,Kanälen,0,4,4,0.0,0.046,-0.046,-3.19,5.601,group,88221,87002
direct_vs_group_nonadjacent,Kissen,0,4,4,0.0,0.046,-0.046,-3.19,5.601,group,88221,87002
direct_vs_group_nonadjacent,Klavier,0,4,4,0.0,0.046,-0.046,-3.19,5.601,group,88221,87002
direct_vs_group_nonadjacent,Klicken,0,4,4,0.0,0.046,-0.046,-3.19,5.601,group,88221,87002
direct_vs_group_nonadjacent,Knieprobleme,0,4,4,0.0,0.046,-0.046,-3.19,5.601,group,88221,87002
direct_vs_group_nonadjacent,Kraft,0,4,4,0.0,0.046,-0.046,-3.19,5.601,group,88221,87002
direct_vs_group_nonadjacent,Lokale,0,4,4,0.0,0.046,-0.046,-3.19,5.601,group,88221,87002
direct_vs_group_nonadjacent,Magenhochzug,0,4,4,0.0,0.046,-0.046,-3.19,5.601,group,88221,87002
direct_vs_group_nonadjacent,Material,0,4,4,0.0,0.046,-0.046,-3.19,5.601,group,88221,87002
direct_vs_group_nonadjacent,Mehr,0,4,4,0.0,0.046,-0.046,-3.19,5.601,group,88221,87002
direct_vs_group_nonadjacent,Nachweis,0,4,4,0.0,0.046,-0.046,-3.19,5.601,group,88221,87002
direct_vs_group_nonadjacent,Nehmen,0,4,4,0.0,0.046,-0.046,-3.19,5.601,group,88221,87002
direct_vs_group_nonadjacent,Nephro,0,4,4,0.0,0.046,-0.046,-3.19,5.601,group,88221,87002
direct_vs_group_nonadjacent,Nichte,0,4,4,0.0,0.046,-0.046,-3.19,5.601,group,88221,87002
direct_vs_group_nonadjacent,Nichterreichen,0,4,4,0.0,0.046,-0.046,-3.19,5.601,group,88221,87002
direct_vs_group_nonadjacent,Nitraten,0,4,4,0.0,0.046,-0.046,-3.19,5.601,group,88221,87002
direct_vs_group_nonadjacent,Notfall,0,4,4,0.0,0.046,-0.046,-3.19,5.601,group,88221,87002
direct_vs_group_nonadjacent,Oberärztin,0,4,4,0.0,0.046,-0.046,-3.19,5.601,group,88221,87002
direct_vs_group_nonadjacent,Orientierende,0,4,4,0.0,0.046,-0.046,-3.19,5.601,group,88221,87002
direct_vs_group_nonadjacent,Orientierung,0,4,4,0.0,0.046,-0.046,-3.19,5.601,group,88221,87002
direct_vs_group_nonadjacent,Orientierungslosigkeit,0,4,4,0.0,0.046,-0.046,-3.19,5.601,group,88221,87002
direct_vs_group_nonadjacent,Oxycodonentzug,0,4,4,0.0,0.046,-0.046,-3.19,5.601,group,88221,87002
direct_vs_group_nonadjacent,PHQ,0,4,4,0.0,0.046,-0.046,-3.19,5.601,group,88221,87002
direct_vs_group_nonadjacent,PIN,0,4,4,0.0,0.046,-0.046,-3.19,5.601,group,88221,87002
direct_vs_group_nonadjacent,Plasmaproteinbindung,0,4,4,0.0,0.046,-0.046,-3.19,5.601,group,88221,87002
direct_vs_group_nonadjacent,Plasmaproteinbindungskapazität,0,4,4,0.0,0.046,-0.046,-3.19,5.601,group,88221,87002
direct_vs_group_nonadjacent,Plasmaspiegelbestimmungen,0,4,4,0.0,0.046,-0.046,-3.19,5.601,group,88221,87002
direct_vs_group_nonadjacent,Praktikanten,0,4,4,0.0,0.046,-0.046,-3.19,5.601,group,88221,87002
direct_vs_group_nonadjacent,Problemfelder,0,4,4,0.0,0.046,-0.046,-3.19,5.601,group,88221,87002
direct_vs_group_nonadjacent,Profitiere,0,4,4,0.0,0.046,-0.046,-3.19,5.601,group,88221,87002
direct_vs_group_nonadjacent,Pulsoxy,0,4,4,0.0,0.046,-0.046,-3.19,5.601,group,88221,87002
direct_vs_group_nonadjacent,Rückblick,0,4,4,0.0,0.046,-0.046,-3.19,5.601,group,88221,87002
direct_vs_group_nonadjacent,Rücken,0,4,4,0.0,0.046,-0.046,-3.19,5.601,group,88221,87002
direct_vs_group_nonadjacent,SZ,0,4,4,0.0,0.046,-0.046,-3.19,5.601,group,88221,87002
direct_vs_group_nonadjacent,Samstagnacht,0,4,4,0.0,0.046,-0.046,-3.19,5.601,group,88221,87002
direct_vs_group_nonadjacent,Schlaflosigkeit,0,4,4,0.0,0.046,-0.046,-3.19,5.601,group,88221,87002
direct_vs_group_nonadjacent,Schlafmedikation,0,4,4,0.0,0.046,-0.046,-3.19,5.601,group,88221,87002
direct_vs_group_nonadjacent,Schlafstörungen,0,4,4,0.0,0.046,-0.046,-3.19,5.601,group,88221,87002
direct_vs_group_nonadjacent,Schmerzmed,0,4,4,0.0,0.046,-0.046,-3.19,5.601,group,88221,87002
direct_vs_group_nonadjacent,Schwangerschaft,0,4,4,0.0,0.046,-0.046,-3.19,5.601,group,88221,87002
direct_vs_group_nonadjacent,SigmaCA,0,4,4,0.0,0.046,-0.046,-3.19,5.601,group,88221,87002
direct_vs_group_nonadjacent,Sofa,0,4,4,0.0,0.046,-0.046,-3.19,5.601,group,88221,87002
direct_vs_group_nonadjacent,Soz,0,4,4,0.0,0.046,-0.046,-3.19,5.601,group,88221,87002
direct_vs_group_nonadjacent,Spironolacton,0,4,4,0.0,0.046,-0.046,-3.19,5.601,group,88221,87002
direct_vs_group_nonadjacent,Spitze,0,4,4,0.0,0.046,-0.046,-3.19,5.601,group,88221,87002
direct_vs_group_nonadjacent,Sprache,0,4,4,0.0,0.046,-0.046,-3.19,5.601,group,88221,87002
direct_vs_group_nonadjacent,Sprachstörung,0,4,4,0.0,0.046,-0.046,-3.19,5.601,group,88221,87002
direct_vs_group_nonadjacent,Sprachstörung/,0,4,4,0.0,0.046,-0.046,-3.19,5.601,group,88221,87002
direct_vs_group_nonadjacent,Stenosen,0,4,4,0.0,0.046,-0.046,-3.19,5.601,group,88221,87002
direct_vs_group_nonadjacent,Strickwolle,0,4,4,0.0,0.046,-0.046,-3.19,5.601,group,88221,87002
direct_vs_group_nonadjacent,Substanzen,0,4,4,0.0,0.046,-0.046,-3.19,5.601,group,88221,87002
direct_vs_group_nonadjacent,Sucht,0,4,4,0.0,0.046,-0.046,-3.19,5.601,group,88221,87002
direct_vs_group_nonadjacent,Suizidintentionen,0,4,4,0.0,0.046,-0.046,-3.19,5.601,group,88221,87002
direct_vs_group_nonadjacent,Suizidversuch,0,4,4,0.0,0.046,-0.046,-3.19,5.601,group,88221,87002
direct_vs_group_nonadjacent,TN,0,4,4,0.0,0.046,-0.046,-3.19,5.601,group,88221,87002
direct_vs_group_nonadjacent,TVT,0,4,4,0.0,0.046,-0.046,-3.19,5.601,group,88221,87002
direct_vs_group_nonadjacent,Tagesmüdigkeit,0,4,4,0.0,0.046,-0.046,-3.19,5.601,group,88221,87002
direct_vs_group_nonadjacent,Tee,0,4,4,0.0,0.046,-0.046,-3.19,5.601,group,88221,87002
direct_vs_group_nonadjacent,Telefonkonferenz,0,4,4,0.0,0.046,-0.046,-3.19,5.601,group,88221,87002
direct_vs_group_nonadjacent,Thematisiert,0,4,4,0.0,0.046,-0.046,-3.19,5.601,group,88221,87002
direct_vs_group_nonadjacent,Tools,0,4,4,0.0,0.046,-0.046,-3.19,5.601,group,88221,87002
direct_vs_group_nonadjacent,Tremor,0,4,4,0.0,0.046,-0.046,-3.19,5.601,group,88221,87002
direct_vs_group_nonadjacent,Trimipramin,0,4,4,0.0,0.046,-0.046,-3.19,5.601,group,88221,87002
direct_vs_group_nonadjacent,Trinkmenge,0,4,4,0.0,0.046,-0.046,-3.19,5.601,group,88221,87002
direct_vs_group_nonadjacent,Trinknahrung,0,4,4,0.0,0.046,-0.046,-3.19,5.601,group,88221,87002
direct_vs_group_nonadjacent,Trizyclika,0,4,4,0.0,0.046,-0.046,-3.19,5.601,group,88221,87002
direct_vs_group_nonadjacent,Tumor,0,4,4,0.0,0.046,-0.046,-3.19,5.601,group,88221,87002
direct_vs_group_nonadjacent,UE,0,4,4,0.0,0.046,-0.046,-3.19,5.601,group,88221,87002
direct_vs_group_nonadjacent,Unbehagen,0,4,4,0.0,0.046,-0.046,-3.19,5.601,group,88221,87002
direct_vs_group_nonadjacent,Unsicherheit,0,4,4,0.0,0.046,-0.046,-3.19,5.601,group,88221,87002
direct_vs_group_nonadjacent,VE,0,4,4,0.0,0.046,-0.046,-3.19,5.601,group,88221,87002
direct_vs_group_nonadjacent,Videospiele,0,4,4,0.0,0.046,-0.046,-3.19,5.601,group,88221,87002
direct_vs_group_nonadjacent,Volljährigkeit,0,4,4,0.0,0.046,-0.046,-3.19,5.601,group,88221,87002
direct_vs_group_nonadjacent,WHD,0,4,4,0.0,0.046,-0.046,-3.19,5.601,group,88221,87002
direct_vs_group_nonadjacent,WS,0,4,4,0.0,0.046,-0.046,-3.19,5.601,group,88221,87002
direct_vs_group_nonadjacent,Werken,0,4,4,0.0,0.046,-0.046,-3.19,5.601,group,88221,87002
direct_vs_group_nonadjacent,Wichtige,0,4,4,0.0,0.046,-0.046,-3.19,5.601,group,88221,87002
direct_vs_group_nonadjacent,Wiedersehen,0,4,4,0.0,0.046,-0.046,-3.19,5.601,group,88221,87002
direct_vs_group_nonadjacent,Wärmflasche,0,4,4,0.0,0.046,-0.046,-3.19,5.601,group,88221,87002
direct_vs_group_nonadjacent,Zeitintervalls,0,4,4,0.0,0.046,-0.046,-3.19,5.601,group,88221,87002
direct_vs_group_nonadjacent,Zielbereich,0,4,4,0.0,0.046,-0.046,-3.19,5.601,group,88221,87002
direct_vs_group_nonadjacent,Zshg,0,4,4,0.0,0.046,-0.046,-3.19,5.601,group,88221,87002
direct_vs_group_nonadjacent,Zuckungen,0,4,4,0.0,0.046,-0.046,-3.19,5.601,group,88221,87002
direct_vs_group_nonadjacent,Zunächst,0,4,4,0.0,0.046,-0.046,-3.19,5.601,group,88221,87002
direct_vs_group_nonadjacent,abzuschließen,0,4,4,0.0,0.046,-0.046,-3.19,5.601,group,88221,87002
direct_vs_group_nonadjacent,anhaltende,0,4,4,0.0,0.046,-0.046,-3.19,5.601,group,88221,87002
direct_vs_group_nonadjacent,ansehen+,0,4,4,0.0,0.046,-0.046,-3.19,5.601,group,88221,87002
direct_vs_group_nonadjacent,ansteckend,0,4,4,0.0,0.046,-0.046,-3.19,5.601,group,88221,87002
direct_vs_group_nonadjacent,anwenden,0,4,4,0.0,0.046,-0.046,-3.19,5.601,group,88221,87002
direct_vs_group_nonadjacent,auffallend,0,4,4,0.0,0.046,-0.046,-3.19,5.601,group,88221,87002
direct_vs_group_nonadjacent,aufgewühlt,0,4,4,0.0,0.046,-0.046,-3.19,5.601,group,88221,87002
direct_vs_group_nonadjacent,ausgeglichen,0,4,4,0.0,0.046,-0.046,-3.19,5.601,group,88221,87002
direct_vs_group_nonadjacent,ausschließlich,0,4,4,0.0,0.046,-0.046,-3.19,5.601,group,88221,87002
direct_vs_group_nonadjacent,aussprechen,0,4,4,0.0,0.046,-0.046,-3.19,5.601,group,88221,87002
direct_vs_group_nonadjacent,bedanke,0,4,4,0.0,0.046,-0.046,-3.19,5.601,group,88221,87002
direct_vs_group_nonadjacent,beginn,0,4,4,0.0,0.046,-0.046,-3.19,5.601,group,88221,87002
direct_vs_group_nonadjacent,beginnt,0,4,4,0.0,0.046,-0.046,-3.19,5.601,group,88221,87002
direct_vs_group_nonadjacent,beidseits,0,4,4,0.0,0.046,-0.046,-3.19,5.601,group,88221,87002
direct_vs_group_nonadjacent,beinahe,0,4,4,0.0,0.046,-0.046,-3.19,5.601,group,88221,87002
direct_vs_group_nonadjacent,beleuchten,0,4,4,0.0,0.046,-0.046,-3.19,5.601,group,88221,87002
direct_vs_group_nonadjacent,benennen,0,4,4,0.0,0.046,-0.046,-3.19,5.601,group,88221,87002
direct_vs_group_nonadjacent,beobachten,0,4,4,0.0,0.046,-0.046,-3.19,5.601,group,88221,87002
direct_vs_group_nonadjacent,beteiligen,0,4,4,0.0,0.046,-0.046,-3.19,5.601,group,88221,87002
direct_vs_group_nonadjacent,beurteilen,0,4,4,0.0,0.046,-0.046,-3.19,5.601,group,88221,87002
direct_vs_group_nonadjacent,bipolarer,0,4,4,0.0,0.046,-0.046,-3.19,5.601,group,88221,87002
direct_vs_group_nonadjacent,daraufhin,0,4,4,0.0,0.046,-0.046,-3.19,5.601,group,88221,87002
direct_vs_group_nonadjacent,dazukommen,0,4,4,0.0,0.046,-0.046,-3.19,5.601,group,88221,87002
direct_vs_group_nonadjacent,defensiv,0,4,4,0.0,0.046,-0.046,-3.19,5.601,group,88221,87002
direct_vs_group_nonadjacent,diagnostiziert,0,4,4,0.0,0.046,-0.046,-3.19,5.601,group,88221,87002
direct_vs_group_nonadjacent,dialyseinduzierten,0,4,4,0.0,0.046,-0.046,-3.19,5.601,group,88221,87002
direct_vs_group_nonadjacent,dialysepflichtigen,0,4,4,0.0,0.046,-0.046,-3.19,5.601,group,88221,87002
direct_vs_group_nonadjacent,diskutieren,0,4,4,0.0,0.046,-0.046,-3.19,5.601,group,88221,87002
direct_vs_group_nonadjacent,dysurische,0,4,4,0.0,0.046,-0.046,-3.19,5.601,group,88221,87002
direct_vs_group_nonadjacent,eigenes,0,4,4,0.0,0.046,-0.046,-3.19,5.601,group,88221,87002
direct_vs_group_nonadjacent,einfließen,0,4,4,0.0,0.046,-0.046,-3.19,5.601,group,88221,87002
direct_vs_group_nonadjacent,einkaufen,0,4,4,0.0,0.046,-0.046,-3.19,5.601,group,88221,87002
direct_vs_group_nonadjacent,einnehme,0,4,4,0.0,0.046,-0.046,-3.19,5.601,group,88221,87002
direct_vs_group_nonadjacent,einzufangen,0,4,4,0.0,0.046,-0.046,-3.19,5.601,group,88221,87002
direct_vs_group_nonadjacent,eliminiert,0,4,4,0.0,0.046,-0.046,-3.19,5.601,group,88221,87002
direct_vs_group_nonadjacent,entspannend,0,4,4,0.0,0.046,-0.046,-3.19,5.601,group,88221,87002
direct_vs_group_nonadjacent,erschrocken,0,4,4,0.0,0.046,-0.046,-3.19,5.601,group,88221,87002
direct_vs_group_nonadjacent,fertigt,0,4,4,0.0,0.046,-0.046,-3.19,5.601,group,88221,87002
direct_vs_group_nonadjacent,fraglicher,0,4,4,0.0,0.046,-0.046,-3.19,5.601,group,88221,87002
direct_vs_group_nonadjacent,führte,0,4,4,0.0,0.046,-0.046,-3.19,5.601,group,88221,87002
direct_vs_group_nonadjacent,getrennt,0,4,4,0.0,0.046,-0.046,-3.19,5.601,group,88221,87002
direct_vs_group_nonadjacent,gewohnt,0,4,4,0.0,0.046,-0.046,-3.19,5.601,group,88221,87002
direct_vs_group_nonadjacent,gänzlich,0,4,4,0.0,0.046,-0.046,-3.19,5.601,group,88221,87002
direct_vs_group_nonadjacent,herum,0,4,4,0.0,0.046,-0.046,-3.19,5.601,group,88221,87002
direct_vs_group_nonadjacent,hinterfrage,0,4,4,0.0,0.046,-0.046,-3.19,5.601,group,88221,87002
direct_vs_group_nonadjacent,hochfieberhafter,0,4,4,0.0,0.046,-0.046,-3.19,5.601,group,88221,87002
direct_vs_group_nonadjacent,hämodynamisch,0,4,4,0.0,0.046,-0.046,-3.19,5.601,group,88221,87002
direct_vs_group_nonadjacent,häufigen,0,4,4,0.0,0.046,-0.046,-3.19,5.601,group,88221,87002
direct_vs_group_nonadjacent,häuslicher,0,4,4,0.0,0.046,-0.046,-3.19,5.601,group,88221,87002
direct_vs_group_nonadjacent,intellektualisierend,0,4,4,0.0,0.046,-0.046,-3.19,5.601,group,88221,87002
direct_vs_group_nonadjacent,kA,0,4,4,0.0,0.046,-0.046,-3.19,5.601,group,88221,87002
direct_vs_group_nonadjacent,klagsam,0,4,4,0.0,0.046,-0.046,-3.19,5.601,group,88221,87002
direct_vs_group_nonadjacent,klagte,0,4,4,0.0,0.046,-0.046,-3.19,5.601,group,88221,87002
direct_vs_group_nonadjacent,klinischen,0,4,4,0.0,0.046,-0.046,-3.19,5.601,group,88221,87002
direct_vs_group_nonadjacent,komplikativer,0,4,4,0.0,0.046,-0.046,-3.19,5.601,group,88221,87002
direct_vs_group_nonadjacent,langjährige,0,4,4,0.0,0.046,-0.046,-3.19,5.601,group,88221,87002
direct_vs_group_nonadjacent,lebensüberdrüssiger,0,4,4,0.0,0.046,-0.046,-3.19,5.601,group,88221,87002
direct_vs_group_nonadjacent,mehrfacher,0,4,4,0.0,0.046,-0.046,-3.19,5.601,group,88221,87002
direct_vs_group_nonadjacent,mmol/l,0,4,4,0.0,0.046,-0.046,-3.19,5.601,group,88221,87002
direct_vs_group_nonadjacent,mobilen,0,4,4,0.0,0.046,-0.046,-3.19,5.601,group,88221,87002
direct_vs_group_nonadjacent,musikalische,0,4,4,0.0,0.046,-0.046,-3.19,5.601,group,88221,87002
direct_vs_group_nonadjacent,muskuläre,0,4,4,0.0,0.046,-0.046,-3.19,5.601,group,88221,87002
direct_vs_group_nonadjacent,mündlich,0,4,4,0.0,0.046,-0.046,-3.19,5.601,group,88221,87002
direct_vs_group_nonadjacent,non,0,4,4,0.0,0.046,-0.046,-3.19,5.601,group,88221,87002
direct_vs_group_nonadjacent,nächtlicher,0,4,4,0.0,0.046,-0.046,-3.19,5.601,group,88221,87002
direct_vs_group_nonadjacent,oftmals,0,4,4,0.0,0.046,-0.046,-3.19,5.601,group,88221,87002
direct_vs_group_nonadjacent,orthostatischen,0,4,4,0.0,0.046,-0.046,-3.19,5.601,group,88221,87002
direct_vs_group_nonadjacent,passend,0,4,4,0.0,0.046,-0.046,-3.19,5.601,group,88221,87002
direct_vs_group_nonadjacent,potenziell,0,4,4,0.0,0.046,-0.046,-3.19,5.601,group,88221,87002
direct_vs_group_nonadjacent,psychoedukatives,0,4,4,0.0,0.046,-0.046,-3.19,5.601,group,88221,87002
direct_vs_group_nonadjacent,reevaluieren,0,4,4,0.0,0.046,-0.046,-3.19,5.601,group,88221,87002
direct_vs_group_nonadjacent,regelrechte,0,4,4,0.0,0.046,-0.046,-3.19,5.601,group,88221,87002
direct_vs_group_nonadjacent,restliche,0,4,4,0.0,0.046,-0.046,-3.19,5.601,group,88221,87002
direct_vs_group_nonadjacent,schmeckt,0,4,4,0.0,0.046,-0.046,-3.19,5.601,group,88221,87002
direct_vs_group_nonadjacent,schuldig,0,4,4,0.0,0.046,-0.046,-3.19,5.601,group,88221,87002
direct_vs_group_nonadjacent,sept,0,4,4,0.0,0.046,-0.046,-3.19,5.601,group,88221,87002
direct_vs_group_nonadjacent,strukturgebende,0,4,4,0.0,0.046,-0.046,-3.19,5.601,group,88221,87002
direct_vs_group_nonadjacent,symptomatik,0,4,4,0.0,0.046,-0.046,-3.19,5.601,group,88221,87002
direct_vs_group_nonadjacent,teilen,0,4,4,0.0,0.046,-0.046,-3.19,5.601,group,88221,87002
direct_vs_group_nonadjacent,teilhaben,0,4,4,0.0,0.046,-0.046,-3.19,5.601,group,88221,87002
direct_vs_group_nonadjacent,ulcerosa,0,4,4,0.0,0.046,-0.046,-3.19,5.601,group,88221,87002
direct_vs_group_nonadjacent,unbekannten,0,4,4,0.0,0.046,-0.046,-3.19,5.601,group,88221,87002
direct_vs_group_nonadjacent,unmittelbar,0,4,4,0.0,0.046,-0.046,-3.19,5.601,group,88221,87002
direct_vs_group_nonadjacent,unzureichender,0,4,4,0.0,0.046,-0.046,-3.19,5.601,group,88221,87002
direct_vs_group_nonadjacent,vermehrter,0,4,4,0.0,0.046,-0.046,-3.19,5.601,group,88221,87002
direct_vs_group_nonadjacent,vermieden,0,4,4,0.0,0.046,-0.046,-3.19,5.601,group,88221,87002
direct_vs_group_nonadjacent,verschlafen,0,4,4,0.0,0.046,-0.046,-3.19,5.601,group,88221,87002
direct_vs_group_nonadjacent,verschlossen,0,4,4,0.0,0.046,-0.046,-3.19,5.601,group,88221,87002
direct_vs_group_nonadjacent,vorbek,0,4,4,0.0,0.046,-0.046,-3.19,5.601,group,88221,87002
direct_vs_group_nonadjacent,vorbesprechen,0,4,4,0.0,0.046,-0.046,-3.19,5.601,group,88221,87002
direct_vs_group_nonadjacent,vorgenommen,0,4,4,0.0,0.046,-0.046,-3.19,5.601,group,88221,87002
direct_vs_group_nonadjacent,vorherrschende,0,4,4,0.0,0.046,-0.046,-3.19,5.601,group,88221,87002
direct_vs_group_nonadjacent,wiederkehren,0,4,4,0.0,0.046,-0.046,-3.19,5.601,group,88221,87002
direct_vs_group_nonadjacent,zugehörig,0,4,4,0.0,0.046,-0.046,-3.19,5.601,group,88221,87002
direct_vs_group_nonadjacent,zukünftig,0,4,4,0.0,0.046,-0.046,-3.19,5.601,group,88221,87002
direct_vs_group_nonadjacent,zurecht,0,4,4,0.0,0.046,-0.046,-3.19,5.601,group,88221,87002
direct_vs_group_nonadjacent,zurücksetzen,0,4,4,0.0,0.046,-0.046,-3.19,5.601,group,88221,87002
direct_vs_group_nonadjacent,zusätzlicher,0,4,4,0.0,0.046,-0.046,-3.19,5.601,group,88221,87002
direct_vs_group_nonadjacent,Äußert,0,4,4,0.0,0.046,-0.046,-3.19,5.601,group,88221,87002
direct_vs_group_nonadjacent,Äußerte,0,4,4,0.0,0.046,-0.046,-3.19,5.601,group,88221,87002
direct_vs_group_nonadjacent,Ösophagektomie,0,4,4,0.0,0.046,-0.046,-3.19,5.601,group,88221,87002
direct_vs_group_nonadjacent,Übergabe/,0,4,4,0.0,0.046,-0.046,-3.19,5.601,group,88221,87002
direct_vs_group_nonadjacent,â¯B,0,4,4,0.0,0.046,-0.046,-3.19,5.601,group,88221,87002
direct_vs_group_nonadjacent,ärztlicher,0,4,4,0.0,0.046,-0.046,-3.19,5.601,group,88221,87002
direct_vs_group_nonadjacent,öffentlicher,0,4,4,0.0,0.046,-0.046,-3.19,5.601,group,88221,87002
direct_vs_group_nonadjacent,übergewichtig,0,4,4,0.0,0.046,-0.046,-3.19,5.601,group,88221,87002
direct_vs_group_nonadjacent,einverstanden,19,7,26,0.2154,0.0805,0.1349,1.3584,5.5883,direct,88221,87002
direct_vs_group_nonadjacent,nehme,19,7,26,0.2154,0.0805,0.1349,1.3584,5.5883,direct,88221,87002
direct_vs_group_nonadjacent,andere,25,44,69,0.2834,0.5057,-0.2224,-0.8234,5.5678,group,88221,87002
direct_vs_group_nonadjacent,Diagnose,14,29,43,0.1587,0.3333,-0.1746,-1.0447,5.555,group,88221,87002
direct_vs_group_nonadjacent,Hat,32,53,85,0.3627,0.6092,-0.2465,-0.7392,5.5387,group,88221,87002
direct_vs_group_nonadjacent,Uhr,167,125,292,1.893,1.4367,0.4562,0.3964,5.4918,direct,88221,87002
direct_vs_group_nonadjacent,/psom/channels/visite,4,0,4,0.0453,0.0,0.0453,3.1499,5.4897,direct,88221,87002
direct_vs_group_nonadjacent,2000,4,0,4,0.0453,0.0,0.0453,3.1499,5.4897,direct,88221,87002
direct_vs_group_nonadjacent,50kg,4,0,4,0.0453,0.0,0.0453,3.1499,5.4897,direct,88221,87002
direct_vs_group_nonadjacent,Abfragen,4,0,4,0.0453,0.0,0.0453,3.1499,5.4897,direct,88221,87002
direct_vs_group_nonadjacent,Akten,4,0,4,0.0453,0.0,0.0453,3.1499,5.4897,direct,88221,87002
direct_vs_group_nonadjacent,Aktivität,4,0,4,0.0453,0.0,0.0453,3.1499,5.4897,direct,88221,87002
direct_vs_group_nonadjacent,BD,4,0,4,0.0453,0.0,0.0453,3.1499,5.4897,direct,88221,87002
direct_vs_group_nonadjacent,Benutzernamen,4,0,4,0.0453,0.0,0.0453,3.1499,5.4897,direct,88221,87002
direct_vs_group_nonadjacent,Bzw,4,0,4,0.0453,0.0,0.0453,3.1499,5.4897,direct,88221,87002
direct_vs_group_nonadjacent,Danek,4,0,4,0.0453,0.0,0.0453,3.1499,5.4897,direct,88221,87002
direct_vs_group_nonadjacent,Deshalb,4,0,4,0.0453,0.0,0.0453,3.1499,5.4897,direct,88221,87002
direct_vs_group_nonadjacent,Desktoparbeitsplatz,4,0,4,0.0453,0.0,0.0453,3.1499,5.4897,direct,88221,87002
direct_vs_group_nonadjacent,Dissoziieren,4,0,4,0.0453,0.0,0.0453,3.1499,5.4897,direct,88221,87002
direct_vs_group_nonadjacent,Doch,4,0,4,0.0453,0.0,0.0453,3.1499,5.4897,direct,88221,87002
direct_vs_group_nonadjacent,EDquest,4,0,4,0.0453,0.0,0.0453,3.1499,5.4897,direct,88221,87002
direct_vs_group_nonadjacent,Einwilligung,4,0,4,0.0453,0.0,0.0453,3.1499,5.4897,direct,88221,87002
direct_vs_group_nonadjacent,Einzeltermine,4,0,4,0.0453,0.0,0.0453,3.1499,5.4897,direct,88221,87002
direct_vs_group_nonadjacent,Evidenz,4,0,4,0.0453,0.0,0.0453,3.1499,5.4897,direct,88221,87002
direct_vs_group_nonadjacent,FZA,4,0,4,0.0453,0.0,0.0453,3.1499,5.4897,direct,88221,87002
direct_vs_group_nonadjacent,Fett,4,0,4,0.0453,0.0,0.0453,3.1499,5.4897,direct,88221,87002
direct_vs_group_nonadjacent,Folgen,4,0,4,0.0453,0.0,0.0453,3.1499,5.4897,direct,88221,87002
direct_vs_group_nonadjacent,Formular,4,0,4,0.0453,0.0,0.0453,3.1499,5.4897,direct,88221,87002
direct_vs_group_nonadjacent,Forschung,4,0,4,0.0453,0.0,0.0453,3.1499,5.4897,direct,88221,87002
direct_vs_group_nonadjacent,Fortbildung,4,0,4,0.0453,0.0,0.0453,3.1499,5.4897,direct,88221,87002
direct_vs_group_nonadjacent,Good,4,0,4,0.0453,0.0,0.0453,3.1499,5.4897,direct,88221,87002
direct_vs_group_nonadjacent,Installation,4,0,4,0.0453,0.0,0.0453,3.1499,5.4897,direct,88221,87002
direct_vs_group_nonadjacent,Jahres,4,0,4,0.0453,0.0,0.0453,3.1499,5.4897,direct,88221,87002
direct_vs_group_nonadjacent,Kommst,4,0,4,0.0453,0.0,0.0453,3.1499,5.4897,direct,88221,87002
direct_vs_group_nonadjacent,Kopie,4,0,4,0.0453,0.0,0.0453,3.1499,5.4897,direct,88221,87002
direct_vs_group_nonadjacent,Kündigungsfrist,4,0,4,0.0453,0.0,0.0453,3.1499,5.4897,direct,88221,87002
direct_vs_group_nonadjacent,Lage,4,0,4,0.0453,0.0,0.0453,3.1499,5.4897,direct,88221,87002
direct_vs_group_nonadjacent,Laufzeit,4,0,4,0.0453,0.0,0.0453,3.1499,5.4897,direct,88221,87002
direct_vs_group_nonadjacent,Lebensjahr,4,0,4,0.0453,0.0,0.0453,3.1499,5.4897,direct,88221,87002
direct_vs_group_nonadjacent,Mach,4,0,4,0.0453,0.0,0.0453,3.1499,5.4897,direct,88221,87002
direct_vs_group_nonadjacent,Meinst,4,0,4,0.0453,0.0,0.0453,3.1499,5.4897,direct,88221,87002
direct_vs_group_nonadjacent,Mitschrift,4,0,4,0.0453,0.0,0.0453,3.1499,5.4897,direct,88221,87002
direct_vs_group_nonadjacent,Monatsschluss,4,0,4,0.0453,0.0,0.0453,3.1499,5.4897,direct,88221,87002
direct_vs_group_nonadjacent,Muskeln,4,0,4,0.0453,0.0,0.0453,3.1499,5.4897,direct,88221,87002
direct_vs_group_nonadjacent,NT,4,0,4,0.0453,0.0,0.0453,3.1499,5.4897,direct,88221,87002
direct_vs_group_nonadjacent,Nazis,4,0,4,0.0453,0.0,0.0453,3.1499,5.4897,direct,88221,87002
direct_vs_group_nonadjacent,Omeprazol,4,0,4,0.0453,0.0,0.0453,3.1499,5.4897,direct,88221,87002
direct_vs_group_nonadjacent,Overdue,4,0,4,0.0453,0.0,0.0453,3.1499,5.4897,direct,88221,87002
direct_vs_group_nonadjacent,Owner,4,0,4,0.0453,0.0,0.0453,3.1499,5.4897,direct,88221,87002
direct_vs_group_nonadjacent,Protokoll,4,0,4,0.0453,0.0,0.0453,3.1499,5.4897,direct,88221,87002
direct_vs_group_nonadjacent,Schreib,4,0,4,0.0453,0.0,0.0453,3.1499,5.4897,direct,88221,87002
direct_vs_group_nonadjacent,Skalen,4,0,4,0.0453,0.0,0.0453,3.1499,5.4897,direct,88221,87002
direct_vs_group_nonadjacent,Untersuchungen,4,0,4,0.0453,0.0,0.0453,3.1499,5.4897,direct,88221,87002
direct_vs_group_nonadjacent,Updates,4,0,4,0.0453,0.0,0.0453,3.1499,5.4897,direct,88221,87002
direct_vs_group_nonadjacent,Vita,4,0,4,0.0453,0.0,0.0453,3.1499,5.4897,direct,88221,87002
direct_vs_group_nonadjacent,Vorgespräch,4,0,4,0.0453,0.0,0.0453,3.1499,5.4897,direct,88221,87002
direct_vs_group_nonadjacent,Vorlage,4,0,4,0.0453,0.0,0.0453,3.1499,5.4897,direct,88221,87002
direct_vs_group_nonadjacent,Würdest,4,0,4,0.0453,0.0,0.0453,3.1499,5.4897,direct,88221,87002
direct_vs_group_nonadjacent,You,4,0,4,0.0453,0.0,0.0453,3.1499,5.4897,direct,88221,87002
direct_vs_group_nonadjacent,ZVA,4,0,4,0.0453,0.0,0.0453,3.1499,5.4897,direct,88221,87002
direct_vs_group_nonadjacent,[Visite],4,0,4,0.0453,0.0,0.0453,3.1499,5.4897,direct,88221,87002
direct_vs_group_nonadjacent,achso,4,0,4,0.0453,0.0,0.0453,3.1499,5.4897,direct,88221,87002
direct_vs_group_nonadjacent,anklicken,4,0,4,0.0453,0.0,0.0453,3.1499,5.4897,direct,88221,87002
direct_vs_group_nonadjacent,ausfällt,4,0,4,0.0453,0.0,0.0453,3.1499,5.4897,direct,88221,87002
direct_vs_group_nonadjacent,ausmachen,4,0,4,0.0453,0.0,0.0453,3.1499,5.4897,direct,88221,87002
direct_vs_group_nonadjacent,befragen,4,0,4,0.0453,0.0,0.0453,3.1499,5.4897,direct,88221,87002
direct_vs_group_nonadjacent,bekomme,4,0,4,0.0453,0.0,0.0453,3.1499,5.4897,direct,88221,87002
direct_vs_group_nonadjacent,bereich,4,0,4,0.0453,0.0,0.0453,3.1499,5.4897,direct,88221,87002
direct_vs_group_nonadjacent,besprechung,4,0,4,0.0453,0.0,0.0453,3.1499,5.4897,direct,88221,87002
direct_vs_group_nonadjacent,beträgt,4,0,4,0.0453,0.0,0.0453,3.1499,5.4897,direct,88221,87002
direct_vs_group_nonadjacent,bio,4,0,4,0.0453,0.0,0.0453,3.1499,5.4897,direct,88221,87002
direct_vs_group_nonadjacent,bißchen,4,0,4,0.0453,0.0,0.0453,3.1499,5.4897,direct,88221,87002
direct_vs_group_nonadjacent,dank,4,0,4,0.0453,0.0,0.0453,3.1499,5.4897,direct,88221,87002
direct_vs_group_nonadjacent,dienstfrei,4,0,4,0.0453,0.0,0.0453,3.1499,5.4897,direct,88221,87002
direct_vs_group_nonadjacent,diskussion,4,0,4,0.0453,0.0,0.0453,3.1499,5.4897,direct,88221,87002
direct_vs_group_nonadjacent,drunter,4,0,4,0.0453,0.0,0.0453,3.1499,5.4897,direct,88221,87002
direct_vs_group_nonadjacent,einpflegen,4,0,4,0.0453,0.0,0.0453,3.1499,5.4897,direct,88221,87002
direct_vs_group_nonadjacent,einträgst,4,0,4,0.0453,0.0,0.0453,3.1499,5.4897,direct,88221,87002
direct_vs_group_nonadjacent,erheben,4,0,4,0.0453,0.0,0.0453,3.1499,5.4897,direct,88221,87002
direct_vs_group_nonadjacent,face_with_rolling_eyes,4,0,4,0.0453,0.0,0.0453,3.1499,5.4897,direct,88221,87002
direct_vs_group_nonadjacent,fehlende,4,0,4,0.0453,0.0,0.0453,3.1499,5.4897,direct,88221,87002
direct_vs_group_nonadjacent,freu,4,0,4,0.0453,0.0,0.0453,3.1499,5.4897,direct,88221,87002
direct_vs_group_nonadjacent,gedauert,4,0,4,0.0453,0.0,0.0453,3.1499,5.4897,direct,88221,87002
direct_vs_group_nonadjacent,gefällt,4,0,4,0.0453,0.0,0.0453,3.1499,5.4897,direct,88221,87002
direct_vs_group_nonadjacent,gehören,4,0,4,0.0453,0.0,0.0453,3.1499,5.4897,direct,88221,87002
direct_vs_group_nonadjacent,gelb,4,0,4,0.0453,0.0,0.0453,3.1499,5.4897,direct,88221,87002
direct_vs_group_nonadjacent,guck,4,0,4,0.0453,0.0,0.0453,3.1499,5.4897,direct,88221,87002
direct_vs_group_nonadjacent,gucke,4,0,4,0.0453,0.0,0.0453,3.1499,5.4897,direct,88221,87002
direct_vs_group_nonadjacent,have,4,0,4,0.0453,0.0,0.0453,3.1499,5.4897,direct,88221,87002
direct_vs_group_nonadjacent,heim,4,0,4,0.0453,0.0,0.0453,3.1499,5.4897,direct,88221,87002
direct_vs_group_nonadjacent,hmm,4,0,4,0.0453,0.0,0.0453,3.1499,5.4897,direct,88221,87002
direct_vs_group_nonadjacent,indem,4,0,4,0.0453,0.0,0.0453,3.1499,5.4897,direct,88221,87002
direct_vs_group_nonadjacent,installiert,4,0,4,0.0453,0.0,0.0453,3.1499,5.4897,direct,88221,87002
direct_vs_group_nonadjacent,kennen,4,0,4,0.0453,0.0,0.0453,3.1499,5.4897,direct,88221,87002
direct_vs_group_nonadjacent,kopieren,4,0,4,0.0453,0.0,0.0453,3.1499,5.4897,direct,88221,87002
direct_vs_group_nonadjacent,korrigiert,4,0,4,0.0453,0.0,0.0453,3.1499,5.4897,direct,88221,87002
direct_vs_group_nonadjacent,langfristig,4,0,4,0.0453,0.0,0.0453,3.1499,5.4897,direct,88221,87002
direct_vs_group_nonadjacent,lese,4,0,4,0.0453,0.0,0.0453,3.1499,5.4897,direct,88221,87002
direct_vs_group_nonadjacent,letztens,4,0,4,0.0453,0.0,0.0453,3.1499,5.4897,direct,88221,87002
direct_vs_group_nonadjacent,mail,4,0,4,0.0453,0.0,0.0453,3.1499,5.4897,direct,88221,87002
direct_vs_group_nonadjacent,me,4,0,4,0.0453,0.0,0.0453,3.1499,5.4897,direct,88221,87002
direct_vs_group_nonadjacent,merci,4,0,4,0.0453,0.0,0.0453,3.1499,5.4897,direct,88221,87002
direct_vs_group_nonadjacent,morning,4,0,4,0.0453,0.0,0.0453,3.1499,5.4897,direct,88221,87002
direct_vs_group_nonadjacent,nachschauen,4,0,4,0.0453,0.0,0.0453,3.1499,5.4897,direct,88221,87002
direct_vs_group_nonadjacent,nachtdienste,4,0,4,0.0453,0.0,0.0453,3.1499,5.4897,direct,88221,87002
direct_vs_group_nonadjacent,niedrigen,4,0,4,0.0453,0.0,0.0453,3.1499,5.4897,direct,88221,87002
direct_vs_group_nonadjacent,nr,4,0,4,0.0453,0.0,0.0453,3.1499,5.4897,direct,88221,87002
direct_vs_group_nonadjacent,oberärztlich,4,0,4,0.0453,0.0,0.0453,3.1499,5.4897,direct,88221,87002
direct_vs_group_nonadjacent,oki,4,0,4,0.0453,0.0,0.0453,3.1499,5.4897,direct,88221,87002
direct_vs_group_nonadjacent,overdue,4,0,4,0.0453,0.0,0.0453,3.1499,5.4897,direct,88221,87002
direct_vs_group_nonadjacent,proBNP,4,0,4,0.0453,0.0,0.0453,3.1499,5.4897,direct,88221,87002
direct_vs_group_nonadjacent,regeln,4,0,4,0.0453,0.0,0.0453,3.1499,5.4897,direct,88221,87002
direct_vs_group_nonadjacent,rufst,4,0,4,0.0453,0.0,0.0453,3.1499,5.4897,direct,88221,87002
direct_vs_group_nonadjacent,ruft,4,0,4,0.0453,0.0,0.0453,3.1499,5.4897,direct,88221,87002
direct_vs_group_nonadjacent,schätze,4,0,4,0.0453,0.0,0.0453,3.1499,5.4897,direct,88221,87002
direct_vs_group_nonadjacent,sonstige,4,0,4,0.0453,0.0,0.0453,3.1499,5.4897,direct,88221,87002
direct_vs_group_nonadjacent,sry,4,0,4,0.0453,0.0,0.0453,3.1499,5.4897,direct,88221,87002
direct_vs_group_nonadjacent,stehst,4,0,4,0.0453,0.0,0.0453,3.1499,5.4897,direct,88221,87002
direct_vs_group_nonadjacent,strukturelle,4,0,4,0.0453,0.0,0.0453,3.1499,5.4897,direct,88221,87002
direct_vs_group_nonadjacent,studiert,4,0,4,0.0453,0.0,0.0453,3.1499,5.4897,direct,88221,87002
direct_vs_group_nonadjacent,telem=todo_overduestatus_clicked&forceRHSOpen,4,0,4,0.0453,0.0,0.0453,3.1499,5.4897,direct,88221,87002
direct_vs_group_nonadjacent,test,4,0,4,0.0453,0.0,0.0453,3.1499,5.4897,direct,88221,87002
direct_vs_group_nonadjacent,tlw,4,0,4,0.0453,0.0,0.0453,3.1499,5.4897,direct,88221,87002
direct_vs_group_nonadjacent,trage,4,0,4,0.0453,0.0,0.0453,3.1499,5.4897,direct,88221,87002
direct_vs_group_nonadjacent,umziehen,4,0,4,0.0453,0.0,0.0453,3.1499,5.4897,direct,88221,87002
direct_vs_group_nonadjacent,vegetativen,4,0,4,0.0453,0.0,0.0453,3.1499,5.4897,direct,88221,87002
direct_vs_group_nonadjacent,verblieben,4,0,4,0.0453,0.0,0.0453,3.1499,5.4897,direct,88221,87002
direct_vs_group_nonadjacent,vertretungsweise,4,0,4,0.0453,0.0,0.0453,3.1499,5.4897,direct,88221,87002
direct_vs_group_nonadjacent,wert,4,0,4,0.0453,0.0,0.0453,3.1499,5.4897,direct,88221,87002
direct_vs_group_nonadjacent,wiederholter,4,0,4,0.0453,0.0,0.0453,3.1499,5.4897,direct,88221,87002
direct_vs_group_nonadjacent,wirst,4,0,4,0.0453,0.0,0.0453,3.1499,5.4897,direct,88221,87002
direct_vs_group_nonadjacent,wohne,4,0,4,0.0453,0.0,0.0453,3.1499,5.4897,direct,88221,87002
direct_vs_group_nonadjacent,yes,4,0,4,0.0453,0.0,0.0453,3.1499,5.4897,direct,88221,87002
direct_vs_group_nonadjacent,Überstunden,4,0,4,0.0453,0.0,0.0453,3.1499,5.4897,direct,88221,87002
direct_vs_group_nonadjacent,Übrigens,4,0,4,0.0453,0.0,0.0453,3.1499,5.4897,direct,88221,87002
direct_vs_group_nonadjacent,h,31,15,46,0.3514,0.1724,0.179,1.003,5.4628,direct,88221,87002
direct_vs_group_nonadjacent,erreichen,28,13,41,0.3174,0.1494,0.168,1.0579,5.4106,direct,88221,87002
direct_vs_group_nonadjacent,5,41,64,105,0.4647,0.7356,-0.2709,-0.6563,5.4043,group,88221,87002
direct_vs_group_nonadjacent,davon,20,37,57,0.2267,0.4253,-0.1986,-0.8913,5.3874,group,88221,87002
direct_vs_group_nonadjacent,SKID,17,6,23,0.1927,0.069,0.1237,1.4088,5.3305,direct,88221,87002
direct_vs_group_nonadjacent,sagte,17,6,23,0.1927,0.069,0.1237,1.4088,5.3305,direct,88221,87002
direct_vs_group_nonadjacent,erstmal,47,27,74,0.5328,0.3103,0.2224,0.7684,5.1985,direct,88221,87002
direct_vs_group_nonadjacent,zuletzt,7,18,25,0.0793,0.2069,-0.1275,-1.3226,5.164,group,88221,87002
direct_vs_group_nonadjacent,Es,58,84,142,0.6574,0.9655,-0.3081,-0.5506,5.1562,group,88221,87002
direct_vs_group_nonadjacent,ANV,1,7,8,0.0113,0.0805,-0.0691,-2.342,5.1459,group,88221,87002
direct_vs_group_nonadjacent,COVID,1,7,8,0.0113,0.0805,-0.0691,-2.342,5.1459,group,88221,87002
direct_vs_group_nonadjacent,Enttäuschung,1,7,8,0.0113,0.0805,-0.0691,-2.342,5.1459,group,88221,87002
direct_vs_group_nonadjacent,Ergänzung,1,7,8,0.0113,0.0805,-0.0691,-2.342,5.1459,group,88221,87002
direct_vs_group_nonadjacent,Mannes,1,7,8,0.0113,0.0805,-0.0691,-2.342,5.1459,group,88221,87002
direct_vs_group_nonadjacent,Medikamenten,1,7,8,0.0113,0.0805,-0.0691,-2.342,5.1459,group,88221,87002
direct_vs_group_nonadjacent,Schuldgefühle,1,7,8,0.0113,0.0805,-0.0691,-2.342,5.1459,group,88221,87002
direct_vs_group_nonadjacent,Spricht,1,7,8,0.0113,0.0805,-0.0691,-2.342,5.1459,group,88221,87002
direct_vs_group_nonadjacent,US,1,7,8,0.0113,0.0805,-0.0691,-2.342,5.1459,group,88221,87002
direct_vs_group_nonadjacent,ausdrücken,1,7,8,0.0113,0.0805,-0.0691,-2.342,5.1459,group,88221,87002
direct_vs_group_nonadjacent,bekäme,1,7,8,0.0113,0.0805,-0.0691,-2.342,5.1459,group,88221,87002
direct_vs_group_nonadjacent,ermutigt,1,7,8,0.0113,0.0805,-0.0691,-2.342,5.1459,group,88221,87002
direct_vs_group_nonadjacent,kaufen,1,7,8,0.0113,0.0805,-0.0691,-2.342,5.1459,group,88221,87002
direct_vs_group_nonadjacent,kritisch,1,7,8,0.0113,0.0805,-0.0691,-2.342,5.1459,group,88221,87002
direct_vs_group_nonadjacent,teilzunehmen,1,7,8,0.0113,0.0805,-0.0691,-2.342,5.1459,group,88221,87002
direct_vs_group_nonadjacent,verletzt,1,7,8,0.0113,0.0805,-0.0691,-2.342,5.1459,group,88221,87002
direct_vs_group_nonadjacent,Besserung,4,13,17,0.0453,0.1494,-0.1041,-1.605,5.1428,group,88221,87002
direct_vs_group_nonadjacent,Bewegung,4,13,17,0.0453,0.1494,-0.1041,-1.605,5.1428,group,88221,87002
direct_vs_group_nonadjacent,Erfahrungen,4,13,17,0.0453,0.1494,-0.1041,-1.605,5.1428,group,88221,87002
direct_vs_group_nonadjacent,ruhig,4,13,17,0.0453,0.1494,-0.1041,-1.605,5.1428,group,88221,87002
direct_vs_group_nonadjacent,zeigt,4,13,17,0.0453,0.1494,-0.1041,-1.605,5.1428,group,88221,87002
direct_vs_group_nonadjacent,Ängste,4,13,17,0.0453,0.1494,-0.1041,-1.605,5.1428,group,88221,87002
direct_vs_group_nonadjacent,P,9,21,30,0.102,0.2414,-0.1394,-1.1984,5.1054,group,88221,87002
direct_vs_group_nonadjacent,ÖGD,9,21,30,0.102,0.2414,-0.1394,-1.1984,5.1054,group,88221,87002
direct_vs_group_nonadjacent,Mi,15,5,20,0.17,0.0575,0.1126,1.4747,5.0943,direct,88221,87002
direct_vs_group_nonadjacent,Rö,15,5,20,0.17,0.0575,0.1126,1.4747,5.0943,direct,88221,87002
direct_vs_group_nonadjacent,ihre,59,85,144,0.6688,0.977,-0.3082,-0.5431,5.089,group,88221,87002
direct_vs_group_nonadjacent,Oder,23,10,33,0.2607,0.1149,0.1458,1.1422,5.0834,direct,88221,87002
direct_vs_group_nonadjacent,beiden,25,43,68,0.2834,0.4942,-0.2109,-0.7906,5.0757,group,88221,87002
direct_vs_group_nonadjacent,wollen,44,25,69,0.4987,0.2873,0.2114,0.7832,5.0391,direct,88221,87002
direct_vs_group_nonadjacent,Akte,7,1,8,0.0793,0.0115,0.0679,2.3019,4.9789,direct,88221,87002
direct_vs_group_nonadjacent,Ernährungsplan,7,1,8,0.0793,0.0115,0.0679,2.3019,4.9789,direct,88221,87002
direct_vs_group_nonadjacent,Konsum,7,1,8,0.0793,0.0115,0.0679,2.3019,4.9789,direct,88221,87002
direct_vs_group_nonadjacent,Krankenkasse,7,1,8,0.0793,0.0115,0.0679,2.3019,4.9789,direct,88221,87002
direct_vs_group_nonadjacent,ND,7,1,8,0.0793,0.0115,0.0679,2.3019,4.9789,direct,88221,87002
direct_vs_group_nonadjacent,URL,7,1,8,0.0793,0.0115,0.0679,2.3019,4.9789,direct,88221,87002
direct_vs_group_nonadjacent,abnimmt,7,1,8,0.0793,0.0115,0.0679,2.3019,4.9789,direct,88221,87002
direct_vs_group_nonadjacent,anfordern,7,1,8,0.0793,0.0115,0.0679,2.3019,4.9789,direct,88221,87002
direct_vs_group_nonadjacent,dokumentiert,7,1,8,0.0793,0.0115,0.0679,2.3019,4.9789,direct,88221,87002
direct_vs_group_nonadjacent,eingeladen,7,1,8,0.0793,0.0115,0.0679,2.3019,4.9789,direct,88221,87002
direct_vs_group_nonadjacent,geschaut,7,1,8,0.0793,0.0115,0.0679,2.3019,4.9789,direct,88221,87002
direct_vs_group_nonadjacent,auffällig,3,11,14,0.034,0.1264,-0.0924,-1.7363,4.9719,group,88221,87002
direct_vs_group_nonadjacent,chron,3,11,14,0.034,0.1264,-0.0924,-1.7363,4.9719,group,88221,87002
direct_vs_group_nonadjacent,spielen,3,11,14,0.034,0.1264,-0.0924,-1.7363,4.9719,group,88221,87002
direct_vs_group_nonadjacent,Betreuerin,2,9,11,0.0227,0.1034,-0.0808,-1.9461,4.9161,group,88221,87002
direct_vs_group_nonadjacent,Modell,2,9,11,0.0227,0.1034,-0.0808,-1.9461,4.9161,group,88221,87002
direct_vs_group_nonadjacent,Traurigkeit,2,9,11,0.0227,0.1034,-0.0808,-1.9461,4.9161,group,88221,87002
direct_vs_group_nonadjacent,Zuhause,2,9,11,0.0227,0.1034,-0.0808,-1.9461,4.9161,group,88221,87002
direct_vs_group_nonadjacent,entspannter,2,9,11,0.0227,0.1034,-0.0808,-1.9461,4.9161,group,88221,87002
direct_vs_group_nonadjacent,solle,2,9,11,0.0227,0.1034,-0.0808,-1.9461,4.9161,group,88221,87002
direct_vs_group_nonadjacent,wiederholt,2,9,11,0.0227,0.1034,-0.0808,-1.9461,4.9161,group,88221,87002
direct_vs_group_nonadjacent,wo,37,20,57,0.4194,0.2299,0.1895,0.8512,4.9144,direct,88221,87002
direct_vs_group_nonadjacent,Wollen,13,4,17,0.1474,0.046,0.1014,1.5649,4.8924,direct,88221,87002
direct_vs_group_nonadjacent,dachte,13,4,17,0.1474,0.046,0.1014,1.5649,4.8924,direct,88221,87002
direct_vs_group_nonadjacent,depressive,13,4,17,0.1474,0.046,0.1014,1.5649,4.8924,direct,88221,87002
direct_vs_group_nonadjacent,eintragen,13,4,17,0.1474,0.046,0.1014,1.5649,4.8924,direct,88221,87002
direct_vs_group_nonadjacent,vorhin,13,4,17,0.1474,0.046,0.1014,1.5649,4.8924,direct,88221,87002
direct_vs_group_nonadjacent,wusste,13,4,17,0.1474,0.046,0.1014,1.5649,4.8924,direct,88221,87002
direct_vs_group_nonadjacent,angemeldet,30,49,79,0.3401,0.5632,-0.2232,-0.7187,4.8829,group,88221,87002
direct_vs_group_nonadjacent,ggf,57,82,139,0.6461,0.9425,-0.2964,-0.5409,4.8755,group,88221,87002
direct_vs_group_nonadjacent,Büro,18,7,25,0.204,0.0805,0.1236,1.2825,4.8578,direct,88221,87002
direct_vs_group_nonadjacent,Bezug,6,16,22,0.068,0.1839,-0.1159,-1.364,4.8568,group,88221,87002
direct_vs_group_nonadjacent,Druck,6,16,22,0.068,0.1839,-0.1159,-1.364,4.8568,group,88221,87002
direct_vs_group_nonadjacent,Feedback,6,16,22,0.068,0.1839,-0.1159,-1.364,4.8568,group,88221,87002
direct_vs_group_nonadjacent,Werte,12,25,37,0.136,0.2873,-0.1513,-1.0486,4.8492,group,88221,87002
direct_vs_group_nonadjacent,Beruf,27,13,40,0.306,0.1494,0.1566,1.0064,4.8124,direct,88221,87002
direct_vs_group_nonadjacent,bleiben,27,45,72,0.306,0.5172,-0.2112,-0.7465,4.802,group,88221,87002
direct_vs_group_nonadjacent,gegen,34,18,52,0.3854,0.2069,0.1785,0.879,4.7838,direct,88221,87002
direct_vs_group_nonadjacent,diesem,10,22,32,0.1134,0.2529,-0.1395,-1.1196,4.7804,group,88221,87002
direct_vs_group_nonadjacent,Dort,11,3,14,0.1247,0.0345,0.0902,1.6961,4.7493,direct,88221,87002
direct_vs_group_nonadjacent,Uchi,11,3,14,0.1247,0.0345,0.0902,1.6961,4.7493,direct,88221,87002
direct_vs_group_nonadjacent,beides,11,3,14,0.1247,0.0345,0.0902,1.6961,4.7493,direct,88221,87002
direct_vs_group_nonadjacent,gearbeitet,11,3,14,0.1247,0.0345,0.0902,1.6961,4.7493,direct,88221,87002
direct_vs_group_nonadjacent,danach,38,21,59,0.4307,0.2414,0.1894,0.8204,4.7348,direct,88221,87002
direct_vs_group_nonadjacent,aufgrund,15,29,44,0.17,0.3333,-0.1633,-0.9485,4.7299,group,88221,87002
direct_vs_group_nonadjacent,Gedächtnissprechstunde,9,2,11,0.102,0.023,0.079,1.9059,4.7213,direct,88221,87002
direct_vs_group_nonadjacent,Monaten,9,2,11,0.102,0.023,0.079,1.9059,4.7213,direct,88221,87002
direct_vs_group_nonadjacent,Passwort,9,2,11,0.102,0.023,0.079,1.9059,4.7213,direct,88221,87002
direct_vs_group_nonadjacent,Spätmahlzeit,9,2,11,0.102,0.023,0.079,1.9059,4.7213,direct,88221,87002
direct_vs_group_nonadjacent,Um,9,2,11,0.102,0.023,0.079,1.9059,4.7213,direct,88221,87002
direct_vs_group_nonadjacent,allein,9,2,11,0.102,0.023,0.079,1.9059,4.7213,direct,88221,87002
direct_vs_group_nonadjacent,cool,9,2,11,0.102,0.023,0.079,1.9059,4.7213,direct,88221,87002
direct_vs_group_nonadjacent,hinzugefügt,9,2,11,0.102,0.023,0.079,1.9059,4.7213,direct,88221,87002
direct_vs_group_nonadjacent,s,31,16,47,0.3514,0.1839,0.1675,0.9128,4.6656,direct,88221,87002
direct_vs_group_nonadjacent,dem,289,236,525,3.2759,2.7126,0.5633,0.2716,4.6476,direct,88221,87002
direct_vs_group_nonadjacent,länger,16,6,22,0.1814,0.069,0.1124,1.3239,4.5785,direct,88221,87002
direct_vs_group_nonadjacent,Möchte,5,14,19,0.0567,0.1609,-0.1042,-1.4186,4.565,group,88221,87002
direct_vs_group_nonadjacent,Zusammenhang,5,14,19,0.0567,0.1609,-0.1042,-1.4186,4.565,group,88221,87002
direct_vs_group_nonadjacent,explizit,5,14,19,0.0567,0.1609,-0.1042,-1.4186,4.565,group,88221,87002
direct_vs_group_nonadjacent,erreicht,28,14,42,0.3174,0.1609,0.1565,0.9548,4.5644,direct,88221,87002
direct_vs_group_nonadjacent,Stunde,11,23,34,0.1247,0.2644,-0.1397,-1.0511,4.4965,group,88221,87002
direct_vs_group_nonadjacent,weniger,11,23,34,0.1247,0.2644,-0.1397,-1.0511,4.4965,group,88221,87002
direct_vs_group_nonadjacent,nein,25,12,37,0.2834,0.1379,0.1455,1.0085,4.4874,direct,88221,87002
direct_vs_group_nonadjacent,kg,48,29,77,0.5441,0.3333,0.2108,0.6972,4.4764,direct,88221,87002
direct_vs_group_nonadjacent,200ml,19,8,27,0.2154,0.092,0.1234,1.1779,4.4628,direct,88221,87002
direct_vs_group_nonadjacent,Atorvastatin,19,8,27,0.2154,0.092,0.1234,1.1779,4.4628,direct,88221,87002
direct_vs_group_nonadjacent,laufen,19,8,27,0.2154,0.092,0.1234,1.1779,4.4628,direct,88221,87002
direct_vs_group_nonadjacent,früh,22,10,32,0.2494,0.1149,0.1344,1.0795,4.4465,direct,88221,87002
direct_vs_group_nonadjacent,halten,22,10,32,0.2494,0.1149,0.1344,1.0795,4.4465,direct,88221,87002
direct_vs_group_nonadjacent,negativ,7,17,24,0.0793,0.1954,-0.1161,-1.2425,4.4368,group,88221,87002
direct_vs_group_nonadjacent,Gedanken,14,27,41,0.1587,0.3103,-0.1516,-0.9435,4.3768,group,88221,87002
direct_vs_group_nonadjacent,deshalb,29,15,44,0.3287,0.1724,0.1563,0.9084,4.3403,direct,88221,87002
direct_vs_group_nonadjacent,lesen,14,5,19,0.1587,0.0575,0.1012,1.3785,4.3146,direct,88221,87002
direct_vs_group_nonadjacent,normwertig,4,12,16,0.0453,0.1379,-0.0926,-1.494,4.2981,group,88221,87002
direct_vs_group_nonadjacent,notwendig,4,12,16,0.0453,0.1379,-0.0926,-1.494,4.2981,group,88221,87002
direct_vs_group_nonadjacent,ihrer,24,40,64,0.272,0.4598,-0.1877,-0.7452,4.2685,group,88221,87002
direct_vs_group_nonadjacent,Euch,12,24,36,0.136,0.2759,-0.1398,-0.9909,4.2463,group,88221,87002
direct_vs_group_nonadjacent,aufgenommen,26,13,39,0.2947,0.1494,0.1453,0.953,4.2384,direct,88221,87002
direct_vs_group_nonadjacent,PT,41,61,102,0.4647,0.7011,-0.2364,-0.5875,4.2303,group,88221,87002
direct_vs_group_nonadjacent,10min,0,3,3,0.0,0.0345,-0.0345,-2.8274,4.2008,group,88221,87002
direct_vs_group_nonadjacent,12h,0,3,3,0.0,0.0345,-0.0345,-2.8274,4.2008,group,88221,87002
direct_vs_group_nonadjacent,20mg,0,3,3,0.0,0.0345,-0.0345,-2.8274,4.2008,group,88221,87002
direct_vs_group_nonadjacent,28,0,3,3,0.0,0.0345,-0.0345,-2.8274,4.2008,group,88221,87002
direct_vs_group_nonadjacent,2L,0,3,3,0.0,0.0345,-0.0345,-2.8274,4.2008,group,88221,87002
direct_vs_group_nonadjacent,2x20,0,3,3,0.0,0.0345,-0.0345,-2.8274,4.2008,group,88221,87002
direct_vs_group_nonadjacent,3/tgl,0,3,3,0.0,0.0345,-0.0345,-2.8274,4.2008,group,88221,87002
direct_vs_group_nonadjacent,34a,0,3,3,0.0,0.0345,-0.0345,-2.8274,4.2008,group,88221,87002
direct_vs_group_nonadjacent,34b,0,3,3,0.0,0.0345,-0.0345,-2.8274,4.2008,group,88221,87002
direct_vs_group_nonadjacent,3xtgl,0,3,3,0.0,0.0345,-0.0345,-2.8274,4.2008,group,88221,87002
direct_vs_group_nonadjacent,400mg,0,3,3,0.0,0.0345,-0.0345,-2.8274,4.2008,group,88221,87002
direct_vs_group_nonadjacent,500ml,0,3,3,0.0,0.0345,-0.0345,-2.8274,4.2008,group,88221,87002
direct_vs_group_nonadjacent,ASV,0,3,3,0.0,0.0345,-0.0345,-2.8274,4.2008,group,88221,87002
direct_vs_group_nonadjacent,Abwicklung,0,3,3,0.0,0.0345,-0.0345,-2.8274,4.2008,group,88221,87002
direct_vs_group_nonadjacent,Aklärung,0,3,3,0.0,0.0345,-0.0345,-2.8274,4.2008,group,88221,87002
direct_vs_group_nonadjacent,Aktuelle,0,3,3,0.0,0.0345,-0.0345,-2.8274,4.2008,group,88221,87002
direct_vs_group_nonadjacent,Allgemein,0,3,3,0.0,0.0345,-0.0345,-2.8274,4.2008,group,88221,87002
direct_vs_group_nonadjacent,Allgemeinchirurgie,0,3,3,0.0,0.0345,-0.0345,-2.8274,4.2008,group,88221,87002
direct_vs_group_nonadjacent,Allianz,0,3,3,0.0,0.0345,-0.0345,-2.8274,4.2008,group,88221,87002
direct_vs_group_nonadjacent,Anlass,0,3,3,0.0,0.0345,-0.0345,-2.8274,4.2008,group,88221,87002
direct_vs_group_nonadjacent,Anlaufstelle,0,3,3,0.0,0.0345,-0.0345,-2.8274,4.2008,group,88221,87002
direct_vs_group_nonadjacent,Anreize,0,3,3,0.0,0.0345,-0.0345,-2.8274,4.2008,group,88221,87002
direct_vs_group_nonadjacent,Ansprüche,0,3,3,0.0,0.0345,-0.0345,-2.8274,4.2008,group,88221,87002
direct_vs_group_nonadjacent,Anstieg,0,3,3,0.0,0.0345,-0.0345,-2.8274,4.2008,group,88221,87002
direct_vs_group_nonadjacent,Arbeitgebers,0,3,3,0.0,0.0345,-0.0345,-2.8274,4.2008,group,88221,87002
direct_vs_group_nonadjacent,Au,0,3,3,0.0,0.0345,-0.0345,-2.8274,4.2008,group,88221,87002
direct_vs_group_nonadjacent,Augen,0,3,3,0.0,0.0345,-0.0345,-2.8274,4.2008,group,88221,87002
direct_vs_group_nonadjacent,Augenkonsils,0,3,3,0.0,0.0345,-0.0345,-2.8274,4.2008,group,88221,87002
direct_vs_group_nonadjacent,Augenrollen,0,3,3,0.0,0.0345,-0.0345,-2.8274,4.2008,group,88221,87002
direct_vs_group_nonadjacent,Auseinandersetzen,0,3,3,0.0,0.0345,-0.0345,-2.8274,4.2008,group,88221,87002
direct_vs_group_nonadjacent,Ausführliche,0,3,3,0.0,0.0345,-0.0345,-2.8274,4.2008,group,88221,87002
direct_vs_group_nonadjacent,Aussprache_PatName,0,3,3,0.0,0.0345,-0.0345,-2.8274,4.2008,group,88221,87002
direct_vs_group_nonadjacent,BU,0,3,3,0.0,0.0345,-0.0345,-2.8274,4.2008,group,88221,87002
direct_vs_group_nonadjacent,Bauarbeiten,0,3,3,0.0,0.0345,-0.0345,-2.8274,4.2008,group,88221,87002
direct_vs_group_nonadjacent,Bedürfnissen,0,3,3,0.0,0.0345,-0.0345,-2.8274,4.2008,group,88221,87002
direct_vs_group_nonadjacent,Beitrage,0,3,3,0.0,0.0345,-0.0345,-2.8274,4.2008,group,88221,87002
direct_vs_group_nonadjacent,Bemerke,0,3,3,0.0,0.0345,-0.0345,-2.8274,4.2008,group,88221,87002
direct_vs_group_nonadjacent,Benennt,0,3,3,0.0,0.0345,-0.0345,-2.8274,4.2008,group,88221,87002
direct_vs_group_nonadjacent,Beratungsstelle,0,3,3,0.0,0.0345,-0.0345,-2.8274,4.2008,group,88221,87002
direct_vs_group_nonadjacent,Besprochen,0,3,3,0.0,0.0345,-0.0345,-2.8274,4.2008,group,88221,87002
direct_vs_group_nonadjacent,Bitten,0,3,3,0.0,0.0345,-0.0345,-2.8274,4.2008,group,88221,87002
direct_vs_group_nonadjacent,Blähbauch,0,3,3,0.0,0.0345,-0.0345,-2.8274,4.2008,group,88221,87002
direct_vs_group_nonadjacent,Candesartan,0,3,3,0.0,0.0345,-0.0345,-2.8274,4.2008,group,88221,87002
direct_vs_group_nonadjacent,CoV,0,3,3,0.0,0.0345,-0.0345,-2.8274,4.2008,group,88221,87002
direct_vs_group_nonadjacent,Cyprexa,0,3,3,0.0,0.0345,-0.0345,-2.8274,4.2008,group,88221,87002
direct_vs_group_nonadjacent,Daraufhin,0,3,3,0.0,0.0345,-0.0345,-2.8274,4.2008,group,88221,87002
direct_vs_group_nonadjacent,Darm,0,3,3,0.0,0.0345,-0.0345,-2.8274,4.2008,group,88221,87002
direct_vs_group_nonadjacent,Defizit,0,3,3,0.0,0.0345,-0.0345,-2.8274,4.2008,group,88221,87002
direct_vs_group_nonadjacent,Details,0,3,3,0.0,0.0345,-0.0345,-2.8274,4.2008,group,88221,87002
direct_vs_group_nonadjacent,Dimer,0,3,3,0.0,0.0345,-0.0345,-2.8274,4.2008,group,88221,87002
direct_vs_group_nonadjacent,Div,0,3,3,0.0,0.0345,-0.0345,-2.8274,4.2008,group,88221,87002
direct_vs_group_nonadjacent,Dritten,0,3,3,0.0,0.0345,-0.0345,-2.8274,4.2008,group,88221,87002
direct_vs_group_nonadjacent,Dx,0,3,3,0.0,0.0345,-0.0345,-2.8274,4.2008,group,88221,87002
direct_vs_group_nonadjacent,Dysphagie,0,3,3,0.0,0.0345,-0.0345,-2.8274,4.2008,group,88221,87002
direct_vs_group_nonadjacent,EKs,0,3,3,0.0,0.0345,-0.0345,-2.8274,4.2008,group,88221,87002
direct_vs_group_nonadjacent,Einige,0,3,3,0.0,0.0345,-0.0345,-2.8274,4.2008,group,88221,87002
direct_vs_group_nonadjacent,Einleitungsrunde,0,3,3,0.0,0.0345,-0.0345,-2.8274,4.2008,group,88221,87002
direct_vs_group_nonadjacent,Empfindungen,0,3,3,0.0,0.0345,-0.0345,-2.8274,4.2008,group,88221,87002
direct_vs_group_nonadjacent,Endoskopiedienst,0,3,3,0.0,0.0345,-0.0345,-2.8274,4.2008,group,88221,87002
direct_vs_group_nonadjacent,Entfernung,0,3,3,0.0,0.0345,-0.0345,-2.8274,4.2008,group,88221,87002
direct_vs_group_nonadjacent,Entspannung,0,3,3,0.0,0.0345,-0.0345,-2.8274,4.2008,group,88221,87002
direct_vs_group_nonadjacent,Erkenntnis,0,3,3,0.0,0.0345,-0.0345,-2.8274,4.2008,group,88221,87002
direct_vs_group_nonadjacent,Erwerben,0,3,3,0.0,0.0345,-0.0345,-2.8274,4.2008,group,88221,87002
direct_vs_group_nonadjacent,Erzählt,0,3,3,0.0,0.0345,-0.0345,-2.8274,4.2008,group,88221,87002
direct_vs_group_nonadjacent,Ess,0,3,3,0.0,0.0345,-0.0345,-2.8274,4.2008,group,88221,87002
direct_vs_group_nonadjacent,Essgruppenregeln,0,3,3,0.0,0.0345,-0.0345,-2.8274,4.2008,group,88221,87002
direct_vs_group_nonadjacent,Etoricoxib,0,3,3,0.0,0.0345,-0.0345,-2.8274,4.2008,group,88221,87002
direct_vs_group_nonadjacent,FLO,0,3,3,0.0,0.0345,-0.0345,-2.8274,4.2008,group,88221,87002
direct_vs_group_nonadjacent,Fachkraft,0,3,3,0.0,0.0345,-0.0345,-2.8274,4.2008,group,88221,87002
direct_vs_group_nonadjacent,Fortkommen,0,3,3,0.0,0.0345,-0.0345,-2.8274,4.2008,group,88221,87002
direct_vs_group_nonadjacent,Fühlt,0,3,3,0.0,0.0345,-0.0345,-2.8274,4.2008,group,88221,87002
direct_vs_group_nonadjacent,Führerscheins,0,3,3,0.0,0.0345,-0.0345,-2.8274,4.2008,group,88221,87002
direct_vs_group_nonadjacent,Gabapentin,0,3,3,0.0,0.0345,-0.0345,-2.8274,4.2008,group,88221,87002
direct_vs_group_nonadjacent,Gefahr,0,3,3,0.0,0.0345,-0.0345,-2.8274,4.2008,group,88221,87002
direct_vs_group_nonadjacent,Gefährdungsrisikos,0,3,3,0.0,0.0345,-0.0345,-2.8274,4.2008,group,88221,87002
direct_vs_group_nonadjacent,Gefühle/,0,3,3,0.0,0.0345,-0.0345,-2.8274,4.2008,group,88221,87002
direct_vs_group_nonadjacent,Gelbe,0,3,3,0.0,0.0345,-0.0345,-2.8274,4.2008,group,88221,87002
direct_vs_group_nonadjacent,Geschenk,0,3,3,0.0,0.0345,-0.0345,-2.8274,4.2008,group,88221,87002
direct_vs_group_nonadjacent,Gespräches,0,3,3,0.0,0.0345,-0.0345,-2.8274,4.2008,group,88221,87002
direct_vs_group_nonadjacent,Gesprächsinhalte,0,3,3,0.0,0.0345,-0.0345,-2.8274,4.2008,group,88221,87002
direct_vs_group_nonadjacent,Grp,0,3,3,0.0,0.0345,-0.0345,-2.8274,4.2008,group,88221,87002
direct_vs_group_nonadjacent,Gruppenchat,0,3,3,0.0,0.0345,-0.0345,-2.8274,4.2008,group,88221,87002
direct_vs_group_nonadjacent,Gruppenkonstellation,0,3,3,0.0,0.0345,-0.0345,-2.8274,4.2008,group,88221,87002
direct_vs_group_nonadjacent,Hashtag_Gewichtsvereinbarung,0,3,3,0.0,0.0345,-0.0345,-2.8274,4.2008,group,88221,87002
direct_vs_group_nonadjacent,Hashtag_Post_Covid,0,3,3,0.0,0.0345,-0.0345,-2.8274,4.2008,group,88221,87002
direct_vs_group_nonadjacent,Hauptthema,0,3,3,0.0,0.0345,-0.0345,-2.8274,4.2008,group,88221,87002
direct_vs_group_nonadjacent,Haut,0,3,3,0.0,0.0345,-0.0345,-2.8274,4.2008,group,88221,87002
direct_vs_group_nonadjacent,Hochhaus,0,3,3,0.0,0.0345,-0.0345,-2.8274,4.2008,group,88221,87002
direct_vs_group_nonadjacent,Hustenreiz,0,3,3,0.0,0.0345,-0.0345,-2.8274,4.2008,group,88221,87002
direct_vs_group_nonadjacent,Identität,0,3,3,0.0,0.0345,-0.0345,-2.8274,4.2008,group,88221,87002
direct_vs_group_nonadjacent,Infektparameter,0,3,3,0.0,0.0345,-0.0345,-2.8274,4.2008,group,88221,87002
direct_vs_group_nonadjacent,Infusion,0,3,3,0.0,0.0345,-0.0345,-2.8274,4.2008,group,88221,87002
direct_vs_group_nonadjacent,Inhalt,0,3,3,0.0,0.0345,-0.0345,-2.8274,4.2008,group,88221,87002
direct_vs_group_nonadjacent,Kardiomyopathie,0,3,3,0.0,0.0345,-0.0345,-2.8274,4.2008,group,88221,87002
direct_vs_group_nonadjacent,Kinderschutzbundes,0,3,3,0.0,0.0345,-0.0345,-2.8274,4.2008,group,88221,87002
direct_vs_group_nonadjacent,Koloskopie,0,3,3,0.0,0.0345,-0.0345,-2.8274,4.2008,group,88221,87002
direct_vs_group_nonadjacent,Kompromisse,0,3,3,0.0,0.0345,-0.0345,-2.8274,4.2008,group,88221,87002
direct_vs_group_nonadjacent,Konkurrenz,0,3,3,0.0,0.0345,-0.0345,-2.8274,4.2008,group,88221,87002
direct_vs_group_nonadjacent,Kontakten,0,3,3,0.0,0.0345,-0.0345,-2.8274,4.2008,group,88221,87002
direct_vs_group_nonadjacent,Krämpfe,0,3,3,0.0,0.0345,-0.0345,-2.8274,4.2008,group,88221,87002
direct_vs_group_nonadjacent,Kuchen,0,3,3,0.0,0.0345,-0.0345,-2.8274,4.2008,group,88221,87002
direct_vs_group_nonadjacent,Kuscheltier,0,3,3,0.0,0.0345,-0.0345,-2.8274,4.2008,group,88221,87002
direct_vs_group_nonadjacent,Laune,0,3,3,0.0,0.0345,-0.0345,-2.8274,4.2008,group,88221,87002
direct_vs_group_nonadjacent,Leicht,0,3,3,0.0,0.0345,-0.0345,-2.8274,4.2008,group,88221,87002
direct_vs_group_nonadjacent,Leistungsorientierung,0,3,3,0.0,0.0345,-0.0345,-2.8274,4.2008,group,88221,87002
direct_vs_group_nonadjacent,Lumboischialgie,0,3,3,0.0,0.0345,-0.0345,-2.8274,4.2008,group,88221,87002
direct_vs_group_nonadjacent,Lungenfunktion,0,3,3,0.0,0.0345,-0.0345,-2.8274,4.2008,group,88221,87002
direct_vs_group_nonadjacent,Lösungsmöglichkeiten,0,3,3,0.0,0.0345,-0.0345,-2.8274,4.2008,group,88221,87002
direct_vs_group_nonadjacent,Magengegend,0,3,3,0.0,0.0345,-0.0345,-2.8274,4.2008,group,88221,87002
direct_vs_group_nonadjacent,Masken,0,3,3,0.0,0.0345,-0.0345,-2.8274,4.2008,group,88221,87002
direct_vs_group_nonadjacent,NRS,0,3,3,0.0,0.0345,-0.0345,-2.8274,4.2008,group,88221,87002
direct_vs_group_nonadjacent,Nachbesprechung,0,3,3,0.0,0.0345,-0.0345,-2.8274,4.2008,group,88221,87002
direct_vs_group_nonadjacent,Natrium,0,3,3,0.0,0.0345,-0.0345,-2.8274,4.2008,group,88221,87002
direct_vs_group_nonadjacent,Neu,0,3,3,0.0,0.0345,-0.0345,-2.8274,4.2008,group,88221,87002
direct_vs_group_nonadjacent,Nierenparameter,0,3,3,0.0,0.0345,-0.0345,-2.8274,4.2008,group,88221,87002
direct_vs_group_nonadjacent,Nierenspende,0,3,3,0.0,0.0345,-0.0345,-2.8274,4.2008,group,88221,87002
direct_vs_group_nonadjacent,Nochmal,0,3,3,0.0,0.0345,-0.0345,-2.8274,4.2008,group,88221,87002
direct_vs_group_nonadjacent,Nochmals,0,3,3,0.0,0.0345,-0.0345,-2.8274,4.2008,group,88221,87002
direct_vs_group_nonadjacent,Normalbefund,0,3,3,0.0,0.0345,-0.0345,-2.8274,4.2008,group,88221,87002
direct_vs_group_nonadjacent,Offlabel,0,3,3,0.0,0.0345,-0.0345,-2.8274,4.2008,group,88221,87002
direct_vs_group_nonadjacent,Opipramol,0,3,3,0.0,0.0345,-0.0345,-2.8274,4.2008,group,88221,87002
direct_vs_group_nonadjacent,Orangefärbung,0,3,3,0.0,0.0345,-0.0345,-2.8274,4.2008,group,88221,87002
direct_vs_group_nonadjacent,PP,0,3,3,0.0,0.0345,-0.0345,-2.8274,4.2008,group,88221,87002
direct_vs_group_nonadjacent,PPI,0,3,3,0.0,0.0345,-0.0345,-2.8274,4.2008,group,88221,87002
direct_vs_group_nonadjacent,PSOM,0,3,3,0.0,0.0345,-0.0345,-2.8274,4.2008,group,88221,87002
direct_vs_group_nonadjacent,Partnerin,0,3,3,0.0,0.0345,-0.0345,-2.8274,4.2008,group,88221,87002
direct_vs_group_nonadjacent,Pathologie,0,3,3,0.0,0.0345,-0.0345,-2.8274,4.2008,group,88221,87002
direct_vs_group_nonadjacent,Peritonealdialyse,0,3,3,0.0,0.0345,-0.0345,-2.8274,4.2008,group,88221,87002
direct_vs_group_nonadjacent,Personalabteilung,0,3,3,0.0,0.0345,-0.0345,-2.8274,4.2008,group,88221,87002
direct_vs_group_nonadjacent,Physikalisches,0,3,3,0.0,0.0345,-0.0345,-2.8274,4.2008,group,88221,87002
direct_vs_group_nonadjacent,Polyneuropathie,0,3,3,0.0,0.0345,-0.0345,-2.8274,4.2008,group,88221,87002
direct_vs_group_nonadjacent,Positionierung,0,3,3,0.0,0.0345,-0.0345,-2.8274,4.2008,group,88221,87002
direct_vs_group_nonadjacent,Positivbilanziert,0,3,3,0.0,0.0345,-0.0345,-2.8274,4.2008,group,88221,87002
direct_vs_group_nonadjacent,Prozesses,0,3,3,0.0,0.0345,-0.0345,-2.8274,4.2008,group,88221,87002
direct_vs_group_nonadjacent,Psyche,0,3,3,0.0,0.0345,-0.0345,-2.8274,4.2008,group,88221,87002
direct_vs_group_nonadjacent,Psychisch,0,3,3,0.0,0.0345,-0.0345,-2.8274,4.2008,group,88221,87002
direct_vs_group_nonadjacent,Raster,0,3,3,0.0,0.0345,-0.0345,-2.8274,4.2008,group,88221,87002
direct_vs_group_nonadjacent,Redebedarf,0,3,3,0.0,0.0345,-0.0345,-2.8274,4.2008,group,88221,87002
direct_vs_group_nonadjacent,Resonanz,0,3,3,0.0,0.0345,-0.0345,-2.8274,4.2008,group,88221,87002
direct_vs_group_nonadjacent,Ressourcen,0,3,3,0.0,0.0345,-0.0345,-2.8274,4.2008,group,88221,87002
direct_vs_group_nonadjacent,Ring,0,3,3,0.0,0.0345,-0.0345,-2.8274,4.2008,group,88221,87002
direct_vs_group_nonadjacent,Riopan,0,3,3,0.0,0.0345,-0.0345,-2.8274,4.2008,group,88221,87002
direct_vs_group_nonadjacent,Rossmann,0,3,3,0.0,0.0345,-0.0345,-2.8274,4.2008,group,88221,87002
direct_vs_group_nonadjacent,Räume,0,3,3,0.0,0.0345,-0.0345,-2.8274,4.2008,group,88221,87002
direct_vs_group_nonadjacent,Rückverlegung,0,3,3,0.0,0.0345,-0.0345,-2.8274,4.2008,group,88221,87002
direct_vs_group_nonadjacent,Rückzug,0,3,3,0.0,0.0345,-0.0345,-2.8274,4.2008,group,88221,87002
direct_vs_group_nonadjacent,SUE,0,3,3,0.0,0.0345,-0.0345,-2.8274,4.2008,group,88221,87002
direct_vs_group_nonadjacent,Sammelurin,0,3,3,0.0,0.0345,-0.0345,-2.8274,4.2008,group,88221,87002
direct_vs_group_nonadjacent,Schmerztherapie,0,3,3,0.0,0.0345,-0.0345,-2.8274,4.2008,group,88221,87002
direct_vs_group_nonadjacent,Schöner,0,3,3,0.0,0.0345,-0.0345,-2.8274,4.2008,group,88221,87002
direct_vs_group_nonadjacent,Screenshot,0,3,3,0.0,0.0345,-0.0345,-2.8274,4.2008,group,88221,87002
direct_vs_group_nonadjacent,Selbstverletzung,0,3,3,0.0,0.0345,-0.0345,-2.8274,4.2008,group,88221,87002
direct_vs_group_nonadjacent,Selbstwert,0,3,3,0.0,0.0345,-0.0345,-2.8274,4.2008,group,88221,87002
direct_vs_group_nonadjacent,Sigma,0,3,3,0.0,0.0345,-0.0345,-2.8274,4.2008,group,88221,87002
direct_vs_group_nonadjacent,Songs,0,3,3,0.0,0.0345,-0.0345,-2.8274,4.2008,group,88221,87002
direct_vs_group_nonadjacent,Soweit,0,3,3,0.0,0.0345,-0.0345,-2.8274,4.2008,group,88221,87002
direct_vs_group_nonadjacent,Spüre,0,3,3,0.0,0.0345,-0.0345,-2.8274,4.2008,group,88221,87002
direct_vs_group_nonadjacent,Stigma,0,3,3,0.0,0.0345,-0.0345,-2.8274,4.2008,group,88221,87002
direct_vs_group_nonadjacent,Stärke,0,3,3,0.0,0.0345,-0.0345,-2.8274,4.2008,group,88221,87002
direct_vs_group_nonadjacent,Tassen,0,3,3,0.0,0.0345,-0.0345,-2.8274,4.2008,group,88221,87002
direct_vs_group_nonadjacent,Teilnehmende,0,3,3,0.0,0.0345,-0.0345,-2.8274,4.2008,group,88221,87002
direct_vs_group_nonadjacent,Tendenz,0,3,3,0.0,0.0345,-0.0345,-2.8274,4.2008,group,88221,87002
direct_vs_group_nonadjacent,Themas,0,3,3,0.0,0.0345,-0.0345,-2.8274,4.2008,group,88221,87002
direct_vs_group_nonadjacent,Therapiemotivation,0,3,3,0.0,0.0345,-0.0345,-2.8274,4.2008,group,88221,87002
direct_vs_group_nonadjacent,Therapieraum,0,3,3,0.0,0.0345,-0.0345,-2.8274,4.2008,group,88221,87002
direct_vs_group_nonadjacent,Trost,0,3,3,0.0,0.0345,-0.0345,-2.8274,4.2008,group,88221,87002
direct_vs_group_nonadjacent,Typ1,0,3,3,0.0,0.0345,-0.0345,-2.8274,4.2008,group,88221,87002
direct_vs_group_nonadjacent,Unacid,0,3,3,0.0,0.0345,-0.0345,-2.8274,4.2008,group,88221,87002
direct_vs_group_nonadjacent,Unfähigkeit,0,3,3,0.0,0.0345,-0.0345,-2.8274,4.2008,group,88221,87002
direct_vs_group_nonadjacent,Universität,0,3,3,0.0,0.0345,-0.0345,-2.8274,4.2008,group,88221,87002
direct_vs_group_nonadjacent,Ustix,0,3,3,0.0,0.0345,-0.0345,-2.8274,4.2008,group,88221,87002
direct_vs_group_nonadjacent,Valproat,0,3,3,0.0,0.0345,-0.0345,-2.8274,4.2008,group,88221,87002
direct_vs_group_nonadjacent,Verla,0,3,3,0.0,0.0345,-0.0345,-2.8274,4.2008,group,88221,87002
direct_vs_group_nonadjacent,Verlassenwordenseins,0,3,3,0.0,0.0345,-0.0345,-2.8274,4.2008,group,88221,87002
direct_vs_group_nonadjacent,Verlaufs,0,3,3,0.0,0.0345,-0.0345,-2.8274,4.2008,group,88221,87002
direct_vs_group_nonadjacent,Verunsicherung,0,3,3,0.0,0.0345,-0.0345,-2.8274,4.2008,group,88221,87002
direct_vs_group_nonadjacent,Wahrnehmung,0,3,3,0.0,0.0345,-0.0345,-2.8274,4.2008,group,88221,87002
direct_vs_group_nonadjacent,Weggang,0,3,3,0.0,0.0345,-0.0345,-2.8274,4.2008,group,88221,87002
direct_vs_group_nonadjacent,Wiedereingliederung,0,3,3,0.0,0.0345,-0.0345,-2.8274,4.2008,group,88221,87002
direct_vs_group_nonadjacent,Wiederholtes,0,3,3,0.0,0.0345,-0.0345,-2.8274,4.2008,group,88221,87002
direct_vs_group_nonadjacent,Wochenenden,0,3,3,0.0,0.0345,-0.0345,-2.8274,4.2008,group,88221,87002
direct_vs_group_nonadjacent,Wunschemotion,0,3,3,0.0,0.0345,-0.0345,-2.8274,4.2008,group,88221,87002
direct_vs_group_nonadjacent,Zeigt,0,3,3,0.0,0.0345,-0.0345,-2.8274,4.2008,group,88221,87002
direct_vs_group_nonadjacent,Zusammenschau,0,3,3,0.0,0.0345,-0.0345,-2.8274,4.2008,group,88221,87002
direct_vs_group_nonadjacent,Zuständigkeit,0,3,3,0.0,0.0345,-0.0345,-2.8274,4.2008,group,88221,87002
direct_vs_group_nonadjacent,abschließt,0,3,3,0.0,0.0345,-0.0345,-2.8274,4.2008,group,88221,87002
direct_vs_group_nonadjacent,abzusetzen,0,3,3,0.0,0.0345,-0.0345,-2.8274,4.2008,group,88221,87002
direct_vs_group_nonadjacent,affektisoliert,0,3,3,0.0,0.0345,-0.0345,-2.8274,4.2008,group,88221,87002
direct_vs_group_nonadjacent,andererseits,0,3,3,0.0,0.0345,-0.0345,-2.8274,4.2008,group,88221,87002
direct_vs_group_nonadjacent,andocken,0,3,3,0.0,0.0345,-0.0345,-2.8274,4.2008,group,88221,87002
direct_vs_group_nonadjacent,anfänglicher,0,3,3,0.0,0.0345,-0.0345,-2.8274,4.2008,group,88221,87002
direct_vs_group_nonadjacent,angespannte,0,3,3,0.0,0.0345,-0.0345,-2.8274,4.2008,group,88221,87002
direct_vs_group_nonadjacent,anschließend,0,3,3,0.0,0.0345,-0.0345,-2.8274,4.2008,group,88221,87002
direct_vs_group_nonadjacent,antidepressive,0,3,3,0.0,0.0345,-0.0345,-2.8274,4.2008,group,88221,87002
direct_vs_group_nonadjacent,antriggern,0,3,3,0.0,0.0345,-0.0345,-2.8274,4.2008,group,88221,87002
direct_vs_group_nonadjacent,anwesenden,0,3,3,0.0,0.0345,-0.0345,-2.8274,4.2008,group,88221,87002
direct_vs_group_nonadjacent,arbeitend,0,3,3,0.0,0.0345,-0.0345,-2.8274,4.2008,group,88221,87002
direct_vs_group_nonadjacent,aufdrängende,0,3,3,0.0,0.0345,-0.0345,-2.8274,4.2008,group,88221,87002
direct_vs_group_nonadjacent,auffälligem,0,3,3,0.0,0.0345,-0.0345,-2.8274,4.2008,group,88221,87002
direct_vs_group_nonadjacent,aufgebracht,0,3,3,0.0,0.0345,-0.0345,-2.8274,4.2008,group,88221,87002
direct_vs_group_nonadjacent,aufregendes,0,3,3,0.0,0.0345,-0.0345,-2.8274,4.2008,group,88221,87002
direct_vs_group_nonadjacent,ausgehalten,0,3,3,0.0,0.0345,-0.0345,-2.8274,4.2008,group,88221,87002
direct_vs_group_nonadjacent,baldiges,0,3,3,0.0,0.0345,-0.0345,-2.8274,4.2008,group,88221,87002
direct_vs_group_nonadjacent,bearbeitet,0,3,3,0.0,0.0345,-0.0345,-2.8274,4.2008,group,88221,87002
direct_vs_group_nonadjacent,bedarfsmed,0,3,3,0.0,0.0345,-0.0345,-2.8274,4.2008,group,88221,87002
direct_vs_group_nonadjacent,bedeutsam,0,3,3,0.0,0.0345,-0.0345,-2.8274,4.2008,group,88221,87002
direct_vs_group_nonadjacent,beginnende,0,3,3,0.0,0.0345,-0.0345,-2.8274,4.2008,group,88221,87002
direct_vs_group_nonadjacent,bemerkbar,0,3,3,0.0,0.0345,-0.0345,-2.8274,4.2008,group,88221,87002
direct_vs_group_nonadjacent,bemerkt,0,3,3,0.0,0.0345,-0.0345,-2.8274,4.2008,group,88221,87002
direct_vs_group_nonadjacent,benutzt,0,3,3,0.0,0.0345,-0.0345,-2.8274,4.2008,group,88221,87002
direct_vs_group_nonadjacent,berichteten,0,3,3,0.0,0.0345,-0.0345,-2.8274,4.2008,group,88221,87002
direct_vs_group_nonadjacent,beschuldigt,0,3,3,0.0,0.0345,-0.0345,-2.8274,4.2008,group,88221,87002
direct_vs_group_nonadjacent,beschwert,0,3,3,0.0,0.0345,-0.0345,-2.8274,4.2008,group,88221,87002
direct_vs_group_nonadjacent,besserer,0,3,3,0.0,0.0345,-0.0345,-2.8274,4.2008,group,88221,87002
direct_vs_group_nonadjacent,betonte,0,3,3,0.0,0.0345,-0.0345,-2.8274,4.2008,group,88221,87002
direct_vs_group_nonadjacent,bezugstherapeutisches,0,3,3,0.0,0.0345,-0.0345,-2.8274,4.2008,group,88221,87002
direct_vs_group_nonadjacent,bilden,0,3,3,0.0,0.0345,-0.0345,-2.8274,4.2008,group,88221,87002
direct_vs_group_nonadjacent,bisherigen,0,3,3,0.0,0.0345,-0.0345,-2.8274,4.2008,group,88221,87002
direct_vs_group_nonadjacent,bringe,0,3,3,0.0,0.0345,-0.0345,-2.8274,4.2008,group,88221,87002
direct_vs_group_nonadjacent,checken,0,3,3,0.0,0.0345,-0.0345,-2.8274,4.2008,group,88221,87002
direct_vs_group_nonadjacent,dahinter,0,3,3,0.0,0.0345,-0.0345,-2.8274,4.2008,group,88221,87002
direct_vs_group_nonadjacent,dargestellt,0,3,3,0.0,0.0345,-0.0345,-2.8274,4.2008,group,88221,87002
direct_vs_group_nonadjacent,darzustellen,0,3,3,0.0,0.0345,-0.0345,-2.8274,4.2008,group,88221,87002
direct_vs_group_nonadjacent,de,0,3,3,0.0,0.0345,-0.0345,-2.8274,4.2008,group,88221,87002
direct_vs_group_nonadjacent,desto,0,3,3,0.0,0.0345,-0.0345,-2.8274,4.2008,group,88221,87002
direct_vs_group_nonadjacent,diagnostisch,0,3,3,0.0,0.0345,-0.0345,-2.8274,4.2008,group,88221,87002
direct_vs_group_nonadjacent,dissoziativer,0,3,3,0.0,0.0345,-0.0345,-2.8274,4.2008,group,88221,87002
direct_vs_group_nonadjacent,durchsetzen,0,3,3,0.0,0.0345,-0.0345,-2.8274,4.2008,group,88221,87002
direct_vs_group_nonadjacent,ei,0,3,3,0.0,0.0345,-0.0345,-2.8274,4.2008,group,88221,87002
direct_vs_group_nonadjacent,eingeholt,0,3,3,0.0,0.0345,-0.0345,-2.8274,4.2008,group,88221,87002
direct_vs_group_nonadjacent,einstündig,0,3,3,0.0,0.0345,-0.0345,-2.8274,4.2008,group,88221,87002
direct_vs_group_nonadjacent,emotionaler,0,3,3,0.0,0.0345,-0.0345,-2.8274,4.2008,group,88221,87002
direct_vs_group_nonadjacent,enge,0,3,3,0.0,0.0345,-0.0345,-2.8274,4.2008,group,88221,87002
direct_vs_group_nonadjacent,entschlossen,0,3,3,0.0,0.0345,-0.0345,-2.8274,4.2008,group,88221,87002
direct_vs_group_nonadjacent,erbrochen,0,3,3,0.0,0.0345,-0.0345,-2.8274,4.2008,group,88221,87002
direct_vs_group_nonadjacent,erfahrene,0,3,3,0.0,0.0345,-0.0345,-2.8274,4.2008,group,88221,87002
direct_vs_group_nonadjacent,erkenne,0,3,3,0.0,0.0345,-0.0345,-2.8274,4.2008,group,88221,87002
direct_vs_group_nonadjacent,erneuter,0,3,3,0.0,0.0345,-0.0345,-2.8274,4.2008,group,88221,87002
direct_vs_group_nonadjacent,erschöpfend,0,3,3,0.0,0.0345,-0.0345,-2.8274,4.2008,group,88221,87002
direct_vs_group_nonadjacent,erworbenes,0,3,3,0.0,0.0345,-0.0345,-2.8274,4.2008,group,88221,87002
direct_vs_group_nonadjacent,erzählte,0,3,3,0.0,0.0345,-0.0345,-2.8274,4.2008,group,88221,87002
direct_vs_group_nonadjacent,exploriert,0,3,3,0.0,0.0345,-0.0345,-2.8274,4.2008,group,88221,87002
direct_vs_group_nonadjacent,fassen,0,3,3,0.0,0.0345,-0.0345,-2.8274,4.2008,group,88221,87002
direct_vs_group_nonadjacent,fehlten,0,3,3,0.0,0.0345,-0.0345,-2.8274,4.2008,group,88221,87002
direct_vs_group_nonadjacent,fix,0,3,3,0.0,0.0345,-0.0345,-2.8274,4.2008,group,88221,87002
direct_vs_group_nonadjacent,freundliche,0,3,3,0.0,0.0345,-0.0345,-2.8274,4.2008,group,88221,87002
direct_vs_group_nonadjacent,frustrane,0,3,3,0.0,0.0345,-0.0345,-2.8274,4.2008,group,88221,87002
direct_vs_group_nonadjacent,frühestens,0,3,3,0.0,0.0345,-0.0345,-2.8274,4.2008,group,88221,87002
direct_vs_group_nonadjacent,geeignete,0,3,3,0.0,0.0345,-0.0345,-2.8274,4.2008,group,88221,87002
direct_vs_group_nonadjacent,gefaxt,0,3,3,0.0,0.0345,-0.0345,-2.8274,4.2008,group,88221,87002
direct_vs_group_nonadjacent,gegenseitig,0,3,3,0.0,0.0345,-0.0345,-2.8274,4.2008,group,88221,87002
direct_vs_group_nonadjacent,gehtâs,0,3,3,0.0,0.0345,-0.0345,-2.8274,4.2008,group,88221,87002
direct_vs_group_nonadjacent,gekümmert,0,3,3,0.0,0.0345,-0.0345,-2.8274,4.2008,group,88221,87002
direct_vs_group_nonadjacent,gelöst,0,3,3,0.0,0.0345,-0.0345,-2.8274,4.2008,group,88221,87002
direct_vs_group_nonadjacent,gemailt,0,3,3,0.0,0.0345,-0.0345,-2.8274,4.2008,group,88221,87002
direct_vs_group_nonadjacent,gereizt,0,3,3,0.0,0.0345,-0.0345,-2.8274,4.2008,group,88221,87002
direct_vs_group_nonadjacent,gescheitert,0,3,3,0.0,0.0345,-0.0345,-2.8274,4.2008,group,88221,87002
direct_vs_group_nonadjacent,geschlafen,0,3,3,0.0,0.0345,-0.0345,-2.8274,4.2008,group,88221,87002
direct_vs_group_nonadjacent,geschlossen,0,3,3,0.0,0.0345,-0.0345,-2.8274,4.2008,group,88221,87002
direct_vs_group_nonadjacent,gespalten,0,3,3,0.0,0.0345,-0.0345,-2.8274,4.2008,group,88221,87002
direct_vs_group_nonadjacent,gespielt,0,3,3,0.0,0.0345,-0.0345,-2.8274,4.2008,group,88221,87002
direct_vs_group_nonadjacent,gesprächsfähig,0,3,3,0.0,0.0345,-0.0345,-2.8274,4.2008,group,88221,87002
direct_vs_group_nonadjacent,gesundheitsbezogene,0,3,3,0.0,0.0345,-0.0345,-2.8274,4.2008,group,88221,87002
direct_vs_group_nonadjacent,geweckt,0,3,3,0.0,0.0345,-0.0345,-2.8274,4.2008,group,88221,87002
direct_vs_group_nonadjacent,gewissen,0,3,3,0.0,0.0345,-0.0345,-2.8274,4.2008,group,88221,87002
direct_vs_group_nonadjacent,glaubhaft,0,3,3,0.0,0.0345,-0.0345,-2.8274,4.2008,group,88221,87002
direct_vs_group_nonadjacent,glaubten,0,3,3,0.0,0.0345,-0.0345,-2.8274,4.2008,group,88221,87002
direct_vs_group_nonadjacent,grapefruit,0,3,3,0.0,0.0345,-0.0345,-2.8274,4.2008,group,88221,87002
direct_vs_group_nonadjacent,halbwegs,0,3,3,0.0,0.0345,-0.0345,-2.8274,4.2008,group,88221,87002
direct_vs_group_nonadjacent,handeln,0,3,3,0.0,0.0345,-0.0345,-2.8274,4.2008,group,88221,87002
direct_vs_group_nonadjacent,hauptsächlich,0,3,3,0.0,0.0345,-0.0345,-2.8274,4.2008,group,88221,87002
direct_vs_group_nonadjacent,helfe,0,3,3,0.0,0.0345,-0.0345,-2.8274,4.2008,group,88221,87002
direct_vs_group_nonadjacent,hochgradigem,0,3,3,0.0,0.0345,-0.0345,-2.8274,4.2008,group,88221,87002
direct_vs_group_nonadjacent,imstande,0,3,3,0.0,0.0345,-0.0345,-2.8274,4.2008,group,88221,87002
direct_vs_group_nonadjacent,insoweit,0,3,3,0.0,0.0345,-0.0345,-2.8274,4.2008,group,88221,87002
direct_vs_group_nonadjacent,interessierte,0,3,3,0.0,0.0345,-0.0345,-2.8274,4.2008,group,88221,87002
direct_vs_group_nonadjacent,internistische,0,3,3,0.0,0.0345,-0.0345,-2.8274,4.2008,group,88221,87002
direct_vs_group_nonadjacent,kompetent,0,3,3,0.0,0.0345,-0.0345,-2.8274,4.2008,group,88221,87002
direct_vs_group_nonadjacent,konservativ,0,3,3,0.0,0.0345,-0.0345,-2.8274,4.2008,group,88221,87002
direct_vs_group_nonadjacent,lebend,0,3,3,0.0,0.0345,-0.0345,-2.8274,4.2008,group,88221,87002
direct_vs_group_nonadjacent,lebenslang,0,3,3,0.0,0.0345,-0.0345,-2.8274,4.2008,group,88221,87002
direct_vs_group_nonadjacent,lehrreiches,0,3,3,0.0,0.0345,-0.0345,-2.8274,4.2008,group,88221,87002
direct_vs_group_nonadjacent,leise,0,3,3,0.0,0.0345,-0.0345,-2.8274,4.2008,group,88221,87002
direct_vs_group_nonadjacent,liebes,0,3,3,0.0,0.0345,-0.0345,-2.8274,4.2008,group,88221,87002
direct_vs_group_nonadjacent,logorrhoisch,0,3,3,0.0,0.0345,-0.0345,-2.8274,4.2008,group,88221,87002
direct_vs_group_nonadjacent,malen,0,3,3,0.0,0.0345,-0.0345,-2.8274,4.2008,group,88221,87002
direct_vs_group_nonadjacent,mitzukommen,0,3,3,0.0,0.0345,-0.0345,-2.8274,4.2008,group,88221,87002
direct_vs_group_nonadjacent,mitzuteilen,0,3,3,0.0,0.0345,-0.0345,-2.8274,4.2008,group,88221,87002
direct_vs_group_nonadjacent,musikalisch,0,3,3,0.0,0.0345,-0.0345,-2.8274,4.2008,group,88221,87002
direct_vs_group_nonadjacent,mögl,0,3,3,0.0,0.0345,-0.0345,-2.8274,4.2008,group,88221,87002
direct_vs_group_nonadjacent,nachlässt,0,3,3,0.0,0.0345,-0.0345,-2.8274,4.2008,group,88221,87002
direct_vs_group_nonadjacent,namentlich,0,3,3,0.0,0.0345,-0.0345,-2.8274,4.2008,group,88221,87002
direct_vs_group_nonadjacent,negativer,0,3,3,0.0,0.0345,-0.0345,-2.8274,4.2008,group,88221,87002
direct_vs_group_nonadjacent,neugierig,0,3,3,0.0,0.0345,-0.0345,-2.8274,4.2008,group,88221,87002
direct_vs_group_nonadjacent,niedergeschlagen,0,3,3,0.0,0.0345,-0.0345,-2.8274,4.2008,group,88221,87002
direct_vs_group_nonadjacent,passe,0,3,3,0.0,0.0345,-0.0345,-2.8274,4.2008,group,88221,87002
direct_vs_group_nonadjacent,preisgegeben,0,3,3,0.0,0.0345,-0.0345,-2.8274,4.2008,group,88221,87002
direct_vs_group_nonadjacent,prüfen,0,3,3,0.0,0.0345,-0.0345,-2.8274,4.2008,group,88221,87002
direct_vs_group_nonadjacent,pulmologische,0,3,3,0.0,0.0345,-0.0345,-2.8274,4.2008,group,88221,87002
direct_vs_group_nonadjacent,quittiert,0,3,3,0.0,0.0345,-0.0345,-2.8274,4.2008,group,88221,87002
direct_vs_group_nonadjacent,retard,0,3,3,0.0,0.0345,-0.0345,-2.8274,4.2008,group,88221,87002
direct_vs_group_nonadjacent,rufen,0,3,3,0.0,0.0345,-0.0345,-2.8274,4.2008,group,88221,87002
direct_vs_group_nonadjacent,sagten,0,3,3,0.0,0.0345,-0.0345,-2.8274,4.2008,group,88221,87002
direct_vs_group_nonadjacent,satt,0,3,3,0.0,0.0345,-0.0345,-2.8274,4.2008,group,88221,87002
direct_vs_group_nonadjacent,schlechtes,0,3,3,0.0,0.0345,-0.0345,-2.8274,4.2008,group,88221,87002
direct_vs_group_nonadjacent,schmerzhaften,0,3,3,0.0,0.0345,-0.0345,-2.8274,4.2008,group,88221,87002
direct_vs_group_nonadjacent,seelischen,0,3,3,0.0,0.0345,-0.0345,-2.8274,4.2008,group,88221,87002
direct_vs_group_nonadjacent,sexualisierte,0,3,3,0.0,0.0345,-0.0345,-2.8274,4.2008,group,88221,87002
direct_vs_group_nonadjacent,sogenannte,0,3,3,0.0,0.0345,-0.0345,-2.8274,4.2008,group,88221,87002
direct_vs_group_nonadjacent,somat,0,3,3,0.0,0.0345,-0.0345,-2.8274,4.2008,group,88221,87002
direct_vs_group_nonadjacent,somatischorientiertes,0,3,3,0.0,0.0345,-0.0345,-2.8274,4.2008,group,88221,87002
direct_vs_group_nonadjacent,sonntag,0,3,3,0.0,0.0345,-0.0345,-2.8274,4.2008,group,88221,87002
direct_vs_group_nonadjacent,sonstigen,0,3,3,0.0,0.0345,-0.0345,-2.8274,4.2008,group,88221,87002
direct_vs_group_nonadjacent,springen,0,3,3,0.0,0.0345,-0.0345,-2.8274,4.2008,group,88221,87002
direct_vs_group_nonadjacent,spüre,0,3,3,0.0,0.0345,-0.0345,-2.8274,4.2008,group,88221,87002
direct_vs_group_nonadjacent,stehende,0,3,3,0.0,0.0345,-0.0345,-2.8274,4.2008,group,88221,87002
direct_vs_group_nonadjacent,stört,0,3,3,0.0,0.0345,-0.0345,-2.8274,4.2008,group,88221,87002
direct_vs_group_nonadjacent,substituiert,0,3,3,0.0,0.0345,-0.0345,-2.8274,4.2008,group,88221,87002
direct_vs_group_nonadjacent,suizidalen,0,3,3,0.0,0.0345,-0.0345,-2.8274,4.2008,group,88221,87002
direct_vs_group_nonadjacent,sunflower,0,3,3,0.0,0.0345,-0.0345,-2.8274,4.2008,group,88221,87002
direct_vs_group_nonadjacent,supportives,0,3,3,0.0,0.0345,-0.0345,-2.8274,4.2008,group,88221,87002
direct_vs_group_nonadjacent,teilnimmt,0,3,3,0.0,0.0345,-0.0345,-2.8274,4.2008,group,88221,87002
direct_vs_group_nonadjacent,telefonische,0,3,3,0.0,0.0345,-0.0345,-2.8274,4.2008,group,88221,87002
direct_vs_group_nonadjacent,tägl,0,3,3,0.0,0.0345,-0.0345,-2.8274,4.2008,group,88221,87002
direct_vs_group_nonadjacent,unentschlossen,0,3,3,0.0,0.0345,-0.0345,-2.8274,4.2008,group,88221,87002
direct_vs_group_nonadjacent,ungeduldig,0,3,3,0.0,0.0345,-0.0345,-2.8274,4.2008,group,88221,87002
direct_vs_group_nonadjacent,unheimlich,0,3,3,0.0,0.0345,-0.0345,-2.8274,4.2008,group,88221,87002
direct_vs_group_nonadjacent,unruhig,0,3,3,0.0,0.0345,-0.0345,-2.8274,4.2008,group,88221,87002
direct_vs_group_nonadjacent,unseres,0,3,3,0.0,0.0345,-0.0345,-2.8274,4.2008,group,88221,87002
direct_vs_group_nonadjacent,unspez,0,3,3,0.0,0.0345,-0.0345,-2.8274,4.2008,group,88221,87002
direct_vs_group_nonadjacent,unterschwellig,0,3,3,0.0,0.0345,-0.0345,-2.8274,4.2008,group,88221,87002
direct_vs_group_nonadjacent,verallgemeinert,0,3,3,0.0,0.0345,-0.0345,-2.8274,4.2008,group,88221,87002
direct_vs_group_nonadjacent,verbal,0,3,3,0.0,0.0345,-0.0345,-2.8274,4.2008,group,88221,87002
direct_vs_group_nonadjacent,verbalisiert,0,3,3,0.0,0.0345,-0.0345,-2.8274,4.2008,group,88221,87002
direct_vs_group_nonadjacent,vermeintlich,0,3,3,0.0,0.0345,-0.0345,-2.8274,4.2008,group,88221,87002
direct_vs_group_nonadjacent,vermuteten,0,3,3,0.0,0.0345,-0.0345,-2.8274,4.2008,group,88221,87002
direct_vs_group_nonadjacent,versprechen,0,3,3,0.0,0.0345,-0.0345,-2.8274,4.2008,group,88221,87002
direct_vs_group_nonadjacent,versterben,0,3,3,0.0,0.0345,-0.0345,-2.8274,4.2008,group,88221,87002
direct_vs_group_nonadjacent,verteten,0,3,3,0.0,0.0345,-0.0345,-2.8274,4.2008,group,88221,87002
direct_vs_group_nonadjacent,väterlich,0,3,3,0.0,0.0345,-0.0345,-2.8274,4.2008,group,88221,87002
direct_vs_group_nonadjacent,wahrgenommen/gemessen,0,3,3,0.0,0.0345,-0.0345,-2.8274,4.2008,group,88221,87002
direct_vs_group_nonadjacent,wecken,0,3,3,0.0,0.0345,-0.0345,-2.8274,4.2008,group,88221,87002
direct_vs_group_nonadjacent,wendet,0,3,3,0.0,0.0345,-0.0345,-2.8274,4.2008,group,88221,87002
direct_vs_group_nonadjacent,wichtiger,0,3,3,0.0,0.0345,-0.0345,-2.8274,4.2008,group,88221,87002
direct_vs_group_nonadjacent,wiederholen,0,3,3,0.0,0.0345,-0.0345,-2.8274,4.2008,group,88221,87002
direct_vs_group_nonadjacent,wirke,0,3,3,0.0,0.0345,-0.0345,-2.8274,4.2008,group,88221,87002
direct_vs_group_nonadjacent,wohlwollende,0,3,3,0.0,0.0345,-0.0345,-2.8274,4.2008,group,88221,87002
direct_vs_group_nonadjacent,worauf,0,3,3,0.0,0.0345,-0.0345,-2.8274,4.2008,group,88221,87002
direct_vs_group_nonadjacent,zugehen,0,3,3,0.0,0.0345,-0.0345,-2.8274,4.2008,group,88221,87002
direct_vs_group_nonadjacent,zugelegt,0,3,3,0.0,0.0345,-0.0345,-2.8274,4.2008,group,88221,87002
direct_vs_group_nonadjacent,zuordnen,0,3,3,0.0,0.0345,-0.0345,-2.8274,4.2008,group,88221,87002
direct_vs_group_nonadjacent,zögerlich,0,3,3,0.0,0.0345,-0.0345,-2.8274,4.2008,group,88221,87002
direct_vs_group_nonadjacent,Änderung,0,3,3,0.0,0.0345,-0.0345,-2.8274,4.2008,group,88221,87002
direct_vs_group_nonadjacent,Öffnung,0,3,3,0.0,0.0345,-0.0345,-2.8274,4.2008,group,88221,87002
direct_vs_group_nonadjacent,Ölfarben,0,3,3,0.0,0.0345,-0.0345,-2.8274,4.2008,group,88221,87002
direct_vs_group_nonadjacent,ÖsophagusCA,0,3,3,0.0,0.0345,-0.0345,-2.8274,4.2008,group,88221,87002
direct_vs_group_nonadjacent,Übersichtsartikel,0,3,3,0.0,0.0345,-0.0345,-2.8274,4.2008,group,88221,87002
direct_vs_group_nonadjacent,Überwältigung,0,3,3,0.0,0.0345,-0.0345,-2.8274,4.2008,group,88221,87002
direct_vs_group_nonadjacent,ï,0,3,3,0.0,0.0345,-0.0345,-2.8274,4.2008,group,88221,87002
direct_vs_group_nonadjacent,überdauernde,0,3,3,0.0,0.0345,-0.0345,-2.8274,4.2008,group,88221,87002
direct_vs_group_nonadjacent,übereinander,0,3,3,0.0,0.0345,-0.0345,-2.8274,4.2008,group,88221,87002
direct_vs_group_nonadjacent,überschritten,0,3,3,0.0,0.0345,-0.0345,-2.8274,4.2008,group,88221,87002
direct_vs_group_nonadjacent,nicht,944,845,1789,10.7004,9.7124,0.988,0.1397,4.1904,direct,88221,87002
direct_vs_group_nonadjacent,schnell,23,11,34,0.2607,0.1264,0.1343,1.011,4.1626,direct,88221,87002
direct_vs_group_nonadjacent,Ordnung,17,7,24,0.1927,0.0805,0.1122,1.2023,4.1585,direct,88221,87002
direct_vs_group_nonadjacent,erledigt,17,7,24,0.1927,0.0805,0.1122,1.2023,4.1585,direct,88221,87002
direct_vs_group_nonadjacent,schlecht,10,21,31,0.1134,0.2414,-0.128,-1.054,4.1441,group,88221,87002
direct_vs_group_nonadjacent,versuche,20,9,29,0.2267,0.1034,0.1233,1.0896,4.1271,direct,88221,87002
direct_vs_group_nonadjacent,+/,3,0,3,0.034,0.0,0.034,2.7873,4.1173,direct,88221,87002
direct_vs_group_nonadjacent,10Uhr,3,0,3,0.034,0.0,0.034,2.7873,4.1173,direct,88221,87002
direct_vs_group_nonadjacent,200g,3,0,3,0.034,0.0,0.034,2.7873,4.1173,direct,88221,87002
direct_vs_group_nonadjacent,35,3,0,3,0.034,0.0,0.034,2.7873,4.1173,direct,88221,87002
direct_vs_group_nonadjacent,56,3,0,3,0.034,0.0,0.034,2.7873,4.1173,direct,88221,87002
direct_vs_group_nonadjacent,80ml/h,3,0,3,0.034,0.0,0.034,2.7873,4.1173,direct,88221,87002
direct_vs_group_nonadjacent,9Uhr,3,0,3,0.034,0.0,0.034,2.7873,4.1173,direct,88221,87002
direct_vs_group_nonadjacent,Abhängigkeitspotential,3,0,3,0.034,0.0,0.034,2.7873,4.1173,direct,88221,87002
direct_vs_group_nonadjacent,Alkohol,3,0,3,0.034,0.0,0.034,2.7873,4.1173,direct,88221,87002
direct_vs_group_nonadjacent,Amt,3,0,3,0.034,0.0,0.034,2.7873,4.1173,direct,88221,87002
direct_vs_group_nonadjacent,Angeboten,3,0,3,0.034,0.0,0.034,2.7873,4.1173,direct,88221,87002
direct_vs_group_nonadjacent,Anordnungen,3,0,3,0.034,0.0,0.034,2.7873,4.1173,direct,88221,87002
direct_vs_group_nonadjacent,Ansage,3,0,3,0.034,0.0,0.034,2.7873,4.1173,direct,88221,87002
direct_vs_group_nonadjacent,Aufnahmetag,3,0,3,0.034,0.0,0.034,2.7873,4.1173,direct,88221,87002
direct_vs_group_nonadjacent,Autismus,3,0,3,0.034,0.0,0.034,2.7873,4.1173,direct,88221,87002
direct_vs_group_nonadjacent,Basisdiagnostik,3,0,3,0.034,0.0,0.034,2.7873,4.1173,direct,88221,87002
direct_vs_group_nonadjacent,Beitrag,3,0,3,0.034,0.0,0.034,2.7873,4.1173,direct,88221,87002
direct_vs_group_nonadjacent,Belastungen,3,0,3,0.034,0.0,0.034,2.7873,4.1173,direct,88221,87002
direct_vs_group_nonadjacent,Benachrichtigung,3,0,3,0.034,0.0,0.034,2.7873,4.1173,direct,88221,87002
direct_vs_group_nonadjacent,Beweglichkeit,3,0,3,0.034,0.0,0.034,2.7873,4.1173,direct,88221,87002
direct_vs_group_nonadjacent,Co,3,0,3,0.034,0.0,0.034,2.7873,4.1173,direct,88221,87002
direct_vs_group_nonadjacent,Computerspiele,3,0,3,0.034,0.0,0.034,2.7873,4.1173,direct,88221,87002
direct_vs_group_nonadjacent,Denkst,3,0,3,0.034,0.0,0.034,2.7873,4.1173,direct,88221,87002
direct_vs_group_nonadjacent,Dienstnummer,3,0,3,0.034,0.0,0.034,2.7873,4.1173,direct,88221,87002
direct_vs_group_nonadjacent,Dieses,3,0,3,0.034,0.0,0.034,2.7873,4.1173,direct,88221,87002
direct_vs_group_nonadjacent,Differentialdiagnostik,3,0,3,0.034,0.0,0.034,2.7873,4.1173,direct,88221,87002
direct_vs_group_nonadjacent,Doppeltherapie,3,0,3,0.034,0.0,0.034,2.7873,4.1173,direct,88221,87002
direct_vs_group_nonadjacent,Drogen,3,0,3,0.034,0.0,0.034,2.7873,4.1173,direct,88221,87002
direct_vs_group_nonadjacent,Einverstanden,3,0,3,0.034,0.0,0.034,2.7873,4.1173,direct,88221,87002
direct_vs_group_nonadjacent,Einverständniserklärungen,3,0,3,0.034,0.0,0.034,2.7873,4.1173,direct,88221,87002
direct_vs_group_nonadjacent,Eis,3,0,3,0.034,0.0,0.034,2.7873,4.1173,direct,88221,87002
direct_vs_group_nonadjacent,Emailadresse,3,0,3,0.034,0.0,0.034,2.7873,4.1173,direct,88221,87002
direct_vs_group_nonadjacent,Ex,3,0,3,0.034,0.0,0.034,2.7873,4.1173,direct,88221,87002
direct_vs_group_nonadjacent,Formatierung,3,0,3,0.034,0.0,0.034,2.7873,4.1173,direct,88221,87002
direct_vs_group_nonadjacent,Gastro/Kolo,3,0,3,0.034,0.0,0.034,2.7873,4.1173,direct,88221,87002
direct_vs_group_nonadjacent,Genetik,3,0,3,0.034,0.0,0.034,2.7873,4.1173,direct,88221,87002
direct_vs_group_nonadjacent,Geschwistern,3,0,3,0.034,0.0,0.034,2.7873,4.1173,direct,88221,87002
direct_vs_group_nonadjacent,Gruppendiskussion,3,0,3,0.034,0.0,0.034,2.7873,4.1173,direct,88221,87002
direct_vs_group_nonadjacent,Hatten,3,0,3,0.034,0.0,0.034,2.7873,4.1173,direct,88221,87002
direct_vs_group_nonadjacent,Heyy,3,0,3,0.034,0.0,0.034,2.7873,4.1173,direct,88221,87002
direct_vs_group_nonadjacent,Hypercholesterinämie,3,0,3,0.034,0.0,0.034,2.7873,4.1173,direct,88221,87002
direct_vs_group_nonadjacent,ICh,3,0,3,0.034,0.0,0.034,2.7873,4.1173,direct,88221,87002
direct_vs_group_nonadjacent,Interventionen,3,0,3,0.034,0.0,0.034,2.7873,4.1173,direct,88221,87002
direct_vs_group_nonadjacent,Kalorienbedarf,3,0,3,0.034,0.0,0.034,2.7873,4.1173,direct,88221,87002
direct_vs_group_nonadjacent,Kennst,3,0,3,0.034,0.0,0.034,2.7873,4.1173,direct,88221,87002
direct_vs_group_nonadjacent,Komisch,3,0,3,0.034,0.0,0.034,2.7873,4.1173,direct,88221,87002
direct_vs_group_nonadjacent,Kontaktperson,3,0,3,0.034,0.0,0.034,2.7873,4.1173,direct,88221,87002
direct_vs_group_nonadjacent,Kostabsprache,3,0,3,0.034,0.0,0.034,2.7873,4.1173,direct,88221,87002
direct_vs_group_nonadjacent,Kränkung,3,0,3,0.034,0.0,0.034,2.7873,4.1173,direct,88221,87002
direct_vs_group_nonadjacent,Küche,3,0,3,0.034,0.0,0.034,2.7873,4.1173,direct,88221,87002
direct_vs_group_nonadjacent,LJ,3,0,3,0.034,0.0,0.034,2.7873,4.1173,direct,88221,87002
direct_vs_group_nonadjacent,Lebensgefahr,3,0,3,0.034,0.0,0.034,2.7873,4.1173,direct,88221,87002
direct_vs_group_nonadjacent,Lebt,3,0,3,0.034,0.0,0.034,2.7873,4.1173,direct,88221,87002
direct_vs_group_nonadjacent,Leerstelle,3,0,3,0.034,0.0,0.034,2.7873,4.1173,direct,88221,87002
direct_vs_group_nonadjacent,MDA,3,0,3,0.034,0.0,0.034,2.7873,4.1173,direct,88221,87002
direct_vs_group_nonadjacent,MVZ,3,0,3,0.034,0.0,0.034,2.7873,4.1173,direct,88221,87002
direct_vs_group_nonadjacent,Magst,3,0,3,0.034,0.0,0.034,2.7873,4.1173,direct,88221,87002
direct_vs_group_nonadjacent,Mails,3,0,3,0.034,0.0,0.034,2.7873,4.1173,direct,88221,87002
direct_vs_group_nonadjacent,Meeting,3,0,3,0.034,0.0,0.034,2.7873,4.1173,direct,88221,87002
direct_vs_group_nonadjacent,Menge,3,0,3,0.034,0.0,0.034,2.7873,4.1173,direct,88221,87002
direct_vs_group_nonadjacent,Minute,3,0,3,0.034,0.0,0.034,2.7873,4.1173,direct,88221,87002
direct_vs_group_nonadjacent,Montags,3,0,3,0.034,0.0,0.034,2.7873,4.1173,direct,88221,87002
direct_vs_group_nonadjacent,Naja,3,0,3,0.034,0.0,0.034,2.7873,4.1173,direct,88221,87002
direct_vs_group_nonadjacent,Nimmst,3,0,3,0.034,0.0,0.034,2.7873,4.1173,direct,88221,87002
direct_vs_group_nonadjacent,Oberarzt,3,0,3,0.034,0.0,0.034,2.7873,4.1173,direct,88221,87002
direct_vs_group_nonadjacent,Panini,3,0,3,0.034,0.0,0.034,2.7873,4.1173,direct,88221,87002
direct_vs_group_nonadjacent,Pflegeperson,3,0,3,0.034,0.0,0.034,2.7873,4.1173,direct,88221,87002
direct_vs_group_nonadjacent,Prob,3,0,3,0.034,0.0,0.034,2.7873,4.1173,direct,88221,87002
direct_vs_group_nonadjacent,Programm,3,0,3,0.034,0.0,0.034,2.7873,4.1173,direct,88221,87002
direct_vs_group_nonadjacent,Psychotherapeutin,3,0,3,0.034,0.0,0.034,2.7873,4.1173,direct,88221,87002
direct_vs_group_nonadjacent,Reicht,3,0,3,0.034,0.0,0.034,2.7873,4.1173,direct,88221,87002
direct_vs_group_nonadjacent,Resonium,3,0,3,0.034,0.0,0.034,2.7873,4.1173,direct,88221,87002
direct_vs_group_nonadjacent,Rettungsstelle,3,0,3,0.034,0.0,0.034,2.7873,4.1173,direct,88221,87002
direct_vs_group_nonadjacent,Rotation,3,0,3,0.034,0.0,0.034,2.7873,4.1173,direct,88221,87002
direct_vs_group_nonadjacent,Rutsch,3,0,3,0.034,0.0,0.034,2.7873,4.1173,direct,88221,87002
direct_vs_group_nonadjacent,Salzzufuhr,3,0,3,0.034,0.0,0.034,2.7873,4.1173,direct,88221,87002
direct_vs_group_nonadjacent,Samedi,3,0,3,0.034,0.0,0.034,2.7873,4.1173,direct,88221,87002
direct_vs_group_nonadjacent,Schlüssel,3,0,3,0.034,0.0,0.034,2.7873,4.1173,direct,88221,87002
direct_vs_group_nonadjacent,Schreiben,3,0,3,0.034,0.0,0.034,2.7873,4.1173,direct,88221,87002
direct_vs_group_nonadjacent,Schwerpunkt,3,0,3,0.034,0.0,0.034,2.7873,4.1173,direct,88221,87002
direct_vs_group_nonadjacent,Sinustachykardie,3,0,3,0.034,0.0,0.034,2.7873,4.1173,direct,88221,87002
direct_vs_group_nonadjacent,Slot,3,0,3,0.034,0.0,0.034,2.7873,4.1173,direct,88221,87002
direct_vs_group_nonadjacent,Sondenerhöhung,3,0,3,0.034,0.0,0.034,2.7873,4.1173,direct,88221,87002
direct_vs_group_nonadjacent,Sonne,3,0,3,0.034,0.0,0.034,2.7873,4.1173,direct,88221,87002
direct_vs_group_nonadjacent,Springer,3,0,3,0.034,0.0,0.034,2.7873,4.1173,direct,88221,87002
direct_vs_group_nonadjacent,Stationsarzt,3,0,3,0.034,0.0,0.034,2.7873,4.1173,direct,88221,87002
direct_vs_group_nonadjacent,Stillstand,3,0,3,0.034,0.0,0.034,2.7873,4.1173,direct,88221,87002
direct_vs_group_nonadjacent,Studien,3,0,3,0.034,0.0,0.034,2.7873,4.1173,direct,88221,87002
direct_vs_group_nonadjacent,Studienergebnisse,3,0,3,0.034,0.0,0.034,2.7873,4.1173,direct,88221,87002
direct_vs_group_nonadjacent,Substanz,3,0,3,0.034,0.0,0.034,2.7873,4.1173,direct,88221,87002
direct_vs_group_nonadjacent,TV,3,0,3,0.034,0.0,0.034,2.7873,4.1173,direct,88221,87002
direct_vs_group_nonadjacent,Tagesstruktur,3,0,3,0.034,0.0,0.034,2.7873,4.1173,direct,88221,87002
direct_vs_group_nonadjacent,Telefonnr,3,0,3,0.034,0.0,0.034,2.7873,4.1173,direct,88221,87002
direct_vs_group_nonadjacent,Therapieplan,3,0,3,0.034,0.0,0.034,2.7873,4.1173,direct,88221,87002
direct_vs_group_nonadjacent,Tianeptin,3,0,3,0.034,0.0,0.034,2.7873,4.1173,direct,88221,87002
direct_vs_group_nonadjacent,Tip,3,0,3,0.034,0.0,0.034,2.7873,4.1173,direct,88221,87002
direct_vs_group_nonadjacent,Umfang,3,0,3,0.034,0.0,0.034,2.7873,4.1173,direct,88221,87002
direct_vs_group_nonadjacent,Umschulung,3,0,3,0.034,0.0,0.034,2.7873,4.1173,direct,88221,87002
direct_vs_group_nonadjacent,Unterbringung,3,0,3,0.034,0.0,0.034,2.7873,4.1173,direct,88221,87002
direct_vs_group_nonadjacent,Wahnhaft,3,0,3,0.034,0.0,0.034,2.7873,4.1173,direct,88221,87002
direct_vs_group_nonadjacent,Wahrscheinlich,3,0,3,0.034,0.0,0.034,2.7873,4.1173,direct,88221,87002
direct_vs_group_nonadjacent,Wasserlassen,3,0,3,0.034,0.0,0.034,2.7873,4.1173,direct,88221,87002
direct_vs_group_nonadjacent,Weihnachtsbaum,3,0,3,0.034,0.0,0.034,2.7873,4.1173,direct,88221,87002
direct_vs_group_nonadjacent,Willst,3,0,3,0.034,0.0,0.034,2.7873,4.1173,direct,88221,87002
direct_vs_group_nonadjacent,Yoga,3,0,3,0.034,0.0,0.034,2.7873,4.1173,direct,88221,87002
direct_vs_group_nonadjacent,Zeiten,3,0,3,0.034,0.0,0.034,2.7873,4.1173,direct,88221,87002
direct_vs_group_nonadjacent,Zug,3,0,3,0.034,0.0,0.034,2.7873,4.1173,direct,88221,87002
direct_vs_group_nonadjacent,^^,3,0,3,0.034,0.0,0.034,2.7873,4.1173,direct,88221,87002
direct_vs_group_nonadjacent,abgelegt,3,0,3,0.034,0.0,0.034,2.7873,4.1173,direct,88221,87002
direct_vs_group_nonadjacent,abstimmen,3,0,3,0.034,0.0,0.034,2.7873,4.1173,direct,88221,87002
direct_vs_group_nonadjacent,ach,3,0,3,0.034,0.0,0.034,2.7873,4.1173,direct,88221,87002
direct_vs_group_nonadjacent,allzu,3,0,3,0.034,0.0,0.034,2.7873,4.1173,direct,88221,87002
direct_vs_group_nonadjacent,angeben,3,0,3,0.034,0.0,0.034,2.7873,4.1173,direct,88221,87002
direct_vs_group_nonadjacent,angedeutet,3,0,3,0.034,0.0,0.034,2.7873,4.1173,direct,88221,87002
direct_vs_group_nonadjacent,anhand,3,0,3,0.034,0.0,0.034,2.7873,4.1173,direct,88221,87002
direct_vs_group_nonadjacent,anzumelden,3,0,3,0.034,0.0,0.034,2.7873,4.1173,direct,88221,87002
direct_vs_group_nonadjacent,anzutreffen,3,0,3,0.034,0.0,0.034,2.7873,4.1173,direct,88221,87002
direct_vs_group_nonadjacent,arme,3,0,3,0.034,0.0,0.034,2.7873,4.1173,direct,88221,87002
direct_vs_group_nonadjacent,aufgezählten,3,0,3,0.034,0.0,0.034,2.7873,4.1173,direct,88221,87002
direct_vs_group_nonadjacent,aufhören,3,0,3,0.034,0.0,0.034,2.7873,4.1173,direct,88221,87002
direct_vs_group_nonadjacent,aufklären,3,0,3,0.034,0.0,0.034,2.7873,4.1173,direct,88221,87002
direct_vs_group_nonadjacent,aufmachen,3,0,3,0.034,0.0,0.034,2.7873,4.1173,direct,88221,87002
direct_vs_group_nonadjacent,aufs,3,0,3,0.034,0.0,0.034,2.7873,4.1173,direct,88221,87002
direct_vs_group_nonadjacent,ausgeprägter,3,0,3,0.034,0.0,0.034,2.7873,4.1173,direct,88221,87002
direct_vs_group_nonadjacent,ausstellen,3,0,3,0.034,0.0,0.034,2.7873,4.1173,direct,88221,87002
direct_vs_group_nonadjacent,belegt,3,0,3,0.034,0.0,0.034,2.7873,4.1173,direct,88221,87002
direct_vs_group_nonadjacent,berichte,3,0,3,0.034,0.0,0.034,2.7873,4.1173,direct,88221,87002
direct_vs_group_nonadjacent,betreuen,3,0,3,0.034,0.0,0.034,2.7873,4.1173,direct,88221,87002
direct_vs_group_nonadjacent,blick,3,0,3,0.034,0.0,0.034,2.7873,4.1173,direct,88221,87002
direct_vs_group_nonadjacent,bräuchten,3,0,3,0.034,0.0,0.034,2.7873,4.1173,direct,88221,87002
direct_vs_group_nonadjacent,böse,3,0,3,0.034,0.0,0.034,2.7873,4.1173,direct,88221,87002
direct_vs_group_nonadjacent,checke,3,0,3,0.034,0.0,0.034,2.7873,4.1173,direct,88221,87002
direct_vs_group_nonadjacent,dazwischen,3,0,3,0.034,0.0,0.034,2.7873,4.1173,direct,88221,87002
direct_vs_group_nonadjacent,derzeitige,3,0,3,0.034,0.0,0.034,2.7873,4.1173,direct,88221,87002
direct_vs_group_nonadjacent,digital,3,0,3,0.034,0.0,0.034,2.7873,4.1173,direct,88221,87002
direct_vs_group_nonadjacent,dünn,3,0,3,0.034,0.0,0.034,2.7873,4.1173,direct,88221,87002
direct_vs_group_nonadjacent,eCRF,3,0,3,0.034,0.0,0.034,2.7873,4.1173,direct,88221,87002
direct_vs_group_nonadjacent,einnehmend/implizit,3,0,3,0.034,0.0,0.034,2.7873,4.1173,direct,88221,87002
direct_vs_group_nonadjacent,einnimmt,3,0,3,0.034,0.0,0.034,2.7873,4.1173,direct,88221,87002
direct_vs_group_nonadjacent,einscannt,3,0,3,0.034,0.0,0.034,2.7873,4.1173,direct,88221,87002
direct_vs_group_nonadjacent,einzuladen,3,0,3,0.034,0.0,0.034,2.7873,4.1173,direct,88221,87002
direct_vs_group_nonadjacent,entdeckt,3,0,3,0.034,0.0,0.034,2.7873,4.1173,direct,88221,87002
direct_vs_group_nonadjacent,entlang,3,0,3,0.034,0.0,0.034,2.7873,4.1173,direct,88221,87002
direct_vs_group_nonadjacent,entspannt,3,0,3,0.034,0.0,0.034,2.7873,4.1173,direct,88221,87002
direct_vs_group_nonadjacent,ergänze,3,0,3,0.034,0.0,0.034,2.7873,4.1173,direct,88221,87002
direct_vs_group_nonadjacent,euren,3,0,3,0.034,0.0,0.034,2.7873,4.1173,direct,88221,87002
direct_vs_group_nonadjacent,familiäre,3,0,3,0.034,0.0,0.034,2.7873,4.1173,direct,88221,87002
direct_vs_group_nonadjacent,festzustellen,3,0,3,0.034,0.0,0.034,2.7873,4.1173,direct,88221,87002
direct_vs_group_nonadjacent,freies,3,0,3,0.034,0.0,0.034,2.7873,4.1173,direct,88221,87002
direct_vs_group_nonadjacent,führten,3,0,3,0.034,0.0,0.034,2.7873,4.1173,direct,88221,87002
direct_vs_group_nonadjacent,geh,3,0,3,0.034,0.0,0.034,2.7873,4.1173,direct,88221,87002
direct_vs_group_nonadjacent,gemeint,3,0,3,0.034,0.0,0.034,2.7873,4.1173,direct,88221,87002
direct_vs_group_nonadjacent,gering,3,0,3,0.034,0.0,0.034,2.7873,4.1173,direct,88221,87002
direct_vs_group_nonadjacent,gescheckt,3,0,3,0.034,0.0,0.034,2.7873,4.1173,direct,88221,87002
direct_vs_group_nonadjacent,gesteigerte,3,0,3,0.034,0.0,0.034,2.7873,4.1173,direct,88221,87002
direct_vs_group_nonadjacent,gewichtsziel,3,0,3,0.034,0.0,0.034,2.7873,4.1173,direct,88221,87002
direct_vs_group_nonadjacent,gewichtszunahme,3,0,3,0.034,0.0,0.034,2.7873,4.1173,direct,88221,87002
direct_vs_group_nonadjacent,gewöhnlich,3,0,3,0.034,0.0,0.034,2.7873,4.1173,direct,88221,87002
direct_vs_group_nonadjacent,gib,3,0,3,0.034,0.0,0.034,2.7873,4.1173,direct,88221,87002
direct_vs_group_nonadjacent,grenzwertig,3,0,3,0.034,0.0,0.034,2.7873,4.1173,direct,88221,87002
direct_vs_group_nonadjacent,grenzwertige,3,0,3,0.034,0.0,0.034,2.7873,4.1173,direct,88221,87002
direct_vs_group_nonadjacent,grün,3,0,3,0.034,0.0,0.034,2.7873,4.1173,direct,88221,87002
direct_vs_group_nonadjacent,hello,3,0,3,0.034,0.0,0.034,2.7873,4.1173,direct,88221,87002
direct_vs_group_nonadjacent,hingenommen,3,0,3,0.034,0.0,0.034,2.7873,4.1173,direct,88221,87002
direct_vs_group_nonadjacent,hinsetzen,3,0,3,0.034,0.0,0.034,2.7873,4.1173,direct,88221,87002
direct_vs_group_nonadjacent,hinterher,3,0,3,0.034,0.0,0.034,2.7873,4.1173,direct,88221,87002
direct_vs_group_nonadjacent,hole,3,0,3,0.034,0.0,0.034,2.7873,4.1173,direct,88221,87002
direct_vs_group_nonadjacent,höheren,3,0,3,0.034,0.0,0.034,2.7873,4.1173,direct,88221,87002
direct_vs_group_nonadjacent,höre,3,0,3,0.034,0.0,0.034,2.7873,4.1173,direct,88221,87002
direct_vs_group_nonadjacent,idealerweise,3,0,3,0.034,0.0,0.034,2.7873,4.1173,direct,88221,87002
direct_vs_group_nonadjacent,intern,3,0,3,0.034,0.0,0.034,2.7873,4.1173,direct,88221,87002
direct_vs_group_nonadjacent,jegliche,3,0,3,0.034,0.0,0.034,2.7873,4.1173,direct,88221,87002
direct_vs_group_nonadjacent,komplex,3,0,3,0.034,0.0,0.034,2.7873,4.1173,direct,88221,87002
direct_vs_group_nonadjacent,kriegen,3,0,3,0.034,0.0,0.034,2.7873,4.1173,direct,88221,87002
direct_vs_group_nonadjacent,label,3,0,3,0.034,0.0,0.034,2.7873,4.1173,direct,88221,87002
direct_vs_group_nonadjacent,leite,3,0,3,0.034,0.0,0.034,2.7873,4.1173,direct,88221,87002
direct_vs_group_nonadjacent,losgehen,3,0,3,0.034,0.0,0.034,2.7873,4.1173,direct,88221,87002
direct_vs_group_nonadjacent,läufts,3,0,3,0.034,0.0,0.034,2.7873,4.1173,direct,88221,87002
direct_vs_group_nonadjacent,mittlerweile,3,0,3,0.034,0.0,0.034,2.7873,4.1173,direct,88221,87002
direct_vs_group_nonadjacent,neuaufnahme,3,0,3,0.034,0.0,0.034,2.7873,4.1173,direct,88221,87002
direct_vs_group_nonadjacent,plus,3,0,3,0.034,0.0,0.034,2.7873,4.1173,direct,88221,87002
direct_vs_group_nonadjacent,registriert,3,0,3,0.034,0.0,0.034,2.7873,4.1173,direct,88221,87002
direct_vs_group_nonadjacent,reingeschrieben,3,0,3,0.034,0.0,0.034,2.7873,4.1173,direct,88221,87002
direct_vs_group_nonadjacent,reinschreiben,3,0,3,0.034,0.0,0.034,2.7873,4.1173,direct,88221,87002
direct_vs_group_nonadjacent,richtigen,3,0,3,0.034,0.0,0.034,2.7873,4.1173,direct,88221,87002
direct_vs_group_nonadjacent,roll_eyes,3,0,3,0.034,0.0,0.034,2.7873,4.1173,direct,88221,87002
direct_vs_group_nonadjacent,scanne,3,0,3,0.034,0.0,0.034,2.7873,4.1173,direct,88221,87002
direct_vs_group_nonadjacent,scheinbar,3,0,3,0.034,0.0,0.034,2.7873,4.1173,direct,88221,87002
direct_vs_group_nonadjacent,see_no_evil,3,0,3,0.034,0.0,0.034,2.7873,4.1173,direct,88221,87002
direct_vs_group_nonadjacent,seid,3,0,3,0.034,0.0,0.034,2.7873,4.1173,direct,88221,87002
direct_vs_group_nonadjacent,sinn,3,0,3,0.034,0.0,0.034,2.7873,4.1173,direct,88221,87002
direct_vs_group_nonadjacent,somatoform,3,0,3,0.034,0.0,0.034,2.7873,4.1173,direct,88221,87002
direct_vs_group_nonadjacent,somatoforme,3,0,3,0.034,0.0,0.034,2.7873,4.1173,direct,88221,87002
direct_vs_group_nonadjacent,stunden,3,0,3,0.034,0.0,0.034,2.7873,4.1173,direct,88221,87002
direct_vs_group_nonadjacent,teilweisen,3,0,3,0.034,0.0,0.034,2.7873,4.1173,direct,88221,87002
direct_vs_group_nonadjacent,thinking_face,3,0,3,0.034,0.0,0.034,2.7873,4.1173,direct,88221,87002
direct_vs_group_nonadjacent,unamused,3,0,3,0.034,0.0,0.034,2.7873,4.1173,direct,88221,87002
direct_vs_group_nonadjacent,unterschreibe,3,0,3,0.034,0.0,0.034,2.7873,4.1173,direct,88221,87002
direct_vs_group_nonadjacent,vereinbarten,3,0,3,0.034,0.0,0.034,2.7873,4.1173,direct,88221,87002
direct_vs_group_nonadjacent,vermerkt,3,0,3,0.034,0.0,0.034,2.7873,4.1173,direct,88221,87002
direct_vs_group_nonadjacent,verplant,3,0,3,0.034,0.0,0.034,2.7873,4.1173,direct,88221,87002
direct_vs_group_nonadjacent,weisen,3,0,3,0.034,0.0,0.034,2.7873,4.1173,direct,88221,87002
direct_vs_group_nonadjacent,weiss,3,0,3,0.034,0.0,0.034,2.7873,4.1173,direct,88221,87002
direct_vs_group_nonadjacent,woman_shrugging,3,0,3,0.034,0.0,0.034,2.7873,4.1173,direct,88221,87002
direct_vs_group_nonadjacent,zusammensetzen,3,0,3,0.034,0.0,0.034,2.7873,4.1173,direct,88221,87002
direct_vs_group_nonadjacent,zw,3,0,3,0.034,0.0,0.034,2.7873,4.1173,direct,88221,87002
direct_vs_group_nonadjacent,Übersicht,3,0,3,0.034,0.0,0.034,2.7873,4.1173,direct,88221,87002
direct_vs_group_nonadjacent,Übertragung,3,0,3,0.034,0.0,0.034,2.7873,4.1173,direct,88221,87002
direct_vs_group_nonadjacent,ändert,3,0,3,0.034,0.0,0.034,2.7873,4.1173,direct,88221,87002
direct_vs_group_nonadjacent,überlege,3,0,3,0.034,0.0,0.034,2.7873,4.1173,direct,88221,87002
direct_vs_group_nonadjacent,übersehen,3,0,3,0.034,0.0,0.034,2.7873,4.1173,direct,88221,87002
direct_vs_group_nonadjacent,als,173,210,383,1.961,2.4137,-0.4528,-0.299,4.1133,group,88221,87002
direct_vs_group_nonadjacent,opB,6,15,21,0.068,0.1724,-0.1044,-1.2738,4.1111,group,88221,87002
direct_vs_group_nonadjacent,Reha,8,18,26,0.0907,0.2069,-0.1162,-1.1421,4.0875,group,88221,87002
direct_vs_group_nonadjacent,DocTalk,12,4,16,0.136,0.046,0.09,1.4539,4.0754,direct,88221,87002
direct_vs_group_nonadjacent,Wollte,12,4,16,0.136,0.046,0.09,1.4539,4.0754,direct,88221,87002
direct_vs_group_nonadjacent,funktioniert,12,4,16,0.136,0.046,0.09,1.4539,4.0754,direct,88221,87002
direct_vs_group_nonadjacent,innerer,12,4,16,0.136,0.046,0.09,1.4539,4.0754,direct,88221,87002
direct_vs_group_nonadjacent,reden,12,4,16,0.136,0.046,0.09,1.4539,4.0754,direct,88221,87002
direct_vs_group_nonadjacent,Aussage,3,10,13,0.034,0.1149,-0.0809,-1.605,4.0745,group,88221,87002
direct_vs_group_nonadjacent,Medikament,3,10,13,0.034,0.1149,-0.0809,-1.605,4.0745,group,88221,87002
direct_vs_group_nonadjacent,Pregabalin,3,10,13,0.034,0.1149,-0.0809,-1.605,4.0745,group,88221,87002
direct_vs_group_nonadjacent,ambivalent,3,10,13,0.034,0.1149,-0.0809,-1.605,4.0745,group,88221,87002
direct_vs_group_nonadjacent,eigenständig,3,10,13,0.034,0.1149,-0.0809,-1.605,4.0745,group,88221,87002
direct_vs_group_nonadjacent,nötig,3,10,13,0.034,0.1149,-0.0809,-1.605,4.0745,group,88221,87002
direct_vs_group_nonadjacent,steigern,3,10,13,0.034,0.1149,-0.0809,-1.605,4.0745,group,88221,87002
direct_vs_group_nonadjacent,wenig,22,37,59,0.2494,0.4253,-0.1759,-0.757,4.0673,group,88221,87002
direct_vs_group_nonadjacent,AVD,1,6,7,0.0113,0.069,-0.0576,-2.1356,4.0323,group,88221,87002
direct_vs_group_nonadjacent,Alkoholkonsum,1,6,7,0.0113,0.069,-0.0576,-2.1356,4.0323,group,88221,87002
direct_vs_group_nonadjacent,Bauchschmerzen,1,6,7,0.0113,0.069,-0.0576,-2.1356,4.0323,group,88221,87002
direct_vs_group_nonadjacent,Deutsch,1,6,7,0.0113,0.069,-0.0576,-2.1356,4.0323,group,88221,87002
direct_vs_group_nonadjacent,Fieber,1,6,7,0.0113,0.069,-0.0576,-2.1356,4.0323,group,88221,87002
direct_vs_group_nonadjacent,Fortschritt,1,6,7,0.0113,0.069,-0.0576,-2.1356,4.0323,group,88221,87002
direct_vs_group_nonadjacent,Fotos,1,6,7,0.0113,0.069,-0.0576,-2.1356,4.0323,group,88221,87002
direct_vs_group_nonadjacent,Heimweh,1,6,7,0.0113,0.069,-0.0576,-2.1356,4.0323,group,88221,87002
direct_vs_group_nonadjacent,Kontaktaufnahme,1,6,7,0.0113,0.069,-0.0576,-2.1356,4.0323,group,88221,87002
direct_vs_group_nonadjacent,Möglichkeiten,1,6,7,0.0113,0.069,-0.0576,-2.1356,4.0323,group,88221,87002
direct_vs_group_nonadjacent,Novalgin,1,6,7,0.0113,0.069,-0.0576,-2.1356,4.0323,group,88221,87002
direct_vs_group_nonadjacent,Option,1,6,7,0.0113,0.069,-0.0576,-2.1356,4.0323,group,88221,87002
direct_vs_group_nonadjacent,Scham,1,6,7,0.0113,0.069,-0.0576,-2.1356,4.0323,group,88221,87002
direct_vs_group_nonadjacent,Sichtung,1,6,7,0.0113,0.069,-0.0576,-2.1356,4.0323,group,88221,87002
direct_vs_group_nonadjacent,Substitution,1,6,7,0.0113,0.069,-0.0576,-2.1356,4.0323,group,88221,87002
direct_vs_group_nonadjacent,Umsetzung,1,6,7,0.0113,0.069,-0.0576,-2.1356,4.0323,group,88221,87002
direct_vs_group_nonadjacent,WG,1,6,7,0.0113,0.069,-0.0576,-2.1356,4.0323,group,88221,87002
direct_vs_group_nonadjacent,Wochenabschluss,1,6,7,0.0113,0.069,-0.0576,-2.1356,4.0323,group,88221,87002
direct_vs_group_nonadjacent,denkt,1,6,7,0.0113,0.069,-0.0576,-2.1356,4.0323,group,88221,87002
direct_vs_group_nonadjacent,eingegangen,1,6,7,0.0113,0.069,-0.0576,-2.1356,4.0323,group,88221,87002
direct_vs_group_nonadjacent,erlebe,1,6,7,0.0113,0.069,-0.0576,-2.1356,4.0323,group,88221,87002
direct_vs_group_nonadjacent,erneutes,1,6,7,0.0113,0.069,-0.0576,-2.1356,4.0323,group,88221,87002
direct_vs_group_nonadjacent,fraglich,1,6,7,0.0113,0.069,-0.0576,-2.1356,4.0323,group,88221,87002
direct_vs_group_nonadjacent,geteilt,1,6,7,0.0113,0.069,-0.0576,-2.1356,4.0323,group,88221,87002
direct_vs_group_nonadjacent,innere,1,6,7,0.0113,0.069,-0.0576,-2.1356,4.0323,group,88221,87002
direct_vs_group_nonadjacent,ließ,1,6,7,0.0113,0.069,-0.0576,-2.1356,4.0323,group,88221,87002
direct_vs_group_nonadjacent,mittwochs,1,6,7,0.0113,0.069,-0.0576,-2.1356,4.0323,group,88221,87002
direct_vs_group_nonadjacent,näher,1,6,7,0.0113,0.069,-0.0576,-2.1356,4.0323,group,88221,87002
direct_vs_group_nonadjacent,reducto,1,6,7,0.0113,0.069,-0.0576,-2.1356,4.0323,group,88221,87002
direct_vs_group_nonadjacent,vorzeitig,1,6,7,0.0113,0.069,-0.0576,-2.1356,4.0323,group,88221,87002
direct_vs_group_nonadjacent,weint,1,6,7,0.0113,0.069,-0.0576,-2.1356,4.0323,group,88221,87002
direct_vs_group_nonadjacent,Wenn,62,41,103,0.7028,0.4713,0.2315,0.5707,4.0245,direct,88221,87002
direct_vs_group_nonadjacent,Mit,19,33,52,0.2154,0.3793,-0.1639,-0.8008,4.0135,group,88221,87002
direct_vs_group_nonadjacent,findet,16,29,45,0.1814,0.3333,-0.152,-0.8583,3.9927,group,88221,87002
direct_vs_group_nonadjacent,19,2,8,10,0.0227,0.092,-0.0693,-1.7856,3.9389,group,88221,87002
direct_vs_group_nonadjacent,Hoffnung,2,8,10,0.0227,0.092,-0.0693,-1.7856,3.9389,group,88221,87002
direct_vs_group_nonadjacent,Indikation,2,8,10,0.0227,0.092,-0.0693,-1.7856,3.9389,group,88221,87002
direct_vs_group_nonadjacent,Oxycodon,2,8,10,0.0227,0.092,-0.0693,-1.7856,3.9389,group,88221,87002
direct_vs_group_nonadjacent,Setting,2,8,10,0.0227,0.092,-0.0693,-1.7856,3.9389,group,88221,87002
direct_vs_group_nonadjacent,Verhältnis,2,8,10,0.0227,0.092,-0.0693,-1.7856,3.9389,group,88221,87002
direct_vs_group_nonadjacent,beschäftigt,2,8,10,0.0227,0.092,-0.0693,-1.7856,3.9389,group,88221,87002
direct_vs_group_nonadjacent,merke,2,8,10,0.0227,0.092,-0.0693,-1.7856,3.9389,group,88221,87002
direct_vs_group_nonadjacent,profitiert,2,8,10,0.0227,0.092,-0.0693,-1.7856,3.9389,group,88221,87002
direct_vs_group_nonadjacent,psychisch,2,8,10,0.0227,0.092,-0.0693,-1.7856,3.9389,group,88221,87002
direct_vs_group_nonadjacent,vs,2,8,10,0.0227,0.092,-0.0693,-1.7856,3.9389,group,88221,87002
direct_vs_group_nonadjacent,ins,35,20,55,0.3967,0.2299,0.1669,0.7721,3.9371,direct,88221,87002
direct_vs_group_nonadjacent,gute,24,12,36,0.272,0.1379,0.1341,0.9508,3.9124,direct,88221,87002
direct_vs_group_nonadjacent,telefonieren,24,12,36,0.272,0.1379,0.1341,0.9508,3.9124,direct,88221,87002
direct_vs_group_nonadjacent,300,6,1,7,0.068,0.0115,0.0565,2.0954,3.8932,direct,88221,87002
direct_vs_group_nonadjacent,Anhang,6,1,7,0.068,0.0115,0.0565,2.0954,3.8932,direct,88221,87002
direct_vs_group_nonadjacent,Ausbildung,6,1,7,0.068,0.0115,0.0565,2.0954,3.8932,direct,88221,87002
direct_vs_group_nonadjacent,Berechtigung,6,1,7,0.068,0.0115,0.0565,2.0954,3.8932,direct,88221,87002
direct_vs_group_nonadjacent,Beste,6,1,7,0.068,0.0115,0.0565,2.0954,3.8932,direct,88221,87002
direct_vs_group_nonadjacent,Betreuung,6,1,7,0.068,0.0115,0.0565,2.0954,3.8932,direct,88221,87002
direct_vs_group_nonadjacent,Eigentlich,6,1,7,0.068,0.0115,0.0565,2.0954,3.8932,direct,88221,87002
direct_vs_group_nonadjacent,Fragestellung,6,1,7,0.068,0.0115,0.0565,2.0954,3.8932,direct,88221,87002
direct_vs_group_nonadjacent,Hattest,6,1,7,0.068,0.0115,0.0565,2.0954,3.8932,direct,88221,87002
direct_vs_group_nonadjacent,LDL,6,1,7,0.068,0.0115,0.0565,2.0954,3.8932,direct,88221,87002
direct_vs_group_nonadjacent,Verständnis,6,1,7,0.068,0.0115,0.0565,2.0954,3.8932,direct,88221,87002
direct_vs_group_nonadjacent,Wegen,6,1,7,0.068,0.0115,0.0565,2.0954,3.8932,direct,88221,87002
direct_vs_group_nonadjacent,aufgewachsen,6,1,7,0.068,0.0115,0.0565,2.0954,3.8932,direct,88221,87002
direct_vs_group_nonadjacent,einladen,6,1,7,0.068,0.0115,0.0565,2.0954,3.8932,direct,88221,87002
direct_vs_group_nonadjacent,einzel,6,1,7,0.068,0.0115,0.0565,2.0954,3.8932,direct,88221,87002
direct_vs_group_nonadjacent,klingt,6,1,7,0.068,0.0115,0.0565,2.0954,3.8932,direct,88221,87002
direct_vs_group_nonadjacent,konsequenz,6,1,7,0.068,0.0115,0.0565,2.0954,3.8932,direct,88221,87002
direct_vs_group_nonadjacent,kurzfristig,6,1,7,0.068,0.0115,0.0565,2.0954,3.8932,direct,88221,87002
direct_vs_group_nonadjacent,mitbekommen,6,1,7,0.068,0.0115,0.0565,2.0954,3.8932,direct,88221,87002
direct_vs_group_nonadjacent,nix,6,1,7,0.068,0.0115,0.0565,2.0954,3.8932,direct,88221,87002
direct_vs_group_nonadjacent,poststationär,6,1,7,0.068,0.0115,0.0565,2.0954,3.8932,direct,88221,87002
direct_vs_group_nonadjacent,prima,6,1,7,0.068,0.0115,0.0565,2.0954,3.8932,direct,88221,87002
direct_vs_group_nonadjacent,usw,6,1,7,0.068,0.0115,0.0565,2.0954,3.8932,direct,88221,87002
direct_vs_group_nonadjacent,x,6,1,7,0.068,0.0115,0.0565,2.0954,3.8932,direct,88221,87002
direct_vs_group_nonadjacent,zunehmen,6,1,7,0.068,0.0115,0.0565,2.0954,3.8932,direct,88221,87002
direct_vs_group_nonadjacent,dieses,10,3,13,0.1134,0.0345,0.0789,1.5649,3.8798,direct,88221,87002
direct_vs_group_nonadjacent,festlegen,10,3,13,0.1134,0.0345,0.0789,1.5649,3.8798,direct,88221,87002
direct_vs_group_nonadjacent,machst,10,3,13,0.1134,0.0345,0.0789,1.5649,3.8798,direct,88221,87002
direct_vs_group_nonadjacent,sogar,10,3,13,0.1134,0.0345,0.0789,1.5649,3.8798,direct,88221,87002
direct_vs_group_nonadjacent,zufällig,10,3,13,0.1134,0.0345,0.0789,1.5649,3.8798,direct,88221,87002
direct_vs_group_nonadjacent,Sonde,21,10,31,0.238,0.1149,0.1231,1.0139,3.838,direct,88221,87002
direct_vs_group_nonadjacent,vidieren,24,39,63,0.272,0.4483,-0.1762,-0.7091,3.8177,group,88221,87002
direct_vs_group_nonadjacent,welche,28,15,43,0.3174,0.1724,0.145,0.8586,3.8136,direct,88221,87002
direct_vs_group_nonadjacent,Bett,5,13,18,0.0567,0.1494,-0.0927,-1.3155,3.7952,group,88221,87002
direct_vs_group_nonadjacent,ausreichend,5,13,18,0.0567,0.1494,-0.0927,-1.3155,3.7952,group,88221,87002
direct_vs_group_nonadjacent,nachmittags,5,13,18,0.0567,0.1494,-0.0927,-1.3155,3.7952,group,88221,87002
direct_vs_group_nonadjacent,setzen,5,13,18,0.0567,0.1494,-0.0927,-1.3155,3.7952,group,88221,87002
direct_vs_group_nonadjacent,Familie,9,19,28,0.102,0.2184,-0.1164,-1.0575,3.792,group,88221,87002
direct_vs_group_nonadjacent,Anforderung,8,2,10,0.0907,0.023,0.0677,1.7455,3.7719,direct,88221,87002
direct_vs_group_nonadjacent,Antrag,8,2,10,0.0907,0.023,0.0677,1.7455,3.7719,direct,88221,87002
direct_vs_group_nonadjacent,Zeh,8,2,10,0.0907,0.023,0.0677,1.7455,3.7719,direct,88221,87002
direct_vs_group_nonadjacent,fkt,8,2,10,0.0907,0.023,0.0677,1.7455,3.7719,direct,88221,87002
direct_vs_group_nonadjacent,gespannt,8,2,10,0.0907,0.023,0.0677,1.7455,3.7719,direct,88221,87002
direct_vs_group_nonadjacent,mehreren,8,2,10,0.0907,0.023,0.0677,1.7455,3.7719,direct,88221,87002
direct_vs_group_nonadjacent,sitze,8,2,10,0.0907,0.023,0.0677,1.7455,3.7719,direct,88221,87002
direct_vs_group_nonadjacent,umfassende,8,2,10,0.0907,0.023,0.0677,1.7455,3.7719,direct,88221,87002
direct_vs_group_nonadjacent,übernimmst,8,2,10,0.0907,0.023,0.0677,1.7455,3.7719,direct,88221,87002
direct_vs_group_nonadjacent,Borderline,7,16,23,0.0793,0.1839,-0.1046,-1.1576,3.744,group,88221,87002
direct_vs_group_nonadjacent,Konsile,7,16,23,0.0793,0.1839,-0.1046,-1.1576,3.744,group,88221,87002
direct_vs_group_nonadjacent,Psychotherapie,7,16,23,0.0793,0.1839,-0.1046,-1.1576,3.744,group,88221,87002
direct_vs_group_nonadjacent,Bis,25,13,38,0.2834,0.1494,0.134,0.8975,3.69,direct,88221,87002
direct_vs_group_nonadjacent,Wut,12,23,35,0.136,0.2644,-0.1283,-0.9308,3.6712,group,88221,87002
direct_vs_group_nonadjacent,Tavor,29,16,45,0.3287,0.1839,0.1448,0.8182,3.6309,direct,88221,87002
direct_vs_group_nonadjacent,Belastungsfaktoren,13,5,18,0.1474,0.0575,0.0899,1.2754,3.5725,direct,88221,87002
direct_vs_group_nonadjacent,eh,13,5,18,0.1474,0.0575,0.0899,1.2754,3.5725,direct,88221,87002
direct_vs_group_nonadjacent,möchtest,13,5,18,0.1474,0.0575,0.0899,1.2754,3.5725,direct,88221,87002
direct_vs_group_nonadjacent,Dr,4,11,15,0.0453,0.1264,-0.0811,-1.3737,3.4951,group,88221,87002
direct_vs_group_nonadjacent,Einzelgesprächen,4,11,15,0.0453,0.1264,-0.0811,-1.3737,3.4951,group,88221,87002
direct_vs_group_nonadjacent,Erhöhung,4,11,15,0.0453,0.1264,-0.0811,-1.3737,3.4951,group,88221,87002
direct_vs_group_nonadjacent,Ideen,4,11,15,0.0453,0.1264,-0.0811,-1.3737,3.4951,group,88221,87002
direct_vs_group_nonadjacent,Vertrauen,4,11,15,0.0453,0.1264,-0.0811,-1.3737,3.4951,group,88221,87002
direct_vs_group_nonadjacent,Zum,4,11,15,0.0453,0.1264,-0.0811,-1.3737,3.4951,group,88221,87002
direct_vs_group_nonadjacent,Lehre,16,7,23,0.1814,0.0805,0.1009,1.1174,3.4935,direct,88221,87002
direct_vs_group_nonadjacent,dran,26,14,40,0.2947,0.1609,0.1338,0.8499,3.491,direct,88221,87002
direct_vs_group_nonadjacent,wahrscheinlich,26,14,40,0.2947,0.1609,0.1338,0.8499,3.491,direct,88221,87002
direct_vs_group_nonadjacent,gehen,59,80,139,0.6688,0.9195,-0.2507,-0.4562,3.4838,group,88221,87002
direct_vs_group_nonadjacent,7,16,28,44,0.1814,0.3218,-0.1405,-0.8086,3.4837,group,88221,87002
direct_vs_group_nonadjacent,gefunden,30,17,47,0.3401,0.1954,0.1447,0.7814,3.4645,direct,88221,87002
direct_vs_group_nonadjacent,erzählt,8,17,25,0.0907,0.1954,-0.1047,-1.0619,3.4403,group,88221,87002
direct_vs_group_nonadjacent,wurden,8,17,25,0.0907,0.1954,-0.1047,-1.0619,3.4403,group,88221,87002
direct_vs_group_nonadjacent,zunächst,8,17,25,0.0907,0.1954,-0.1047,-1.0619,3.4403,group,88221,87002
direct_vs_group_nonadjacent,ändern,8,17,25,0.0907,0.1954,-0.1047,-1.0619,3.4403,group,88221,87002
direct_vs_group_nonadjacent,b,6,14,20,0.068,0.1609,-0.0929,-1.1776,3.4036,group,88221,87002
direct_vs_group_nonadjacent,erfahren,6,14,20,0.068,0.1609,-0.0929,-1.1776,3.4036,group,88221,87002
direct_vs_group_nonadjacent,gegessen,6,14,20,0.068,0.1609,-0.0929,-1.1776,3.4036,group,88221,87002
direct_vs_group_nonadjacent,seinem,6,14,20,0.068,0.1609,-0.0929,-1.1776,3.4036,group,88221,87002
direct_vs_group_nonadjacent,heute,422,365,787,4.7834,4.1953,0.5881,0.189,3.3769,direct,88221,87002
direct_vs_group_nonadjacent,9,31,18,49,0.3514,0.2069,0.1445,0.7478,3.3121,direct,88221,87002
direct_vs_group_nonadjacent,Ausgangsgewicht,11,4,15,0.1247,0.046,0.0787,1.3336,3.3003,direct,88221,87002
direct_vs_group_nonadjacent,Ernährungsberatung,11,4,15,0.1247,0.046,0.0787,1.3336,3.3003,direct,88221,87002
direct_vs_group_nonadjacent,Therapeut,11,4,15,0.1247,0.046,0.0787,1.3336,3.3003,direct,88221,87002
direct_vs_group_nonadjacent,chronische,11,4,15,0.1247,0.046,0.0787,1.3336,3.3003,direct,88221,87002
direct_vs_group_nonadjacent,kcal,11,4,15,0.1247,0.046,0.0787,1.3336,3.3003,direct,88221,87002
direct_vs_group_nonadjacent,nämlich,11,4,15,0.1247,0.046,0.0787,1.3336,3.3003,direct,88221,87002
direct_vs_group_nonadjacent,mit,943,1009,1952,10.6891,11.5974,-0.9084,-0.1176,3.2448,group,88221,87002
direct_vs_group_nonadjacent,ihren,40,57,97,0.4534,0.6552,-0.2018,-0.5257,3.2361,group,88221,87002
direct_vs_group_nonadjacent,Angebot,3,9,12,0.034,0.1034,-0.0694,-1.4606,3.2236,group,88221,87002
direct_vs_group_nonadjacent,Kindheit,3,9,12,0.034,0.1034,-0.0694,-1.4606,3.2236,group,88221,87002
direct_vs_group_nonadjacent,OÄ,3,9,12,0.034,0.1034,-0.0694,-1.4606,3.2236,group,88221,87002
direct_vs_group_nonadjacent,Ursache,3,9,12,0.034,0.1034,-0.0694,-1.4606,3.2236,group,88221,87002
direct_vs_group_nonadjacent,kommuniziert,3,9,12,0.034,0.1034,-0.0694,-1.4606,3.2236,group,88221,87002
direct_vs_group_nonadjacent,thematisiert,3,9,12,0.034,0.1034,-0.0694,-1.4606,3.2236,group,88221,87002
direct_vs_group_nonadjacent,zuhause,3,9,12,0.034,0.1034,-0.0694,-1.4606,3.2236,group,88221,87002
direct_vs_group_nonadjacent,zunehmend,3,9,12,0.034,0.1034,-0.0694,-1.4606,3.2236,group,88221,87002
direct_vs_group_nonadjacent,gehabt,18,30,48,0.204,0.3448,-0.1408,-0.7414,3.2013,group,88221,87002
direct_vs_group_nonadjacent,Doku,17,8,25,0.1927,0.092,0.1007,1.0217,3.1899,direct,88221,87002
direct_vs_group_nonadjacent,Problem,17,8,25,0.1927,0.092,0.1007,1.0217,3.1899,direct,88221,87002
direct_vs_group_nonadjacent,sorry,17,8,25,0.1927,0.092,0.1007,1.0217,3.1899,direct,88221,87002
direct_vs_group_nonadjacent,wünsche,9,18,27,0.102,0.2069,-0.1049,-0.9816,3.1847,group,88221,87002
direct_vs_group_nonadjacent,hätte,41,26,67,0.4647,0.2988,0.1659,0.627,3.1814,direct,88221,87002
direct_vs_group_nonadjacent,angelegt,14,6,20,0.1587,0.069,0.0897,1.1375,3.181,direct,88221,87002
direct_vs_group_nonadjacent,brauchen,14,6,20,0.1587,0.069,0.0897,1.1375,3.181,direct,88221,87002
direct_vs_group_nonadjacent,Test,24,13,37,0.272,0.1494,0.1226,0.8397,3.169,direct,88221,87002
direct_vs_group_nonadjacent,Mal,15,26,41,0.17,0.2988,-0.1288,-0.7938,3.1427,group,88221,87002
direct_vs_group_nonadjacent,letzter,12,22,34,0.136,0.2529,-0.1168,-0.8681,3.1259,group,88221,87002
direct_vs_group_nonadjacent,nachfragen,12,22,34,0.136,0.2529,-0.1168,-0.8681,3.1259,group,88221,87002
direct_vs_group_nonadjacent,fällt,7,15,22,0.0793,0.1724,-0.0931,-1.0674,3.0892,group,88221,87002
direct_vs_group_nonadjacent,gegenüber,7,15,22,0.0793,0.1724,-0.0931,-1.0674,3.0892,group,88221,87002
direct_vs_group_nonadjacent,insbesondere,7,15,22,0.0793,0.1724,-0.0931,-1.0674,3.0892,group,88221,87002
direct_vs_group_nonadjacent,finden,19,31,50,0.2154,0.3563,-0.1409,-0.712,3.0777,group,88221,87002
direct_vs_group_nonadjacent,Abstrich,5,12,17,0.0567,0.1379,-0.0813,-1.2045,3.0681,group,88221,87002
direct_vs_group_nonadjacent,Dosis,5,12,17,0.0567,0.1379,-0.0813,-1.2045,3.0681,group,88221,87002
direct_vs_group_nonadjacent,mehrere,5,12,17,0.0567,0.1379,-0.0813,-1.2045,3.0681,group,88221,87002
direct_vs_group_nonadjacent,trotz,5,12,17,0.0567,0.1379,-0.0813,-1.2045,3.0681,group,88221,87002
direct_vs_group_nonadjacent,u,5,12,17,0.0567,0.1379,-0.0813,-1.2045,3.0681,group,88221,87002
direct_vs_group_nonadjacent,Ehefrau,9,3,12,0.102,0.0345,0.0675,1.4205,3.0566,direct,88221,87002
direct_vs_group_nonadjacent,HNO,9,3,12,0.102,0.0345,0.0675,1.4205,3.0566,direct,88221,87002
direct_vs_group_nonadjacent,gespräch,9,3,12,0.102,0.0345,0.0675,1.4205,3.0566,direct,88221,87002
direct_vs_group_nonadjacent,halt,9,3,12,0.102,0.0345,0.0675,1.4205,3.0566,direct,88221,87002
direct_vs_group_nonadjacent,schade,9,3,12,0.102,0.0345,0.0675,1.4205,3.0566,direct,88221,87002
direct_vs_group_nonadjacent,spannend,9,3,12,0.102,0.0345,0.0675,1.4205,3.0566,direct,88221,87002
direct_vs_group_nonadjacent,therapeutisch,9,3,12,0.102,0.0345,0.0675,1.4205,3.0566,direct,88221,87002
direct_vs_group_nonadjacent,unseren,9,3,12,0.102,0.0345,0.0675,1.4205,3.0566,direct,88221,87002
direct_vs_group_nonadjacent,vorgeschlagen,9,3,12,0.102,0.0345,0.0675,1.4205,3.0566,direct,88221,87002
direct_vs_group_nonadjacent,los,21,11,32,0.238,0.1264,0.1116,0.8826,3.0404,direct,88221,87002
direct_vs_group_nonadjacent,Abschluss,2,7,9,0.0227,0.0805,-0.0578,-1.605,3.0119,group,88221,87002
direct_vs_group_nonadjacent,Aktivitäten,2,7,9,0.0227,0.0805,-0.0578,-1.605,3.0119,group,88221,87002
direct_vs_group_nonadjacent,Anpassung,2,7,9,0.0227,0.0805,-0.0578,-1.605,3.0119,group,88221,87002
direct_vs_group_nonadjacent,Antibiose,2,7,9,0.0227,0.0805,-0.0578,-1.605,3.0119,group,88221,87002
direct_vs_group_nonadjacent,Diabetes,2,7,9,0.0227,0.0805,-0.0578,-1.605,3.0119,group,88221,87002
direct_vs_group_nonadjacent,Einnahme,2,7,9,0.0227,0.0805,-0.0578,-1.605,3.0119,group,88221,87002
direct_vs_group_nonadjacent,HWI,2,7,9,0.0227,0.0805,-0.0578,-1.605,3.0119,group,88221,87002
direct_vs_group_nonadjacent,Hälfte,2,7,9,0.0227,0.0805,-0.0578,-1.605,3.0119,group,88221,87002
direct_vs_group_nonadjacent,Interaktion,2,7,9,0.0227,0.0805,-0.0578,-1.605,3.0119,group,88221,87002
direct_vs_group_nonadjacent,Keine,2,7,9,0.0227,0.0805,-0.0578,-1.605,3.0119,group,88221,87002
direct_vs_group_nonadjacent,Panikstörung,2,7,9,0.0227,0.0805,-0.0578,-1.605,3.0119,group,88221,87002
direct_vs_group_nonadjacent,Stück,2,7,9,0.0227,0.0805,-0.0578,-1.605,3.0119,group,88221,87002
direct_vs_group_nonadjacent,Tagesklinik,2,7,9,0.0227,0.0805,-0.0578,-1.605,3.0119,group,88221,87002
direct_vs_group_nonadjacent,Tipps,2,7,9,0.0227,0.0805,-0.0578,-1.605,3.0119,group,88221,87002
direct_vs_group_nonadjacent,Trauer,2,7,9,0.0227,0.0805,-0.0578,-1.605,3.0119,group,88221,87002
direct_vs_group_nonadjacent,Umfeld,2,7,9,0.0227,0.0805,-0.0578,-1.605,3.0119,group,88221,87002
direct_vs_group_nonadjacent,Verbesserung,2,7,9,0.0227,0.0805,-0.0578,-1.605,3.0119,group,88221,87002
direct_vs_group_nonadjacent,Verfügung,2,7,9,0.0227,0.0805,-0.0578,-1.605,3.0119,group,88221,87002
direct_vs_group_nonadjacent,ausfallen,2,7,9,0.0227,0.0805,-0.0578,-1.605,3.0119,group,88221,87002
direct_vs_group_nonadjacent,aushalten,2,7,9,0.0227,0.0805,-0.0578,-1.605,3.0119,group,88221,87002
direct_vs_group_nonadjacent,dessen,2,7,9,0.0227,0.0805,-0.0578,-1.605,3.0119,group,88221,87002
direct_vs_group_nonadjacent,erbricht,2,7,9,0.0227,0.0805,-0.0578,-1.605,3.0119,group,88221,87002
direct_vs_group_nonadjacent,erschienen,2,7,9,0.0227,0.0805,-0.0578,-1.605,3.0119,group,88221,87002
direct_vs_group_nonadjacent,erstellt,2,7,9,0.0227,0.0805,-0.0578,-1.605,3.0119,group,88221,87002
direct_vs_group_nonadjacent,gelegentlich,2,7,9,0.0227,0.0805,-0.0578,-1.605,3.0119,group,88221,87002
direct_vs_group_nonadjacent,relevanten,2,7,9,0.0227,0.0805,-0.0578,-1.605,3.0119,group,88221,87002
direct_vs_group_nonadjacent,umgehen,2,7,9,0.0227,0.0805,-0.0578,-1.605,3.0119,group,88221,87002
direct_vs_group_nonadjacent,unterstützen,2,7,9,0.0227,0.0805,-0.0578,-1.605,3.0119,group,88221,87002
direct_vs_group_nonadjacent,unzufrieden,2,7,9,0.0227,0.0805,-0.0578,-1.605,3.0119,group,88221,87002
direct_vs_group_nonadjacent,weiterer,2,7,9,0.0227,0.0805,-0.0578,-1.605,3.0119,group,88221,87002
direct_vs_group_nonadjacent,Urlaub,72,52,124,0.8161,0.5977,0.2184,0.4456,2.9677,direct,88221,87002
direct_vs_group_nonadjacent,AN,1,5,6,0.0113,0.0575,-0.0461,-1.8945,2.967,group,88221,87002
direct_vs_group_nonadjacent,Amitriptylin,1,5,6,0.0113,0.0575,-0.0461,-1.8945,2.967,group,88221,87002
direct_vs_group_nonadjacent,Bedürfnis,1,5,6,0.0113,0.0575,-0.0461,-1.8945,2.967,group,88221,87002
direct_vs_group_nonadjacent,Bewertung,1,5,6,0.0113,0.0575,-0.0461,-1.8945,2.967,group,88221,87002
direct_vs_group_nonadjacent,Bildern,1,5,6,0.0113,0.0575,-0.0461,-1.8945,2.967,group,88221,87002
direct_vs_group_nonadjacent,Blatt,1,5,6,0.0113,0.0575,-0.0461,-1.8945,2.967,group,88221,87002
direct_vs_group_nonadjacent,Collage,1,5,6,0.0113,0.0575,-0.0461,-1.8945,2.967,group,88221,87002
direct_vs_group_nonadjacent,Eindosierung,1,5,6,0.0113,0.0575,-0.0461,-1.8945,2.967,group,88221,87002
direct_vs_group_nonadjacent,Einsamkeit,1,5,6,0.0113,0.0575,-0.0461,-1.8945,2.967,group,88221,87002
direct_vs_group_nonadjacent,Entspannungsübung,1,5,6,0.0113,0.0575,-0.0461,-1.8945,2.967,group,88221,87002
direct_vs_group_nonadjacent,Essanfälle,1,5,6,0.0113,0.0575,-0.0461,-1.8945,2.967,group,88221,87002
direct_vs_group_nonadjacent,Falle,1,5,6,0.0113,0.0575,-0.0461,-1.8945,2.967,group,88221,87002
direct_vs_group_nonadjacent,Feiertage,1,5,6,0.0113,0.0575,-0.0461,-1.8945,2.967,group,88221,87002
direct_vs_group_nonadjacent,Freunde,1,5,6,0.0113,0.0575,-0.0461,-1.8945,2.967,group,88221,87002
direct_vs_group_nonadjacent,KG,1,5,6,0.0113,0.0575,-0.0461,-1.8945,2.967,group,88221,87002
direct_vs_group_nonadjacent,Obesity,1,5,6,0.0113,0.0575,-0.0461,-1.8945,2.967,group,88221,87002
direct_vs_group_nonadjacent,PMR,1,5,6,0.0113,0.0575,-0.0461,-1.8945,2.967,group,88221,87002
direct_vs_group_nonadjacent,Panik,1,5,6,0.0113,0.0575,-0.0461,-1.8945,2.967,group,88221,87002
direct_vs_group_nonadjacent,Pieper,1,5,6,0.0113,0.0575,-0.0461,-1.8945,2.967,group,88221,87002
direct_vs_group_nonadjacent,Prozedere,1,5,6,0.0113,0.0575,-0.0461,-1.8945,2.967,group,88221,87002
direct_vs_group_nonadjacent,Prozesse,1,5,6,0.0113,0.0575,-0.0461,-1.8945,2.967,group,88221,87002
direct_vs_group_nonadjacent,Schmerzpatient,1,5,6,0.0113,0.0575,-0.0461,-1.8945,2.967,group,88221,87002
direct_vs_group_nonadjacent,Schritt,1,5,6,0.0113,0.0575,-0.0461,-1.8945,2.967,group,88221,87002
direct_vs_group_nonadjacent,Strategie,1,5,6,0.0113,0.0575,-0.0461,-1.8945,2.967,group,88221,87002
direct_vs_group_nonadjacent,Sz,1,5,6,0.0113,0.0575,-0.0461,-1.8945,2.967,group,88221,87002
direct_vs_group_nonadjacent,Trennung,1,5,6,0.0113,0.0575,-0.0461,-1.8945,2.967,group,88221,87002
direct_vs_group_nonadjacent,Wichtig,1,5,6,0.0113,0.0575,-0.0461,-1.8945,2.967,group,88221,87002
direct_vs_group_nonadjacent,Wird,1,5,6,0.0113,0.0575,-0.0461,-1.8945,2.967,group,88221,87002
direct_vs_group_nonadjacent,Wissen,1,5,6,0.0113,0.0575,-0.0461,-1.8945,2.967,group,88221,87002
direct_vs_group_nonadjacent,Zusammenfassung,1,5,6,0.0113,0.0575,-0.0461,-1.8945,2.967,group,88221,87002
direct_vs_group_nonadjacent,beschreibt,1,5,6,0.0113,0.0575,-0.0461,-1.8945,2.967,group,88221,87002
direct_vs_group_nonadjacent,bevorzugen,1,5,6,0.0113,0.0575,-0.0461,-1.8945,2.967,group,88221,87002
direct_vs_group_nonadjacent,dissoziative,1,5,6,0.0113,0.0575,-0.0461,-1.8945,2.967,group,88221,87002
direct_vs_group_nonadjacent,einhalten,1,5,6,0.0113,0.0575,-0.0461,-1.8945,2.967,group,88221,87002
direct_vs_group_nonadjacent,einiges,1,5,6,0.0113,0.0575,-0.0461,-1.8945,2.967,group,88221,87002
direct_vs_group_nonadjacent,empfunden,1,5,6,0.0113,0.0575,-0.0461,-1.8945,2.967,group,88221,87002
direct_vs_group_nonadjacent,folgendes,1,5,6,0.0113,0.0575,-0.0461,-1.8945,2.967,group,88221,87002
direct_vs_group_nonadjacent,gefallen,1,5,6,0.0113,0.0575,-0.0461,-1.8945,2.967,group,88221,87002
direct_vs_group_nonadjacent,genutzt,1,5,6,0.0113,0.0575,-0.0461,-1.8945,2.967,group,88221,87002
direct_vs_group_nonadjacent,gestalten,1,5,6,0.0113,0.0575,-0.0461,-1.8945,2.967,group,88221,87002
direct_vs_group_nonadjacent,gewartet,1,5,6,0.0113,0.0575,-0.0461,-1.8945,2.967,group,88221,87002
direct_vs_group_nonadjacent,hierunter,1,5,6,0.0113,0.0575,-0.0461,-1.8945,2.967,group,88221,87002
direct_vs_group_nonadjacent,kleiner,1,5,6,0.0113,0.0575,-0.0461,-1.8945,2.967,group,88221,87002
direct_vs_group_nonadjacent,konzentrieren,1,5,6,0.0113,0.0575,-0.0461,-1.8945,2.967,group,88221,87002
direct_vs_group_nonadjacent,mangelnde,1,5,6,0.0113,0.0575,-0.0461,-1.8945,2.967,group,88221,87002
direct_vs_group_nonadjacent,probiert,1,5,6,0.0113,0.0575,-0.0461,-1.8945,2.967,group,88221,87002
direct_vs_group_nonadjacent,r,1,5,6,0.0113,0.0575,-0.0461,-1.8945,2.967,group,88221,87002
direct_vs_group_nonadjacent,sofern,1,5,6,0.0113,0.0575,-0.0461,-1.8945,2.967,group,88221,87002
direct_vs_group_nonadjacent,starken,1,5,6,0.0113,0.0575,-0.0461,-1.8945,2.967,group,88221,87002
direct_vs_group_nonadjacent,tragen,1,5,6,0.0113,0.0575,-0.0461,-1.8945,2.967,group,88221,87002
direct_vs_group_nonadjacent,traumatische,1,5,6,0.0113,0.0575,-0.0461,-1.8945,2.967,group,88221,87002
direct_vs_group_nonadjacent,ungünstig,1,5,6,0.0113,0.0575,-0.0461,-1.8945,2.967,group,88221,87002
direct_vs_group_nonadjacent,voran,1,5,6,0.0113,0.0575,-0.0461,-1.8945,2.967,group,88221,87002
direct_vs_group_nonadjacent,wenige,1,5,6,0.0113,0.0575,-0.0461,-1.8945,2.967,group,88221,87002
direct_vs_group_nonadjacent,wieviel,1,5,6,0.0113,0.0575,-0.0461,-1.8945,2.967,group,88221,87002
direct_vs_group_nonadjacent,zeitlich,1,5,6,0.0113,0.0575,-0.0461,-1.8945,2.967,group,88221,87002
direct_vs_group_nonadjacent,äußern,1,5,6,0.0113,0.0575,-0.0461,-1.8945,2.967,group,88221,87002
direct_vs_group_nonadjacent,überprüfen,1,5,6,0.0113,0.0575,-0.0461,-1.8945,2.967,group,88221,87002
direct_vs_group_nonadjacent,stationären,10,19,29,0.1134,0.2184,-0.105,-0.9132,2.9664,group,88221,87002
direct_vs_group_nonadjacent,etc,20,32,52,0.2267,0.3678,-0.1411,-0.6849,2.9638,group,88221,87002
direct_vs_group_nonadjacent,Vater,13,23,36,0.1474,0.2644,-0.117,-0.8198,2.9555,group,88221,87002
direct_vs_group_nonadjacent,reduziert,13,23,36,0.1474,0.2644,-0.117,-0.8198,2.9555,group,88221,87002
direct_vs_group_nonadjacent,selbst,35,50,85,0.3967,0.5747,-0.178,-0.5285,2.8738,group,88221,87002
direct_vs_group_nonadjacent,Essstörungsgruppe,12,5,17,0.136,0.0575,0.0786,1.1644,2.8733,direct,88221,87002
direct_vs_group_nonadjacent,draußen,12,5,17,0.136,0.0575,0.0786,1.1644,2.8733,direct,88221,87002
direct_vs_group_nonadjacent,geklärt,12,5,17,0.136,0.0575,0.0786,1.1644,2.8733,direct,88221,87002
direct_vs_group_nonadjacent,Alzheimerdemenz,7,2,9,0.0793,0.023,0.0564,1.5649,2.8728,direct,88221,87002
direct_vs_group_nonadjacent,Beginnende,7,2,9,0.0793,0.023,0.0564,1.5649,2.8728,direct,88221,87002
direct_vs_group_nonadjacent,Einsicht,7,2,9,0.0793,0.023,0.0564,1.5649,2.8728,direct,88221,87002
direct_vs_group_nonadjacent,Entlassungsbrief,7,2,9,0.0793,0.023,0.0564,1.5649,2.8728,direct,88221,87002
direct_vs_group_nonadjacent,Kaffee,7,2,9,0.0793,0.023,0.0564,1.5649,2.8728,direct,88221,87002
direct_vs_group_nonadjacent,Konzentration/Gedächtnis,7,2,9,0.0793,0.023,0.0564,1.5649,2.8728,direct,88221,87002
direct_vs_group_nonadjacent,Oberbauch,7,2,9,0.0793,0.023,0.0564,1.5649,2.8728,direct,88221,87002
direct_vs_group_nonadjacent,Tipp,7,2,9,0.0793,0.023,0.0564,1.5649,2.8728,direct,88221,87002
direct_vs_group_nonadjacent,Volumenminderung,7,2,9,0.0793,0.023,0.0564,1.5649,2.8728,direct,88221,87002
direct_vs_group_nonadjacent,Vorbeireden,7,2,9,0.0793,0.023,0.0564,1.5649,2.8728,direct,88221,87002
direct_vs_group_nonadjacent,Zugang,7,2,9,0.0793,0.023,0.0564,1.5649,2.8728,direct,88221,87002
direct_vs_group_nonadjacent,abgelaufen,7,2,9,0.0793,0.023,0.0564,1.5649,2.8728,direct,88221,87002
direct_vs_group_nonadjacent,ausgedruckt,7,2,9,0.0793,0.023,0.0564,1.5649,2.8728,direct,88221,87002
direct_vs_group_nonadjacent,eigenständigen,7,2,9,0.0793,0.023,0.0564,1.5649,2.8728,direct,88221,87002
direct_vs_group_nonadjacent,einstellbarem,7,2,9,0.0793,0.023,0.0564,1.5649,2.8728,direct,88221,87002
direct_vs_group_nonadjacent,eventuell,7,2,9,0.0793,0.023,0.0564,1.5649,2.8728,direct,88221,87002
direct_vs_group_nonadjacent,frag,7,2,9,0.0793,0.023,0.0564,1.5649,2.8728,direct,88221,87002
direct_vs_group_nonadjacent,freigeben,7,2,9,0.0793,0.023,0.0564,1.5649,2.8728,direct,88221,87002
direct_vs_group_nonadjacent,komplexer,7,2,9,0.0793,0.023,0.0564,1.5649,2.8728,direct,88221,87002
direct_vs_group_nonadjacent,massiver,7,2,9,0.0793,0.023,0.0564,1.5649,2.8728,direct,88221,87002
direct_vs_group_nonadjacent,mögliche,7,2,9,0.0793,0.023,0.0564,1.5649,2.8728,direct,88221,87002
direct_vs_group_nonadjacent,nachmittag,7,2,9,0.0793,0.023,0.0564,1.5649,2.8728,direct,88221,87002
direct_vs_group_nonadjacent,parietaler,7,2,9,0.0793,0.023,0.0564,1.5649,2.8728,direct,88221,87002
direct_vs_group_nonadjacent,schlimm,7,2,9,0.0793,0.023,0.0564,1.5649,2.8728,direct,88221,87002
direct_vs_group_nonadjacent,team,7,2,9,0.0793,0.023,0.0564,1.5649,2.8728,direct,88221,87002
direct_vs_group_nonadjacent,Befunde,15,7,22,0.17,0.0805,0.0896,1.0272,2.8666,direct,88221,87002
direct_vs_group_nonadjacent,gelegt,15,7,22,0.17,0.0805,0.0896,1.0272,2.8666,direct,88221,87002
direct_vs_group_nonadjacent,tun,15,7,22,0.17,0.0805,0.0896,1.0272,2.8666,direct,88221,87002
direct_vs_group_nonadjacent,wären,15,7,22,0.17,0.0805,0.0896,1.0272,2.8666,direct,88221,87002
direct_vs_group_nonadjacent,Symptomatik,21,33,54,0.238,0.3793,-0.1413,-0.6599,2.8586,group,88221,87002
direct_vs_group_nonadjacent,Anforderungen,5,1,6,0.0567,0.0115,0.0452,1.8544,2.8557,direct,88221,87002
direct_vs_group_nonadjacent,Behandlungsvereinbarung,5,1,6,0.0567,0.0115,0.0452,1.8544,2.8557,direct,88221,87002
direct_vs_group_nonadjacent,Einschränkungen,5,1,6,0.0567,0.0115,0.0452,1.8544,2.8557,direct,88221,87002
direct_vs_group_nonadjacent,Epicondylitis,5,1,6,0.0567,0.0115,0.0452,1.8544,2.8557,direct,88221,87002
direct_vs_group_nonadjacent,Früh,5,1,6,0.0567,0.0115,0.0452,1.8544,2.8557,direct,88221,87002
direct_vs_group_nonadjacent,Gern,5,1,6,0.0567,0.0115,0.0452,1.8544,2.8557,direct,88221,87002
direct_vs_group_nonadjacent,Hintergründe,5,1,6,0.0567,0.0115,0.0452,1.8544,2.8557,direct,88221,87002
direct_vs_group_nonadjacent,Kalender,5,1,6,0.0567,0.0115,0.0452,1.8544,2.8557,direct,88221,87002
direct_vs_group_nonadjacent,Korrektur,5,1,6,0.0567,0.0115,0.0452,1.8544,2.8557,direct,88221,87002
direct_vs_group_nonadjacent,Krücken,5,1,6,0.0567,0.0115,0.0452,1.8544,2.8557,direct,88221,87002
direct_vs_group_nonadjacent,Medikamente,5,1,6,0.0567,0.0115,0.0452,1.8544,2.8557,direct,88221,87002
direct_vs_group_nonadjacent,Muss,5,1,6,0.0567,0.0115,0.0452,1.8544,2.8557,direct,88221,87002
direct_vs_group_nonadjacent,Möchtest,5,1,6,0.0567,0.0115,0.0452,1.8544,2.8557,direct,88221,87002
direct_vs_group_nonadjacent,Nahrungssteigerung,5,1,6,0.0567,0.0115,0.0452,1.8544,2.8557,direct,88221,87002
direct_vs_group_nonadjacent,Schreibst,5,1,6,0.0567,0.0115,0.0452,1.8544,2.8557,direct,88221,87002
direct_vs_group_nonadjacent,Schulterstützen,5,1,6,0.0567,0.0115,0.0452,1.8544,2.8557,direct,88221,87002
direct_vs_group_nonadjacent,Stationsärztin,5,1,6,0.0567,0.0115,0.0452,1.8544,2.8557,direct,88221,87002
direct_vs_group_nonadjacent,Tabelle,5,1,6,0.0567,0.0115,0.0452,1.8544,2.8557,direct,88221,87002
direct_vs_group_nonadjacent,Tel,5,1,6,0.0567,0.0115,0.0452,1.8544,2.8557,direct,88221,87002
direct_vs_group_nonadjacent,Terminvereinbarung,5,1,6,0.0567,0.0115,0.0452,1.8544,2.8557,direct,88221,87002
direct_vs_group_nonadjacent,aufpassen,5,1,6,0.0567,0.0115,0.0452,1.8544,2.8557,direct,88221,87002
direct_vs_group_nonadjacent,auftritt,5,1,6,0.0567,0.0115,0.0452,1.8544,2.8557,direct,88221,87002
direct_vs_group_nonadjacent,betreut,5,1,6,0.0567,0.0115,0.0452,1.8544,2.8557,direct,88221,87002
direct_vs_group_nonadjacent,einmalig,5,1,6,0.0567,0.0115,0.0452,1.8544,2.8557,direct,88221,87002
direct_vs_group_nonadjacent,freie,5,1,6,0.0567,0.0115,0.0452,1.8544,2.8557,direct,88221,87002
direct_vs_group_nonadjacent,gespiegelt,5,1,6,0.0567,0.0115,0.0452,1.8544,2.8557,direct,88221,87002
direct_vs_group_nonadjacent,herzlichen,5,1,6,0.0567,0.0115,0.0452,1.8544,2.8557,direct,88221,87002
direct_vs_group_nonadjacent,komm,5,1,6,0.0567,0.0115,0.0452,1.8544,2.8557,direct,88221,87002
direct_vs_group_nonadjacent,leben,5,1,6,0.0567,0.0115,0.0452,1.8544,2.8557,direct,88221,87002
direct_vs_group_nonadjacent,markiert,5,1,6,0.0567,0.0115,0.0452,1.8544,2.8557,direct,88221,87002
direct_vs_group_nonadjacent,mist,5,1,6,0.0567,0.0115,0.0452,1.8544,2.8557,direct,88221,87002
direct_vs_group_nonadjacent,na,5,1,6,0.0567,0.0115,0.0452,1.8544,2.8557,direct,88221,87002
direct_vs_group_nonadjacent,regulär,5,1,6,0.0567,0.0115,0.0452,1.8544,2.8557,direct,88221,87002
direct_vs_group_nonadjacent,schaust,5,1,6,0.0567,0.0115,0.0452,1.8544,2.8557,direct,88221,87002
direct_vs_group_nonadjacent,schreibst,5,1,6,0.0567,0.0115,0.0452,1.8544,2.8557,direct,88221,87002
direct_vs_group_nonadjacent,verträgt,5,1,6,0.0567,0.0115,0.0452,1.8544,2.8557,direct,88221,87002
direct_vs_group_nonadjacent,zugeordnet,5,1,6,0.0567,0.0115,0.0452,1.8544,2.8557,direct,88221,87002
direct_vs_group_nonadjacent,außerdem,22,12,34,0.2494,0.1379,0.1114,0.8279,2.8476,direct,88221,87002
direct_vs_group_nonadjacent,drin,22,12,34,0.2494,0.1379,0.1114,0.8279,2.8476,direct,88221,87002
direct_vs_group_nonadjacent,Ausschluss,8,16,24,0.0907,0.1839,-0.0932,-0.977,2.8309,group,88221,87002
direct_vs_group_nonadjacent,zeigen,8,16,24,0.0907,0.1839,-0.0932,-0.977,2.8309,group,88221,87002
direct_vs_group_nonadjacent,gelaufen,35,22,57,0.3967,0.2529,0.1439,0.6378,2.813,direct,88221,87002
direct_vs_group_nonadjacent,Zeit,98,75,173,1.1108,0.862,0.2488,0.3636,2.7552,direct,88221,87002
direct_vs_group_nonadjacent,CRP,4,10,14,0.0453,0.1149,-0.0696,-1.2425,2.7407,group,88221,87002
direct_vs_group_nonadjacent,Skills,4,10,14,0.0453,0.1149,-0.0696,-1.2425,2.7407,group,88221,87002
direct_vs_group_nonadjacent,Versorgung,4,10,14,0.0453,0.1149,-0.0696,-1.2425,2.7407,group,88221,87002
direct_vs_group_nonadjacent,Viele,4,10,14,0.0453,0.1149,-0.0696,-1.2425,2.7407,group,88221,87002
direct_vs_group_nonadjacent,hinsichtlich,4,10,14,0.0453,0.1149,-0.0696,-1.2425,2.7407,group,88221,87002
direct_vs_group_nonadjacent,spürbar,4,10,14,0.0453,0.1149,-0.0696,-1.2425,2.7407,group,88221,87002
direct_vs_group_nonadjacent,Verlegung,6,13,19,0.068,0.1494,-0.0814,-1.0745,2.739,group,88221,87002
direct_vs_group_nonadjacent,isst,6,13,19,0.068,0.1494,-0.0814,-1.0745,2.739,group,88221,87002
direct_vs_group_nonadjacent,min,6,13,19,0.068,0.1494,-0.0814,-1.0745,2.739,group,88221,87002
direct_vs_group_nonadjacent,stark,6,13,19,0.068,0.1494,-0.0814,-1.0745,2.739,group,88221,87002
direct_vs_group_nonadjacent,anderes,19,10,29,0.2154,0.1149,0.1004,0.873,2.7159,direct,88221,87002
direct_vs_group_nonadjacent,e,19,10,29,0.2154,0.1149,0.1004,0.873,2.7159,direct,88221,87002
direct_vs_group_nonadjacent,passen,19,10,29,0.2154,0.1149,0.1004,0.873,2.7159,direct,88221,87002
direct_vs_group_nonadjacent,müssen,41,27,68,0.4647,0.3103,0.1544,0.5736,2.7116,direct,88221,87002
direct_vs_group_nonadjacent,sagt,23,13,36,0.2607,0.1494,0.1113,0.7796,2.6773,direct,88221,87002
direct_vs_group_nonadjacent,Anspannung,15,25,40,0.17,0.2873,-0.1173,-0.7383,2.6678,group,88221,87002
direct_vs_group_nonadjacent,Infos,15,25,40,0.17,0.2873,-0.1173,-0.7383,2.6678,group,88221,87002
direct_vs_group_nonadjacent,wieder,176,205,381,1.995,2.3563,-0.3613,-0.2395,2.6314,group,88221,87002
direct_vs_group_nonadjacent,könnt,9,17,26,0.102,0.1954,-0.0934,-0.9014,2.6145,group,88221,87002
direct_vs_group_nonadjacent,Gefühle,12,21,33,0.136,0.2414,-0.1054,-0.8025,2.6127,group,88221,87002
direct_vs_group_nonadjacent,Ort,66,48,114,0.7481,0.5517,0.1964,0.4353,2.6091,direct,88221,87002
direct_vs_group_nonadjacent,Einzelgespräch,16,8,24,0.1814,0.092,0.0894,0.9369,2.6082,direct,88221,87002
direct_vs_group_nonadjacent,gehört,16,8,24,0.1814,0.092,0.0894,0.9369,2.6082,direct,88221,87002
direct_vs_group_nonadjacent,nie,10,4,14,0.1134,0.046,0.0674,1.2023,2.5738,direct,88221,87002
direct_vs_group_nonadjacent,wobei,10,4,14,0.1134,0.046,0.0674,1.2023,2.5738,direct,88221,87002
direct_vs_group_nonadjacent,des,87,108,195,0.9862,1.2414,-0.2552,-0.3304,2.5676,group,88221,87002
direct_vs_group_nonadjacent,ein,343,298,641,3.888,3.4252,0.4628,0.1825,2.5666,direct,88221,87002
direct_vs_group_nonadjacent,jeden,28,17,45,0.3174,0.1954,0.122,0.6835,2.5655,direct,88221,87002
direct_vs_group_nonadjacent,zusammen,28,17,45,0.3174,0.1954,0.122,0.6835,2.5655,direct,88221,87002
direct_vs_group_nonadjacent,vorher,20,31,51,0.2267,0.3563,-0.1296,-0.6398,2.5468,group,88221,87002
direct_vs_group_nonadjacent,sind,130,104,234,1.4736,1.1954,0.2782,0.3005,2.5444,direct,88221,87002
direct_vs_group_nonadjacent,Sorge,13,6,19,0.1474,0.069,0.0784,1.0344,2.5442,direct,88221,87002
direct_vs_group_nonadjacent,Vertrag,13,6,19,0.1474,0.069,0.0784,1.0344,2.5442,direct,88221,87002
direct_vs_group_nonadjacent,Land,7,14,21,0.0793,0.1609,-0.0816,-0.9712,2.477,group,88221,87002
direct_vs_group_nonadjacent,Psychoedukation,7,14,21,0.0793,0.1609,-0.0816,-0.9712,2.477,group,88221,87002
direct_vs_group_nonadjacent,to,7,14,21,0.0793,0.1609,-0.0816,-0.9712,2.477,group,88221,87002
direct_vs_group_nonadjacent,im,516,560,1076,5.8489,6.4366,-0.5877,-0.138,2.464,group,88221,87002
direct_vs_group_nonadjacent,dabei,56,40,96,0.6348,0.4598,0.175,0.4603,2.4612,direct,88221,87002
direct_vs_group_nonadjacent,E,50,35,85,0.5668,0.4023,0.1645,0.4884,2.4564,direct,88221,87002
direct_vs_group_nonadjacent,Am,21,32,53,0.238,0.3678,-0.1298,-0.6162,2.4553,group,88221,87002
direct_vs_group_nonadjacent,Info,63,46,109,0.7141,0.5287,0.1854,0.4295,2.431,direct,88221,87002
direct_vs_group_nonadjacent,Eindruck,10,18,28,0.1134,0.2069,-0.0935,-0.8372,2.4305,group,88221,87002
direct_vs_group_nonadjacent,Übernahme,10,18,28,0.1134,0.2069,-0.0935,-0.8372,2.4305,group,88221,87002
direct_vs_group_nonadjacent,Dies,3,8,11,0.034,0.092,-0.0579,-1.3002,2.4284,group,88221,87002
direct_vs_group_nonadjacent,Einschätzung,3,8,11,0.034,0.092,-0.0579,-1.3002,2.4284,group,88221,87002
direct_vs_group_nonadjacent,Kopf,3,8,11,0.034,0.092,-0.0579,-1.3002,2.4284,group,88221,87002
direct_vs_group_nonadjacent,Könntet,3,8,11,0.034,0.092,-0.0579,-1.3002,2.4284,group,88221,87002
direct_vs_group_nonadjacent,Laufe,3,8,11,0.034,0.092,-0.0579,-1.3002,2.4284,group,88221,87002
direct_vs_group_nonadjacent,Magensonde,3,8,11,0.034,0.092,-0.0579,-1.3002,2.4284,group,88221,87002
direct_vs_group_nonadjacent,Nonsuizidpakt,3,8,11,0.034,0.092,-0.0579,-1.3002,2.4284,group,88221,87002
direct_vs_group_nonadjacent,Stuhl,3,8,11,0.034,0.092,-0.0579,-1.3002,2.4284,group,88221,87002
direct_vs_group_nonadjacent,UaK,3,8,11,0.034,0.092,-0.0579,-1.3002,2.4284,group,88221,87002
direct_vs_group_nonadjacent,akut,3,8,11,0.034,0.092,-0.0579,-1.3002,2.4284,group,88221,87002
direct_vs_group_nonadjacent,entsprechend,3,8,11,0.034,0.092,-0.0579,-1.3002,2.4284,group,88221,87002
direct_vs_group_nonadjacent,fixiert,3,8,11,0.034,0.092,-0.0579,-1.3002,2.4284,group,88221,87002
direct_vs_group_nonadjacent,geäußert,3,8,11,0.034,0.092,-0.0579,-1.3002,2.4284,group,88221,87002
direct_vs_group_nonadjacent,innerhalb,3,8,11,0.034,0.092,-0.0579,-1.3002,2.4284,group,88221,87002
direct_vs_group_nonadjacent,traurig,3,8,11,0.034,0.092,-0.0579,-1.3002,2.4284,group,88221,87002
direct_vs_group_nonadjacent,verschiedene,3,8,11,0.034,0.092,-0.0579,-1.3002,2.4284,group,88221,87002
direct_vs_group_nonadjacent,weinen,3,8,11,0.034,0.092,-0.0579,-1.3002,2.4284,group,88221,87002
direct_vs_group_nonadjacent,Sehr,17,9,26,0.1927,0.1034,0.0893,0.8613,2.3919,direct,88221,87002
direct_vs_group_nonadjacent,geschafft,17,9,26,0.1927,0.1034,0.0893,0.8613,2.3919,direct,88221,87002
direct_vs_group_nonadjacent,PTBS,5,11,16,0.0567,0.1264,-0.0698,-1.0842,2.3902,group,88221,87002
direct_vs_group_nonadjacent,Punkt,5,11,16,0.0567,0.1264,-0.0698,-1.0842,2.3902,group,88221,87002
direct_vs_group_nonadjacent,Vergangenheit,5,11,16,0.0567,0.1264,-0.0698,-1.0842,2.3902,group,88221,87002
direct_vs_group_nonadjacent,freuen,5,11,16,0.0567,0.1264,-0.0698,-1.0842,2.3902,group,88221,87002
direct_vs_group_nonadjacent,mehrfach,5,11,16,0.0567,0.1264,-0.0698,-1.0842,2.3902,group,88221,87002
direct_vs_group_nonadjacent,müsse,5,11,16,0.0567,0.1264,-0.0698,-1.0842,2.3902,group,88221,87002
direct_vs_group_nonadjacent,verpasst,5,11,16,0.0567,0.1264,-0.0698,-1.0842,2.3902,group,88221,87002
direct_vs_group_nonadjacent,Dank,71,53,124,0.8048,0.6092,0.1956,0.3983,2.3777,direct,88221,87002
direct_vs_group_nonadjacent,Weihnachtstage,14,23,37,0.1587,0.2644,-0.1057,-0.7167,2.3383,group,88221,87002
direct_vs_group_nonadjacent,erfragen,14,23,37,0.1587,0.2644,-0.1057,-0.7167,2.3383,group,88221,87002
direct_vs_group_nonadjacent,ginge,14,23,37,0.1587,0.2644,-0.1057,-0.7167,2.3383,group,88221,87002
direct_vs_group_nonadjacent,dazu,52,37,89,0.5894,0.4253,0.1642,0.4654,2.3358,direct,88221,87002
direct_vs_group_nonadjacent,keinen,33,46,79,0.3741,0.5287,-0.1547,-0.4931,2.3337,group,88221,87002
direct_vs_group_nonadjacent,Klinikstandort,53,69,122,0.6008,0.7931,-0.1923,-0.3975,2.3329,group,88221,87002
direct_vs_group_nonadjacent,diese,95,74,169,1.0768,0.8506,0.2263,0.3382,2.3322,direct,88221,87002
direct_vs_group_nonadjacent,kann,317,276,593,3.5932,3.1723,0.4209,0.1794,2.2952,direct,88221,87002
direct_vs_group_nonadjacent,Art,8,3,11,0.0907,0.0345,0.0562,1.26,2.2892,direct,88221,87002
direct_vs_group_nonadjacent,Mein,8,3,11,0.0907,0.0345,0.0562,1.26,2.2892,direct,88221,87002
direct_vs_group_nonadjacent,Update,8,3,11,0.0907,0.0345,0.0562,1.26,2.2892,direct,88221,87002
direct_vs_group_nonadjacent,Zettel,8,3,11,0.0907,0.0345,0.0562,1.26,2.2892,direct,88221,87002
direct_vs_group_nonadjacent,entweder,8,3,11,0.0907,0.0345,0.0562,1.26,2.2892,direct,88221,87002
direct_vs_group_nonadjacent,geholfen,8,3,11,0.0907,0.0345,0.0562,1.26,2.2892,direct,88221,87002
direct_vs_group_nonadjacent,jedem,8,3,11,0.0907,0.0345,0.0562,1.26,2.2892,direct,88221,87002
direct_vs_group_nonadjacent,reduzierter,8,3,11,0.0907,0.0345,0.0562,1.26,2.2892,direct,88221,87002
direct_vs_group_nonadjacent,rez,8,3,11,0.0907,0.0345,0.0562,1.26,2.2892,direct,88221,87002
direct_vs_group_nonadjacent,unterschrieben,8,3,11,0.0907,0.0345,0.0562,1.26,2.2892,direct,88221,87002
direct_vs_group_nonadjacent,â,8,3,11,0.0907,0.0345,0.0562,1.26,2.2892,direct,88221,87002
direct_vs_group_nonadjacent,Knie,14,7,21,0.1587,0.0805,0.0782,0.931,2.2822,direct,88221,87002
direct_vs_group_nonadjacent,klappt,14,7,21,0.1587,0.0805,0.0782,0.931,2.2822,direct,88221,87002
direct_vs_group_nonadjacent,arbeiten,11,19,30,0.1247,0.2184,-0.0937,-0.7819,2.2721,group,88221,87002
direct_vs_group_nonadjacent,Dinge,8,15,23,0.0907,0.1724,-0.0817,-0.8868,2.2631,group,88221,87002
direct_vs_group_nonadjacent,Schwester,8,15,23,0.0907,0.1724,-0.0817,-0.8868,2.2631,group,88221,87002
direct_vs_group_nonadjacent,Fokus,11,5,16,0.1247,0.0575,0.0672,1.0441,2.2232,direct,88221,87002
direct_vs_group_nonadjacent,denen,11,5,16,0.1247,0.0575,0.0672,1.0441,2.2232,direct,88221,87002
direct_vs_group_nonadjacent,runter,18,10,28,0.204,0.1149,0.0891,0.7971,2.2079,direct,88221,87002
direct_vs_group_nonadjacent,sodass,18,10,28,0.204,0.1149,0.0891,0.7971,2.2079,direct,88221,87002
direct_vs_group_nonadjacent,wirklich,18,10,28,0.204,0.1149,0.0891,0.7971,2.2079,direct,88221,87002
direct_vs_group_nonadjacent,ziemlich,18,10,28,0.204,0.1149,0.0891,0.7971,2.2079,direct,88221,87002
direct_vs_group_nonadjacent,Falls,37,25,62,0.4194,0.2873,0.1321,0.5363,2.1733,direct,88221,87002
direct_vs_group_nonadjacent,Also,27,17,44,0.306,0.1954,0.1107,0.632,2.1557,direct,88221,87002
direct_vs_group_nonadjacent,Vielen,27,17,44,0.306,0.1954,0.1107,0.632,2.1557,direct,88221,87002
direct_vs_group_nonadjacent,Wochenende,43,30,73,0.4874,0.3448,0.1426,0.4921,2.1501,direct,88221,87002
direct_vs_group_nonadjacent,Fragen,32,21,53,0.3627,0.2414,0.1214,0.576,2.1492,direct,88221,87002
direct_vs_group_nonadjacent,Emotionsregulation,2,6,8,0.0227,0.069,-0.0463,-1.3986,2.149,group,88221,87002
direct_vs_group_nonadjacent,Entlassdatum,2,6,8,0.0227,0.069,-0.0463,-1.3986,2.149,group,88221,87002
direct_vs_group_nonadjacent,Gruppenthema,2,6,8,0.0227,0.069,-0.0463,-1.3986,2.149,group,88221,87002
direct_vs_group_nonadjacent,Kanäle,2,6,8,0.0227,0.069,-0.0463,-1.3986,2.149,group,88221,87002
direct_vs_group_nonadjacent,Mangel,2,6,8,0.0227,0.069,-0.0463,-1.3986,2.149,group,88221,87002
direct_vs_group_nonadjacent,Movicol,2,6,8,0.0227,0.069,-0.0463,-1.3986,2.149,group,88221,87002
direct_vs_group_nonadjacent,SSRI,2,6,8,0.0227,0.069,-0.0463,-1.3986,2.149,group,88221,87002
direct_vs_group_nonadjacent,Urin,2,6,8,0.0227,0.069,-0.0463,-1.3986,2.149,group,88221,87002
direct_vs_group_nonadjacent,Verlängerung,2,6,8,0.0227,0.069,-0.0463,-1.3986,2.149,group,88221,87002
direct_vs_group_nonadjacent,Will,2,6,8,0.0227,0.069,-0.0463,-1.3986,2.149,group,88221,87002
direct_vs_group_nonadjacent,Workshop,2,6,8,0.0227,0.069,-0.0463,-1.3986,2.149,group,88221,87002
direct_vs_group_nonadjacent,akutes,2,6,8,0.0227,0.069,-0.0463,-1.3986,2.149,group,88221,87002
direct_vs_group_nonadjacent,begrenzen,2,6,8,0.0227,0.069,-0.0463,-1.3986,2.149,group,88221,87002
direct_vs_group_nonadjacent,beigetragen,2,6,8,0.0227,0.069,-0.0463,-1.3986,2.149,group,88221,87002
direct_vs_group_nonadjacent,erschien,2,6,8,0.0227,0.069,-0.0463,-1.3986,2.149,group,88221,87002
direct_vs_group_nonadjacent,erstes,2,6,8,0.0227,0.069,-0.0463,-1.3986,2.149,group,88221,87002
direct_vs_group_nonadjacent,extern,2,6,8,0.0227,0.069,-0.0463,-1.3986,2.149,group,88221,87002
direct_vs_group_nonadjacent,extrem,2,6,8,0.0227,0.069,-0.0463,-1.3986,2.149,group,88221,87002
direct_vs_group_nonadjacent,fragl,2,6,8,0.0227,0.069,-0.0463,-1.3986,2.149,group,88221,87002
direct_vs_group_nonadjacent,gelernt,2,6,8,0.0227,0.069,-0.0463,-1.3986,2.149,group,88221,87002
direct_vs_group_nonadjacent,gesamten,2,6,8,0.0227,0.069,-0.0463,-1.3986,2.149,group,88221,87002
direct_vs_group_nonadjacent,ihnen,2,6,8,0.0227,0.069,-0.0463,-1.3986,2.149,group,88221,87002
direct_vs_group_nonadjacent,lehnt,2,6,8,0.0227,0.069,-0.0463,-1.3986,2.149,group,88221,87002
direct_vs_group_nonadjacent,meint,2,6,8,0.0227,0.069,-0.0463,-1.3986,2.149,group,88221,87002
direct_vs_group_nonadjacent,seht,2,6,8,0.0227,0.069,-0.0463,-1.3986,2.149,group,88221,87002
direct_vs_group_nonadjacent,sowohl,2,6,8,0.0227,0.069,-0.0463,-1.3986,2.149,group,88221,87002
direct_vs_group_nonadjacent,stattfindet,2,6,8,0.0227,0.069,-0.0463,-1.3986,2.149,group,88221,87002
direct_vs_group_nonadjacent,suche,2,6,8,0.0227,0.069,-0.0463,-1.3986,2.149,group,88221,87002
direct_vs_group_nonadjacent,therapeutisches,2,6,8,0.0227,0.069,-0.0463,-1.3986,2.149,group,88221,87002
direct_vs_group_nonadjacent,versorgt,2,6,8,0.0227,0.069,-0.0463,-1.3986,2.149,group,88221,87002
direct_vs_group_nonadjacent,verspätet,2,6,8,0.0227,0.069,-0.0463,-1.3986,2.149,group,88221,87002
direct_vs_group_nonadjacent,wahrnehmen,2,6,8,0.0227,0.069,-0.0463,-1.3986,2.149,group,88221,87002
direct_vs_group_nonadjacent,Überforderung,2,6,8,0.0227,0.069,-0.0463,-1.3986,2.149,group,88221,87002
direct_vs_group_nonadjacent,spät,12,20,32,0.136,0.2299,-0.0939,-0.7338,2.1342,group,88221,87002
direct_vs_group_nonadjacent,übergeben,12,20,32,0.136,0.2299,-0.0939,-0.7338,2.1342,group,88221,87002
direct_vs_group_nonadjacent,Bild,6,12,18,0.068,0.1379,-0.0699,-0.9635,2.1231,group,88221,87002
direct_vs_group_nonadjacent,Menschen,6,12,18,0.068,0.1379,-0.0699,-0.9635,2.1231,group,88221,87002
direct_vs_group_nonadjacent,U,6,12,18,0.068,0.1379,-0.0699,-0.9635,2.1231,group,88221,87002
direct_vs_group_nonadjacent,Zielkonflikt,6,12,18,0.068,0.1379,-0.0699,-0.9635,2.1231,group,88221,87002
direct_vs_group_nonadjacent,Bedarf,16,25,41,0.1814,0.2873,-0.106,-0.6481,2.119,group,88221,87002
direct_vs_group_nonadjacent,Gewichtszunahme,23,14,37,0.2607,0.1609,0.0998,0.6765,2.0879,direct,88221,87002
direct_vs_group_nonadjacent,Di,21,31,52,0.238,0.3563,-0.1183,-0.5711,2.0768,group,88221,87002
direct_vs_group_nonadjacent,SD,15,8,23,0.17,0.092,0.0781,0.8467,2.0683,direct,88221,87002
direct_vs_group_nonadjacent,deswegen,15,8,23,0.17,0.092,0.0781,0.8467,2.0683,direct,88221,87002
direct_vs_group_nonadjacent,schicken,19,11,30,0.2154,0.1264,0.0889,0.7418,2.0495,direct,88221,87002
direct_vs_group_nonadjacent,Grüße,88,69,157,0.9975,0.7931,0.2044,0.3286,2.0482,direct,88221,87002
direct_vs_group_nonadjacent,Röntgen,4,9,13,0.0453,0.1034,-0.0581,-1.0981,2.0437,group,88221,87002
direct_vs_group_nonadjacent,kommenden,4,9,13,0.0453,0.1034,-0.0581,-1.0981,2.0437,group,88221,87002
direct_vs_group_nonadjacent,perspektivisch,4,9,13,0.0453,0.1034,-0.0581,-1.0981,2.0437,group,88221,87002
direct_vs_group_nonadjacent,verloren,4,9,13,0.0453,0.1034,-0.0581,-1.0981,2.0437,group,88221,87002
direct_vs_group_nonadjacent,15Uhr,6,2,8,0.068,0.023,0.045,1.3584,2.0377,direct,88221,87002
direct_vs_group_nonadjacent,Antidepressivum,6,2,8,0.068,0.023,0.045,1.3584,2.0377,direct,88221,87002
direct_vs_group_nonadjacent,Auftrag,6,2,8,0.068,0.023,0.045,1.3584,2.0377,direct,88221,87002
direct_vs_group_nonadjacent,Bericht,6,2,8,0.068,0.023,0.045,1.3584,2.0377,direct,88221,87002
direct_vs_group_nonadjacent,Diese,6,2,8,0.068,0.023,0.045,1.3584,2.0377,direct,88221,87002
direct_vs_group_nonadjacent,Dissoziative,6,2,8,0.068,0.023,0.045,1.3584,2.0377,direct,88221,87002
direct_vs_group_nonadjacent,Doctalk,6,2,8,0.068,0.023,0.045,1.3584,2.0377,direct,88221,87002
direct_vs_group_nonadjacent,Kontakte,6,2,8,0.068,0.023,0.045,1.3584,2.0377,direct,88221,87002
direct_vs_group_nonadjacent,Mitbefundung,6,2,8,0.068,0.023,0.045,1.3584,2.0377,direct,88221,87002
direct_vs_group_nonadjacent,Rating,6,2,8,0.068,0.023,0.045,1.3584,2.0377,direct,88221,87002
direct_vs_group_nonadjacent,Regel,6,2,8,0.068,0.023,0.045,1.3584,2.0377,direct,88221,87002
direct_vs_group_nonadjacent,Rest,6,2,8,0.068,0.023,0.045,1.3584,2.0377,direct,88221,87002
direct_vs_group_nonadjacent,Rezept,6,2,8,0.068,0.023,0.045,1.3584,2.0377,direct,88221,87002
direct_vs_group_nonadjacent,Sache,6,2,8,0.068,0.023,0.045,1.3584,2.0377,direct,88221,87002
direct_vs_group_nonadjacent,Schlecht,6,2,8,0.068,0.023,0.045,1.3584,2.0377,direct,88221,87002
direct_vs_group_nonadjacent,Strukturgebung,6,2,8,0.068,0.023,0.045,1.3584,2.0377,direct,88221,87002
direct_vs_group_nonadjacent,Tut,6,2,8,0.068,0.023,0.045,1.3584,2.0377,direct,88221,87002
direct_vs_group_nonadjacent,Unzufriedenheit,6,2,8,0.068,0.023,0.045,1.3584,2.0377,direct,88221,87002
direct_vs_group_nonadjacent,Vitamin,6,2,8,0.068,0.023,0.045,1.3584,2.0377,direct,88221,87002
direct_vs_group_nonadjacent,Vmtl,6,2,8,0.068,0.023,0.045,1.3584,2.0377,direct,88221,87002
direct_vs_group_nonadjacent,anlegen,6,2,8,0.068,0.023,0.045,1.3584,2.0377,direct,88221,87002
direct_vs_group_nonadjacent,bewegt,6,2,8,0.068,0.023,0.045,1.3584,2.0377,direct,88221,87002
direct_vs_group_nonadjacent,freien,6,2,8,0.068,0.023,0.045,1.3584,2.0377,direct,88221,87002
direct_vs_group_nonadjacent,freitags,6,2,8,0.068,0.023,0.045,1.3584,2.0377,direct,88221,87002
direct_vs_group_nonadjacent,jeweiligen,6,2,8,0.068,0.023,0.045,1.3584,2.0377,direct,88221,87002
direct_vs_group_nonadjacent,kommunizieren,6,2,8,0.068,0.023,0.045,1.3584,2.0377,direct,88221,87002
direct_vs_group_nonadjacent,schicke,6,2,8,0.068,0.023,0.045,1.3584,2.0377,direct,88221,87002
direct_vs_group_nonadjacent,schreib,6,2,8,0.068,0.023,0.045,1.3584,2.0377,direct,88221,87002
direct_vs_group_nonadjacent,type,6,2,8,0.068,0.023,0.045,1.3584,2.0377,direct,88221,87002
direct_vs_group_nonadjacent,unbehandelt,6,2,8,0.068,0.023,0.045,1.3584,2.0377,direct,88221,87002
direct_vs_group_nonadjacent,verneint,6,2,8,0.068,0.023,0.045,1.3584,2.0377,direct,88221,87002
direct_vs_group_nonadjacent,verstetigen,6,2,8,0.068,0.023,0.045,1.3584,2.0377,direct,88221,87002
direct_vs_group_nonadjacent,wem,6,2,8,0.068,0.023,0.045,1.3584,2.0377,direct,88221,87002
direct_vs_group_nonadjacent,müsste,39,27,66,0.4421,0.3103,0.1317,0.5023,2.0302,direct,88221,87002
direct_vs_group_nonadjacent,sehe,45,32,77,0.5101,0.3678,0.1423,0.4654,2.0282,direct,88221,87002
direct_vs_group_nonadjacent,beide,17,26,43,0.1927,0.2988,-0.1061,-0.6187,2.025,group,88221,87002
direct_vs_group_nonadjacent,17Uhr,1,4,5,0.0113,0.046,-0.0346,-1.605,1.9694,group,88221,87002
direct_vs_group_nonadjacent,ACS,1,4,5,0.0113,0.046,-0.0346,-1.605,1.9694,group,88221,87002
direct_vs_group_nonadjacent,Achtsamkeitsübung,1,4,5,0.0113,0.046,-0.0346,-1.605,1.9694,group,88221,87002
direct_vs_group_nonadjacent,AiD,1,4,5,0.0113,0.046,-0.0346,-1.605,1.9694,group,88221,87002
direct_vs_group_nonadjacent,Anti,1,4,5,0.0113,0.046,-0.0346,-1.605,1.9694,group,88221,87002
direct_vs_group_nonadjacent,Antisuizidpakt,1,4,5,0.0113,0.046,-0.0346,-1.605,1.9694,group,88221,87002
direct_vs_group_nonadjacent,Arbeitgeber,1,4,5,0.0113,0.046,-0.0346,-1.605,1.9694,group,88221,87002
direct_vs_group_nonadjacent,Betätigung,1,4,5,0.0113,0.046,-0.0346,-1.605,1.9694,group,88221,87002
direct_vs_group_nonadjacent,Biografie,1,4,5,0.0113,0.046,-0.0346,-1.605,1.9694,group,88221,87002
direct_vs_group_nonadjacent,Caspofungin,1,4,5,0.0113,0.046,-0.0346,-1.605,1.9694,group,88221,87002
direct_vs_group_nonadjacent,Dabei,1,4,5,0.0113,0.046,-0.0346,-1.605,1.9694,group,88221,87002
direct_vs_group_nonadjacent,EZ,1,4,5,0.0113,0.046,-0.0346,-1.605,1.9694,group,88221,87002
direct_vs_group_nonadjacent,Einzelgespräche,1,4,5,0.0113,0.046,-0.0346,-1.605,1.9694,group,88221,87002
direct_vs_group_nonadjacent,Einzelsitzungen,1,4,5,0.0113,0.046,-0.0346,-1.605,1.9694,group,88221,87002
direct_vs_group_nonadjacent,Elemente,1,4,5,0.0113,0.046,-0.0346,-1.605,1.9694,group,88221,87002
direct_vs_group_nonadjacent,Entfieberung,1,4,5,0.0113,0.046,-0.0346,-1.605,1.9694,group,88221,87002
direct_vs_group_nonadjacent,Erlebnisse,1,4,5,0.0113,0.046,-0.0346,-1.605,1.9694,group,88221,87002
direct_vs_group_nonadjacent,Gesprächsbedarf,1,4,5,0.0113,0.046,-0.0346,-1.605,1.9694,group,88221,87002
direct_vs_group_nonadjacent,Gruppendynamik,1,4,5,0.0113,0.046,-0.0346,-1.605,1.9694,group,88221,87002
direct_vs_group_nonadjacent,Gruppenregeln,1,4,5,0.0113,0.046,-0.0346,-1.605,1.9694,group,88221,87002
direct_vs_group_nonadjacent,Herzrasen,1,4,5,0.0113,0.046,-0.0346,-1.605,1.9694,group,88221,87002
direct_vs_group_nonadjacent,Hygiene,1,4,5,0.0113,0.046,-0.0346,-1.605,1.9694,group,88221,87002
direct_vs_group_nonadjacent,Händen,1,4,5,0.0113,0.046,-0.0346,-1.605,1.9694,group,88221,87002
direct_vs_group_nonadjacent,Infekt,1,4,5,0.0113,0.046,-0.0346,-1.605,1.9694,group,88221,87002
direct_vs_group_nonadjacent,Insbesondere,1,4,5,0.0113,0.046,-0.0346,-1.605,1.9694,group,88221,87002
direct_vs_group_nonadjacent,Januar,1,4,5,0.0113,0.046,-0.0346,-1.605,1.9694,group,88221,87002
direct_vs_group_nonadjacent,LWS,1,4,5,0.0113,0.046,-0.0346,-1.605,1.9694,group,88221,87002
direct_vs_group_nonadjacent,Mittwochs,1,4,5,0.0113,0.046,-0.0346,-1.605,1.9694,group,88221,87002
direct_vs_group_nonadjacent,Motivation,1,4,5,0.0113,0.046,-0.0346,-1.605,1.9694,group,88221,87002
direct_vs_group_nonadjacent,Nachmittags,1,4,5,0.0113,0.046,-0.0346,-1.605,1.9694,group,88221,87002
direct_vs_group_nonadjacent,Neuropathie,1,4,5,0.0113,0.046,-0.0346,-1.605,1.9694,group,88221,87002
direct_vs_group_nonadjacent,Nimmt,1,4,5,0.0113,0.046,-0.0346,-1.605,1.9694,group,88221,87002
direct_vs_group_nonadjacent,Nächste,1,4,5,0.0113,0.046,-0.0346,-1.605,1.9694,group,88221,87002
direct_vs_group_nonadjacent,Probe,1,4,5,0.0113,0.046,-0.0346,-1.605,1.9694,group,88221,87002
direct_vs_group_nonadjacent,Projekt_Nutzertreffen,1,4,5,0.0113,0.046,-0.0346,-1.605,1.9694,group,88221,87002
direct_vs_group_nonadjacent,Rückenschmerzen,1,4,5,0.0113,0.046,-0.0346,-1.605,1.9694,group,88221,87002
direct_vs_group_nonadjacent,Schema,1,4,5,0.0113,0.046,-0.0346,-1.605,1.9694,group,88221,87002
direct_vs_group_nonadjacent,Schwesternzimmer,1,4,5,0.0113,0.046,-0.0346,-1.605,1.9694,group,88221,87002
direct_vs_group_nonadjacent,Sicherheit,1,4,5,0.0113,0.046,-0.0346,-1.605,1.9694,group,88221,87002
direct_vs_group_nonadjacent,Sprachbarriere,1,4,5,0.0113,0.046,-0.0346,-1.605,1.9694,group,88221,87002
direct_vs_group_nonadjacent,Telefonat,1,4,5,0.0113,0.046,-0.0346,-1.605,1.9694,group,88221,87002
direct_vs_group_nonadjacent,Therapiepause,1,4,5,0.0113,0.046,-0.0346,-1.605,1.9694,group,88221,87002
direct_vs_group_nonadjacent,Tisch,1,4,5,0.0113,0.046,-0.0346,-1.605,1.9694,group,88221,87002
direct_vs_group_nonadjacent,Umzug,1,4,5,0.0113,0.046,-0.0346,-1.605,1.9694,group,88221,87002
direct_vs_group_nonadjacent,Vergleich,1,4,5,0.0113,0.046,-0.0346,-1.605,1.9694,group,88221,87002
direct_vs_group_nonadjacent,Visiten,1,4,5,0.0113,0.046,-0.0346,-1.605,1.9694,group,88221,87002
direct_vs_group_nonadjacent,Visitendienst,1,4,5,0.0113,0.046,-0.0346,-1.605,1.9694,group,88221,87002
direct_vs_group_nonadjacent,Vorfeld,1,4,5,0.0113,0.046,-0.0346,-1.605,1.9694,group,88221,87002
direct_vs_group_nonadjacent,Wand,1,4,5,0.0113,0.046,-0.0346,-1.605,1.9694,group,88221,87002
direct_vs_group_nonadjacent,Wirkt,1,4,5,0.0113,0.046,-0.0346,-1.605,1.9694,group,88221,87002
direct_vs_group_nonadjacent,Wohnung,1,4,5,0.0113,0.046,-0.0346,-1.605,1.9694,group,88221,87002
direct_vs_group_nonadjacent,abgrenzen,1,4,5,0.0113,0.046,-0.0346,-1.605,1.9694,group,88221,87002
direct_vs_group_nonadjacent,alte,1,4,5,0.0113,0.046,-0.0346,-1.605,1.9694,group,88221,87002
direct_vs_group_nonadjacent,aufgeklärt,1,4,5,0.0113,0.046,-0.0346,-1.605,1.9694,group,88221,87002
direct_vs_group_nonadjacent,ausgewertet,1,4,5,0.0113,0.046,-0.0346,-1.605,1.9694,group,88221,87002
direct_vs_group_nonadjacent,beruhigt,1,4,5,0.0113,0.046,-0.0346,-1.605,1.9694,group,88221,87002
direct_vs_group_nonadjacent,bewusst,1,4,5,0.0113,0.046,-0.0346,-1.605,1.9694,group,88221,87002
direct_vs_group_nonadjacent,dringenden,1,4,5,0.0113,0.046,-0.0346,-1.605,1.9694,group,88221,87002
direct_vs_group_nonadjacent,einstehen,1,4,5,0.0113,0.046,-0.0346,-1.605,1.9694,group,88221,87002
direct_vs_group_nonadjacent,entstehen,1,4,5,0.0113,0.046,-0.0346,-1.605,1.9694,group,88221,87002
direct_vs_group_nonadjacent,falsche,1,4,5,0.0113,0.046,-0.0346,-1.605,1.9694,group,88221,87002
direct_vs_group_nonadjacent,fanden,1,4,5,0.0113,0.046,-0.0346,-1.605,1.9694,group,88221,87002
direct_vs_group_nonadjacent,führt,1,4,5,0.0113,0.046,-0.0346,-1.605,1.9694,group,88221,87002
direct_vs_group_nonadjacent,gedrückt,1,4,5,0.0113,0.046,-0.0346,-1.605,1.9694,group,88221,87002
direct_vs_group_nonadjacent,geimpft,1,4,5,0.0113,0.046,-0.0346,-1.605,1.9694,group,88221,87002
direct_vs_group_nonadjacent,geplanten,1,4,5,0.0113,0.046,-0.0346,-1.605,1.9694,group,88221,87002
direct_vs_group_nonadjacent,geringe,1,4,5,0.0113,0.046,-0.0346,-1.605,1.9694,group,88221,87002
direct_vs_group_nonadjacent,hinter,1,4,5,0.0113,0.046,-0.0346,-1.605,1.9694,group,88221,87002
direct_vs_group_nonadjacent,idem,1,4,5,0.0113,0.046,-0.0346,-1.605,1.9694,group,88221,87002
direct_vs_group_nonadjacent,involviert,1,4,5,0.0113,0.046,-0.0346,-1.605,1.9694,group,88221,87002
direct_vs_group_nonadjacent,jeder,1,4,5,0.0113,0.046,-0.0346,-1.605,1.9694,group,88221,87002
direct_vs_group_nonadjacent,konfrontiert,1,4,5,0.0113,0.046,-0.0346,-1.605,1.9694,group,88221,87002
direct_vs_group_nonadjacent,liege,1,4,5,0.0113,0.046,-0.0346,-1.605,1.9694,group,88221,87002
direct_vs_group_nonadjacent,möchten,1,4,5,0.0113,0.046,-0.0346,-1.605,1.9694,group,88221,87002
direct_vs_group_nonadjacent,offener,1,4,5,0.0113,0.046,-0.0346,-1.605,1.9694,group,88221,87002
direct_vs_group_nonadjacent,primär,1,4,5,0.0113,0.046,-0.0346,-1.605,1.9694,group,88221,87002
direct_vs_group_nonadjacent,profitiere,1,4,5,0.0113,0.046,-0.0346,-1.605,1.9694,group,88221,87002
direct_vs_group_nonadjacent,schmerzgeplagt,1,4,5,0.0113,0.046,-0.0346,-1.605,1.9694,group,88221,87002
direct_vs_group_nonadjacent,sinnvoller,1,4,5,0.0113,0.046,-0.0346,-1.605,1.9694,group,88221,87002
direct_vs_group_nonadjacent,somatisches,1,4,5,0.0113,0.046,-0.0346,-1.605,1.9694,group,88221,87002
direct_vs_group_nonadjacent,soziale,1,4,5,0.0113,0.046,-0.0346,-1.605,1.9694,group,88221,87002
direct_vs_group_nonadjacent,sprachlich,1,4,5,0.0113,0.046,-0.0346,-1.605,1.9694,group,88221,87002
direct_vs_group_nonadjacent,unauffälliges,1,4,5,0.0113,0.046,-0.0346,-1.605,1.9694,group,88221,87002
direct_vs_group_nonadjacent,verbleiben,1,4,5,0.0113,0.046,-0.0346,-1.605,1.9694,group,88221,87002
direct_vs_group_nonadjacent,vernachlässigt,1,4,5,0.0113,0.046,-0.0346,-1.605,1.9694,group,88221,87002
direct_vs_group_nonadjacent,vorgeschrieben,1,4,5,0.0113,0.046,-0.0346,-1.605,1.9694,group,88221,87002
direct_vs_group_nonadjacent,vormittags,1,4,5,0.0113,0.046,-0.0346,-1.605,1.9694,group,88221,87002
direct_vs_group_nonadjacent,weiterem,1,4,5,0.0113,0.046,-0.0346,-1.605,1.9694,group,88221,87002
direct_vs_group_nonadjacent,zugreifen,1,4,5,0.0113,0.046,-0.0346,-1.605,1.9694,group,88221,87002
direct_vs_group_nonadjacent,zuständige,1,4,5,0.0113,0.046,-0.0346,-1.605,1.9694,group,88221,87002
direct_vs_group_nonadjacent,zwecks,1,4,5,0.0113,0.046,-0.0346,-1.605,1.9694,group,88221,87002
direct_vs_group_nonadjacent,zwischenzeitlich,1,4,5,0.0113,0.046,-0.0346,-1.605,1.9694,group,88221,87002
direct_vs_group_nonadjacent,Ängsten,1,4,5,0.0113,0.046,-0.0346,-1.605,1.9694,group,88221,87002
direct_vs_group_nonadjacent,Ödeme,1,4,5,0.0113,0.046,-0.0346,-1.605,1.9694,group,88221,87002
direct_vs_group_nonadjacent,ähnlichen,1,4,5,0.0113,0.046,-0.0346,-1.605,1.9694,group,88221,87002
direct_vs_group_nonadjacent,ängstlich,1,4,5,0.0113,0.046,-0.0346,-1.605,1.9694,group,88221,87002
direct_vs_group_nonadjacent,gekommen,29,19,48,0.3287,0.2184,0.1103,0.5772,1.9619,direct,88221,87002
direct_vs_group_nonadjacent,Mittag,12,6,18,0.136,0.069,0.0671,0.9233,1.9562,direct,88221,87002
direct_vs_group_nonadjacent,angekommen,12,6,18,0.136,0.069,0.0671,0.9233,1.9562,direct,88221,87002
direct_vs_group_nonadjacent,bitten,12,6,18,0.136,0.069,0.0671,0.9233,1.9562,direct,88221,87002
direct_vs_group_nonadjacent,Behandlung,23,33,56,0.2607,0.3793,-0.1186,-0.5316,1.9372,group,88221,87002
direct_vs_group_nonadjacent,nun,23,33,56,0.2607,0.3793,-0.1186,-0.5316,1.9372,group,88221,87002
direct_vs_group_nonadjacent,Abklärung,10,17,27,0.1134,0.1954,-0.082,-0.757,1.9344,group,88221,87002
direct_vs_group_nonadjacent,Nach,10,17,27,0.1134,0.1954,-0.082,-0.757,1.9344,group,88221,87002
direct_vs_group_nonadjacent,worden,10,17,27,0.1134,0.1954,-0.082,-0.757,1.9344,group,88221,87002
direct_vs_group_nonadjacent,Vertretung,7,13,20,0.0793,0.1494,-0.0701,-0.8681,1.9125,group,88221,87002
direct_vs_group_nonadjacent,dankbar,7,13,20,0.0793,0.1494,-0.0701,-0.8681,1.9125,group,88221,87002
direct_vs_group_nonadjacent,Blick,9,4,13,0.102,0.046,0.056,1.0579,1.9046,direct,88221,87002
direct_vs_group_nonadjacent,Planung,9,4,13,0.102,0.046,0.056,1.0579,1.9046,direct,88221,87002
direct_vs_group_nonadjacent,Status,9,4,13,0.102,0.046,0.056,1.0579,1.9046,direct,88221,87002
direct_vs_group_nonadjacent,abwarten,9,4,13,0.102,0.046,0.056,1.0579,1.9046,direct,88221,87002
direct_vs_group_nonadjacent,fände,9,4,13,0.102,0.046,0.056,1.0579,1.9046,direct,88221,87002
direct_vs_group_nonadjacent,hilft,9,4,13,0.102,0.046,0.056,1.0579,1.9046,direct,88221,87002
direct_vs_group_nonadjacent,körperliche,9,4,13,0.102,0.046,0.056,1.0579,1.9046,direct,88221,87002
direct_vs_group_nonadjacent,relaxed,9,4,13,0.102,0.046,0.056,1.0579,1.9046,direct,88221,87002
direct_vs_group_nonadjacent,stationäre,9,4,13,0.102,0.046,0.056,1.0579,1.9046,direct,88221,87002
direct_vs_group_nonadjacent,Jahr,51,65,116,0.5781,0.7471,-0.169,-0.367,1.8942,group,88221,87002
direct_vs_group_nonadjacent,bereits,36,48,84,0.4081,0.5517,-0.1436,-0.4302,1.8912,group,88221,87002
direct_vs_group_nonadjacent,frage,16,9,25,0.1814,0.1034,0.0779,0.7764,1.8903,direct,88221,87002
direct_vs_group_nonadjacent,wg,16,9,25,0.1814,0.1034,0.0779,0.7764,1.8903,direct,88221,87002
direct_vs_group_nonadjacent,500g,4,1,5,0.0453,0.0115,0.0338,1.5649,1.8859,direct,88221,87002
direct_vs_group_nonadjacent,Anfrage,4,1,5,0.0453,0.0115,0.0338,1.5649,1.8859,direct,88221,87002
direct_vs_group_nonadjacent,Aufenthaltes,4,1,5,0.0453,0.0115,0.0338,1.5649,1.8859,direct,88221,87002
direct_vs_group_nonadjacent,Essenbestellung,4,1,5,0.0453,0.0115,0.0338,1.5649,1.8859,direct,88221,87002
direct_vs_group_nonadjacent,Fremdsprache,4,1,5,0.0453,0.0115,0.0338,1.5649,1.8859,direct,88221,87002
direct_vs_group_nonadjacent,Konsequenzen,4,1,5,0.0453,0.0115,0.0338,1.5649,1.8859,direct,88221,87002
direct_vs_group_nonadjacent,Missempfindungen,4,1,5,0.0453,0.0115,0.0338,1.5649,1.8859,direct,88221,87002
direct_vs_group_nonadjacent,NSTEMI,4,1,5,0.0453,0.0115,0.0338,1.5649,1.8859,direct,88221,87002
direct_vs_group_nonadjacent,Nachfragen,4,1,5,0.0453,0.0115,0.0338,1.5649,1.8859,direct,88221,87002
direct_vs_group_nonadjacent,Nitro,4,1,5,0.0453,0.0115,0.0338,1.5649,1.8859,direct,88221,87002
direct_vs_group_nonadjacent,OK,4,1,5,0.0453,0.0115,0.0338,1.5649,1.8859,direct,88221,87002
direct_vs_group_nonadjacent,OPD,4,1,5,0.0453,0.0115,0.0338,1.5649,1.8859,direct,88221,87002
direct_vs_group_nonadjacent,PNP,4,1,5,0.0453,0.0115,0.0338,1.5649,1.8859,direct,88221,87002
direct_vs_group_nonadjacent,Probatorik_Patient,4,1,5,0.0453,0.0115,0.0338,1.5649,1.8859,direct,88221,87002
direct_vs_group_nonadjacent,Schnelltests,4,1,5,0.0453,0.0115,0.0338,1.5649,1.8859,direct,88221,87002
direct_vs_group_nonadjacent,Sitzungen,4,1,5,0.0453,0.0115,0.0338,1.5649,1.8859,direct,88221,87002
direct_vs_group_nonadjacent,Stabilisierung,4,1,5,0.0453,0.0115,0.0338,1.5649,1.8859,direct,88221,87002
direct_vs_group_nonadjacent,Stressecho,4,1,5,0.0453,0.0115,0.0338,1.5649,1.8859,direct,88221,87002
direct_vs_group_nonadjacent,Systolikum,4,1,5,0.0453,0.0115,0.0338,1.5649,1.8859,direct,88221,87002
direct_vs_group_nonadjacent,T3,4,1,5,0.0453,0.0115,0.0338,1.5649,1.8859,direct,88221,87002
direct_vs_group_nonadjacent,Testosteronbestimmung,4,1,5,0.0453,0.0115,0.0338,1.5649,1.8859,direct,88221,87002
direct_vs_group_nonadjacent,Testung,4,1,5,0.0453,0.0115,0.0338,1.5649,1.8859,direct,88221,87002
direct_vs_group_nonadjacent,Unterricht,4,1,5,0.0453,0.0115,0.0338,1.5649,1.8859,direct,88221,87002
direct_vs_group_nonadjacent,Weiß,4,1,5,0.0453,0.0115,0.0338,1.5649,1.8859,direct,88221,87002
direct_vs_group_nonadjacent,Zeitplan,4,1,5,0.0453,0.0115,0.0338,1.5649,1.8859,direct,88221,87002
direct_vs_group_nonadjacent,alt,4,1,5,0.0453,0.0115,0.0338,1.5649,1.8859,direct,88221,87002
direct_vs_group_nonadjacent,angehörigengespräch,4,1,5,0.0453,0.0115,0.0338,1.5649,1.8859,direct,88221,87002
direct_vs_group_nonadjacent,auskultatorisch,4,1,5,0.0453,0.0115,0.0338,1.5649,1.8859,direct,88221,87002
direct_vs_group_nonadjacent,behalten,4,1,5,0.0453,0.0115,0.0338,1.5649,1.8859,direct,88221,87002
direct_vs_group_nonadjacent,besprichst,4,1,5,0.0453,0.0115,0.0338,1.5649,1.8859,direct,88221,87002
direct_vs_group_nonadjacent,betreue,4,1,5,0.0453,0.0115,0.0338,1.5649,1.8859,direct,88221,87002
direct_vs_group_nonadjacent,eingeteilt,4,1,5,0.0453,0.0115,0.0338,1.5649,1.8859,direct,88221,87002
direct_vs_group_nonadjacent,fester,4,1,5,0.0453,0.0115,0.0338,1.5649,1.8859,direct,88221,87002
direct_vs_group_nonadjacent,gefreut,4,1,5,0.0453,0.0115,0.0338,1.5649,1.8859,direct,88221,87002
direct_vs_group_nonadjacent,geschildert,4,1,5,0.0453,0.0115,0.0338,1.5649,1.8859,direct,88221,87002
direct_vs_group_nonadjacent,gewicht,4,1,5,0.0453,0.0115,0.0338,1.5649,1.8859,direct,88221,87002
direct_vs_group_nonadjacent,innocent,4,1,5,0.0453,0.0115,0.0338,1.5649,1.8859,direct,88221,87002
direct_vs_group_nonadjacent,jedes,4,1,5,0.0453,0.0115,0.0338,1.5649,1.8859,direct,88221,87002
direct_vs_group_nonadjacent,konkret,4,1,5,0.0453,0.0115,0.0338,1.5649,1.8859,direct,88221,87002
direct_vs_group_nonadjacent,med,4,1,5,0.0453,0.0115,0.0338,1.5649,1.8859,direct,88221,87002
direct_vs_group_nonadjacent,niedrignormal,4,1,5,0.0453,0.0115,0.0338,1.5649,1.8859,direct,88221,87002
direct_vs_group_nonadjacent,pünktlich,4,1,5,0.0453,0.0115,0.0338,1.5649,1.8859,direct,88221,87002
direct_vs_group_nonadjacent,reinschauen,4,1,5,0.0453,0.0115,0.0338,1.5649,1.8859,direct,88221,87002
direct_vs_group_nonadjacent,run,4,1,5,0.0453,0.0115,0.0338,1.5649,1.8859,direct,88221,87002
direct_vs_group_nonadjacent,sex,4,1,5,0.0453,0.0115,0.0338,1.5649,1.8859,direct,88221,87002
direct_vs_group_nonadjacent,sprichst,4,1,5,0.0453,0.0115,0.0338,1.5649,1.8859,direct,88221,87002
direct_vs_group_nonadjacent,status,4,1,5,0.0453,0.0115,0.0338,1.5649,1.8859,direct,88221,87002
direct_vs_group_nonadjacent,streng,4,1,5,0.0453,0.0115,0.0338,1.5649,1.8859,direct,88221,87002
direct_vs_group_nonadjacent,update,4,1,5,0.0453,0.0115,0.0338,1.5649,1.8859,direct,88221,87002
direct_vs_group_nonadjacent,vermitteln,4,1,5,0.0453,0.0115,0.0338,1.5649,1.8859,direct,88221,87002
direct_vs_group_nonadjacent,versichert,4,1,5,0.0453,0.0115,0.0338,1.5649,1.8859,direct,88221,87002
direct_vs_group_nonadjacent,vorab,4,1,5,0.0453,0.0115,0.0338,1.5649,1.8859,direct,88221,87002
direct_vs_group_nonadjacent,vorbesprochen,4,1,5,0.0453,0.0115,0.0338,1.5649,1.8859,direct,88221,87002
direct_vs_group_nonadjacent,wochenende,4,1,5,0.0453,0.0115,0.0338,1.5649,1.8859,direct,88221,87002
direct_vs_group_nonadjacent,zimmer,4,1,5,0.0453,0.0115,0.0338,1.5649,1.8859,direct,88221,87002
direct_vs_group_nonadjacent,um,265,231,496,3.0038,2.6551,0.3487,0.1776,1.8834,direct,88221,87002
direct_vs_group_nonadjacent,paar,30,20,50,0.3401,0.2299,0.1102,0.5531,1.8768,direct,88221,87002
direct_vs_group_nonadjacent,evaluieren,36,25,61,0.4081,0.2873,0.1207,0.4973,1.8444,direct,88221,87002
direct_vs_group_nonadjacent,Habe,63,48,111,0.7141,0.5517,0.1624,0.3687,1.8299,direct,88221,87002
direct_vs_group_nonadjacent,einem,63,48,111,0.7141,0.5517,0.1624,0.3687,1.8299,direct,88221,87002
direct_vs_group_nonadjacent,Kontakt,31,42,73,0.3514,0.4827,-0.1314,-0.4522,1.8205,group,88221,87002
direct_vs_group_nonadjacent,fühlt,11,18,29,0.1247,0.2069,-0.0822,-0.706,1.8053,group,88221,87002
direct_vs_group_nonadjacent,hätten,11,18,29,0.1247,0.2069,-0.0822,-0.706,1.8053,group,88221,87002
direct_vs_group_nonadjacent,natürlich,26,17,43,0.2947,0.1954,0.0993,0.5786,1.7746,direct,88221,87002
direct_vs_group_nonadjacent,Hilfe,5,10,15,0.0567,0.1149,-0.0583,-0.953,1.7693,group,88221,87002
direct_vs_group_nonadjacent,Person,5,10,15,0.0567,0.1149,-0.0583,-0.953,1.7693,group,88221,87002
direct_vs_group_nonadjacent,Ruhe,5,10,15,0.0567,0.1149,-0.0583,-0.953,1.7693,group,88221,87002
direct_vs_group_nonadjacent,Schwindel,5,10,15,0.0567,0.1149,-0.0583,-0.953,1.7693,group,88221,87002
direct_vs_group_nonadjacent,Teilnahme,5,10,15,0.0567,0.1149,-0.0583,-0.953,1.7693,group,88221,87002
direct_vs_group_nonadjacent,helfen,5,10,15,0.0567,0.1149,-0.0583,-0.953,1.7693,group,88221,87002
direct_vs_group_nonadjacent,Pt,13,7,20,0.1474,0.0805,0.0669,0.8279,1.7455,direct,88221,87002
direct_vs_group_nonadjacent,Stationsruhe,13,7,20,0.1474,0.0805,0.0669,0.8279,1.7455,direct,88221,87002
direct_vs_group_nonadjacent,schreibe,13,7,20,0.1474,0.0805,0.0669,0.8279,1.7455,direct,88221,87002
direct_vs_group_nonadjacent,ihres,8,14,22,0.0907,0.1609,-0.0702,-0.7906,1.7418,group,88221,87002
direct_vs_group_nonadjacent,stattfinden,8,14,22,0.0907,0.1609,-0.0702,-0.7906,1.7418,group,88221,87002
direct_vs_group_nonadjacent,stehen,8,14,22,0.0907,0.1609,-0.0702,-0.7906,1.7418,group,88221,87002
direct_vs_group_nonadjacent,unserer,8,14,22,0.0907,0.1609,-0.0702,-0.7906,1.7418,group,88221,87002
direct_vs_group_nonadjacent,Therapie,27,37,64,0.306,0.4253,-0.1192,-0.4675,1.7112,group,88221,87002
direct_vs_group_nonadjacent,14Uhr,3,7,10,0.034,0.0805,-0.0465,-1.1196,1.7018,group,88221,87002
direct_vs_group_nonadjacent,Antwort,3,7,10,0.034,0.0805,-0.0465,-1.1196,1.7018,group,88221,87002
direct_vs_group_nonadjacent,Aufenthalts,3,7,10,0.034,0.0805,-0.0465,-1.1196,1.7018,group,88221,87002
direct_vs_group_nonadjacent,Beispiel,3,7,10,0.034,0.0805,-0.0465,-1.1196,1.7018,group,88221,87002
direct_vs_group_nonadjacent,Persönlichkeitsstörung,3,7,10,0.034,0.0805,-0.0465,-1.1196,1.7018,group,88221,87002
direct_vs_group_nonadjacent,R,3,7,10,0.034,0.0805,-0.0465,-1.1196,1.7018,group,88221,87002
direct_vs_group_nonadjacent,Sartan,3,7,10,0.034,0.0805,-0.0465,-1.1196,1.7018,group,88221,87002
direct_vs_group_nonadjacent,Sprechen,3,7,10,0.034,0.0805,-0.0465,-1.1196,1.7018,group,88221,87002
direct_vs_group_nonadjacent,Zimmerwechsel,3,7,10,0.034,0.0805,-0.0465,-1.1196,1.7018,group,88221,87002
direct_vs_group_nonadjacent,Zwischenmahlzeit,3,7,10,0.034,0.0805,-0.0465,-1.1196,1.7018,group,88221,87002
direct_vs_group_nonadjacent,bezugstherapeutisch,3,7,10,0.034,0.0805,-0.0465,-1.1196,1.7018,group,88221,87002
direct_vs_group_nonadjacent,cMRT,3,7,10,0.034,0.0805,-0.0465,-1.1196,1.7018,group,88221,87002
direct_vs_group_nonadjacent,erster,3,7,10,0.034,0.0805,-0.0465,-1.1196,1.7018,group,88221,87002
direct_vs_group_nonadjacent,insgesamt,12,19,31,0.136,0.2184,-0.0824,-0.6616,1.6933,group,88221,87002
direct_vs_group_nonadjacent,gehe,27,18,45,0.306,0.2069,0.0992,0.5518,1.6891,direct,88221,87002
direct_vs_group_nonadjacent,sieht,22,14,36,0.2494,0.1609,0.0885,0.6138,1.6831,direct,88221,87002
direct_vs_group_nonadjacent,versuchen,22,14,36,0.2494,0.1609,0.0885,0.6138,1.6831,direct,88221,87002
direct_vs_group_nonadjacent,durch,81,97,178,0.9181,1.1149,-0.1968,-0.2787,1.6714,group,88221,87002
direct_vs_group_nonadjacent,zur,154,175,329,1.7456,2.0114,-0.2658,-0.2039,1.6495,group,88221,87002
direct_vs_group_nonadjacent,allem,17,25,42,0.1927,0.2873,-0.0947,-0.5632,1.6465,group,88221,87002
direct_vs_group_nonadjacent,gestern,86,69,155,0.9748,0.7931,0.1817,0.2956,1.6392,direct,88221,87002
direct_vs_group_nonadjacent,09,10,5,15,0.1134,0.0575,0.0559,0.9128,1.6301,direct,88221,87002
direct_vs_group_nonadjacent,Ernährung,10,5,15,0.1134,0.0575,0.0559,0.9128,1.6301,direct,88221,87002
direct_vs_group_nonadjacent,davor,10,5,15,0.1134,0.0575,0.0559,0.9128,1.6301,direct,88221,87002
direct_vs_group_nonadjacent,her,10,5,15,0.1134,0.0575,0.0559,0.9128,1.6301,direct,88221,87002
direct_vs_group_nonadjacent,voll,10,5,15,0.1134,0.0575,0.0559,0.9128,1.6301,direct,88221,87002
direct_vs_group_nonadjacent,dort,36,47,83,0.4081,0.5402,-0.1322,-0.4001,1.6192,group,88221,87002
direct_vs_group_nonadjacent,Er,44,56,100,0.4987,0.6437,-0.1449,-0.3645,1.6153,group,88221,87002
direct_vs_group_nonadjacent,4,40,29,69,0.4534,0.3333,0.1201,0.4371,1.6114,direct,88221,87002
direct_vs_group_nonadjacent,guten,18,11,29,0.204,0.1264,0.0776,0.6658,1.6105,direct,88221,87002
direct_vs_group_nonadjacent,allerdings,34,24,58,0.3854,0.2759,0.1095,0.4737,1.5965,direct,88221,87002
direct_vs_group_nonadjacent,5mg,13,20,33,0.1474,0.2299,-0.0825,-0.6227,1.5952,group,88221,87002
direct_vs_group_nonadjacent,OP,13,20,33,0.1474,0.2299,-0.0825,-0.6227,1.5952,group,88221,87002
direct_vs_group_nonadjacent,frei,13,20,33,0.1474,0.2299,-0.0825,-0.6227,1.5952,group,88221,87002
direct_vs_group_nonadjacent,AID,7,3,10,0.0793,0.0345,0.0449,1.0795,1.5905,direct,88221,87002
direct_vs_group_nonadjacent,Bulimie,7,3,10,0.0793,0.0345,0.0449,1.0795,1.5905,direct,88221,87002
direct_vs_group_nonadjacent,Informationen,7,3,10,0.0793,0.0345,0.0449,1.0795,1.5905,direct,88221,87002
direct_vs_group_nonadjacent,Kolo,7,3,10,0.0793,0.0345,0.0449,1.0795,1.5905,direct,88221,87002
direct_vs_group_nonadjacent,Mir,7,3,10,0.0793,0.0345,0.0449,1.0795,1.5905,direct,88221,87002
direct_vs_group_nonadjacent,Passt,7,3,10,0.0793,0.0345,0.0449,1.0795,1.5905,direct,88221,87002
direct_vs_group_nonadjacent,Schlaganfall,7,3,10,0.0793,0.0345,0.0449,1.0795,1.5905,direct,88221,87002
direct_vs_group_nonadjacent,Tochter,7,3,10,0.0793,0.0345,0.0449,1.0795,1.5905,direct,88221,87002
direct_vs_group_nonadjacent,Va,7,3,10,0.0793,0.0345,0.0449,1.0795,1.5905,direct,88221,87002
direct_vs_group_nonadjacent,eingegeben,7,3,10,0.0793,0.0345,0.0449,1.0795,1.5905,direct,88221,87002
direct_vs_group_nonadjacent,gemeinsamen,7,3,10,0.0793,0.0345,0.0449,1.0795,1.5905,direct,88221,87002
direct_vs_group_nonadjacent,kümmere,7,3,10,0.0793,0.0345,0.0449,1.0795,1.5905,direct,88221,87002
direct_vs_group_nonadjacent,persönlich,7,3,10,0.0793,0.0345,0.0449,1.0795,1.5905,direct,88221,87002
direct_vs_group_nonadjacent,schwergradig,7,3,10,0.0793,0.0345,0.0449,1.0795,1.5905,direct,88221,87002
direct_vs_group_nonadjacent,versuch,7,3,10,0.0793,0.0345,0.0449,1.0795,1.5905,direct,88221,87002
direct_vs_group_nonadjacent,visite,7,3,10,0.0793,0.0345,0.0449,1.0795,1.5905,direct,88221,87002
direct_vs_group_nonadjacent,wink,7,3,10,0.0793,0.0345,0.0449,1.0795,1.5905,direct,88221,87002
direct_vs_group_nonadjacent,übernächste,7,3,10,0.0793,0.0345,0.0449,1.0795,1.5905,direct,88221,87002
direct_vs_group_nonadjacent,Anamnese,23,15,38,0.2607,0.1724,0.0883,0.5803,1.5874,direct,88221,87002
direct_vs_group_nonadjacent,wissen,23,15,38,0.2607,0.1724,0.0883,0.5803,1.5874,direct,88221,87002
direct_vs_group_nonadjacent,Essstörung,18,26,44,0.204,0.2988,-0.0948,-0.5385,1.5761,group,88221,87002
direct_vs_group_nonadjacent,abgesprochen,18,26,44,0.204,0.2988,-0.0948,-0.5385,1.5761,group,88221,87002
direct_vs_group_nonadjacent,Ende,30,40,70,0.3401,0.4598,-0.1197,-0.4292,1.576,group,88221,87002
direct_vs_group_nonadjacent,anbieten,14,8,22,0.1587,0.092,0.0667,0.7504,1.5749,direct,88221,87002
direct_vs_group_nonadjacent,oben,14,8,22,0.1587,0.092,0.0667,0.7504,1.5749,direct,88221,87002
direct_vs_group_nonadjacent,Anbindung,6,11,17,0.068,0.1264,-0.0584,-0.8432,1.563,group,88221,87002
direct_vs_group_nonadjacent,Gute,6,11,17,0.068,0.1264,-0.0584,-0.8432,1.563,group,88221,87002
direct_vs_group_nonadjacent,Sorgen,6,11,17,0.068,0.1264,-0.0584,-0.8432,1.563,group,88221,87002
direct_vs_group_nonadjacent,durchführen,6,11,17,0.068,0.1264,-0.0584,-0.8432,1.563,group,88221,87002
direct_vs_group_nonadjacent,unauffällig,6,11,17,0.068,0.1264,-0.0584,-0.8432,1.563,group,88221,87002
direct_vs_group_nonadjacent,Termine,29,20,49,0.3287,0.2299,0.0988,0.505,1.5396,direct,88221,87002
direct_vs_group_nonadjacent,Essen,31,41,72,0.3514,0.4713,-0.1199,-0.4178,1.536,group,88221,87002
direct_vs_group_nonadjacent,zurück,19,27,46,0.2154,0.3103,-0.095,-0.516,1.5119,group,88221,87002
direct_vs_group_nonadjacent,Arbeit,14,21,35,0.1587,0.2414,-0.0827,-0.5884,1.5086,group,88221,87002
direct_vs_group_nonadjacent,Arztbrief,19,12,31,0.2154,0.1379,0.0774,0.6215,1.4985,direct,88221,87002
direct_vs_group_nonadjacent,drauf,10,16,26,0.1134,0.1839,-0.0706,-0.6722,1.4819,group,88221,87002
direct_vs_group_nonadjacent,nächster,10,16,26,0.1134,0.1839,-0.0706,-0.6722,1.4819,group,88221,87002
direct_vs_group_nonadjacent,täglichen,10,16,26,0.1134,0.1839,-0.0706,-0.6722,1.4819,group,88221,87002
direct_vs_group_nonadjacent,nehmen,43,32,75,0.4874,0.3678,0.1196,0.4005,1.4697,direct,88221,87002
direct_vs_group_nonadjacent,Mittwoch,76,61,137,0.8615,0.7011,0.1603,0.2948,1.4436,direct,88221,87002
direct_vs_group_nonadjacent,trotzdem,25,17,42,0.2834,0.1954,0.088,0.5231,1.4239,direct,88221,87002
direct_vs_group_nonadjacent,Den,11,6,17,0.1247,0.069,0.0557,0.803,1.4238,direct,88221,87002
direct_vs_group_nonadjacent,Monate,11,6,17,0.1247,0.069,0.0557,0.803,1.4238,direct,88221,87002
direct_vs_group_nonadjacent,Nummer,11,6,17,0.1247,0.069,0.0557,0.803,1.4238,direct,88221,87002
direct_vs_group_nonadjacent,Trazodon,11,6,17,0.1247,0.069,0.0557,0.803,1.4238,direct,88221,87002
direct_vs_group_nonadjacent,darunter,11,6,17,0.1247,0.069,0.0557,0.803,1.4238,direct,88221,87002
direct_vs_group_nonadjacent,Erschöpfung,4,8,12,0.0453,0.092,-0.0466,-0.9376,1.4154,group,88221,87002
direct_vs_group_nonadjacent,Gefühlen,4,8,12,0.0453,0.092,-0.0466,-0.9376,1.4154,group,88221,87002
direct_vs_group_nonadjacent,Metformin,4,8,12,0.0453,0.092,-0.0466,-0.9376,1.4154,group,88221,87002
direct_vs_group_nonadjacent,NW,4,8,12,0.0453,0.092,-0.0466,-0.9376,1.4154,group,88221,87002
direct_vs_group_nonadjacent,Symptomen,4,8,12,0.0453,0.092,-0.0466,-0.9376,1.4154,group,88221,87002
direct_vs_group_nonadjacent,angeboten,4,8,12,0.0453,0.092,-0.0466,-0.9376,1.4154,group,88221,87002
direct_vs_group_nonadjacent,bereit,4,8,12,0.0453,0.092,-0.0466,-0.9376,1.4154,group,88221,87002
direct_vs_group_nonadjacent,darin,4,8,12,0.0453,0.092,-0.0466,-0.9376,1.4154,group,88221,87002
direct_vs_group_nonadjacent,positiven,4,8,12,0.0453,0.092,-0.0466,-0.9376,1.4154,group,88221,87002
direct_vs_group_nonadjacent,überrascht,4,8,12,0.0453,0.092,-0.0466,-0.9376,1.4154,group,88221,87002
direct_vs_group_nonadjacent,darüber,31,22,53,0.3514,0.2529,0.0985,0.4654,1.4131,direct,88221,87002
direct_vs_group_nonadjacent,Freund,7,12,19,0.0793,0.1379,-0.0586,-0.757,1.4019,group,88221,87002
direct_vs_group_nonadjacent,brauche,7,12,19,0.0793,0.1379,-0.0586,-0.757,1.4019,group,88221,87002
direct_vs_group_nonadjacent,fast,7,12,19,0.0793,0.1379,-0.0586,-0.757,1.4019,group,88221,87002
direct_vs_group_nonadjacent,bzgl,35,45,80,0.3967,0.5172,-0.1205,-0.3781,1.3963,group,88221,87002
direct_vs_group_nonadjacent,entlassen,45,34,79,0.5101,0.3908,0.1193,0.3792,1.3874,direct,88221,87002
direct_vs_group_nonadjacent,17,11,17,28,0.1247,0.1954,-0.0707,-0.6258,1.3806,group,88221,87002
direct_vs_group_nonadjacent,Diagnostik,11,17,28,0.1247,0.1954,-0.0707,-0.6258,1.3806,group,88221,87002
direct_vs_group_nonadjacent,hat,482,512,994,5.4636,5.8849,-0.4214,-0.1071,1.3711,group,88221,87002
direct_vs_group_nonadjacent,Abstand,2,5,7,0.0227,0.0575,-0.0348,-1.1576,1.3704,group,88221,87002
direct_vs_group_nonadjacent,Bauch,2,5,7,0.0227,0.0575,-0.0348,-1.1576,1.3704,group,88221,87002
direct_vs_group_nonadjacent,Beim,2,5,7,0.0227,0.0575,-0.0348,-1.1576,1.3704,group,88221,87002
direct_vs_group_nonadjacent,Beinen,2,5,7,0.0227,0.0575,-0.0348,-1.1576,1.3704,group,88221,87002
direct_vs_group_nonadjacent,Beziehungen,2,5,7,0.0227,0.0575,-0.0348,-1.1576,1.3704,group,88221,87002
direct_vs_group_nonadjacent,Blitzlichtrunde,2,5,7,0.0227,0.0575,-0.0348,-1.1576,1.3704,group,88221,87002
direct_vs_group_nonadjacent,Dosierung,2,5,7,0.0227,0.0575,-0.0348,-1.1576,1.3704,group,88221,87002
direct_vs_group_nonadjacent,Empfehlungen,2,5,7,0.0227,0.0575,-0.0348,-1.1576,1.3704,group,88221,87002
direct_vs_group_nonadjacent,Handlungsbedarf,2,5,7,0.0227,0.0575,-0.0348,-1.1576,1.3704,group,88221,87002
direct_vs_group_nonadjacent,Kinderwunsch,2,5,7,0.0227,0.0575,-0.0348,-1.1576,1.3704,group,88221,87002
direct_vs_group_nonadjacent,Kontroll,2,5,7,0.0227,0.0575,-0.0348,-1.1576,1.3704,group,88221,87002
direct_vs_group_nonadjacent,Krisenintervention,2,5,7,0.0227,0.0575,-0.0348,-1.1576,1.3704,group,88221,87002
direct_vs_group_nonadjacent,NICHT,2,5,7,0.0227,0.0575,-0.0348,-1.1576,1.3704,group,88221,87002
direct_vs_group_nonadjacent,Prof,2,5,7,0.0227,0.0575,-0.0348,-1.1576,1.3704,group,88221,87002
direct_vs_group_nonadjacent,S,2,5,7,0.0227,0.0575,-0.0348,-1.1576,1.3704,group,88221,87002
direct_vs_group_nonadjacent,Uhrzeit,2,5,7,0.0227,0.0575,-0.0348,-1.1576,1.3704,group,88221,87002
direct_vs_group_nonadjacent,Vorname,2,5,7,0.0227,0.0575,-0.0348,-1.1576,1.3704,group,88221,87002
direct_vs_group_nonadjacent,W,2,5,7,0.0227,0.0575,-0.0348,-1.1576,1.3704,group,88221,87002
direct_vs_group_nonadjacent,Wisst,2,5,7,0.0227,0.0575,-0.0348,-1.1576,1.3704,group,88221,87002
direct_vs_group_nonadjacent,abgeholt,2,5,7,0.0227,0.0575,-0.0348,-1.1576,1.3704,group,88221,87002
direct_vs_group_nonadjacent,ausprobiert,2,5,7,0.0227,0.0575,-0.0348,-1.1576,1.3704,group,88221,87002
direct_vs_group_nonadjacent,befürchtet,2,5,7,0.0227,0.0575,-0.0348,-1.1576,1.3704,group,88221,87002
direct_vs_group_nonadjacent,bekannter,2,5,7,0.0227,0.0575,-0.0348,-1.1576,1.3704,group,88221,87002
direct_vs_group_nonadjacent,besorgt,2,5,7,0.0227,0.0575,-0.0348,-1.1576,1.3704,group,88221,87002
direct_vs_group_nonadjacent,bestehenden,2,5,7,0.0227,0.0575,-0.0348,-1.1576,1.3704,group,88221,87002
direct_vs_group_nonadjacent,enttäuscht,2,5,7,0.0227,0.0575,-0.0348,-1.1576,1.3704,group,88221,87002
direct_vs_group_nonadjacent,erzählen,2,5,7,0.0227,0.0575,-0.0348,-1.1576,1.3704,group,88221,87002
direct_vs_group_nonadjacent,hinten,2,5,7,0.0227,0.0575,-0.0348,-1.1576,1.3704,group,88221,87002
direct_vs_group_nonadjacent,hoher,2,5,7,0.0227,0.0575,-0.0348,-1.1576,1.3704,group,88221,87002
direct_vs_group_nonadjacent,iFOBT,2,5,7,0.0227,0.0575,-0.0348,-1.1576,1.3704,group,88221,87002
direct_vs_group_nonadjacent,isoliert,2,5,7,0.0227,0.0575,-0.0348,-1.1576,1.3704,group,88221,87002
direct_vs_group_nonadjacent,jede,2,5,7,0.0227,0.0575,-0.0348,-1.1576,1.3704,group,88221,87002
direct_vs_group_nonadjacent,kleinen,2,5,7,0.0227,0.0575,-0.0348,-1.1576,1.3704,group,88221,87002
direct_vs_group_nonadjacent,leichte,2,5,7,0.0227,0.0575,-0.0348,-1.1576,1.3704,group,88221,87002
direct_vs_group_nonadjacent,präsent,2,5,7,0.0227,0.0575,-0.0348,-1.1576,1.3704,group,88221,87002
direct_vs_group_nonadjacent,rum,2,5,7,0.0227,0.0575,-0.0348,-1.1576,1.3704,group,88221,87002
direct_vs_group_nonadjacent,stehe,2,5,7,0.0227,0.0575,-0.0348,-1.1576,1.3704,group,88221,87002
direct_vs_group_nonadjacent,verschwunden,2,5,7,0.0227,0.0575,-0.0348,-1.1576,1.3704,group,88221,87002
direct_vs_group_nonadjacent,weiteres,2,5,7,0.0227,0.0575,-0.0348,-1.1576,1.3704,group,88221,87002
direct_vs_group_nonadjacent,wisse,2,5,7,0.0227,0.0575,-0.0348,-1.1576,1.3704,group,88221,87002
direct_vs_group_nonadjacent,zeitnah,2,5,7,0.0227,0.0575,-0.0348,-1.1576,1.3704,group,88221,87002
direct_vs_group_nonadjacent,EG,36,46,82,0.4081,0.5287,-0.1207,-0.3694,1.3657,group,88221,87002
direct_vs_group_nonadjacent,wichtig,16,23,39,0.1814,0.2644,-0.083,-0.5303,1.3625,group,88221,87002
direct_vs_group_nonadjacent,sinnvoll,32,23,55,0.3627,0.2644,0.0984,0.4477,1.3568,direct,88221,87002
direct_vs_group_nonadjacent,Eltern,26,18,44,0.2947,0.2069,0.0878,0.4984,1.3535,direct,88221,87002
direct_vs_group_nonadjacent,direkt,26,18,44,0.2947,0.2069,0.0878,0.4984,1.3535,direct,88221,87002
direct_vs_group_nonadjacent,müssten,16,10,26,0.1814,0.1149,0.0664,0.632,1.3149,direct,88221,87002
direct_vs_group_nonadjacent,13Uhr,8,4,12,0.0907,0.046,0.0447,0.8975,1.3041,direct,88221,87002
direct_vs_group_nonadjacent,Ein,8,4,12,0.0907,0.046,0.0447,0.8975,1.3041,direct,88221,87002
direct_vs_group_nonadjacent,Hypertonus,8,4,12,0.0907,0.046,0.0447,0.8975,1.3041,direct,88221,87002
direct_vs_group_nonadjacent,Myasthenie,8,4,12,0.0907,0.046,0.0447,0.8975,1.3041,direct,88221,87002
direct_vs_group_nonadjacent,rote,8,4,12,0.0907,0.046,0.0447,0.8975,1.3041,direct,88221,87002
direct_vs_group_nonadjacent,verschiedenen,8,4,12,0.0907,0.046,0.0447,0.8975,1.3041,direct,88221,87002
direct_vs_group_nonadjacent,zweite,8,4,12,0.0907,0.046,0.0447,0.8975,1.3041,direct,88221,87002
direct_vs_group_nonadjacent,derzeit,17,24,41,0.1927,0.2759,-0.0832,-0.5055,1.3004,group,88221,87002
direct_vs_group_nonadjacent,50mg,5,2,7,0.0567,0.023,0.0337,1.1174,1.2869,direct,88221,87002
direct_vs_group_nonadjacent,AZ,5,2,7,0.0567,0.023,0.0337,1.1174,1.2869,direct,88221,87002
direct_vs_group_nonadjacent,Aldactone,5,2,7,0.0567,0.023,0.0337,1.1174,1.2869,direct,88221,87002
direct_vs_group_nonadjacent,Arm,5,2,7,0.0567,0.023,0.0337,1.1174,1.2869,direct,88221,87002
direct_vs_group_nonadjacent,Briefen,5,2,7,0.0567,0.023,0.0337,1.1174,1.2869,direct,88221,87002
direct_vs_group_nonadjacent,Dass,5,2,7,0.0567,0.023,0.0337,1.1174,1.2869,direct,88221,87002
direct_vs_group_nonadjacent,Frühstück,5,2,7,0.0567,0.023,0.0337,1.1174,1.2869,direct,88221,87002
direct_vs_group_nonadjacent,Ginge,5,2,7,0.0567,0.023,0.0337,1.1174,1.2869,direct,88221,87002
direct_vs_group_nonadjacent,Hoffe,5,2,7,0.0567,0.023,0.0337,1.1174,1.2869,direct,88221,87002
direct_vs_group_nonadjacent,Kein,5,2,7,0.0567,0.023,0.0337,1.1174,1.2869,direct,88221,87002
direct_vs_group_nonadjacent,Kind,5,2,7,0.0567,0.023,0.0337,1.1174,1.2869,direct,88221,87002
direct_vs_group_nonadjacent,Klar,5,2,7,0.0567,0.023,0.0337,1.1174,1.2869,direct,88221,87002
direct_vs_group_nonadjacent,Leberwertkontrollen,5,2,7,0.0567,0.023,0.0337,1.1174,1.2869,direct,88221,87002
direct_vs_group_nonadjacent,Meinung,5,2,7,0.0567,0.023,0.0337,1.1174,1.2869,direct,88221,87002
direct_vs_group_nonadjacent,Schönes,5,2,7,0.0567,0.023,0.0337,1.1174,1.2869,direct,88221,87002
direct_vs_group_nonadjacent,Sieht,5,2,7,0.0567,0.023,0.0337,1.1174,1.2869,direct,88221,87002
direct_vs_group_nonadjacent,Sinne,5,2,7,0.0567,0.023,0.0337,1.1174,1.2869,direct,88221,87002
direct_vs_group_nonadjacent,Transaminasenanstieg,5,2,7,0.0567,0.023,0.0337,1.1174,1.2869,direct,88221,87002
direct_vs_group_nonadjacent,Trinkmengenrestriktion,5,2,7,0.0567,0.023,0.0337,1.1174,1.2869,direct,88221,87002
direct_vs_group_nonadjacent,VT,5,2,7,0.0567,0.023,0.0337,1.1174,1.2869,direct,88221,87002
direct_vs_group_nonadjacent,Vaters,5,2,7,0.0567,0.023,0.0337,1.1174,1.2869,direct,88221,87002
direct_vs_group_nonadjacent,anderer,5,2,7,0.0567,0.023,0.0337,1.1174,1.2869,direct,88221,87002
direct_vs_group_nonadjacent,beispielsweise,5,2,7,0.0567,0.023,0.0337,1.1174,1.2869,direct,88221,87002
direct_vs_group_nonadjacent,bittet,5,2,7,0.0567,0.023,0.0337,1.1174,1.2869,direct,88221,87002
direct_vs_group_nonadjacent,durchgehen,5,2,7,0.0567,0.023,0.0337,1.1174,1.2869,direct,88221,87002
direct_vs_group_nonadjacent,dürfen,5,2,7,0.0567,0.023,0.0337,1.1174,1.2869,direct,88221,87002
direct_vs_group_nonadjacent,ergeben,5,2,7,0.0567,0.023,0.0337,1.1174,1.2869,direct,88221,87002
direct_vs_group_nonadjacent,flexibel,5,2,7,0.0567,0.023,0.0337,1.1174,1.2869,direct,88221,87002
direct_vs_group_nonadjacent,ganzen,5,2,7,0.0567,0.023,0.0337,1.1174,1.2869,direct,88221,87002
direct_vs_group_nonadjacent,geschehen,5,2,7,0.0567,0.023,0.0337,1.1174,1.2869,direct,88221,87002
direct_vs_group_nonadjacent,halbe,5,2,7,0.0567,0.023,0.0337,1.1174,1.2869,direct,88221,87002
direct_vs_group_nonadjacent,momentan,5,2,7,0.0567,0.023,0.0337,1.1174,1.2869,direct,88221,87002
direct_vs_group_nonadjacent,nciht,5,2,7,0.0567,0.023,0.0337,1.1174,1.2869,direct,88221,87002
direct_vs_group_nonadjacent,B,39,49,88,0.4421,0.5632,-0.1211,-0.3456,1.2822,group,88221,87002
direct_vs_group_nonadjacent,unter,74,60,134,0.8388,0.6896,0.1492,0.2802,1.277,direct,88221,87002
direct_vs_group_nonadjacent,bisher,31,40,71,0.3514,0.4598,-0.1084,-0.3826,1.2726,group,88221,87002
direct_vs_group_nonadjacent,Absprache,8,13,21,0.0907,0.1494,-0.0587,-0.6875,1.2726,group,88221,87002
direct_vs_group_nonadjacent,dagegen,8,13,21,0.0907,0.1494,-0.0587,-0.6875,1.2726,group,88221,87002
direct_vs_group_nonadjacent,informiert,8,13,21,0.0907,0.1494,-0.0587,-0.6875,1.2726,group,88221,87002
direct_vs_group_nonadjacent,reduzieren,8,13,21,0.0907,0.1494,-0.0587,-0.6875,1.2726,group,88221,87002
direct_vs_group_nonadjacent,Von,12,7,19,0.136,0.0805,0.0556,0.7169,1.2628,direct,88221,87002
direct_vs_group_nonadjacent,manchmal,12,7,19,0.136,0.0805,0.0556,0.7169,1.2628,direct,88221,87002
direct_vs_group_nonadjacent,passiert,12,7,19,0.136,0.0805,0.0556,0.7169,1.2628,direct,88221,87002
direct_vs_group_nonadjacent,schaffen,12,7,19,0.136,0.0805,0.0556,0.7169,1.2628,direct,88221,87002
direct_vs_group_nonadjacent,verstanden,12,7,19,0.136,0.0805,0.0556,0.7169,1.2628,direct,88221,87002
direct_vs_group_nonadjacent,weitere,18,25,43,0.204,0.2873,-0.0833,-0.483,1.2441,group,88221,87002
direct_vs_group_nonadjacent,meinte,22,15,37,0.2494,0.1724,0.077,0.5176,1.2367,direct,88221,87002
direct_vs_group_nonadjacent,gestellt,13,19,32,0.1474,0.2184,-0.071,-0.5506,1.2167,group,88221,87002
direct_vs_group_nonadjacent,Auf,5,9,14,0.0567,0.1034,-0.0468,-0.8086,1.2153,group,88221,87002
direct_vs_group_nonadjacent,Gewalt,5,9,14,0.0567,0.1034,-0.0468,-0.8086,1.2153,group,88221,87002
direct_vs_group_nonadjacent,diesbezüglich,5,9,14,0.0567,0.1034,-0.0468,-0.8086,1.2153,group,88221,87002
direct_vs_group_nonadjacent,entwickelt,5,9,14,0.0567,0.1034,-0.0468,-0.8086,1.2153,group,88221,87002
direct_vs_group_nonadjacent,erlebt,5,9,14,0.0567,0.1034,-0.0468,-0.8086,1.2153,group,88221,87002
direct_vs_group_nonadjacent,geführt,5,9,14,0.0567,0.1034,-0.0468,-0.8086,1.2153,group,88221,87002
direct_vs_group_nonadjacent,kontrollieren,5,9,14,0.0567,0.1034,-0.0468,-0.8086,1.2153,group,88221,87002
direct_vs_group_nonadjacent,löschen,5,9,14,0.0567,0.1034,-0.0468,-0.8086,1.2153,group,88221,87002
direct_vs_group_nonadjacent,melden,17,11,28,0.1927,0.1264,0.0663,0.5856,1.2136,direct,88221,87002
direct_vs_group_nonadjacent,Fall,35,26,61,0.3967,0.2988,0.0979,0.4018,1.2105,direct,88221,87002
direct_vs_group_nonadjacent,besprechen,98,82,180,1.1108,0.9425,0.1683,0.2357,1.2102,direct,88221,87002
direct_vs_group_nonadjacent,sprechen,68,55,123,0.7708,0.6322,0.1386,0.2835,1.2016,direct,88221,87002
direct_vs_group_nonadjacent,vereinbart,19,26,45,0.2154,0.2988,-0.0835,-0.4626,1.1929,group,88221,87002
direct_vs_group_nonadjacent,lassen,34,43,77,0.3854,0.4942,-0.1088,-0.3545,1.1833,group,88221,87002
direct_vs_group_nonadjacent,telefonisch,23,16,39,0.2607,0.1839,0.0768,0.4901,1.1677,direct,88221,87002
direct_vs_group_nonadjacent,Als,9,14,23,0.102,0.1609,-0.0589,-0.6301,1.1664,group,88221,87002
direct_vs_group_nonadjacent,Unterstützung,14,20,34,0.1587,0.2299,-0.0712,-0.5196,1.1495,group,88221,87002
direct_vs_group_nonadjacent,Bupropion,13,8,21,0.1474,0.092,0.0554,0.6474,1.1334,direct,88221,87002
direct_vs_group_nonadjacent,Diagnosen,13,8,21,0.1474,0.092,0.0554,0.6474,1.1334,direct,88221,87002
direct_vs_group_nonadjacent,Kriterien,13,8,21,0.1474,0.092,0.0554,0.6474,1.1334,direct,88221,87002
direct_vs_group_nonadjacent,Essgruppe,36,45,81,0.4081,0.5172,-0.1092,-0.338,1.1312,group,88221,87002
direct_vs_group_nonadjacent,Gerne,9,5,14,0.102,0.0575,0.0445,0.7684,1.104,direct,88221,87002
direct_vs_group_nonadjacent,dahin,9,5,14,0.102,0.0575,0.0445,0.7684,1.104,direct,88221,87002
direct_vs_group_nonadjacent,geschickt,9,5,14,0.102,0.0575,0.0445,0.7684,1.104,direct,88221,87002
direct_vs_group_nonadjacent,leid,9,5,14,0.102,0.0575,0.0445,0.7684,1.104,direct,88221,87002
direct_vs_group_nonadjacent,obwohl,9,5,14,0.102,0.0575,0.0445,0.7684,1.104,direct,88221,87002
direct_vs_group_nonadjacent,überfordert,9,5,14,0.102,0.0575,0.0445,0.7684,1.104,direct,88221,87002
direct_vs_group_nonadjacent,übernommen,9,5,14,0.102,0.0575,0.0445,0.7684,1.104,direct,88221,87002
direct_vs_group_nonadjacent,überlegen,10,15,25,0.1134,0.1724,-0.0591,-0.582,1.0776,group,88221,87002
direct_vs_group_nonadjacent,Frage,55,44,99,0.6234,0.5057,0.1177,0.2986,1.0765,direct,88221,87002
direct_vs_group_nonadjacent,Abschlussrunde,1,3,4,0.0113,0.0345,-0.0231,-1.2425,1.0745,group,88221,87002
direct_vs_group_nonadjacent,Alternative,1,3,4,0.0113,0.0345,-0.0231,-1.2425,1.0745,group,88221,87002
direct_vs_group_nonadjacent,Antikörper,1,3,4,0.0113,0.0345,-0.0231,-1.2425,1.0745,group,88221,87002
direct_vs_group_nonadjacent,Arbeiten,1,3,4,0.0113,0.0345,-0.0231,-1.2425,1.0745,group,88221,87002
direct_vs_group_nonadjacent,Arbeitsplatz,1,3,4,0.0113,0.0345,-0.0231,-1.2425,1.0745,group,88221,87002
direct_vs_group_nonadjacent,Arztbriefen,1,3,4,0.0113,0.0345,-0.0231,-1.2425,1.0745,group,88221,87002
direct_vs_group_nonadjacent,Aufenthalten,1,3,4,0.0113,0.0345,-0.0231,-1.2425,1.0745,group,88221,87002
direct_vs_group_nonadjacent,Ausdruck,1,3,4,0.0113,0.0345,-0.0231,-1.2425,1.0745,group,88221,87002
direct_vs_group_nonadjacent,Bedenken,1,3,4,0.0113,0.0345,-0.0231,-1.2425,1.0745,group,88221,87002
direct_vs_group_nonadjacent,Beobachtung,1,3,4,0.0113,0.0345,-0.0231,-1.2425,1.0745,group,88221,87002
direct_vs_group_nonadjacent,Berichtete,1,3,4,0.0113,0.0345,-0.0231,-1.2425,1.0745,group,88221,87002
direct_vs_group_nonadjacent,Berücksichtigung,1,3,4,0.0113,0.0345,-0.0231,-1.2425,1.0745,group,88221,87002
direct_vs_group_nonadjacent,Betreuer,1,3,4,0.0113,0.0345,-0.0231,-1.2425,1.0745,group,88221,87002
direct_vs_group_nonadjacent,Biopsie,1,3,4,0.0113,0.0345,-0.0231,-1.2425,1.0745,group,88221,87002
direct_vs_group_nonadjacent,Blutung,1,3,4,0.0113,0.0345,-0.0231,-1.2425,1.0745,group,88221,87002
direct_vs_group_nonadjacent,Brust,1,3,4,0.0113,0.0345,-0.0231,-1.2425,1.0745,group,88221,87002
direct_vs_group_nonadjacent,CFS,1,3,4,0.0113,0.0345,-0.0231,-1.2425,1.0745,group,88221,87002
direct_vs_group_nonadjacent,Defizite,1,3,4,0.0113,0.0345,-0.0231,-1.2425,1.0745,group,88221,87002
direct_vs_group_nonadjacent,Edukation,1,3,4,0.0113,0.0345,-0.0231,-1.2425,1.0745,group,88221,87002
direct_vs_group_nonadjacent,Einheit,1,3,4,0.0113,0.0345,-0.0231,-1.2425,1.0745,group,88221,87002
direct_vs_group_nonadjacent,Einzeltherapeutin,1,3,4,0.0113,0.0345,-0.0231,-1.2425,1.0745,group,88221,87002
direct_vs_group_nonadjacent,Ergänzungen,1,3,4,0.0113,0.0345,-0.0231,-1.2425,1.0745,group,88221,87002
direct_vs_group_nonadjacent,Erhebung,1,3,4,0.0113,0.0345,-0.0231,-1.2425,1.0745,group,88221,87002
direct_vs_group_nonadjacent,Erklärung,1,3,4,0.0113,0.0345,-0.0231,-1.2425,1.0745,group,88221,87002
direct_vs_group_nonadjacent,Exposition,1,3,4,0.0113,0.0345,-0.0231,-1.2425,1.0745,group,88221,87002
direct_vs_group_nonadjacent,FD,1,3,4,0.0113,0.0345,-0.0231,-1.2425,1.0745,group,88221,87002
direct_vs_group_nonadjacent,Geht,1,3,4,0.0113,0.0345,-0.0231,-1.2425,1.0745,group,88221,87002
direct_vs_group_nonadjacent,Gewissen,1,3,4,0.0113,0.0345,-0.0231,-1.2425,1.0745,group,88221,87002
direct_vs_group_nonadjacent,Grenze,1,3,4,0.0113,0.0345,-0.0231,-1.2425,1.0745,group,88221,87002
direct_vs_group_nonadjacent,Herzlich,1,3,4,0.0113,0.0345,-0.0231,-1.2425,1.0745,group,88221,87002
direct_vs_group_nonadjacent,Herzliche,1,3,4,0.0113,0.0345,-0.0231,-1.2425,1.0745,group,88221,87002
direct_vs_group_nonadjacent,Husten,1,3,4,0.0113,0.0345,-0.0231,-1.2425,1.0745,group,88221,87002
direct_vs_group_nonadjacent,Hämangiome,1,3,4,0.0113,0.0345,-0.0231,-1.2425,1.0745,group,88221,87002
direct_vs_group_nonadjacent,Ihnen,1,3,4,0.0113,0.0345,-0.0231,-1.2425,1.0745,group,88221,87002
direct_vs_group_nonadjacent,Insulinschema,1,3,4,0.0113,0.0345,-0.0231,-1.2425,1.0745,group,88221,87002
direct_vs_group_nonadjacent,Jedoch,1,3,4,0.0113,0.0345,-0.0231,-1.2425,1.0745,group,88221,87002
direct_vs_group_nonadjacent,Kalorienmenge,1,3,4,0.0113,0.0345,-0.0231,-1.2425,1.0745,group,88221,87002
direct_vs_group_nonadjacent,Kombi,1,3,4,0.0113,0.0345,-0.0231,-1.2425,1.0745,group,88221,87002
direct_vs_group_nonadjacent,Konflikten,1,3,4,0.0113,0.0345,-0.0231,-1.2425,1.0745,group,88221,87002
direct_vs_group_nonadjacent,Krankengeld,1,3,4,0.0113,0.0345,-0.0231,-1.2425,1.0745,group,88221,87002
direct_vs_group_nonadjacent,Kreis,1,3,4,0.0113,0.0345,-0.0231,-1.2425,1.0745,group,88221,87002
direct_vs_group_nonadjacent,Kunsttherapieraum,1,3,4,0.0113,0.0345,-0.0231,-1.2425,1.0745,group,88221,87002
direct_vs_group_nonadjacent,Körper,1,3,4,0.0113,0.0345,-0.0231,-1.2425,1.0745,group,88221,87002
direct_vs_group_nonadjacent,Langweile,1,3,4,0.0113,0.0345,-0.0231,-1.2425,1.0745,group,88221,87002
direct_vs_group_nonadjacent,Leucos,1,3,4,0.0113,0.0345,-0.0231,-1.2425,1.0745,group,88221,87002
direct_vs_group_nonadjacent,Literatur,1,3,4,0.0113,0.0345,-0.0231,-1.2425,1.0745,group,88221,87002
direct_vs_group_nonadjacent,Magen,1,3,4,0.0113,0.0345,-0.0231,-1.2425,1.0745,group,88221,87002
direct_vs_group_nonadjacent,Melde,1,3,4,0.0113,0.0345,-0.0231,-1.2425,1.0745,group,88221,87002
direct_vs_group_nonadjacent,Messungen,1,3,4,0.0113,0.0345,-0.0231,-1.2425,1.0745,group,88221,87002
direct_vs_group_nonadjacent,Mitarbeiter,1,3,4,0.0113,0.0345,-0.0231,-1.2425,1.0745,group,88221,87002
direct_vs_group_nonadjacent,Musikraum,1,3,4,0.0113,0.0345,-0.0231,-1.2425,1.0745,group,88221,87002
direct_vs_group_nonadjacent,Myalgien,1,3,4,0.0113,0.0345,-0.0231,-1.2425,1.0745,group,88221,87002
direct_vs_group_nonadjacent,Müdigkeit,1,3,4,0.0113,0.0345,-0.0231,-1.2425,1.0745,group,88221,87002
direct_vs_group_nonadjacent,Nahrungsergänzungsmittel,1,3,4,0.0113,0.0345,-0.0231,-1.2425,1.0745,group,88221,87002
direct_vs_group_nonadjacent,Paargespräch,1,3,4,0.0113,0.0345,-0.0231,-1.2425,1.0745,group,88221,87002
direct_vs_group_nonadjacent,Pankreatitis,1,3,4,0.0113,0.0345,-0.0231,-1.2425,1.0745,group,88221,87002
direct_vs_group_nonadjacent,Paracetamol,1,3,4,0.0113,0.0345,-0.0231,-1.2425,1.0745,group,88221,87002
direct_vs_group_nonadjacent,Partners,1,3,4,0.0113,0.0345,-0.0231,-1.2425,1.0745,group,88221,87002
direct_vs_group_nonadjacent,Perspektive,1,3,4,0.0113,0.0345,-0.0231,-1.2425,1.0745,group,88221,87002
direct_vs_group_nonadjacent,Phys,1,3,4,0.0113,0.0345,-0.0231,-1.2425,1.0745,group,88221,87002
direct_vs_group_nonadjacent,Physio,1,3,4,0.0113,0.0345,-0.0231,-1.2425,1.0745,group,88221,87002
direct_vs_group_nonadjacent,Physiotherapie,1,3,4,0.0113,0.0345,-0.0231,-1.2425,1.0745,group,88221,87002
direct_vs_group_nonadjacent,Rheuma,1,3,4,0.0113,0.0345,-0.0231,-1.2425,1.0745,group,88221,87002
direct_vs_group_nonadjacent,Rückkehr,1,3,4,0.0113,0.0345,-0.0231,-1.2425,1.0745,group,88221,87002
direct_vs_group_nonadjacent,Schuldgefühlen,1,3,4,0.0113,0.0345,-0.0231,-1.2425,1.0745,group,88221,87002
direct_vs_group_nonadjacent,Seit,1,3,4,0.0113,0.0345,-0.0231,-1.2425,1.0745,group,88221,87002
direct_vs_group_nonadjacent,Sektorpsychiatrie,1,3,4,0.0113,0.0345,-0.0231,-1.2425,1.0745,group,88221,87002
direct_vs_group_nonadjacent,Serum,1,3,4,0.0113,0.0345,-0.0231,-1.2425,1.0745,group,88221,87002
direct_vs_group_nonadjacent,Steht,1,3,4,0.0113,0.0345,-0.0231,-1.2425,1.0745,group,88221,87002
direct_vs_group_nonadjacent,Stock,1,3,4,0.0113,0.0345,-0.0231,-1.2425,1.0745,group,88221,87002
direct_vs_group_nonadjacent,TWG,1,3,4,0.0113,0.0345,-0.0231,-1.2425,1.0745,group,88221,87002
direct_vs_group_nonadjacent,Thorax,1,3,4,0.0113,0.0345,-0.0231,-1.2425,1.0745,group,88221,87002
direct_vs_group_nonadjacent,VDI,1,3,4,0.0113,0.0345,-0.0231,-1.2425,1.0745,group,88221,87002
direct_vs_group_nonadjacent,Verletzung,1,3,4,0.0113,0.0345,-0.0231,-1.2425,1.0745,group,88221,87002
direct_vs_group_nonadjacent,Verschiebung,1,3,4,0.0113,0.0345,-0.0231,-1.2425,1.0745,group,88221,87002
direct_vs_group_nonadjacent,Vom,1,3,4,0.0113,0.0345,-0.0231,-1.2425,1.0745,group,88221,87002
direct_vs_group_nonadjacent,Vortrag,1,3,4,0.0113,0.0345,-0.0231,-1.2425,1.0745,group,88221,87002
direct_vs_group_nonadjacent,Weise,1,3,4,0.0113,0.0345,-0.0231,-1.2425,1.0745,group,88221,87002
direct_vs_group_nonadjacent,Wiederholung,1,3,4,0.0113,0.0345,-0.0231,-1.2425,1.0745,group,88221,87002
direct_vs_group_nonadjacent,Wirksamkeit,1,3,4,0.0113,0.0345,-0.0231,-1.2425,1.0745,group,88221,87002
direct_vs_group_nonadjacent,Zahlung,1,3,4,0.0113,0.0345,-0.0231,-1.2425,1.0745,group,88221,87002
direct_vs_group_nonadjacent,Zufuhr,1,3,4,0.0113,0.0345,-0.0231,-1.2425,1.0745,group,88221,87002
direct_vs_group_nonadjacent,Zusammenbruch,1,3,4,0.0113,0.0345,-0.0231,-1.2425,1.0745,group,88221,87002
direct_vs_group_nonadjacent,absagen,1,3,4,0.0113,0.0345,-0.0231,-1.2425,1.0745,group,88221,87002
direct_vs_group_nonadjacent,adäquat,1,3,4,0.0113,0.0345,-0.0231,-1.2425,1.0745,group,88221,87002
direct_vs_group_nonadjacent,akzeptiert,1,3,4,0.0113,0.0345,-0.0231,-1.2425,1.0745,group,88221,87002
direct_vs_group_nonadjacent,angebracht,1,3,4,0.0113,0.0345,-0.0231,-1.2425,1.0745,group,88221,87002
direct_vs_group_nonadjacent,angegriffen,1,3,4,0.0113,0.0345,-0.0231,-1.2425,1.0745,group,88221,87002
direct_vs_group_nonadjacent,angestiegen,1,3,4,0.0113,0.0345,-0.0231,-1.2425,1.0745,group,88221,87002
direct_vs_group_nonadjacent,anstelle,1,3,4,0.0113,0.0345,-0.0231,-1.2425,1.0745,group,88221,87002
direct_vs_group_nonadjacent,ausgelöst,1,3,4,0.0113,0.0345,-0.0231,-1.2425,1.0745,group,88221,87002
direct_vs_group_nonadjacent,ausgeprägten,1,3,4,0.0113,0.0345,-0.0231,-1.2425,1.0745,group,88221,87002
direct_vs_group_nonadjacent,ausgeschlossen,1,3,4,0.0113,0.0345,-0.0231,-1.2425,1.0745,group,88221,87002
direct_vs_group_nonadjacent,bedeutet,1,3,4,0.0113,0.0345,-0.0231,-1.2425,1.0745,group,88221,87002
direct_vs_group_nonadjacent,befindet,1,3,4,0.0113,0.0345,-0.0231,-1.2425,1.0745,group,88221,87002
direct_vs_group_nonadjacent,bekanntem,1,3,4,0.0113,0.0345,-0.0231,-1.2425,1.0745,group,88221,87002
direct_vs_group_nonadjacent,bemüht,1,3,4,0.0113,0.0345,-0.0231,-1.2425,1.0745,group,88221,87002
direct_vs_group_nonadjacent,benannt,1,3,4,0.0113,0.0345,-0.0231,-1.2425,1.0745,group,88221,87002
direct_vs_group_nonadjacent,benannte,1,3,4,0.0113,0.0345,-0.0231,-1.2425,1.0745,group,88221,87002
direct_vs_group_nonadjacent,beschweren,1,3,4,0.0113,0.0345,-0.0231,-1.2425,1.0745,group,88221,87002
direct_vs_group_nonadjacent,bestehen,1,3,4,0.0113,0.0345,-0.0231,-1.2425,1.0745,group,88221,87002
direct_vs_group_nonadjacent,cc,1,3,4,0.0113,0.0345,-0.0231,-1.2425,1.0745,group,88221,87002
direct_vs_group_nonadjacent,cm,1,3,4,0.0113,0.0345,-0.0231,-1.2425,1.0745,group,88221,87002
direct_vs_group_nonadjacent,depressiv,1,3,4,0.0113,0.0345,-0.0231,-1.2425,1.0745,group,88221,87002
direct_vs_group_nonadjacent,deutlicher,1,3,4,0.0113,0.0345,-0.0231,-1.2425,1.0745,group,88221,87002
direct_vs_group_nonadjacent,dissoziativen,1,3,4,0.0113,0.0345,-0.0231,-1.2425,1.0745,group,88221,87002
direct_vs_group_nonadjacent,distanzieren,1,3,4,0.0113,0.0345,-0.0231,-1.2425,1.0745,group,88221,87002
direct_vs_group_nonadjacent,durchrufen,1,3,4,0.0113,0.0345,-0.0231,-1.2425,1.0745,group,88221,87002
direct_vs_group_nonadjacent,eingebunden,1,3,4,0.0113,0.0345,-0.0231,-1.2425,1.0745,group,88221,87002
direct_vs_group_nonadjacent,eingenommen,1,3,4,0.0113,0.0345,-0.0231,-1.2425,1.0745,group,88221,87002
direct_vs_group_nonadjacent,einzelnen,1,3,4,0.0113,0.0345,-0.0231,-1.2425,1.0745,group,88221,87002
direct_vs_group_nonadjacent,emotionale,1,3,4,0.0113,0.0345,-0.0231,-1.2425,1.0745,group,88221,87002
direct_vs_group_nonadjacent,emotionalen,1,3,4,0.0113,0.0345,-0.0231,-1.2425,1.0745,group,88221,87002
direct_vs_group_nonadjacent,empfehle,1,3,4,0.0113,0.0345,-0.0231,-1.2425,1.0745,group,88221,87002
direct_vs_group_nonadjacent,entlastet,1,3,4,0.0113,0.0345,-0.0231,-1.2425,1.0745,group,88221,87002
direct_vs_group_nonadjacent,ergibt,1,3,4,0.0113,0.0345,-0.0231,-1.2425,1.0745,group,88221,87002
direct_vs_group_nonadjacent,erhöhtem,1,3,4,0.0113,0.0345,-0.0231,-1.2425,1.0745,group,88221,87002
direct_vs_group_nonadjacent,formuliert,1,3,4,0.0113,0.0345,-0.0231,-1.2425,1.0745,group,88221,87002
direct_vs_group_nonadjacent,froh,1,3,4,0.0113,0.0345,-0.0231,-1.2425,1.0745,group,88221,87002
direct_vs_group_nonadjacent,gegebenenfalls,1,3,4,0.0113,0.0345,-0.0231,-1.2425,1.0745,group,88221,87002
direct_vs_group_nonadjacent,gelben,1,3,4,0.0113,0.0345,-0.0231,-1.2425,1.0745,group,88221,87002
direct_vs_group_nonadjacent,gelernten,1,3,4,0.0113,0.0345,-0.0231,-1.2425,1.0745,group,88221,87002
direct_vs_group_nonadjacent,genügend,1,3,4,0.0113,0.0345,-0.0231,-1.2425,1.0745,group,88221,87002
direct_vs_group_nonadjacent,heftig,1,3,4,0.0113,0.0345,-0.0231,-1.2425,1.0745,group,88221,87002
direct_vs_group_nonadjacent,heuet,1,3,4,0.0113,0.0345,-0.0231,-1.2425,1.0745,group,88221,87002
direct_vs_group_nonadjacent,iPads,1,3,4,0.0113,0.0345,-0.0231,-1.2425,1.0745,group,88221,87002
direct_vs_group_nonadjacent,insb,1,3,4,0.0113,0.0345,-0.0231,-1.2425,1.0745,group,88221,87002
direct_vs_group_nonadjacent,instabile,1,3,4,0.0113,0.0345,-0.0231,-1.2425,1.0745,group,88221,87002
direct_vs_group_nonadjacent,kalium,1,3,4,0.0113,0.0345,-0.0231,-1.2425,1.0745,group,88221,87002
direct_vs_group_nonadjacent,klare,1,3,4,0.0113,0.0345,-0.0231,-1.2425,1.0745,group,88221,87002
direct_vs_group_nonadjacent,korrekt,1,3,4,0.0113,0.0345,-0.0231,-1.2425,1.0745,group,88221,87002
direct_vs_group_nonadjacent,kraftlos,1,3,4,0.0113,0.0345,-0.0231,-1.2425,1.0745,group,88221,87002
direct_vs_group_nonadjacent,kriege,1,3,4,0.0113,0.0345,-0.0231,-1.2425,1.0745,group,88221,87002
direct_vs_group_nonadjacent,kritischen,1,3,4,0.0113,0.0345,-0.0231,-1.2425,1.0745,group,88221,87002
direct_vs_group_nonadjacent,körperlich,1,3,4,0.0113,0.0345,-0.0231,-1.2425,1.0745,group,88221,87002
direct_vs_group_nonadjacent,langer,1,3,4,0.0113,0.0345,-0.0231,-1.2425,1.0745,group,88221,87002
direct_vs_group_nonadjacent,legte,1,3,4,0.0113,0.0345,-0.0231,-1.2425,1.0745,group,88221,87002
direct_vs_group_nonadjacent,lt,1,3,4,0.0113,0.0345,-0.0231,-1.2425,1.0745,group,88221,87002
direct_vs_group_nonadjacent,manipulativ,1,3,4,0.0113,0.0345,-0.0231,-1.2425,1.0745,group,88221,87002
direct_vs_group_nonadjacent,mitgeben,1,3,4,0.0113,0.0345,-0.0231,-1.2425,1.0745,group,88221,87002
direct_vs_group_nonadjacent,mitgekommen,1,3,4,0.0113,0.0345,-0.0231,-1.2425,1.0745,group,88221,87002
direct_vs_group_nonadjacent,mitgemacht,1,3,4,0.0113,0.0345,-0.0231,-1.2425,1.0745,group,88221,87002
direct_vs_group_nonadjacent,nachdenken,1,3,4,0.0113,0.0345,-0.0231,-1.2425,1.0745,group,88221,87002
direct_vs_group_nonadjacent,nervös,1,3,4,0.0113,0.0345,-0.0231,-1.2425,1.0745,group,88221,87002
direct_vs_group_nonadjacent,neurochirurgisches,1,3,4,0.0113,0.0345,-0.0231,-1.2425,1.0745,group,88221,87002
direct_vs_group_nonadjacent,nächtliche,1,3,4,0.0113,0.0345,-0.0231,-1.2425,1.0745,group,88221,87002
direct_vs_group_nonadjacent,operiert,1,3,4,0.0113,0.0345,-0.0231,-1.2425,1.0745,group,88221,87002
direct_vs_group_nonadjacent,p,1,3,4,0.0113,0.0345,-0.0231,-1.2425,1.0745,group,88221,87002
direct_vs_group_nonadjacent,poststationären,1,3,4,0.0113,0.0345,-0.0231,-1.2425,1.0745,group,88221,87002
direct_vs_group_nonadjacent,psychotisch,1,3,4,0.0113,0.0345,-0.0231,-1.2425,1.0745,group,88221,87002
direct_vs_group_nonadjacent,rechten,1,3,4,0.0113,0.0345,-0.0231,-1.2425,1.0745,group,88221,87002
direct_vs_group_nonadjacent,schwach,1,3,4,0.0113,0.0345,-0.0231,-1.2425,1.0745,group,88221,87002
direct_vs_group_nonadjacent,schwerer,1,3,4,0.0113,0.0345,-0.0231,-1.2425,1.0745,group,88221,87002
direct_vs_group_nonadjacent,sortiert,1,3,4,0.0113,0.0345,-0.0231,-1.2425,1.0745,group,88221,87002
direct_vs_group_nonadjacent,starkem,1,3,4,0.0113,0.0345,-0.0231,-1.2425,1.0745,group,88221,87002
direct_vs_group_nonadjacent,teilw,1,3,4,0.0113,0.0345,-0.0231,-1.2425,1.0745,group,88221,87002
direct_vs_group_nonadjacent,trauen,1,3,4,0.0113,0.0345,-0.0231,-1.2425,1.0745,group,88221,87002
direct_vs_group_nonadjacent,unauffälliger,1,3,4,0.0113,0.0345,-0.0231,-1.2425,1.0745,group,88221,87002
direct_vs_group_nonadjacent,use,1,3,4,0.0113,0.0345,-0.0231,-1.2425,1.0745,group,88221,87002
direct_vs_group_nonadjacent,verlieren,1,3,4,0.0113,0.0345,-0.0231,-1.2425,1.0745,group,88221,87002
direct_vs_group_nonadjacent,vermeidende,1,3,4,0.0113,0.0345,-0.0231,-1.2425,1.0745,group,88221,87002
direct_vs_group_nonadjacent,verunsichert,1,3,4,0.0113,0.0345,-0.0231,-1.2425,1.0745,group,88221,87002
direct_vs_group_nonadjacent,vorgehen,1,3,4,0.0113,0.0345,-0.0231,-1.2425,1.0745,group,88221,87002
direct_vs_group_nonadjacent,vorstellt,1,3,4,0.0113,0.0345,-0.0231,-1.2425,1.0745,group,88221,87002
direct_vs_group_nonadjacent,zeitweise,1,3,4,0.0113,0.0345,-0.0231,-1.2425,1.0745,group,88221,87002
direct_vs_group_nonadjacent,Ärzt,1,3,4,0.0113,0.0345,-0.0231,-1.2425,1.0745,group,88221,87002
direct_vs_group_nonadjacent,ärgerlich,1,3,4,0.0113,0.0345,-0.0231,-1.2425,1.0745,group,88221,87002
direct_vs_group_nonadjacent,Covid,6,10,16,0.068,0.1149,-0.0469,-0.712,1.0671,group,88221,87002
direct_vs_group_nonadjacent,Kunsttherapie,6,10,16,0.068,0.1149,-0.0469,-0.712,1.0671,group,88221,87002
direct_vs_group_nonadjacent,Vormittag,6,10,16,0.068,0.1149,-0.0469,-0.712,1.0671,group,88221,87002
direct_vs_group_nonadjacent,eingestellt,6,10,16,0.068,0.1149,-0.0469,-0.712,1.0671,group,88221,87002
direct_vs_group_nonadjacent,möglichst,6,10,16,0.068,0.1149,-0.0469,-0.712,1.0671,group,88221,87002
direct_vs_group_nonadjacent,müde,6,10,16,0.068,0.1149,-0.0469,-0.712,1.0671,group,88221,87002
direct_vs_group_nonadjacent,o,6,10,16,0.068,0.1149,-0.0469,-0.712,1.0671,group,88221,87002
direct_vs_group_nonadjacent,Angststörung,3,6,9,0.034,0.069,-0.035,-0.9132,1.0616,group,88221,87002
direct_vs_group_nonadjacent,Beide,3,6,9,0.034,0.069,-0.035,-0.9132,1.0616,group,88221,87002
direct_vs_group_nonadjacent,ED,3,6,9,0.034,0.069,-0.035,-0.9132,1.0616,group,88221,87002
direct_vs_group_nonadjacent,Luft,3,6,9,0.034,0.069,-0.035,-0.9132,1.0616,group,88221,87002
direct_vs_group_nonadjacent,Nähe,3,6,9,0.034,0.069,-0.035,-0.9132,1.0616,group,88221,87002
direct_vs_group_nonadjacent,OSAS,3,6,9,0.034,0.069,-0.035,-0.9132,1.0616,group,88221,87002
direct_vs_group_nonadjacent,Schlaflabor,3,6,9,0.034,0.069,-0.035,-0.9132,1.0616,group,88221,87002
direct_vs_group_nonadjacent,Schluss,3,6,9,0.034,0.069,-0.035,-0.9132,1.0616,group,88221,87002
direct_vs_group_nonadjacent,Situationen,3,6,9,0.034,0.069,-0.035,-0.9132,1.0616,group,88221,87002
direct_vs_group_nonadjacent,Tages,3,6,9,0.034,0.069,-0.035,-0.9132,1.0616,group,88221,87002
direct_vs_group_nonadjacent,Veränderung,3,6,9,0.034,0.069,-0.035,-0.9132,1.0616,group,88221,87002
direct_vs_group_nonadjacent,ambulanter,3,6,9,0.034,0.069,-0.035,-0.9132,1.0616,group,88221,87002
direct_vs_group_nonadjacent,entzügig,3,6,9,0.034,0.069,-0.035,-0.9132,1.0616,group,88221,87002
direct_vs_group_nonadjacent,heutigen,3,6,9,0.034,0.069,-0.035,-0.9132,1.0616,group,88221,87002
direct_vs_group_nonadjacent,kurzen,3,6,9,0.034,0.069,-0.035,-0.9132,1.0616,group,88221,87002
direct_vs_group_nonadjacent,mitgeteilt,3,6,9,0.034,0.069,-0.035,-0.9132,1.0616,group,88221,87002
direct_vs_group_nonadjacent,normalerweise,3,6,9,0.034,0.069,-0.035,-0.9132,1.0616,group,88221,87002
direct_vs_group_nonadjacent,vorsichtig,3,6,9,0.034,0.069,-0.035,-0.9132,1.0616,group,88221,87002
direct_vs_group_nonadjacent,wütend,3,6,9,0.034,0.069,-0.035,-0.9132,1.0616,group,88221,87002
direct_vs_group_nonadjacent,haben,176,155,331,1.995,1.7816,0.2134,0.1627,1.057,direct,88221,87002
direct_vs_group_nonadjacent,an,257,277,534,2.9131,3.1838,-0.2707,-0.128,1.0534,group,88221,87002
direct_vs_group_nonadjacent,aktuell,77,89,166,0.8728,1.023,-0.1502,-0.2278,1.0432,group,88221,87002
direct_vs_group_nonadjacent,Woche,259,233,492,2.9358,2.6781,0.2577,0.1322,1.0367,direct,88221,87002
direct_vs_group_nonadjacent,gemeinsam,14,9,23,0.1587,0.1034,0.0552,0.59,1.0272,direct,88221,87002
direct_vs_group_nonadjacent,warum,14,9,23,0.1587,0.1034,0.0552,0.59,1.0272,direct,88221,87002
direct_vs_group_nonadjacent,011,3,1,4,0.034,0.0115,0.0225,1.2023,1.0189,direct,88221,87002
direct_vs_group_nonadjacent,16Uhr,3,1,4,0.034,0.0115,0.0225,1.2023,1.0189,direct,88221,87002
direct_vs_group_nonadjacent,500,3,1,4,0.034,0.0115,0.0225,1.2023,1.0189,direct,88221,87002
direct_vs_group_nonadjacent,Abitur,3,1,4,0.034,0.0115,0.0225,1.2023,1.0189,direct,88221,87002
direct_vs_group_nonadjacent,Aid,3,1,4,0.034,0.0115,0.0225,1.2023,1.0189,direct,88221,87002
direct_vs_group_nonadjacent,Alternativ,3,1,4,0.034,0.0115,0.0225,1.2023,1.0189,direct,88221,87002
direct_vs_group_nonadjacent,Ambulanzbrief,3,1,4,0.034,0.0115,0.0225,1.2023,1.0189,direct,88221,87002
direct_vs_group_nonadjacent,Angaben,3,1,4,0.034,0.0115,0.0225,1.2023,1.0189,direct,88221,87002
direct_vs_group_nonadjacent,Anmerkungen,3,1,4,0.034,0.0115,0.0225,1.2023,1.0189,direct,88221,87002
direct_vs_group_nonadjacent,Atemübungen,3,1,4,0.034,0.0115,0.0225,1.2023,1.0189,direct,88221,87002
direct_vs_group_nonadjacent,Aufdosierung,3,1,4,0.034,0.0115,0.0225,1.2023,1.0189,direct,88221,87002
direct_vs_group_nonadjacent,Citalopram,3,1,4,0.034,0.0115,0.0225,1.2023,1.0189,direct,88221,87002
direct_vs_group_nonadjacent,Ernährungsanamnese,3,1,4,0.034,0.0115,0.0225,1.2023,1.0189,direct,88221,87002
direct_vs_group_nonadjacent,HA,3,1,4,0.034,0.0115,0.0225,1.2023,1.0189,direct,88221,87002
direct_vs_group_nonadjacent,Handynummer,3,1,4,0.034,0.0115,0.0225,1.2023,1.0189,direct,88221,87002
direct_vs_group_nonadjacent,Je,3,1,4,0.034,0.0115,0.0225,1.2023,1.0189,direct,88221,87002
direct_vs_group_nonadjacent,Kommt,3,1,4,0.034,0.0115,0.0225,1.2023,1.0189,direct,88221,87002
direct_vs_group_nonadjacent,Krebs,3,1,4,0.034,0.0115,0.0225,1.2023,1.0189,direct,88221,87002
direct_vs_group_nonadjacent,Laufen,3,1,4,0.034,0.0115,0.0225,1.2023,1.0189,direct,88221,87002
direct_vs_group_nonadjacent,Missverständnis,3,1,4,0.034,0.0115,0.0225,1.2023,1.0189,direct,88221,87002
direct_vs_group_nonadjacent,Müsste,3,1,4,0.034,0.0115,0.0225,1.2023,1.0189,direct,88221,87002
direct_vs_group_nonadjacent,Neues,3,1,4,0.034,0.0115,0.0225,1.2023,1.0189,direct,88221,87002
direct_vs_group_nonadjacent,Not,3,1,4,0.034,0.0115,0.0225,1.2023,1.0189,direct,88221,87002
direct_vs_group_nonadjacent,Nun,3,1,4,0.034,0.0115,0.0225,1.2023,1.0189,direct,88221,87002
direct_vs_group_nonadjacent,Nutzung,3,1,4,0.034,0.0115,0.0225,1.2023,1.0189,direct,88221,87002
direct_vs_group_nonadjacent,OG,3,1,4,0.034,0.0115,0.0225,1.2023,1.0189,direct,88221,87002
direct_vs_group_nonadjacent,Olanzapin,3,1,4,0.034,0.0115,0.0225,1.2023,1.0189,direct,88221,87002
direct_vs_group_nonadjacent,Orga,3,1,4,0.034,0.0115,0.0225,1.2023,1.0189,direct,88221,87002
direct_vs_group_nonadjacent,Psychiater,3,1,4,0.034,0.0115,0.0225,1.2023,1.0189,direct,88221,87002
direct_vs_group_nonadjacent,Sprich,3,1,4,0.034,0.0115,0.0225,1.2023,1.0189,direct,88221,87002
direct_vs_group_nonadjacent,Stimmt,3,1,4,0.034,0.0115,0.0225,1.2023,1.0189,direct,88221,87002
direct_vs_group_nonadjacent,Straße,3,1,4,0.034,0.0115,0.0225,1.2023,1.0189,direct,88221,87002
direct_vs_group_nonadjacent,Tavoreinnahme,3,1,4,0.034,0.0115,0.0225,1.2023,1.0189,direct,88221,87002
direct_vs_group_nonadjacent,Turnhalle,3,1,4,0.034,0.0115,0.0225,1.2023,1.0189,direct,88221,87002
direct_vs_group_nonadjacent,WAI,3,1,4,0.034,0.0115,0.0225,1.2023,1.0189,direct,88221,87002
direct_vs_group_nonadjacent,WL,3,1,4,0.034,0.0115,0.0225,1.2023,1.0189,direct,88221,87002
direct_vs_group_nonadjacent,Wochenstart,3,1,4,0.034,0.0115,0.0225,1.2023,1.0189,direct,88221,87002
direct_vs_group_nonadjacent,ZM,3,1,4,0.034,0.0115,0.0225,1.2023,1.0189,direct,88221,87002
direct_vs_group_nonadjacent,Zwischen,3,1,4,0.034,0.0115,0.0225,1.2023,1.0189,direct,88221,87002
direct_vs_group_nonadjacent,abwertend,3,1,4,0.034,0.0115,0.0225,1.2023,1.0189,direct,88221,87002
direct_vs_group_nonadjacent,antidepressiven,3,1,4,0.034,0.0115,0.0225,1.2023,1.0189,direct,88221,87002
direct_vs_group_nonadjacent,anzuschauen,3,1,4,0.034,0.0115,0.0225,1.2023,1.0189,direct,88221,87002
direct_vs_group_nonadjacent,ausfüllen,3,1,4,0.034,0.0115,0.0225,1.2023,1.0189,direct,88221,87002
direct_vs_group_nonadjacent,aushändigen,3,1,4,0.034,0.0115,0.0225,1.2023,1.0189,direct,88221,87002
direct_vs_group_nonadjacent,ausschließen,3,1,4,0.034,0.0115,0.0225,1.2023,1.0189,direct,88221,87002
direct_vs_group_nonadjacent,bekommst,3,1,4,0.034,0.0115,0.0225,1.2023,1.0189,direct,88221,87002
direct_vs_group_nonadjacent,bespricht,3,1,4,0.034,0.0115,0.0225,1.2023,1.0189,direct,88221,87002
direct_vs_group_nonadjacent,bestimmte,3,1,4,0.034,0.0115,0.0225,1.2023,1.0189,direct,88221,87002
direct_vs_group_nonadjacent,biographisch,3,1,4,0.034,0.0115,0.0225,1.2023,1.0189,direct,88221,87002
direct_vs_group_nonadjacent,dahingehend,3,1,4,0.034,0.0115,0.0225,1.2023,1.0189,direct,88221,87002
direct_vs_group_nonadjacent,dienstags,3,1,4,0.034,0.0115,0.0225,1.2023,1.0189,direct,88221,87002
direct_vs_group_nonadjacent,direkte,3,1,4,0.034,0.0115,0.0225,1.2023,1.0189,direct,88221,87002
direct_vs_group_nonadjacent,drücken,3,1,4,0.034,0.0115,0.0225,1.2023,1.0189,direct,88221,87002
direct_vs_group_nonadjacent,durcheinander,3,1,4,0.034,0.0115,0.0225,1.2023,1.0189,direct,88221,87002
direct_vs_group_nonadjacent,egal,3,1,4,0.034,0.0115,0.0225,1.2023,1.0189,direct,88221,87002
direct_vs_group_nonadjacent,ehe,3,1,4,0.034,0.0115,0.0225,1.2023,1.0189,direct,88221,87002
direct_vs_group_nonadjacent,eingewiesen,3,1,4,0.034,0.0115,0.0225,1.2023,1.0189,direct,88221,87002
direct_vs_group_nonadjacent,einzige,3,1,4,0.034,0.0115,0.0225,1.2023,1.0189,direct,88221,87002
direct_vs_group_nonadjacent,einzulassen,3,1,4,0.034,0.0115,0.0225,1.2023,1.0189,direct,88221,87002
direct_vs_group_nonadjacent,endlich,3,1,4,0.034,0.0115,0.0225,1.2023,1.0189,direct,88221,87002
direct_vs_group_nonadjacent,entscheidet,3,1,4,0.034,0.0115,0.0225,1.2023,1.0189,direct,88221,87002
direct_vs_group_nonadjacent,entsprechen,3,1,4,0.034,0.0115,0.0225,1.2023,1.0189,direct,88221,87002
direct_vs_group_nonadjacent,ergab,3,1,4,0.034,0.0115,0.0225,1.2023,1.0189,direct,88221,87002
direct_vs_group_nonadjacent,erwähnt,3,1,4,0.034,0.0115,0.0225,1.2023,1.0189,direct,88221,87002
direct_vs_group_nonadjacent,geeinigt,3,1,4,0.034,0.0115,0.0225,1.2023,1.0189,direct,88221,87002
direct_vs_group_nonadjacent,gemeinsames,3,1,4,0.034,0.0115,0.0225,1.2023,1.0189,direct,88221,87002
direct_vs_group_nonadjacent,gescreent,3,1,4,0.034,0.0115,0.0225,1.2023,1.0189,direct,88221,87002
direct_vs_group_nonadjacent,gestört,3,1,4,0.034,0.0115,0.0225,1.2023,1.0189,direct,88221,87002
direct_vs_group_nonadjacent,gleiche,3,1,4,0.034,0.0115,0.0225,1.2023,1.0189,direct,88221,87002
direct_vs_group_nonadjacent,gr,3,1,4,0.034,0.0115,0.0225,1.2023,1.0189,direct,88221,87002
direct_vs_group_nonadjacent,handhaben,3,1,4,0.034,0.0115,0.0225,1.2023,1.0189,direct,88221,87002
direct_vs_group_nonadjacent,herausgenommen,3,1,4,0.034,0.0115,0.0225,1.2023,1.0189,direct,88221,87002
direct_vs_group_nonadjacent,herzlich,3,1,4,0.034,0.0115,0.0225,1.2023,1.0189,direct,88221,87002
direct_vs_group_nonadjacent,hierfür,3,1,4,0.034,0.0115,0.0225,1.2023,1.0189,direct,88221,87002
direct_vs_group_nonadjacent,hinaus,3,1,4,0.034,0.0115,0.0225,1.2023,1.0189,direct,88221,87002
direct_vs_group_nonadjacent,komplizierter,3,1,4,0.034,0.0115,0.0225,1.2023,1.0189,direct,88221,87002
direct_vs_group_nonadjacent,konntest,3,1,4,0.034,0.0115,0.0225,1.2023,1.0189,direct,88221,87002
direct_vs_group_nonadjacent,leiden,3,1,4,0.034,0.0115,0.0225,1.2023,1.0189,direct,88221,87002
direct_vs_group_nonadjacent,mahlzeiten,3,1,4,0.034,0.0115,0.0225,1.2023,1.0189,direct,88221,87002
direct_vs_group_nonadjacent,meintest,3,1,4,0.034,0.0115,0.0225,1.2023,1.0189,direct,88221,87002
direct_vs_group_nonadjacent,mitkommen,3,1,4,0.034,0.0115,0.0225,1.2023,1.0189,direct,88221,87002
direct_vs_group_nonadjacent,mitnehmen,3,1,4,0.034,0.0115,0.0225,1.2023,1.0189,direct,88221,87002
direct_vs_group_nonadjacent,oral,3,1,4,0.034,0.0115,0.0225,1.2023,1.0189,direct,88221,87002
direct_vs_group_nonadjacent,privat,3,1,4,0.034,0.0115,0.0225,1.2023,1.0189,direct,88221,87002
direct_vs_group_nonadjacent,problematisch,3,1,4,0.034,0.0115,0.0225,1.2023,1.0189,direct,88221,87002
direct_vs_group_nonadjacent,ran,3,1,4,0.034,0.0115,0.0225,1.2023,1.0189,direct,88221,87002
direct_vs_group_nonadjacent,sauer,3,1,4,0.034,0.0115,0.0225,1.2023,1.0189,direct,88221,87002
direct_vs_group_nonadjacent,spinnt,3,1,4,0.034,0.0115,0.0225,1.2023,1.0189,direct,88221,87002
direct_vs_group_nonadjacent,strukturiert,3,1,4,0.034,0.0115,0.0225,1.2023,1.0189,direct,88221,87002
direct_vs_group_nonadjacent,sun_with_face,3,1,4,0.034,0.0115,0.0225,1.2023,1.0189,direct,88221,87002
direct_vs_group_nonadjacent,t,3,1,4,0.034,0.0115,0.0225,1.2023,1.0189,direct,88221,87002
direct_vs_group_nonadjacent,theoretisch,3,1,4,0.034,0.0115,0.0225,1.2023,1.0189,direct,88221,87002
direct_vs_group_nonadjacent,verbessert,3,1,4,0.034,0.0115,0.0225,1.2023,1.0189,direct,88221,87002
direct_vs_group_nonadjacent,verheiratet,3,1,4,0.034,0.0115,0.0225,1.2023,1.0189,direct,88221,87002
direct_vs_group_nonadjacent,versehentlich,3,1,4,0.034,0.0115,0.0225,1.2023,1.0189,direct,88221,87002
direct_vs_group_nonadjacent,vertrag,3,1,4,0.034,0.0115,0.0225,1.2023,1.0189,direct,88221,87002
direct_vs_group_nonadjacent,vieler,3,1,4,0.034,0.0115,0.0225,1.2023,1.0189,direct,88221,87002
direct_vs_group_nonadjacent,viertel,3,1,4,0.034,0.0115,0.0225,1.2023,1.0189,direct,88221,87002
direct_vs_group_nonadjacent,wollt,3,1,4,0.034,0.0115,0.0225,1.2023,1.0189,direct,88221,87002
direct_vs_group_nonadjacent,woran,3,1,4,0.034,0.0115,0.0225,1.2023,1.0189,direct,88221,87002
direct_vs_group_nonadjacent,zunimmt,3,1,4,0.034,0.0115,0.0225,1.2023,1.0189,direct,88221,87002
direct_vs_group_nonadjacent,überwertigen,3,1,4,0.034,0.0115,0.0225,1.2023,1.0189,direct,88221,87002
direct_vs_group_nonadjacent,ihn,78,65,143,0.8841,0.7471,0.137,0.2411,1.0095,direct,88221,87002
direct_vs_group_nonadjacent,empfehlen,11,16,27,0.1247,0.1839,-0.0592,-0.5409,1.0022,group,88221,87002
direct_vs_group_nonadjacent,ausstehend,33,25,58,0.3741,0.2873,0.0867,0.3736,0.9985,direct,88221,87002
direct_vs_group_nonadjacent,24,6,3,9,0.068,0.0345,0.0335,0.873,0.9781,direct,88221,87002
direct_vs_group_nonadjacent,ADHS,6,3,9,0.068,0.0345,0.0335,0.873,0.9781,direct,88221,87002
direct_vs_group_nonadjacent,Bisher,6,3,9,0.068,0.0345,0.0335,0.873,0.9781,direct,88221,87002
direct_vs_group_nonadjacent,CK,6,3,9,0.068,0.0345,0.0335,0.873,0.9781,direct,88221,87002
direct_vs_group_nonadjacent,Corona,6,3,9,0.068,0.0345,0.0335,0.873,0.9781,direct,88221,87002
direct_vs_group_nonadjacent,Erfahrung,6,3,9,0.068,0.0345,0.0335,0.873,0.9781,direct,88221,87002
direct_vs_group_nonadjacent,Finde,6,3,9,0.068,0.0345,0.0335,0.873,0.9781,direct,88221,87002
direct_vs_group_nonadjacent,Nur,6,3,9,0.068,0.0345,0.0335,0.873,0.9781,direct,88221,87002
direct_vs_group_nonadjacent,PhysMed,6,3,9,0.068,0.0345,0.0335,0.873,0.9781,direct,88221,87002
direct_vs_group_nonadjacent,Stunden,6,3,9,0.068,0.0345,0.0335,0.873,0.9781,direct,88221,87002
direct_vs_group_nonadjacent,Suche,6,3,9,0.068,0.0345,0.0335,0.873,0.9781,direct,88221,87002
direct_vs_group_nonadjacent,Telefon,6,3,9,0.068,0.0345,0.0335,0.873,0.9781,direct,88221,87002
direct_vs_group_nonadjacent,Wert,6,3,9,0.068,0.0345,0.0335,0.873,0.9781,direct,88221,87002
direct_vs_group_nonadjacent,Zeitraum,6,3,9,0.068,0.0345,0.0335,0.873,0.9781,direct,88221,87002
direct_vs_group_nonadjacent,absprechen,6,3,9,0.068,0.0345,0.0335,0.873,0.9781,direct,88221,87002
direct_vs_group_nonadjacent,anzurufen,6,3,9,0.068,0.0345,0.0335,0.873,0.9781,direct,88221,87002
direct_vs_group_nonadjacent,aufgefallen,6,3,9,0.068,0.0345,0.0335,0.873,0.9781,direct,88221,87002
direct_vs_group_nonadjacent,gesucht,6,3,9,0.068,0.0345,0.0335,0.873,0.9781,direct,88221,87002
direct_vs_group_nonadjacent,jederzeit,6,3,9,0.068,0.0345,0.0335,0.873,0.9781,direct,88221,87002
direct_vs_group_nonadjacent,weder,6,3,9,0.068,0.0345,0.0335,0.873,0.9781,direct,88221,87002
direct_vs_group_nonadjacent,wiederum,6,3,9,0.068,0.0345,0.0335,0.873,0.9781,direct,88221,87002
direct_vs_group_nonadjacent,willkommen,6,3,9,0.068,0.0345,0.0335,0.873,0.9781,direct,88221,87002
direct_vs_group_nonadjacent,wolltest,6,3,9,0.068,0.0345,0.0335,0.873,0.9781,direct,88221,87002
direct_vs_group_nonadjacent,zB,6,3,9,0.068,0.0345,0.0335,0.873,0.9781,direct,88221,87002
direct_vs_group_nonadjacent,sollten,25,32,57,0.2834,0.3678,-0.0844,-0.37,0.962,group,88221,87002
direct_vs_group_nonadjacent,Verlauf,34,42,76,0.3854,0.4827,-0.0974,-0.3209,0.9587,group,88221,87002
direct_vs_group_nonadjacent,Bekommt,10,6,16,0.1134,0.069,0.0444,0.6718,0.9558,direct,88221,87002
direct_vs_group_nonadjacent,HWS,10,6,16,0.1134,0.069,0.0444,0.6718,0.9558,direct,88221,87002
direct_vs_group_nonadjacent,Rekonsil,10,6,16,0.1134,0.069,0.0444,0.6718,0.9558,direct,88221,87002
direct_vs_group_nonadjacent,austauschen,10,6,16,0.1134,0.069,0.0444,0.6718,0.9558,direct,88221,87002
direct_vs_group_nonadjacent,erklären,10,6,16,0.1134,0.069,0.0444,0.6718,0.9558,direct,88221,87002
direct_vs_group_nonadjacent,jemanden,10,6,16,0.1134,0.069,0.0444,0.6718,0.9558,direct,88221,87002
direct_vs_group_nonadjacent,warten,10,6,16,0.1134,0.069,0.0444,0.6718,0.9558,direct,88221,87002
direct_vs_group_nonadjacent,Daher,7,11,18,0.0793,0.1264,-0.0471,-0.6367,0.9529,group,88221,87002
direct_vs_group_nonadjacent,PS,7,11,18,0.0793,0.1264,-0.0471,-0.6367,0.9529,group,88221,87002
direct_vs_group_nonadjacent,Spätdienst,7,11,18,0.0793,0.1264,-0.0471,-0.6367,0.9529,group,88221,87002
direct_vs_group_nonadjacent,toll,7,11,18,0.0793,0.1264,-0.0471,-0.6367,0.9529,group,88221,87002
direct_vs_group_nonadjacent,sollte,57,67,124,0.6461,0.7701,-0.124,-0.2514,0.9525,group,88221,87002
direct_vs_group_nonadjacent,übernehmen,45,54,99,0.5101,0.6207,-0.1106,-0.2805,0.9493,group,88221,87002
direct_vs_group_nonadjacent,ging,18,24,42,0.204,0.2759,-0.0718,-0.4253,0.9456,group,88221,87002
direct_vs_group_nonadjacent,Eine,15,10,25,0.17,0.1149,0.0551,0.5418,0.9384,direct,88221,87002
direct_vs_group_nonadjacent,Nachmittag,15,10,25,0.17,0.1149,0.0551,0.5418,0.9384,direct,88221,87002
direct_vs_group_nonadjacent,Wäre,15,10,25,0.17,0.1149,0.0551,0.5418,0.9384,direct,88221,87002
direct_vs_group_nonadjacent,unsicher,15,10,25,0.17,0.1149,0.0551,0.5418,0.9384,direct,88221,87002
direct_vs_group_nonadjacent,raus,43,34,77,0.4874,0.3908,0.0966,0.3143,0.9329,direct,88221,87002
direct_vs_group_nonadjacent,weiter,59,69,128,0.6688,0.7931,-0.1243,-0.2442,0.9274,group,88221,87002
direct_vs_group_nonadjacent,Hashtag_Frau,4,7,11,0.0453,0.0805,-0.0351,-0.757,0.8709,group,88221,87002
direct_vs_group_nonadjacent,Könnte,4,7,11,0.0453,0.0805,-0.0351,-0.757,0.8709,group,88221,87002
direct_vs_group_nonadjacent,Stelle,4,7,11,0.0453,0.0805,-0.0351,-0.757,0.8709,group,88221,87002
direct_vs_group_nonadjacent,VG,4,7,11,0.0453,0.0805,-0.0351,-0.757,0.8709,group,88221,87002
direct_vs_group_nonadjacent,damals,4,7,11,0.0453,0.0805,-0.0351,-0.757,0.8709,group,88221,87002
direct_vs_group_nonadjacent,grundsätzlich,4,7,11,0.0453,0.0805,-0.0351,-0.757,0.8709,group,88221,87002
direct_vs_group_nonadjacent,wollten,4,7,11,0.0453,0.0805,-0.0351,-0.757,0.8709,group,88221,87002
direct_vs_group_nonadjacent,äußerte,4,7,11,0.0453,0.0805,-0.0351,-0.757,0.8709,group,88221,87002
direct_vs_group_nonadjacent,vermutlich,20,26,46,0.2267,0.2988,-0.0721,-0.3904,0.8706,group,88221,87002
direct_vs_group_nonadjacent,War,16,11,27,0.1814,0.1264,0.0549,0.5008,0.863,direct,88221,87002
direct_vs_group_nonadjacent,angeordnet,16,11,27,0.1814,0.1264,0.0549,0.5008,0.863,direct,88221,87002
direct_vs_group_nonadjacent,Regeln,8,12,20,0.0907,0.1379,-0.0472,-0.5765,0.862,group,88221,87002
direct_vs_group_nonadjacent,VD,8,12,20,0.0907,0.1379,-0.0472,-0.5765,0.862,group,88221,87002
direct_vs_group_nonadjacent,anfangen,8,12,20,0.0907,0.1379,-0.0472,-0.5765,0.862,group,88221,87002
direct_vs_group_nonadjacent,Reevaluation,11,7,18,0.1247,0.0805,0.0442,0.5966,0.8416,direct,88221,87002
direct_vs_group_nonadjacent,abnehmen,11,7,18,0.1247,0.0805,0.0442,0.5966,0.8416,direct,88221,87002
direct_vs_group_nonadjacent,email,11,7,18,0.1247,0.0805,0.0442,0.5966,0.8416,direct,88221,87002
direct_vs_group_nonadjacent,psychische,11,7,18,0.1247,0.0805,0.0442,0.5966,0.8416,direct,88221,87002
direct_vs_group_nonadjacent,sobald,11,7,18,0.1247,0.0805,0.0442,0.5966,0.8416,direct,88221,87002
direct_vs_group_nonadjacent,unser,11,7,18,0.1247,0.0805,0.0442,0.5966,0.8416,direct,88221,87002
direct_vs_group_nonadjacent,Montag,86,97,183,0.9748,1.1149,-0.1401,-0.1928,0.8235,group,88221,87002
direct_vs_group_nonadjacent,einer,92,79,171,1.0428,0.908,0.1348,0.1984,0.8167,direct,88221,87002
direct_vs_group_nonadjacent,gegangen,22,28,50,0.2494,0.3218,-0.0725,-0.3611,0.8076,group,88221,87002
direct_vs_group_nonadjacent,Außerdem,17,12,29,0.1927,0.1379,0.0548,0.4654,0.7982,direct,88221,87002
direct_vs_group_nonadjacent,Gewichtsvereinbarung,17,12,29,0.1927,0.1379,0.0548,0.4654,0.7982,direct,88221,87002
direct_vs_group_nonadjacent,alleine,17,12,29,0.1927,0.1379,0.0548,0.4654,0.7982,direct,88221,87002
direct_vs_group_nonadjacent,Minuten,9,13,22,0.102,0.1494,-0.0474,-0.527,0.7881,group,88221,87002
direct_vs_group_nonadjacent,würden,15,20,35,0.17,0.2299,-0.0599,-0.4234,0.788,group,88221,87002
direct_vs_group_nonadjacent,ASS,7,4,11,0.0793,0.046,0.0334,0.7169,0.7874,direct,88221,87002
direct_vs_group_nonadjacent,Name,7,4,11,0.0793,0.046,0.0334,0.7169,0.7874,direct,88221,87002
direct_vs_group_nonadjacent,Schnelltest,7,4,11,0.0793,0.046,0.0334,0.7169,0.7874,direct,88221,87002
direct_vs_group_nonadjacent,angetroffen,7,4,11,0.0793,0.046,0.0334,0.7169,0.7874,direct,88221,87002
direct_vs_group_nonadjacent,eingefügt,7,4,11,0.0793,0.046,0.0334,0.7169,0.7874,direct,88221,87002
direct_vs_group_nonadjacent,fragte,7,4,11,0.0793,0.046,0.0334,0.7169,0.7874,direct,88221,87002
direct_vs_group_nonadjacent,hypertensiver,7,4,11,0.0793,0.046,0.0334,0.7169,0.7874,direct,88221,87002
direct_vs_group_nonadjacent,häufig,7,4,11,0.0793,0.046,0.0334,0.7169,0.7874,direct,88221,87002
direct_vs_group_nonadjacent,interessant,7,4,11,0.0793,0.046,0.0334,0.7169,0.7874,direct,88221,87002
direct_vs_group_nonadjacent,kennst,7,4,11,0.0793,0.046,0.0334,0.7169,0.7874,direct,88221,87002
direct_vs_group_nonadjacent,mitbringen,7,4,11,0.0793,0.046,0.0334,0.7169,0.7874,direct,88221,87002
direct_vs_group_nonadjacent,profitieren,7,4,11,0.0793,0.046,0.0334,0.7169,0.7874,direct,88221,87002
direct_vs_group_nonadjacent,solltest,7,4,11,0.0793,0.046,0.0334,0.7169,0.7874,direct,88221,87002
direct_vs_group_nonadjacent,stand,7,4,11,0.0793,0.046,0.0334,0.7169,0.7874,direct,88221,87002
direct_vs_group_nonadjacent,schwierig,24,18,42,0.272,0.2069,0.0652,0.3852,0.7786,direct,88221,87002
direct_vs_group_nonadjacent,Gespräch,71,60,131,0.8048,0.6896,0.1152,0.2209,0.778,direct,88221,87002
direct_vs_group_nonadjacent,nächsten,33,40,73,0.3741,0.4598,-0.0857,-0.2938,0.7732,group,88221,87002
direct_vs_group_nonadjacent,meiner,24,30,54,0.272,0.3448,-0.0728,-0.3361,0.7541,group,88221,87002
direct_vs_group_nonadjacent,sondern,24,30,54,0.272,0.3448,-0.0728,-0.3361,0.7541,group,88221,87002
direct_vs_group_nonadjacent,Plan,12,8,20,0.136,0.092,0.0441,0.5363,0.7507,direct,88221,87002
direct_vs_group_nonadjacent,zusätzlich,12,8,20,0.136,0.092,0.0441,0.5363,0.7507,direct,88221,87002
direct_vs_group_nonadjacent,Würde,18,13,31,0.204,0.1494,0.0546,0.4345,0.7419,direct,88221,87002
direct_vs_group_nonadjacent,Beziehung,5,8,13,0.0567,0.092,-0.0353,-0.6481,0.741,group,88221,87002
direct_vs_group_nonadjacent,Gewichtsziel,5,8,13,0.0567,0.092,-0.0353,-0.6481,0.741,group,88221,87002
direct_vs_group_nonadjacent,Hand,5,8,13,0.0567,0.092,-0.0353,-0.6481,0.741,group,88221,87002
direct_vs_group_nonadjacent,Wiederaufnahme,5,8,13,0.0567,0.092,-0.0353,-0.6481,0.741,group,88221,87002
direct_vs_group_nonadjacent,einfügen,5,8,13,0.0567,0.092,-0.0353,-0.6481,0.741,group,88221,87002
direct_vs_group_nonadjacent,erneute,5,8,13,0.0567,0.092,-0.0353,-0.6481,0.741,group,88221,87002
direct_vs_group_nonadjacent,interessiert,5,8,13,0.0567,0.092,-0.0353,-0.6481,0.741,group,88221,87002
direct_vs_group_nonadjacent,ziehen,5,8,13,0.0567,0.092,-0.0353,-0.6481,0.741,group,88221,87002
direct_vs_group_nonadjacent,Kanal,25,19,44,0.2834,0.2184,0.065,0.3669,0.7394,direct,88221,87002
direct_vs_group_nonadjacent,falls,74,63,137,0.8388,0.7241,0.1147,0.2104,0.7377,direct,88221,87002
direct_vs_group_nonadjacent,15,52,43,95,0.5894,0.4942,0.0952,0.2512,0.7333,direct,88221,87002
direct_vs_group_nonadjacent,Mittagessen,10,14,24,0.1134,0.1609,-0.0476,-0.4857,0.7266,group,88221,87002
direct_vs_group_nonadjacent,kleine,10,14,24,0.1134,0.1609,-0.0476,-0.4857,0.7266,group,88221,87002
direct_vs_group_nonadjacent,diesen,17,22,39,0.1927,0.2529,-0.0602,-0.3826,0.7143,group,88221,87002
direct_vs_group_nonadjacent,gibt,76,65,141,0.8615,0.7471,0.1144,0.2039,0.7128,direct,88221,87002
direct_vs_group_nonadjacent,23,2,4,6,0.0227,0.046,-0.0233,-0.8681,0.7077,group,88221,87002
direct_vs_group_nonadjacent,Ansprechpartner,2,4,6,0.0227,0.046,-0.0233,-0.8681,0.7077,group,88221,87002
direct_vs_group_nonadjacent,Auseinandersetzung,2,4,6,0.0227,0.046,-0.0233,-0.8681,0.7077,group,88221,87002
direct_vs_group_nonadjacent,Beinödeme,2,4,6,0.0227,0.046,-0.0233,-0.8681,0.7077,group,88221,87002
direct_vs_group_nonadjacent,Bindung,2,4,6,0.0227,0.046,-0.0233,-0.8681,0.7077,group,88221,87002
direct_vs_group_nonadjacent,C,2,4,6,0.0227,0.046,-0.0233,-0.8681,0.7077,group,88221,87002
direct_vs_group_nonadjacent,Damit,2,4,6,0.0227,0.046,-0.0233,-0.8681,0.7077,group,88221,87002
direct_vs_group_nonadjacent,Erfolg,2,4,6,0.0227,0.046,-0.0233,-0.8681,0.7077,group,88221,87002
direct_vs_group_nonadjacent,Essverhalten,2,4,6,0.0227,0.046,-0.0233,-0.8681,0.7077,group,88221,87002
direct_vs_group_nonadjacent,Feiertagen,2,4,6,0.0227,0.046,-0.0233,-0.8681,0.7077,group,88221,87002
direct_vs_group_nonadjacent,Fähigkeiten,2,4,6,0.0227,0.046,-0.0233,-0.8681,0.7077,group,88221,87002
direct_vs_group_nonadjacent,Generell,2,4,6,0.0227,0.046,-0.0233,-0.8681,0.7077,group,88221,87002
direct_vs_group_nonadjacent,Gruppensitzung,2,4,6,0.0227,0.046,-0.0233,-0.8681,0.7077,group,88221,87002
direct_vs_group_nonadjacent,Gruppenvisite,2,4,6,0.0227,0.046,-0.0233,-0.8681,0.7077,group,88221,87002
direct_vs_group_nonadjacent,Microsoft,2,4,6,0.0227,0.046,-0.0233,-0.8681,0.7077,group,88221,87002
direct_vs_group_nonadjacent,Mirta,2,4,6,0.0227,0.046,-0.0233,-0.8681,0.7077,group,88221,87002
direct_vs_group_nonadjacent,Partnerschaft,2,4,6,0.0227,0.046,-0.0233,-0.8681,0.7077,group,88221,87002
direct_vs_group_nonadjacent,Psychiaterin,2,4,6,0.0227,0.046,-0.0233,-0.8681,0.7077,group,88221,87002
direct_vs_group_nonadjacent,Reaktion,2,4,6,0.0227,0.046,-0.0233,-0.8681,0.7077,group,88221,87002
direct_vs_group_nonadjacent,SPD,2,4,6,0.0227,0.046,-0.0233,-0.8681,0.7077,group,88221,87002
direct_vs_group_nonadjacent,Schweigepflichtentbindung,2,4,6,0.0227,0.046,-0.0233,-0.8681,0.7077,group,88221,87002
direct_vs_group_nonadjacent,Sommer,2,4,6,0.0227,0.046,-0.0233,-0.8681,0.7077,group,88221,87002
direct_vs_group_nonadjacent,Sondennahrung,2,4,6,0.0227,0.046,-0.0233,-0.8681,0.7077,group,88221,87002
direct_vs_group_nonadjacent,TP,2,4,6,0.0227,0.046,-0.0233,-0.8681,0.7077,group,88221,87002
direct_vs_group_nonadjacent,Unruhe,2,4,6,0.0227,0.046,-0.0233,-0.8681,0.7077,group,88221,87002
direct_vs_group_nonadjacent,Vorbefunden,2,4,6,0.0227,0.046,-0.0233,-0.8681,0.7077,group,88221,87002
direct_vs_group_nonadjacent,Vordergrund,2,4,6,0.0227,0.046,-0.0233,-0.8681,0.7077,group,88221,87002
direct_vs_group_nonadjacent,Werde,2,4,6,0.0227,0.046,-0.0233,-0.8681,0.7077,group,88221,87002
direct_vs_group_nonadjacent,Wurde,2,4,6,0.0227,0.046,-0.0233,-0.8681,0.7077,group,88221,87002
direct_vs_group_nonadjacent,Zwischenmahlzeiten,2,4,6,0.0227,0.046,-0.0233,-0.8681,0.7077,group,88221,87002
direct_vs_group_nonadjacent,aktueller,2,4,6,0.0227,0.046,-0.0233,-0.8681,0.7077,group,88221,87002
direct_vs_group_nonadjacent,angebunden,2,4,6,0.0227,0.046,-0.0233,-0.8681,0.7077,group,88221,87002
direct_vs_group_nonadjacent,aufzunehmen,2,4,6,0.0227,0.046,-0.0233,-0.8681,0.7077,group,88221,87002
direct_vs_group_nonadjacent,außen,2,4,6,0.0227,0.046,-0.0233,-0.8681,0.7077,group,88221,87002
direct_vs_group_nonadjacent,behandeln,2,4,6,0.0227,0.046,-0.0233,-0.8681,0.7077,group,88221,87002
direct_vs_group_nonadjacent,beklagt,2,4,6,0.0227,0.046,-0.0233,-0.8681,0.7077,group,88221,87002
direct_vs_group_nonadjacent,beschreiben,2,4,6,0.0227,0.046,-0.0233,-0.8681,0.7077,group,88221,87002
direct_vs_group_nonadjacent,check,2,4,6,0.0227,0.046,-0.0233,-0.8681,0.7077,group,88221,87002
direct_vs_group_nonadjacent,eindeutig,2,4,6,0.0227,0.046,-0.0233,-0.8681,0.7077,group,88221,87002
direct_vs_group_nonadjacent,erfüllen,2,4,6,0.0227,0.046,-0.0233,-0.8681,0.7077,group,88221,87002
direct_vs_group_nonadjacent,eurer,2,4,6,0.0227,0.046,-0.0233,-0.8681,0.7077,group,88221,87002
direct_vs_group_nonadjacent,falle,2,4,6,0.0227,0.046,-0.0233,-0.8681,0.7077,group,88221,87002
direct_vs_group_nonadjacent,fing,2,4,6,0.0227,0.046,-0.0233,-0.8681,0.7077,group,88221,87002
direct_vs_group_nonadjacent,formal,2,4,6,0.0227,0.046,-0.0233,-0.8681,0.7077,group,88221,87002
direct_vs_group_nonadjacent,großer,2,4,6,0.0227,0.046,-0.0233,-0.8681,0.7077,group,88221,87002
direct_vs_group_nonadjacent,iv,2,4,6,0.0227,0.046,-0.0233,-0.8681,0.7077,group,88221,87002
direct_vs_group_nonadjacent,konfrontieren,2,4,6,0.0227,0.046,-0.0233,-0.8681,0.7077,group,88221,87002
direct_vs_group_nonadjacent,lief,2,4,6,0.0227,0.046,-0.0233,-0.8681,0.7077,group,88221,87002
direct_vs_group_nonadjacent,mitgebracht,2,4,6,0.0227,0.046,-0.0233,-0.8681,0.7077,group,88221,87002
direct_vs_group_nonadjacent,mitgegeben,2,4,6,0.0227,0.046,-0.0233,-0.8681,0.7077,group,88221,87002
direct_vs_group_nonadjacent,neues,2,4,6,0.0227,0.046,-0.0233,-0.8681,0.7077,group,88221,87002
direct_vs_group_nonadjacent,psychotherapeutische,2,4,6,0.0227,0.046,-0.0233,-0.8681,0.7077,group,88221,87002
direct_vs_group_nonadjacent,realistisch,2,4,6,0.0227,0.046,-0.0233,-0.8681,0.7077,group,88221,87002
direct_vs_group_nonadjacent,skeptisch,2,4,6,0.0227,0.046,-0.0233,-0.8681,0.7077,group,88221,87002
direct_vs_group_nonadjacent,somit,2,4,6,0.0227,0.046,-0.0233,-0.8681,0.7077,group,88221,87002
direct_vs_group_nonadjacent,unterhalten,2,4,6,0.0227,0.046,-0.0233,-0.8681,0.7077,group,88221,87002
direct_vs_group_nonadjacent,unterwegs,2,4,6,0.0227,0.046,-0.0233,-0.8681,0.7077,group,88221,87002
direct_vs_group_nonadjacent,verabschiede,2,4,6,0.0227,0.046,-0.0233,-0.8681,0.7077,group,88221,87002
direct_vs_group_nonadjacent,vorherigen,2,4,6,0.0227,0.046,-0.0233,-0.8681,0.7077,group,88221,87002
direct_vs_group_nonadjacent,wahrzunehmen,2,4,6,0.0227,0.046,-0.0233,-0.8681,0.7077,group,88221,87002
direct_vs_group_nonadjacent,hier,160,173,333,1.8136,1.9885,-0.1748,-0.1324,0.7046,group,88221,87002
direct_vs_group_nonadjacent,neuen,26,20,46,0.2947,0.2299,0.0648,0.3503,0.7036,direct,88221,87002
direct_vs_group_nonadjacent,habt,19,14,33,0.2154,0.1609,0.0545,0.4073,0.6925,direct,88221,87002
direct_vs_group_nonadjacent,In,27,33,60,0.306,0.3793,-0.0733,-0.3048,0.6874,group,88221,87002
direct_vs_group_nonadjacent,2x,18,23,41,0.204,0.2644,-0.0603,-0.3652,0.6828,group,88221,87002
direct_vs_group_nonadjacent,ganze,13,9,22,0.1474,0.1034,0.0439,0.4869,0.6767,direct,88221,87002
direct_vs_group_nonadjacent,Quetiapin,11,15,26,0.1247,0.1724,-0.0477,-0.4507,0.6747,group,88221,87002
direct_vs_group_nonadjacent,entschieden,11,15,26,0.1247,0.1724,-0.0477,-0.4507,0.6747,group,88221,87002
direct_vs_group_nonadjacent,für,595,615,1210,6.7444,7.0688,-0.3244,-0.0677,0.6674,group,88221,87002
direct_vs_group_nonadjacent,ihm,80,69,149,0.9068,0.7931,0.1137,0.1919,0.667,direct,88221,87002
direct_vs_group_nonadjacent,Augang,8,5,13,0.0907,0.0575,0.0332,0.608,0.6575,direct,88221,87002
direct_vs_group_nonadjacent,Gibt,8,5,13,0.0907,0.0575,0.0332,0.608,0.6575,direct,88221,87002
direct_vs_group_nonadjacent,T2,8,5,13,0.0907,0.0575,0.0332,0.608,0.6575,direct,88221,87002
direct_vs_group_nonadjacent,käme,8,5,13,0.0907,0.0575,0.0332,0.608,0.6575,direct,88221,87002
direct_vs_group_nonadjacent,somatischen,8,5,13,0.0907,0.0575,0.0332,0.608,0.6575,direct,88221,87002
direct_vs_group_nonadjacent,spreche,8,5,13,0.0907,0.0575,0.0332,0.608,0.6575,direct,88221,87002
direct_vs_group_nonadjacent,10,81,70,151,0.9181,0.8046,0.1136,0.1891,0.6563,direct,88221,87002
direct_vs_group_nonadjacent,will,46,38,84,0.5214,0.4368,0.0846,0.2523,0.6558,direct,88221,87002
direct_vs_group_nonadjacent,Do,19,24,43,0.2154,0.2759,-0.0605,-0.3494,0.6544,group,88221,87002
direct_vs_group_nonadjacent,täglich,19,24,43,0.2154,0.2759,-0.0605,-0.3494,0.6544,group,88221,87002
direct_vs_group_nonadjacent,Monat,41,48,89,0.4647,0.5517,-0.087,-0.2449,0.6528,group,88221,87002
direct_vs_group_nonadjacent,08,4,2,6,0.0453,0.023,0.0224,0.8279,0.6521,direct,88221,87002
direct_vs_group_nonadjacent,12Uhr,4,2,6,0.0453,0.023,0.0224,0.8279,0.6521,direct,88221,87002
direct_vs_group_nonadjacent,Ambivalenz,4,2,6,0.0453,0.023,0.0224,0.8279,0.6521,direct,88221,87002
direct_vs_group_nonadjacent,Außen,4,2,6,0.0453,0.023,0.0224,0.8279,0.6521,direct,88221,87002
direct_vs_group_nonadjacent,Bewegungs,4,2,6,0.0453,0.023,0.0224,0.8279,0.6521,direct,88221,87002
direct_vs_group_nonadjacent,Bezüglich,4,2,6,0.0453,0.023,0.0224,0.8279,0.6521,direct,88221,87002
direct_vs_group_nonadjacent,Endometriosebereich,4,2,6,0.0453,0.023,0.0224,0.8279,0.6521,direct,88221,87002
direct_vs_group_nonadjacent,ITS,4,2,6,0.0453,0.023,0.0224,0.8279,0.6521,direct,88221,87002
direct_vs_group_nonadjacent,Interaktionen,4,2,6,0.0453,0.023,0.0224,0.8279,0.6521,direct,88221,87002
direct_vs_group_nonadjacent,Interview,4,2,6,0.0453,0.023,0.0224,0.8279,0.6521,direct,88221,87002
direct_vs_group_nonadjacent,Kongress,4,2,6,0.0453,0.023,0.0224,0.8279,0.6521,direct,88221,87002
direct_vs_group_nonadjacent,Kunst,4,2,6,0.0453,0.023,0.0224,0.8279,0.6521,direct,88221,87002
direct_vs_group_nonadjacent,Logopädie,4,2,6,0.0453,0.023,0.0224,0.8279,0.6521,direct,88221,87002
direct_vs_group_nonadjacent,Lösung,4,2,6,0.0453,0.023,0.0224,0.8279,0.6521,direct,88221,87002
direct_vs_group_nonadjacent,Magnesium,4,2,6,0.0453,0.023,0.0224,0.8279,0.6521,direct,88221,87002
direct_vs_group_nonadjacent,Neurosono,4,2,6,0.0453,0.023,0.0224,0.8279,0.6521,direct,88221,87002
direct_vs_group_nonadjacent,Partner,4,2,6,0.0453,0.023,0.0224,0.8279,0.6521,direct,88221,87002
direct_vs_group_nonadjacent,Psychotherapeuten,4,2,6,0.0453,0.023,0.0224,0.8279,0.6521,direct,88221,87002
direct_vs_group_nonadjacent,Recht,4,2,6,0.0453,0.023,0.0224,0.8279,0.6521,direct,88221,87002
direct_vs_group_nonadjacent,Sohn,4,2,6,0.0453,0.023,0.0224,0.8279,0.6521,direct,88221,87002
direct_vs_group_nonadjacent,Substanzkonsum,4,2,6,0.0453,0.023,0.0224,0.8279,0.6521,direct,88221,87002
direct_vs_group_nonadjacent,Thematik,4,2,6,0.0453,0.023,0.0224,0.8279,0.6521,direct,88221,87002
direct_vs_group_nonadjacent,Visitenliste,4,2,6,0.0453,0.023,0.0224,0.8279,0.6521,direct,88221,87002
direct_vs_group_nonadjacent,absolviert,4,2,6,0.0453,0.023,0.0224,0.8279,0.6521,direct,88221,87002
direct_vs_group_nonadjacent,bat,4,2,6,0.0453,0.023,0.0224,0.8279,0.6521,direct,88221,87002
direct_vs_group_nonadjacent,depressiver,4,2,6,0.0453,0.023,0.0224,0.8279,0.6521,direct,88221,87002
direct_vs_group_nonadjacent,donnerstag,4,2,6,0.0453,0.023,0.0224,0.8279,0.6521,direct,88221,87002
direct_vs_group_nonadjacent,eMed,4,2,6,0.0453,0.023,0.0224,0.8279,0.6521,direct,88221,87002
direct_vs_group_nonadjacent,erkrankt,4,2,6,0.0453,0.023,0.0224,0.8279,0.6521,direct,88221,87002
direct_vs_group_nonadjacent,fehlender,4,2,6,0.0453,0.023,0.0224,0.8279,0.6521,direct,88221,87002
direct_vs_group_nonadjacent,fordert,4,2,6,0.0453,0.023,0.0224,0.8279,0.6521,direct,88221,87002
direct_vs_group_nonadjacent,gelandet,4,2,6,0.0453,0.023,0.0224,0.8279,0.6521,direct,88221,87002
direct_vs_group_nonadjacent,getestet,4,2,6,0.0453,0.023,0.0224,0.8279,0.6521,direct,88221,87002
direct_vs_group_nonadjacent,groß,4,2,6,0.0453,0.023,0.0224,0.8279,0.6521,direct,88221,87002
direct_vs_group_nonadjacent,hattet,4,2,6,0.0453,0.023,0.0224,0.8279,0.6521,direct,88221,87002
direct_vs_group_nonadjacent,konsil,4,2,6,0.0453,0.023,0.0224,0.8279,0.6521,direct,88221,87002
direct_vs_group_nonadjacent,lege,4,2,6,0.0453,0.023,0.0224,0.8279,0.6521,direct,88221,87002
direct_vs_group_nonadjacent,linken,4,2,6,0.0453,0.023,0.0224,0.8279,0.6521,direct,88221,87002
direct_vs_group_nonadjacent,mittel/Schwer,4,2,6,0.0453,0.023,0.0224,0.8279,0.6521,direct,88221,87002
direct_vs_group_nonadjacent,moin,4,2,6,0.0453,0.023,0.0224,0.8279,0.6521,direct,88221,87002
direct_vs_group_nonadjacent,orientiert,4,2,6,0.0453,0.023,0.0224,0.8279,0.6521,direct,88221,87002
direct_vs_group_nonadjacent,rausnehmen,4,2,6,0.0453,0.023,0.0224,0.8279,0.6521,direct,88221,87002
direct_vs_group_nonadjacent,sicherlich,4,2,6,0.0453,0.023,0.0224,0.8279,0.6521,direct,88221,87002
direct_vs_group_nonadjacent,station,4,2,6,0.0453,0.023,0.0224,0.8279,0.6521,direct,88221,87002
direct_vs_group_nonadjacent,untergegangen,4,2,6,0.0453,0.023,0.0224,0.8279,0.6521,direct,88221,87002
direct_vs_group_nonadjacent,welcher,4,2,6,0.0453,0.023,0.0224,0.8279,0.6521,direct,88221,87002
direct_vs_group_nonadjacent,wenden,4,2,6,0.0453,0.023,0.0224,0.8279,0.6521,direct,88221,87002
direct_vs_group_nonadjacent,zukommen,4,2,6,0.0453,0.023,0.0224,0.8279,0.6521,direct,88221,87002
direct_vs_group_nonadjacent,Ärzte,4,2,6,0.0453,0.023,0.0224,0.8279,0.6521,direct,88221,87002
direct_vs_group_nonadjacent,40,6,9,15,0.068,0.1034,-0.0354,-0.5676,0.6465,group,88221,87002
direct_vs_group_nonadjacent,Aufgabe,6,9,15,0.068,0.1034,-0.0354,-0.5676,0.6465,group,88221,87002
direct_vs_group_nonadjacent,Entzündung,6,9,15,0.068,0.1034,-0.0354,-0.5676,0.6465,group,88221,87002
direct_vs_group_nonadjacent,anpassen,6,9,15,0.068,0.1034,-0.0354,-0.5676,0.6465,group,88221,87002
direct_vs_group_nonadjacent,m,6,9,15,0.068,0.1034,-0.0354,-0.5676,0.6465,group,88221,87002
direct_vs_group_nonadjacent,neben,6,9,15,0.068,0.1034,-0.0354,-0.5676,0.6465,group,88221,87002
direct_vs_group_nonadjacent,regelmäßig,6,9,15,0.068,0.1034,-0.0354,-0.5676,0.6465,group,88221,87002
direct_vs_group_nonadjacent,teilweise,6,9,15,0.068,0.1034,-0.0354,-0.5676,0.6465,group,88221,87002
direct_vs_group_nonadjacent,soweit,28,22,50,0.3174,0.2529,0.0645,0.321,0.6407,direct,88221,87002
direct_vs_group_nonadjacent,ab,160,144,304,1.8136,1.6551,0.1585,0.1314,0.6346,direct,88221,87002
direct_vs_group_nonadjacent,50,12,16,28,0.136,0.1839,-0.0479,-0.4206,0.6304,group,88221,87002
direct_vs_group_nonadjacent,Symptome,12,16,28,0.136,0.1839,-0.0479,-0.4206,0.6304,group,88221,87002
direct_vs_group_nonadjacent,Anfang,14,10,24,0.1587,0.1149,0.0438,0.4456,0.6153,direct,88221,87002
direct_vs_group_nonadjacent,Lieben,14,10,24,0.1587,0.1149,0.0438,0.4456,0.6153,direct,88221,87002
direct_vs_group_nonadjacent,Probatorik,21,16,37,0.238,0.1839,0.0541,0.3618,0.61,direct,88221,87002
direct_vs_group_nonadjacent,Im,21,26,47,0.238,0.2988,-0.0608,-0.3217,0.6048,group,88221,87002
direct_vs_group_nonadjacent,letzten,33,39,72,0.3741,0.4483,-0.0742,-0.2578,0.5875,group,88221,87002
direct_vs_group_nonadjacent,Procedere,7,10,17,0.0793,0.1149,-0.0356,-0.5055,0.5748,group,88221,87002
direct_vs_group_nonadjacent,Sinn,7,10,17,0.0793,0.1149,-0.0356,-0.5055,0.5748,group,88221,87002
direct_vs_group_nonadjacent,Zudem,7,10,17,0.0793,0.1149,-0.0356,-0.5055,0.5748,group,88221,87002
direct_vs_group_nonadjacent,besonders,7,10,17,0.0793,0.1149,-0.0356,-0.5055,0.5748,group,88221,87002
direct_vs_group_nonadjacent,Dienstag,63,54,117,0.7141,0.6207,0.0934,0.2004,0.5734,direct,88221,87002
direct_vs_group_nonadjacent,Wochen,49,56,105,0.5554,0.6437,-0.0882,-0.2109,0.5695,group,88221,87002
direct_vs_group_nonadjacent,Rücksprache,15,11,26,0.17,0.1264,0.0436,0.4106,0.5634,direct,88221,87002
direct_vs_group_nonadjacent,denken,15,11,26,0.17,0.1264,0.0436,0.4106,0.5634,direct,88221,87002
direct_vs_group_nonadjacent,vorbei,15,11,26,0.17,0.1264,0.0436,0.4106,0.5634,direct,88221,87002
direct_vs_group_nonadjacent,Entgleisung,9,6,15,0.102,0.069,0.0331,0.5274,0.563,direct,88221,87002
direct_vs_group_nonadjacent,Ordner,9,6,15,0.102,0.069,0.0331,0.5274,0.563,direct,88221,87002
direct_vs_group_nonadjacent,Schlaf,9,6,15,0.102,0.069,0.0331,0.5274,0.563,direct,88221,87002
direct_vs_group_nonadjacent,ambulant,9,6,15,0.102,0.069,0.0331,0.5274,0.563,direct,88221,87002
direct_vs_group_nonadjacent,ambulanten,9,6,15,0.102,0.069,0.0331,0.5274,0.563,direct,88221,87002
direct_vs_group_nonadjacent,ausführlich,9,6,15,0.102,0.069,0.0331,0.5274,0.563,direct,88221,87002
direct_vs_group_nonadjacent,bespreche,9,6,15,0.102,0.069,0.0331,0.5274,0.563,direct,88221,87002
direct_vs_group_nonadjacent,vorschlagen,9,6,15,0.102,0.069,0.0331,0.5274,0.563,direct,88221,87002
direct_vs_group_nonadjacent,begonnen,14,18,32,0.1587,0.2069,-0.0482,-0.3715,0.5585,group,88221,87002
direct_vs_group_nonadjacent,spricht,14,18,32,0.1587,0.2069,-0.0482,-0.3715,0.5585,group,88221,87002
direct_vs_group_nonadjacent,00Uhr,3,5,8,0.034,0.0575,-0.0235,-0.6722,0.5336,group,88221,87002
direct_vs_group_nonadjacent,Blutdruck,3,5,8,0.034,0.0575,-0.0235,-0.6722,0.5336,group,88221,87002
direct_vs_group_nonadjacent,EU,3,5,8,0.034,0.0575,-0.0235,-0.6722,0.5336,group,88221,87002
direct_vs_group_nonadjacent,Einführung,3,5,8,0.034,0.0575,-0.0235,-0.6722,0.5336,group,88221,87002
direct_vs_group_nonadjacent,Hals,3,5,8,0.034,0.0575,-0.0235,-0.6722,0.5336,group,88221,87002
direct_vs_group_nonadjacent,Hyperkaliämie,3,5,8,0.034,0.0575,-0.0235,-0.6722,0.5336,group,88221,87002
direct_vs_group_nonadjacent,Jahre,3,5,8,0.034,0.0575,-0.0235,-0.6722,0.5336,group,88221,87002
direct_vs_group_nonadjacent,Konzept,3,5,8,0.034,0.0575,-0.0235,-0.6722,0.5336,group,88221,87002
direct_vs_group_nonadjacent,Refeeding,3,5,8,0.034,0.0575,-0.0235,-0.6722,0.5336,group,88221,87002
direct_vs_group_nonadjacent,Runde,3,5,8,0.034,0.0575,-0.0235,-0.6722,0.5336,group,88221,87002
direct_vs_group_nonadjacent,Teamsitzung,3,5,8,0.034,0.0575,-0.0235,-0.6722,0.5336,group,88221,87002
direct_vs_group_nonadjacent,Versuche,3,5,8,0.034,0.0575,-0.0235,-0.6722,0.5336,group,88221,87002
direct_vs_group_nonadjacent,Zimmernachbarin,3,5,8,0.034,0.0575,-0.0235,-0.6722,0.5336,group,88221,87002
direct_vs_group_nonadjacent,abend,3,5,8,0.034,0.0575,-0.0235,-0.6722,0.5336,group,88221,87002
direct_vs_group_nonadjacent,belassen,3,5,8,0.034,0.0575,-0.0235,-0.6722,0.5336,group,88221,87002
direct_vs_group_nonadjacent,biographische,3,5,8,0.034,0.0575,-0.0235,-0.6722,0.5336,group,88221,87002
direct_vs_group_nonadjacent,gehalten,3,5,8,0.034,0.0575,-0.0235,-0.6722,0.5336,group,88221,87002
direct_vs_group_nonadjacent,gesund,3,5,8,0.034,0.0575,-0.0235,-0.6722,0.5336,group,88221,87002
direct_vs_group_nonadjacent,getan,3,5,8,0.034,0.0575,-0.0235,-0.6722,0.5336,group,88221,87002
direct_vs_group_nonadjacent,großes,3,5,8,0.034,0.0575,-0.0235,-0.6722,0.5336,group,88221,87002
direct_vs_group_nonadjacent,hält,3,5,8,0.034,0.0575,-0.0235,-0.6722,0.5336,group,88221,87002
direct_vs_group_nonadjacent,könntet,3,5,8,0.034,0.0575,-0.0235,-0.6722,0.5336,group,88221,87002
direct_vs_group_nonadjacent,meisten,3,5,8,0.034,0.0575,-0.0235,-0.6722,0.5336,group,88221,87002
direct_vs_group_nonadjacent,nächstes,3,5,8,0.034,0.0575,-0.0235,-0.6722,0.5336,group,88221,87002
direct_vs_group_nonadjacent,positive,3,5,8,0.034,0.0575,-0.0235,-0.6722,0.5336,group,88221,87002
direct_vs_group_nonadjacent,relevant,3,5,8,0.034,0.0575,-0.0235,-0.6722,0.5336,group,88221,87002
direct_vs_group_nonadjacent,stationärer,3,5,8,0.034,0.0575,-0.0235,-0.6722,0.5336,group,88221,87002
direct_vs_group_nonadjacent,thematisieren,3,5,8,0.034,0.0575,-0.0235,-0.6722,0.5336,group,88221,87002
direct_vs_group_nonadjacent,unwahrscheinlich,3,5,8,0.034,0.0575,-0.0235,-0.6722,0.5336,group,88221,87002
direct_vs_group_nonadjacent,vergeben,3,5,8,0.034,0.0575,-0.0235,-0.6722,0.5336,group,88221,87002
direct_vs_group_nonadjacent,wahrgenommen,3,5,8,0.034,0.0575,-0.0235,-0.6722,0.5336,group,88221,87002
direct_vs_group_nonadjacent,Abend,15,19,34,0.17,0.2184,-0.0484,-0.3513,0.529,group,88221,87002
direct_vs_group_nonadjacent,MRT,15,19,34,0.17,0.2184,-0.0484,-0.3513,0.529,group,88221,87002
direct_vs_group_nonadjacent,1/2,8,11,19,0.0907,0.1264,-0.0358,-0.4562,0.5183,group,88221,87002
direct_vs_group_nonadjacent,ET,8,11,19,0.0907,0.1264,-0.0358,-0.4562,0.5183,group,88221,87002
direct_vs_group_nonadjacent,Möglichkeit,8,11,19,0.0907,0.1264,-0.0358,-0.4562,0.5183,group,88221,87002
direct_vs_group_nonadjacent,normal,8,11,19,0.0907,0.1264,-0.0358,-0.4562,0.5183,group,88221,87002
direct_vs_group_nonadjacent,pro,8,11,19,0.0907,0.1264,-0.0358,-0.4562,0.5183,group,88221,87002
direct_vs_group_nonadjacent,somatisch,8,11,19,0.0907,0.1264,-0.0358,-0.4562,0.5183,group,88221,87002
direct_vs_group_nonadjacent,fest,24,19,43,0.272,0.2184,0.0537,0.3092,0.5152,direct,88221,87002
direct_vs_group_nonadjacent,schwer,26,31,57,0.2947,0.3563,-0.0616,-0.2694,0.5115,group,88221,87002
direct_vs_group_nonadjacent,sonst,56,48,104,0.6348,0.5517,0.0831,0.2002,0.5097,direct,88221,87002
direct_vs_group_nonadjacent,Mutter,41,47,88,0.4647,0.5402,-0.0755,-0.2149,0.4972,group,88221,87002
direct_vs_group_nonadjacent,ihrem,27,32,59,0.306,0.3678,-0.0618,-0.2611,0.4967,group,88221,87002
direct_vs_group_nonadjacent,Stand,10,7,17,0.1134,0.0805,0.0329,0.4654,0.4913,direct,88221,87002
direct_vs_group_nonadjacent,Wasser,10,7,17,0.1134,0.0805,0.0329,0.4654,0.4913,direct,88221,87002
direct_vs_group_nonadjacent,address,10,7,17,0.1134,0.0805,0.0329,0.4654,0.4913,direct,88221,87002
direct_vs_group_nonadjacent,ansetzen,10,7,17,0.1134,0.0805,0.0329,0.4654,0.4913,direct,88221,87002
direct_vs_group_nonadjacent,schlechter,10,7,17,0.1134,0.0805,0.0329,0.4654,0.4913,direct,88221,87002
direct_vs_group_nonadjacent,unserem,10,7,17,0.1134,0.0805,0.0329,0.4654,0.4913,direct,88221,87002
direct_vs_group_nonadjacent,überlegt,10,7,17,0.1134,0.0805,0.0329,0.4654,0.4913,direct,88221,87002
direct_vs_group_nonadjacent,sicher,25,20,45,0.2834,0.2299,0.0535,0.2948,0.4893,direct,88221,87002
direct_vs_group_nonadjacent,Zimmer,42,48,90,0.4761,0.5517,-0.0756,-0.2106,0.4881,group,88221,87002
direct_vs_group_nonadjacent,fragt,17,13,30,0.1927,0.1494,0.0433,0.3543,0.4807,direct,88221,87002
direct_vs_group_nonadjacent,wünscht,17,21,38,0.1927,0.2414,-0.0487,-0.3171,0.4793,group,88221,87002
direct_vs_group_nonadjacent,10mg,5,3,8,0.0567,0.0345,0.0222,0.632,0.4779,direct,88221,87002
direct_vs_group_nonadjacent,Danach,5,3,8,0.0567,0.0345,0.0222,0.632,0.4779,direct,88221,87002
direct_vs_group_nonadjacent,Diskussion,5,3,8,0.0567,0.0345,0.0222,0.632,0.4779,direct,88221,87002
direct_vs_group_nonadjacent,Hinweise,5,3,8,0.0567,0.0345,0.0222,0.632,0.4779,direct,88221,87002
direct_vs_group_nonadjacent,Iso,5,3,8,0.0567,0.0345,0.0222,0.632,0.4779,direct,88221,87002
direct_vs_group_nonadjacent,Klinikkonferenz,5,3,8,0.0567,0.0345,0.0222,0.632,0.4779,direct,88221,87002
direct_vs_group_nonadjacent,Kollegin,5,3,8,0.0567,0.0345,0.0222,0.632,0.4779,direct,88221,87002
direct_vs_group_nonadjacent,Nonsuizidvertrag,5,3,8,0.0567,0.0345,0.0222,0.632,0.4779,direct,88221,87002
direct_vs_group_nonadjacent,Psychiatrie,5,3,8,0.0567,0.0345,0.0222,0.632,0.4779,direct,88221,87002
direct_vs_group_nonadjacent,Rat,5,3,8,0.0567,0.0345,0.0222,0.632,0.4779,direct,88221,87002
direct_vs_group_nonadjacent,Sachen,5,3,8,0.0567,0.0345,0.0222,0.632,0.4779,direct,88221,87002
direct_vs_group_nonadjacent,Training,5,3,8,0.0567,0.0345,0.0222,0.632,0.4779,direct,88221,87002
direct_vs_group_nonadjacent,Unter,5,3,8,0.0567,0.0345,0.0222,0.632,0.4779,direct,88221,87002
direct_vs_group_nonadjacent,abgeben,5,3,8,0.0567,0.0345,0.0222,0.632,0.4779,direct,88221,87002
direct_vs_group_nonadjacent,angeschaut,5,3,8,0.0567,0.0345,0.0222,0.632,0.4779,direct,88221,87002
direct_vs_group_nonadjacent,annehmen,5,3,8,0.0567,0.0345,0.0222,0.632,0.4779,direct,88221,87002
direct_vs_group_nonadjacent,beenden,5,3,8,0.0567,0.0345,0.0222,0.632,0.4779,direct,88221,87002
direct_vs_group_nonadjacent,belastend,5,3,8,0.0567,0.0345,0.0222,0.632,0.4779,direct,88221,87002
direct_vs_group_nonadjacent,einrichten,5,3,8,0.0567,0.0345,0.0222,0.632,0.4779,direct,88221,87002
direct_vs_group_nonadjacent,erkundigen,5,3,8,0.0567,0.0345,0.0222,0.632,0.4779,direct,88221,87002
direct_vs_group_nonadjacent,fehlen,5,3,8,0.0567,0.0345,0.0222,0.632,0.4779,direct,88221,87002
direct_vs_group_nonadjacent,hören,5,3,8,0.0567,0.0345,0.0222,0.632,0.4779,direct,88221,87002
direct_vs_group_nonadjacent,latenten,5,3,8,0.0567,0.0345,0.0222,0.632,0.4779,direct,88221,87002
direct_vs_group_nonadjacent,mitmachen,5,3,8,0.0567,0.0345,0.0222,0.632,0.4779,direct,88221,87002
direct_vs_group_nonadjacent,quasi,5,3,8,0.0567,0.0345,0.0222,0.632,0.4779,direct,88221,87002
direct_vs_group_nonadjacent,regelmäßige,5,3,8,0.0567,0.0345,0.0222,0.632,0.4779,direct,88221,87002
direct_vs_group_nonadjacent,sofort,5,3,8,0.0567,0.0345,0.0222,0.632,0.4779,direct,88221,87002
direct_vs_group_nonadjacent,verfügbar,5,3,8,0.0567,0.0345,0.0222,0.632,0.4779,direct,88221,87002
direct_vs_group_nonadjacent,verhalten,5,3,8,0.0567,0.0345,0.0222,0.632,0.4779,direct,88221,87002
direct_vs_group_nonadjacent,übers,5,3,8,0.0567,0.0345,0.0222,0.632,0.4779,direct,88221,87002
direct_vs_group_nonadjacent,können,138,125,263,1.5643,1.4367,0.1275,0.1221,0.4747,direct,88221,87002
direct_vs_group_nonadjacent,8,19,23,42,0.2154,0.2644,-0.049,-0.2893,0.4392,group,88221,87002
direct_vs_group_nonadjacent,Sicht,10,13,23,0.1134,0.1494,-0.0361,-0.3826,0.4353,group,88221,87002
direct_vs_group_nonadjacent,Bettenplan,11,8,19,0.1247,0.092,0.0327,0.416,0.4349,direct,88221,87002
direct_vs_group_nonadjacent,Moment,11,8,19,0.1247,0.092,0.0327,0.416,0.4349,direct,88221,87002
direct_vs_group_nonadjacent,Pause,11,8,19,0.1247,0.092,0.0327,0.416,0.4349,direct,88221,87002
direct_vs_group_nonadjacent,Soll,11,8,19,0.1247,0.092,0.0327,0.416,0.4349,direct,88221,87002
direct_vs_group_nonadjacent,sage,11,8,19,0.1247,0.092,0.0327,0.416,0.4349,direct,88221,87002
direct_vs_group_nonadjacent,Herzlichen,4,6,10,0.0453,0.069,-0.0236,-0.5506,0.431,group,88221,87002
direct_vs_group_nonadjacent,Laut,4,6,10,0.0453,0.069,-0.0236,-0.5506,0.431,group,88221,87002
direct_vs_group_nonadjacent,Zeitpunkt,4,6,10,0.0453,0.069,-0.0236,-0.5506,0.431,group,88221,87002
direct_vs_group_nonadjacent,angegeben,4,6,10,0.0453,0.069,-0.0236,-0.5506,0.431,group,88221,87002
direct_vs_group_nonadjacent,begrenzt,4,6,10,0.0453,0.069,-0.0236,-0.5506,0.431,group,88221,87002
direct_vs_group_nonadjacent,bislang,4,6,10,0.0453,0.069,-0.0236,-0.5506,0.431,group,88221,87002
direct_vs_group_nonadjacent,einigen,4,6,10,0.0453,0.069,-0.0236,-0.5506,0.431,group,88221,87002
direct_vs_group_nonadjacent,frühzeitig,4,6,10,0.0453,0.069,-0.0236,-0.5506,0.431,group,88221,87002
direct_vs_group_nonadjacent,gelassen,4,6,10,0.0453,0.069,-0.0236,-0.5506,0.431,group,88221,87002
direct_vs_group_nonadjacent,gezeigt,4,6,10,0.0453,0.069,-0.0236,-0.5506,0.431,group,88221,87002
direct_vs_group_nonadjacent,gutes,4,6,10,0.0453,0.069,-0.0236,-0.5506,0.431,group,88221,87002
direct_vs_group_nonadjacent,Labor,20,24,44,0.2267,0.2759,-0.0492,-0.2772,0.4219,group,88221,87002
direct_vs_group_nonadjacent,EKG,39,33,72,0.4421,0.3793,0.0628,0.2176,0.4206,direct,88221,87002
direct_vs_group_nonadjacent,vorstellen,21,25,46,0.238,0.2873,-0.0493,-0.2662,0.4061,group,88221,87002
direct_vs_group_nonadjacent,Ansonsten,20,16,36,0.2267,0.1839,0.0428,0.2931,0.3915,direct,88221,87002
direct_vs_group_nonadjacent,oft,12,9,21,0.136,0.1034,0.0326,0.3759,0.3893,direct,88221,87002
direct_vs_group_nonadjacent,überhaupt,12,9,21,0.136,0.1034,0.0326,0.3759,0.3893,direct,88221,87002
direct_vs_group_nonadjacent,Seite,12,15,27,0.136,0.1724,-0.0364,-0.3304,0.3771,group,88221,87002
direct_vs_group_nonadjacent,150mg,6,4,10,0.068,0.046,0.022,0.5104,0.3754,direct,88221,87002
direct_vs_group_nonadjacent,Ambulanzgespräch,6,4,10,0.068,0.046,0.022,0.5104,0.3754,direct,88221,87002
direct_vs_group_nonadjacent,DANKE,6,4,10,0.068,0.046,0.022,0.5104,0.3754,direct,88221,87002
direct_vs_group_nonadjacent,Depressive,6,4,10,0.068,0.046,0.022,0.5104,0.3754,direct,88221,87002
direct_vs_group_nonadjacent,Kalorien,6,4,10,0.068,0.046,0.022,0.5104,0.3754,direct,88221,87002
direct_vs_group_nonadjacent,Kinder,6,4,10,0.068,0.046,0.022,0.5104,0.3754,direct,88221,87002
direct_vs_group_nonadjacent,Lass,6,4,10,0.068,0.046,0.022,0.5104,0.3754,direct,88221,87002
direct_vs_group_nonadjacent,Leitlinie,6,4,10,0.068,0.046,0.022,0.5104,0.3754,direct,88221,87002
direct_vs_group_nonadjacent,Meine,6,4,10,0.068,0.046,0.022,0.5104,0.3754,direct,88221,87002
direct_vs_group_nonadjacent,Nicht,6,4,10,0.068,0.046,0.022,0.5104,0.3754,direct,88221,87002
direct_vs_group_nonadjacent,Noch,6,4,10,0.068,0.046,0.022,0.5104,0.3754,direct,88221,87002
direct_vs_group_nonadjacent,Sorry,6,4,10,0.068,0.046,0.022,0.5104,0.3754,direct,88221,87002
direct_vs_group_nonadjacent,Strategien,6,4,10,0.068,0.046,0.022,0.5104,0.3754,direct,88221,87002
direct_vs_group_nonadjacent,T,6,4,10,0.068,0.046,0.022,0.5104,0.3754,direct,88221,87002
direct_vs_group_nonadjacent,Treffen,6,4,10,0.068,0.046,0.022,0.5104,0.3754,direct,88221,87002
direct_vs_group_nonadjacent,bestimmen,6,4,10,0.068,0.046,0.022,0.5104,0.3754,direct,88221,87002
direct_vs_group_nonadjacent,kennt,6,4,10,0.068,0.046,0.022,0.5104,0.3754,direct,88221,87002
direct_vs_group_nonadjacent,kümmern,6,4,10,0.068,0.046,0.022,0.5104,0.3754,direct,88221,87002
direct_vs_group_nonadjacent,montags,6,4,10,0.068,0.046,0.022,0.5104,0.3754,direct,88221,87002
direct_vs_group_nonadjacent,relativ,6,4,10,0.068,0.046,0.022,0.5104,0.3754,direct,88221,87002
direct_vs_group_nonadjacent,trinken,6,4,10,0.068,0.046,0.022,0.5104,0.3754,direct,88221,87002
direct_vs_group_nonadjacent,vorbeikommen,6,4,10,0.068,0.046,0.022,0.5104,0.3754,direct,88221,87002
direct_vs_group_nonadjacent,6,24,28,52,0.272,0.3218,-0.0498,-0.2383,0.3662,group,88221,87002
direct_vs_group_nonadjacent,3x,5,7,12,0.0567,0.0805,-0.0238,-0.4675,0.3633,group,88221,87002
direct_vs_group_nonadjacent,Echo,5,7,12,0.0567,0.0805,-0.0238,-0.4675,0.3633,group,88221,87002
direct_vs_group_nonadjacent,Ggf,5,7,12,0.0567,0.0805,-0.0238,-0.4675,0.3633,group,88221,87002
direct_vs_group_nonadjacent,Punkte,5,7,12,0.0567,0.0805,-0.0238,-0.4675,0.3633,group,88221,87002
direct_vs_group_nonadjacent,Vorbefunde,5,7,12,0.0567,0.0805,-0.0238,-0.4675,0.3633,group,88221,87002
direct_vs_group_nonadjacent,Wechsel,5,7,12,0.0567,0.0805,-0.0238,-0.4675,0.3633,group,88221,87002
direct_vs_group_nonadjacent,spätestens,5,7,12,0.0567,0.0805,-0.0238,-0.4675,0.3633,group,88221,87002
direct_vs_group_nonadjacent,unabhängig,5,7,12,0.0567,0.0805,-0.0238,-0.4675,0.3633,group,88221,87002
direct_vs_group_nonadjacent,unverändert,5,7,12,0.0567,0.0805,-0.0238,-0.4675,0.3633,group,88221,87002
direct_vs_group_nonadjacent,verabschieden,5,7,12,0.0567,0.0805,-0.0238,-0.4675,0.3633,group,88221,87002
direct_vs_group_nonadjacent,13,64,70,134,0.7255,0.8046,-0.0791,-0.1484,0.3587,group,88221,87002
direct_vs_group_nonadjacent,Was,32,27,59,0.3627,0.3103,0.0524,0.2209,0.3575,direct,88221,87002
direct_vs_group_nonadjacent,neu,25,29,54,0.2834,0.3333,-0.0499,-0.2303,0.3548,group,88221,87002
direct_vs_group_nonadjacent,+500g,1,2,3,0.0113,0.023,-0.0117,-0.757,0.3539,group,88221,87002
direct_vs_group_nonadjacent,150,1,2,3,0.0113,0.023,-0.0117,-0.757,0.3539,group,88221,87002
direct_vs_group_nonadjacent,22,1,2,3,0.0113,0.023,-0.0117,-0.757,0.3539,group,88221,87002
direct_vs_group_nonadjacent,25er,1,2,3,0.0113,0.023,-0.0117,-0.757,0.3539,group,88221,87002
direct_vs_group_nonadjacent,2mal,1,2,3,0.0113,0.023,-0.0117,-0.757,0.3539,group,88221,87002
direct_vs_group_nonadjacent,5kg,1,2,3,0.0113,0.023,-0.0117,-0.757,0.3539,group,88221,87002
direct_vs_group_nonadjacent,5mg/Woche,1,2,3,0.0113,0.023,-0.0117,-0.757,0.3539,group,88221,87002
direct_vs_group_nonadjacent,Abnahme,1,2,3,0.0113,0.023,-0.0117,-0.757,0.3539,group,88221,87002
direct_vs_group_nonadjacent,Abwesenheit,1,2,3,0.0113,0.023,-0.0117,-0.757,0.3539,group,88221,87002
direct_vs_group_nonadjacent,Alternativen,1,2,3,0.0113,0.023,-0.0117,-0.757,0.3539,group,88221,87002
direct_vs_group_nonadjacent,Amenorrhoe,1,2,3,0.0113,0.023,-0.0117,-0.757,0.3539,group,88221,87002
direct_vs_group_nonadjacent,Andere,1,2,3,0.0113,0.023,-0.0117,-0.757,0.3539,group,88221,87002
direct_vs_group_nonadjacent,Ankündigung,1,2,3,0.0113,0.023,-0.0117,-0.757,0.3539,group,88221,87002
direct_vs_group_nonadjacent,Anorexia,1,2,3,0.0113,0.023,-0.0117,-0.757,0.3539,group,88221,87002
direct_vs_group_nonadjacent,Anpassungsstörung,1,2,3,0.0113,0.023,-0.0117,-0.757,0.3539,group,88221,87002
direct_vs_group_nonadjacent,Anregungen,1,2,3,0.0113,0.023,-0.0117,-0.757,0.3539,group,88221,87002
direct_vs_group_nonadjacent,Apfelsaft,1,2,3,0.0113,0.023,-0.0117,-0.757,0.3539,group,88221,87002
direct_vs_group_nonadjacent,Behandler,1,2,3,0.0113,0.023,-0.0117,-0.757,0.3539,group,88221,87002
direct_vs_group_nonadjacent,Behandlungsteam,1,2,3,0.0113,0.023,-0.0117,-0.757,0.3539,group,88221,87002
direct_vs_group_nonadjacent,Bein,1,2,3,0.0113,0.023,-0.0117,-0.757,0.3539,group,88221,87002
direct_vs_group_nonadjacent,Beiträge,1,2,3,0.0113,0.023,-0.0117,-0.757,0.3539,group,88221,87002
direct_vs_group_nonadjacent,Bildgebung,1,2,3,0.0113,0.023,-0.0117,-0.757,0.3539,group,88221,87002
direct_vs_group_nonadjacent,Block,1,2,3,0.0113,0.023,-0.0117,-0.757,0.3539,group,88221,87002
direct_vs_group_nonadjacent,Blutungsquelle,1,2,3,0.0113,0.023,-0.0117,-0.757,0.3539,group,88221,87002
direct_vs_group_nonadjacent,Diagnostische,1,2,3,0.0113,0.023,-0.0117,-0.757,0.3539,group,88221,87002
direct_vs_group_nonadjacent,Dingen,1,2,3,0.0113,0.023,-0.0117,-0.757,0.3539,group,88221,87002
direct_vs_group_nonadjacent,Distanzierung,1,2,3,0.0113,0.023,-0.0117,-0.757,0.3539,group,88221,87002
direct_vs_group_nonadjacent,Dynamik,1,2,3,0.0113,0.023,-0.0117,-0.757,0.3539,group,88221,87002
direct_vs_group_nonadjacent,Eigen,1,2,3,0.0113,0.023,-0.0117,-0.757,0.3539,group,88221,87002
direct_vs_group_nonadjacent,Einwilligungserklärung,1,2,3,0.0113,0.023,-0.0117,-0.757,0.3539,group,88221,87002
direct_vs_group_nonadjacent,Einzeltherapien,1,2,3,0.0113,0.023,-0.0117,-0.757,0.3539,group,88221,87002
direct_vs_group_nonadjacent,Entl,1,2,3,0.0113,0.023,-0.0117,-0.757,0.3539,group,88221,87002
direct_vs_group_nonadjacent,Entwicklung,1,2,3,0.0113,0.023,-0.0117,-0.757,0.3539,group,88221,87002
direct_vs_group_nonadjacent,Entzugssymptomatik,1,2,3,0.0113,0.023,-0.0117,-0.757,0.3539,group,88221,87002
direct_vs_group_nonadjacent,Erkrankungen,1,2,3,0.0113,0.023,-0.0117,-0.757,0.3539,group,88221,87002
direct_vs_group_nonadjacent,Ernährungs,1,2,3,0.0113,0.023,-0.0117,-0.757,0.3539,group,88221,87002
direct_vs_group_nonadjacent,Essstörungs,1,2,3,0.0113,0.023,-0.0117,-0.757,0.3539,group,88221,87002
direct_vs_group_nonadjacent,Fehlern,1,2,3,0.0113,0.023,-0.0117,-0.757,0.3539,group,88221,87002
direct_vs_group_nonadjacent,Finger,1,2,3,0.0113,0.023,-0.0117,-0.757,0.3539,group,88221,87002
direct_vs_group_nonadjacent,Floradix,1,2,3,0.0113,0.023,-0.0117,-0.757,0.3539,group,88221,87002
direct_vs_group_nonadjacent,Folgendes,1,2,3,0.0113,0.023,-0.0117,-0.757,0.3539,group,88221,87002
direct_vs_group_nonadjacent,Folsäure,1,2,3,0.0113,0.023,-0.0117,-0.757,0.3539,group,88221,87002
direct_vs_group_nonadjacent,Form,1,2,3,0.0113,0.023,-0.0117,-0.757,0.3539,group,88221,87002
direct_vs_group_nonadjacent,Fra,1,2,3,0.0113,0.023,-0.0117,-0.757,0.3539,group,88221,87002
direct_vs_group_nonadjacent,Frauen,1,2,3,0.0113,0.023,-0.0117,-0.757,0.3539,group,88221,87002
direct_vs_group_nonadjacent,Fremdgefährdung,1,2,3,0.0113,0.023,-0.0117,-0.757,0.3539,group,88221,87002
direct_vs_group_nonadjacent,Funktionellen,1,2,3,0.0113,0.023,-0.0117,-0.757,0.3539,group,88221,87002
direct_vs_group_nonadjacent,GI,1,2,3,0.0113,0.023,-0.0117,-0.757,0.3539,group,88221,87002
direct_vs_group_nonadjacent,Garten,1,2,3,0.0113,0.023,-0.0117,-0.757,0.3539,group,88221,87002
direct_vs_group_nonadjacent,Geburtstag,1,2,3,0.0113,0.023,-0.0117,-0.757,0.3539,group,88221,87002
direct_vs_group_nonadjacent,Genesung,1,2,3,0.0113,0.023,-0.0117,-0.757,0.3539,group,88221,87002
direct_vs_group_nonadjacent,Gerinnung,1,2,3,0.0113,0.023,-0.0117,-0.757,0.3539,group,88221,87002
direct_vs_group_nonadjacent,Geschichte,1,2,3,0.0113,0.023,-0.0117,-0.757,0.3539,group,88221,87002
direct_vs_group_nonadjacent,Gesicht,1,2,3,0.0113,0.023,-0.0117,-0.757,0.3539,group,88221,87002
direct_vs_group_nonadjacent,Gestik,1,2,3,0.0113,0.023,-0.0117,-0.757,0.3539,group,88221,87002
direct_vs_group_nonadjacent,Gew,1,2,3,0.0113,0.023,-0.0117,-0.757,0.3539,group,88221,87002
direct_vs_group_nonadjacent,Gewichtskontrollen,1,2,3,0.0113,0.023,-0.0117,-0.757,0.3539,group,88221,87002
direct_vs_group_nonadjacent,Gleichzeitig,1,2,3,0.0113,0.023,-0.0117,-0.757,0.3539,group,88221,87002
direct_vs_group_nonadjacent,HF,1,2,3,0.0113,0.023,-0.0117,-0.757,0.3539,group,88221,87002
direct_vs_group_nonadjacent,HKU,1,2,3,0.0113,0.023,-0.0117,-0.757,0.3539,group,88221,87002
direct_vs_group_nonadjacent,Halsschmerzen,1,2,3,0.0113,0.023,-0.0117,-0.757,0.3539,group,88221,87002
direct_vs_group_nonadjacent,Hmm,1,2,3,0.0113,0.023,-0.0117,-0.757,0.3539,group,88221,87002
direct_vs_group_nonadjacent,Hunger,1,2,3,0.0113,0.023,-0.0117,-0.757,0.3539,group,88221,87002
direct_vs_group_nonadjacent,Häuslichkeit,1,2,3,0.0113,0.023,-0.0117,-0.757,0.3539,group,88221,87002
direct_vs_group_nonadjacent,Hört,1,2,3,0.0113,0.023,-0.0117,-0.757,0.3539,group,88221,87002
direct_vs_group_nonadjacent,Ibu,1,2,3,0.0113,0.023,-0.0117,-0.757,0.3539,group,88221,87002
direct_vs_group_nonadjacent,Impfung,1,2,3,0.0113,0.023,-0.0117,-0.757,0.3539,group,88221,87002
direct_vs_group_nonadjacent,Inhalte,1,2,3,0.0113,0.023,-0.0117,-0.757,0.3539,group,88221,87002
direct_vs_group_nonadjacent,Instrument,1,2,3,0.0113,0.023,-0.0117,-0.757,0.3539,group,88221,87002
direct_vs_group_nonadjacent,Job,1,2,3,0.0113,0.023,-0.0117,-0.757,0.3539,group,88221,87002
direct_vs_group_nonadjacent,Jobcenter,1,2,3,0.0113,0.023,-0.0117,-0.757,0.3539,group,88221,87002
direct_vs_group_nonadjacent,KBT,1,2,3,0.0113,0.023,-0.0117,-0.757,0.3539,group,88221,87002
direct_vs_group_nonadjacent,KU,1,2,3,0.0113,0.023,-0.0117,-0.757,0.3539,group,88221,87002
direct_vs_group_nonadjacent,Kam,1,2,3,0.0113,0.023,-0.0117,-0.757,0.3539,group,88221,87002
direct_vs_group_nonadjacent,Kindergeld,1,2,3,0.0113,0.023,-0.0117,-0.757,0.3539,group,88221,87002
direct_vs_group_nonadjacent,Kittel,1,2,3,0.0113,0.023,-0.0117,-0.757,0.3539,group,88221,87002
direct_vs_group_nonadjacent,Kompetenzen,1,2,3,0.0113,0.023,-0.0117,-0.757,0.3539,group,88221,87002
direct_vs_group_nonadjacent,Kompromiss,1,2,3,0.0113,0.023,-0.0117,-0.757,0.3539,group,88221,87002
direct_vs_group_nonadjacent,Konfrontation,1,2,3,0.0113,0.023,-0.0117,-0.757,0.3539,group,88221,87002
direct_vs_group_nonadjacent,Kriterium,1,2,3,0.0113,0.023,-0.0117,-0.757,0.3539,group,88221,87002
direct_vs_group_nonadjacent,Lebensüberdrussgedanken,1,2,3,0.0113,0.023,-0.0117,-0.757,0.3539,group,88221,87002
direct_vs_group_nonadjacent,Lächeln,1,2,3,0.0113,0.023,-0.0117,-0.757,0.3539,group,88221,87002
direct_vs_group_nonadjacent,MPO,1,2,3,0.0113,0.023,-0.0117,-0.757,0.3539,group,88221,87002
direct_vs_group_nonadjacent,Mailadresse,1,2,3,0.0113,0.023,-0.0117,-0.757,0.3539,group,88221,87002
direct_vs_group_nonadjacent,Mamma,1,2,3,0.0113,0.023,-0.0117,-0.757,0.3539,group,88221,87002
direct_vs_group_nonadjacent,Mengen,1,2,3,0.0113,0.023,-0.0117,-0.757,0.3539,group,88221,87002
direct_vs_group_nonadjacent,Metamizol,1,2,3,0.0113,0.023,-0.0117,-0.757,0.3539,group,88221,87002
direct_vs_group_nonadjacent,Mg,1,2,3,0.0113,0.023,-0.0117,-0.757,0.3539,group,88221,87002
direct_vs_group_nonadjacent,Mibi,1,2,3,0.0113,0.023,-0.0117,-0.757,0.3539,group,88221,87002
direct_vs_group_nonadjacent,Mich,1,2,3,0.0113,0.023,-0.0117,-0.757,0.3539,group,88221,87002
direct_vs_group_nonadjacent,Mimik,1,2,3,0.0113,0.023,-0.0117,-0.757,0.3539,group,88221,87002
direct_vs_group_nonadjacent,Mut,1,2,3,0.0113,0.023,-0.0117,-0.757,0.3539,group,88221,87002
direct_vs_group_nonadjacent,Mühe,1,2,3,0.0113,0.023,-0.0117,-0.757,0.3539,group,88221,87002
direct_vs_group_nonadjacent,N,1,2,3,0.0113,0.023,-0.0117,-0.757,0.3539,group,88221,87002
direct_vs_group_nonadjacent,Nachrichten,1,2,3,0.0113,0.023,-0.0117,-0.757,0.3539,group,88221,87002
direct_vs_group_nonadjacent,Nase,1,2,3,0.0113,0.023,-0.0117,-0.757,0.3539,group,88221,87002
direct_vs_group_nonadjacent,Nephrologen,1,2,3,0.0113,0.023,-0.0117,-0.757,0.3539,group,88221,87002
direct_vs_group_nonadjacent,Neurochirurgie,1,2,3,0.0113,0.023,-0.0117,-0.757,0.3539,group,88221,87002
direct_vs_group_nonadjacent,Nichttragen,1,2,3,0.0113,0.023,-0.0117,-0.757,0.3539,group,88221,87002
direct_vs_group_nonadjacent,Nierenversagen,1,2,3,0.0113,0.023,-0.0117,-0.757,0.3539,group,88221,87002
direct_vs_group_nonadjacent,Normalerweise,1,2,3,0.0113,0.023,-0.0117,-0.757,0.3539,group,88221,87002
direct_vs_group_nonadjacent,Normalstation,1,2,3,0.0113,0.023,-0.0117,-0.757,0.3539,group,88221,87002
direct_vs_group_nonadjacent,Notiz,1,2,3,0.0113,0.023,-0.0117,-0.757,0.3539,group,88221,87002
direct_vs_group_nonadjacent,Nummern,1,2,3,0.0113,0.023,-0.0117,-0.757,0.3539,group,88221,87002
direct_vs_group_nonadjacent,Opioidreduktion,1,2,3,0.0113,0.023,-0.0117,-0.757,0.3539,group,88221,87002
direct_vs_group_nonadjacent,Optionen,1,2,3,0.0113,0.023,-0.0117,-0.757,0.3539,group,88221,87002
direct_vs_group_nonadjacent,PICS,1,2,3,0.0113,0.023,-0.0117,-0.757,0.3539,group,88221,87002
direct_vs_group_nonadjacent,Palexia,1,2,3,0.0113,0.023,-0.0117,-0.757,0.3539,group,88221,87002
direct_vs_group_nonadjacent,Personal,1,2,3,0.0113,0.023,-0.0117,-0.757,0.3539,group,88221,87002
direct_vs_group_nonadjacent,Pflegestützpunkt,1,2,3,0.0113,0.023,-0.0117,-0.757,0.3539,group,88221,87002
direct_vs_group_nonadjacent,Polygraphie,1,2,3,0.0113,0.023,-0.0117,-0.757,0.3539,group,88221,87002
direct_vs_group_nonadjacent,Portionen,1,2,3,0.0113,0.023,-0.0117,-0.757,0.3539,group,88221,87002
direct_vs_group_nonadjacent,Probatorikgruppe,1,2,3,0.0113,0.023,-0.0117,-0.757,0.3539,group,88221,87002
direct_vs_group_nonadjacent,PsychKG,1,2,3,0.0113,0.023,-0.0117,-0.757,0.3539,group,88221,87002
direct_vs_group_nonadjacent,Reaktionen,1,2,3,0.0113,0.023,-0.0117,-0.757,0.3539,group,88221,87002
direct_vs_group_nonadjacent,Reduktionen,1,2,3,0.0113,0.023,-0.0117,-0.757,0.3539,group,88221,87002
direct_vs_group_nonadjacent,Regelung,1,2,3,0.0113,0.023,-0.0117,-0.757,0.3539,group,88221,87002
direct_vs_group_nonadjacent,Reizdarm,1,2,3,0.0113,0.023,-0.0117,-0.757,0.3539,group,88221,87002
direct_vs_group_nonadjacent,Rekrutierung,1,2,3,0.0113,0.023,-0.0117,-0.757,0.3539,group,88221,87002
direct_vs_group_nonadjacent,Rheumaserologie,1,2,3,0.0113,0.023,-0.0117,-0.757,0.3539,group,88221,87002
direct_vs_group_nonadjacent,Risikominderung,1,2,3,0.0113,0.023,-0.0117,-0.757,0.3539,group,88221,87002
direct_vs_group_nonadjacent,Rollenspiel,1,2,3,0.0113,0.023,-0.0117,-0.757,0.3539,group,88221,87002
direct_vs_group_nonadjacent,Routine,1,2,3,0.0113,0.023,-0.0117,-0.757,0.3539,group,88221,87002
direct_vs_group_nonadjacent,Sagst,1,2,3,0.0113,0.023,-0.0117,-0.757,0.3539,group,88221,87002
direct_vs_group_nonadjacent,Schwierigkeit,1,2,3,0.0113,0.023,-0.0117,-0.757,0.3539,group,88221,87002
direct_vs_group_nonadjacent,Score,1,2,3,0.0113,0.023,-0.0117,-0.757,0.3539,group,88221,87002
direct_vs_group_nonadjacent,Sehe,1,2,3,0.0113,0.023,-0.0117,-0.757,0.3539,group,88221,87002
direct_vs_group_nonadjacent,Selbst,1,2,3,0.0113,0.023,-0.0117,-0.757,0.3539,group,88221,87002
direct_vs_group_nonadjacent,Sonntagmorgen,1,2,3,0.0113,0.023,-0.0117,-0.757,0.3539,group,88221,87002
direct_vs_group_nonadjacent,Sozialpädagogin,1,2,3,0.0113,0.023,-0.0117,-0.757,0.3539,group,88221,87002
direct_vs_group_nonadjacent,Spondylolisthesis,1,2,3,0.0113,0.023,-0.0117,-0.757,0.3539,group,88221,87002
direct_vs_group_nonadjacent,Stichtag,1,2,3,0.0113,0.023,-0.0117,-0.757,0.3539,group,88221,87002
direct_vs_group_nonadjacent,Streichfett,1,2,3,0.0113,0.023,-0.0117,-0.757,0.3539,group,88221,87002
direct_vs_group_nonadjacent,Studentenkurs,1,2,3,0.0113,0.023,-0.0117,-0.757,0.3539,group,88221,87002
direct_vs_group_nonadjacent,Studis,1,2,3,0.0113,0.023,-0.0117,-0.757,0.3539,group,88221,87002
direct_vs_group_nonadjacent,Stärkung,1,2,3,0.0113,0.023,-0.0117,-0.757,0.3539,group,88221,87002
direct_vs_group_nonadjacent,Störungen,1,2,3,0.0113,0.023,-0.0117,-0.757,0.3539,group,88221,87002
direct_vs_group_nonadjacent,Teambesprechung,1,2,3,0.0113,0.023,-0.0117,-0.757,0.3539,group,88221,87002
direct_vs_group_nonadjacent,Transport,1,2,3,0.0113,0.023,-0.0117,-0.757,0.3539,group,88221,87002
direct_vs_group_nonadjacent,Traumatherapie,1,2,3,0.0113,0.023,-0.0117,-0.757,0.3539,group,88221,87002
direct_vs_group_nonadjacent,Traumatisierung,1,2,3,0.0113,0.023,-0.0117,-0.757,0.3539,group,88221,87002
direct_vs_group_nonadjacent,Tägliche,1,2,3,0.0113,0.023,-0.0117,-0.757,0.3539,group,88221,87002
direct_vs_group_nonadjacent,Unbedingt,1,2,3,0.0113,0.023,-0.0117,-0.757,0.3539,group,88221,87002
direct_vs_group_nonadjacent,VS,1,2,3,0.0113,0.023,-0.0117,-0.757,0.3539,group,88221,87002
direct_vs_group_nonadjacent,Variante,1,2,3,0.0113,0.023,-0.0117,-0.757,0.3539,group,88221,87002
direct_vs_group_nonadjacent,Verlaufskontrolle,1,2,3,0.0113,0.023,-0.0117,-0.757,0.3539,group,88221,87002
direct_vs_group_nonadjacent,Verletzungen,1,2,3,0.0113,0.023,-0.0117,-0.757,0.3539,group,88221,87002
direct_vs_group_nonadjacent,Verschlechterung,1,2,3,0.0113,0.023,-0.0117,-0.757,0.3539,group,88221,87002
direct_vs_group_nonadjacent,Versehen,1,2,3,0.0113,0.023,-0.0117,-0.757,0.3539,group,88221,87002
direct_vs_group_nonadjacent,Verzweiflung,1,2,3,0.0113,0.023,-0.0117,-0.757,0.3539,group,88221,87002
direct_vs_group_nonadjacent,Voll,1,2,3,0.0113,0.023,-0.0117,-0.757,0.3539,group,88221,87002
direct_vs_group_nonadjacent,Vorbild,1,2,3,0.0113,0.023,-0.0117,-0.757,0.3539,group,88221,87002
direct_vs_group_nonadjacent,WIr,1,2,3,0.0113,0.023,-0.0117,-0.757,0.3539,group,88221,87002
direct_vs_group_nonadjacent,Warteliste,1,2,3,0.0113,0.023,-0.0117,-0.757,0.3539,group,88221,87002
direct_vs_group_nonadjacent,Weinen,1,2,3,0.0113,0.023,-0.0117,-0.757,0.3539,group,88221,87002
direct_vs_group_nonadjacent,Werbung,1,2,3,0.0113,0.023,-0.0117,-0.757,0.3539,group,88221,87002
direct_vs_group_nonadjacent,Wichtigste,1,2,3,0.0113,0.023,-0.0117,-0.757,0.3539,group,88221,87002
direct_vs_group_nonadjacent,Worte,1,2,3,0.0113,0.023,-0.0117,-0.757,0.3539,group,88221,87002
direct_vs_group_nonadjacent,Wut/Frustration,1,2,3,0.0113,0.023,-0.0117,-0.757,0.3539,group,88221,87002
direct_vs_group_nonadjacent,Wünscht,1,2,3,0.0113,0.023,-0.0117,-0.757,0.3539,group,88221,87002
direct_vs_group_nonadjacent,Zugriff,1,2,3,0.0113,0.023,-0.0117,-0.757,0.3539,group,88221,87002
direct_vs_group_nonadjacent,_,1,2,3,0.0113,0.023,-0.0117,-0.757,0.3539,group,88221,87002
direct_vs_group_nonadjacent,abgerufen,1,2,3,0.0113,0.023,-0.0117,-0.757,0.3539,group,88221,87002
direct_vs_group_nonadjacent,abläuft,1,2,3,0.0113,0.023,-0.0117,-0.757,0.3539,group,88221,87002
direct_vs_group_nonadjacent,abmelden,1,2,3,0.0113,0.023,-0.0117,-0.757,0.3539,group,88221,87002
direct_vs_group_nonadjacent,abseits,1,2,3,0.0113,0.023,-0.0117,-0.757,0.3539,group,88221,87002
direct_vs_group_nonadjacent,adäquaten,1,2,3,0.0113,0.023,-0.0117,-0.757,0.3539,group,88221,87002
direct_vs_group_nonadjacent,aggressiv,1,2,3,0.0113,0.023,-0.0117,-0.757,0.3539,group,88221,87002
direct_vs_group_nonadjacent,anamn,1,2,3,0.0113,0.023,-0.0117,-0.757,0.3539,group,88221,87002
direct_vs_group_nonadjacent,andauernde,1,2,3,0.0113,0.023,-0.0117,-0.757,0.3539,group,88221,87002
direct_vs_group_nonadjacent,angemessen,1,2,3,0.0113,0.023,-0.0117,-0.757,0.3539,group,88221,87002
direct_vs_group_nonadjacent,angesetzten,1,2,3,0.0113,0.023,-0.0117,-0.757,0.3539,group,88221,87002
direct_vs_group_nonadjacent,angestrebt,1,2,3,0.0113,0.023,-0.0117,-0.757,0.3539,group,88221,87002
direct_vs_group_nonadjacent,antworte,1,2,3,0.0113,0.023,-0.0117,-0.757,0.3539,group,88221,87002
direct_vs_group_nonadjacent,aufgeteilt,1,2,3,0.0113,0.023,-0.0117,-0.757,0.3539,group,88221,87002
direct_vs_group_nonadjacent,ausbleibender,1,2,3,0.0113,0.023,-0.0117,-0.757,0.3539,group,88221,87002
direct_vs_group_nonadjacent,ausgefallen,1,2,3,0.0113,0.023,-0.0117,-0.757,0.3539,group,88221,87002
direct_vs_group_nonadjacent,ausgehandelt,1,2,3,0.0113,0.023,-0.0117,-0.757,0.3539,group,88221,87002
direct_vs_group_nonadjacent,ausgehen,1,2,3,0.0113,0.023,-0.0117,-0.757,0.3539,group,88221,87002
direct_vs_group_nonadjacent,ausschleichen,1,2,3,0.0113,0.023,-0.0117,-0.757,0.3539,group,88221,87002
direct_vs_group_nonadjacent,austeilen,1,2,3,0.0113,0.023,-0.0117,-0.757,0.3539,group,88221,87002
direct_vs_group_nonadjacent,auszuprobieren,1,2,3,0.0113,0.023,-0.0117,-0.757,0.3539,group,88221,87002
direct_vs_group_nonadjacent,bariatr,1,2,3,0.0113,0.023,-0.0117,-0.757,0.3539,group,88221,87002
direct_vs_group_nonadjacent,be,1,2,3,0.0113,0.023,-0.0117,-0.757,0.3539,group,88221,87002
direct_vs_group_nonadjacent,beantragt,1,2,3,0.0113,0.023,-0.0117,-0.757,0.3539,group,88221,87002
direct_vs_group_nonadjacent,beeinflussen,1,2,3,0.0113,0.023,-0.0117,-0.757,0.3539,group,88221,87002
direct_vs_group_nonadjacent,bek,1,2,3,0.0113,0.023,-0.0117,-0.757,0.3539,group,88221,87002
direct_vs_group_nonadjacent,beobachtet,1,2,3,0.0113,0.023,-0.0117,-0.757,0.3539,group,88221,87002
direct_vs_group_nonadjacent,bereite,1,2,3,0.0113,0.023,-0.0117,-0.757,0.3539,group,88221,87002
direct_vs_group_nonadjacent,bestehe,1,2,3,0.0113,0.023,-0.0117,-0.757,0.3539,group,88221,87002
direct_vs_group_nonadjacent,bestärkt,1,2,3,0.0113,0.023,-0.0117,-0.757,0.3539,group,88221,87002
direct_vs_group_nonadjacent,besucht,1,2,3,0.0113,0.023,-0.0117,-0.757,0.3539,group,88221,87002
direct_vs_group_nonadjacent,bevorstehenden,1,2,3,0.0113,0.023,-0.0117,-0.757,0.3539,group,88221,87002
direct_vs_group_nonadjacent,bezieht,1,2,3,0.0113,0.023,-0.0117,-0.757,0.3539,group,88221,87002
direct_vs_group_nonadjacent,dementsprechend,1,2,3,0.0113,0.023,-0.0117,-0.757,0.3539,group,88221,87002
direct_vs_group_nonadjacent,drängen,1,2,3,0.0113,0.023,-0.0117,-0.757,0.3539,group,88221,87002
direct_vs_group_nonadjacent,einfachsten,1,2,3,0.0113,0.023,-0.0117,-0.757,0.3539,group,88221,87002
direct_vs_group_nonadjacent,einiger,1,2,3,0.0113,0.023,-0.0117,-0.757,0.3539,group,88221,87002
direct_vs_group_nonadjacent,einsehen,1,2,3,0.0113,0.023,-0.0117,-0.757,0.3539,group,88221,87002
direct_vs_group_nonadjacent,einzeln,1,2,3,0.0113,0.023,-0.0117,-0.757,0.3539,group,88221,87002
direct_vs_group_nonadjacent,empfangen,1,2,3,0.0113,0.023,-0.0117,-0.757,0.3539,group,88221,87002
direct_vs_group_nonadjacent,entfällt,1,2,3,0.0113,0.023,-0.0117,-0.757,0.3539,group,88221,87002
direct_vs_group_nonadjacent,entlastendes,1,2,3,0.0113,0.023,-0.0117,-0.757,0.3539,group,88221,87002
direct_vs_group_nonadjacent,erarbeitet,1,2,3,0.0113,0.023,-0.0117,-0.757,0.3539,group,88221,87002
direct_vs_group_nonadjacent,erfolgreich,1,2,3,0.0113,0.023,-0.0117,-0.757,0.3539,group,88221,87002
direct_vs_group_nonadjacent,erinnere,1,2,3,0.0113,0.023,-0.0117,-0.757,0.3539,group,88221,87002
direct_vs_group_nonadjacent,erinnert,1,2,3,0.0113,0.023,-0.0117,-0.757,0.3539,group,88221,87002
direct_vs_group_nonadjacent,erläutert,1,2,3,0.0113,0.023,-0.0117,-0.757,0.3539,group,88221,87002
direct_vs_group_nonadjacent,erniedrigt,1,2,3,0.0113,0.023,-0.0117,-0.757,0.3539,group,88221,87002
direct_vs_group_nonadjacent,fett,1,2,3,0.0113,0.023,-0.0117,-0.757,0.3539,group,88221,87002
direct_vs_group_nonadjacent,folgender,1,2,3,0.0113,0.023,-0.0117,-0.757,0.3539,group,88221,87002
direct_vs_group_nonadjacent,folgt,1,2,3,0.0113,0.023,-0.0117,-0.757,0.3539,group,88221,87002
direct_vs_group_nonadjacent,fordern,1,2,3,0.0113,0.023,-0.0117,-0.757,0.3539,group,88221,87002
direct_vs_group_nonadjacent,frgl,1,2,3,0.0113,0.023,-0.0117,-0.757,0.3539,group,88221,87002
direct_vs_group_nonadjacent,frohe,1,2,3,0.0113,0.023,-0.0117,-0.757,0.3539,group,88221,87002
direct_vs_group_nonadjacent,fängt,1,2,3,0.0113,0.023,-0.0117,-0.757,0.3539,group,88221,87002
direct_vs_group_nonadjacent,gefährdet,1,2,3,0.0113,0.023,-0.0117,-0.757,0.3539,group,88221,87002
direct_vs_group_nonadjacent,geirrt,1,2,3,0.0113,0.023,-0.0117,-0.757,0.3539,group,88221,87002
direct_vs_group_nonadjacent,gemessen,1,2,3,0.0113,0.023,-0.0117,-0.757,0.3539,group,88221,87002
direct_vs_group_nonadjacent,genannt,1,2,3,0.0113,0.023,-0.0117,-0.757,0.3539,group,88221,87002
direct_vs_group_nonadjacent,generalisierter,1,2,3,0.0113,0.023,-0.0117,-0.757,0.3539,group,88221,87002
direct_vs_group_nonadjacent,geschützt,1,2,3,0.0113,0.023,-0.0117,-0.757,0.3539,group,88221,87002
direct_vs_group_nonadjacent,gestaltet,1,2,3,0.0113,0.023,-0.0117,-0.757,0.3539,group,88221,87002
direct_vs_group_nonadjacent,getragen,1,2,3,0.0113,0.023,-0.0117,-0.757,0.3539,group,88221,87002
direct_vs_group_nonadjacent,gewirkt,1,2,3,0.0113,0.023,-0.0117,-0.757,0.3539,group,88221,87002
direct_vs_group_nonadjacent,grades,1,2,3,0.0113,0.023,-0.0117,-0.757,0.3539,group,88221,87002
direct_vs_group_nonadjacent,handgelenk,1,2,3,0.0113,0.023,-0.0117,-0.757,0.3539,group,88221,87002
direct_vs_group_nonadjacent,höher,1,2,3,0.0113,0.023,-0.0117,-0.757,0.3539,group,88221,87002
direct_vs_group_nonadjacent,immerhin,1,2,3,0.0113,0.023,-0.0117,-0.757,0.3539,group,88221,87002
direct_vs_group_nonadjacent,initial,1,2,3,0.0113,0.023,-0.0117,-0.757,0.3539,group,88221,87002
direct_vs_group_nonadjacent,innenzimmer,1,2,3,0.0113,0.023,-0.0117,-0.757,0.3539,group,88221,87002
direct_vs_group_nonadjacent,kindliche,1,2,3,0.0113,0.023,-0.0117,-0.757,0.3539,group,88221,87002
direct_vs_group_nonadjacent,klappen,1,2,3,0.0113,0.023,-0.0117,-0.757,0.3539,group,88221,87002
direct_vs_group_nonadjacent,klarer,1,2,3,0.0113,0.023,-0.0117,-0.757,0.3539,group,88221,87002
direct_vs_group_nonadjacent,konkretes,1,2,3,0.0113,0.023,-0.0117,-0.757,0.3539,group,88221,87002
direct_vs_group_nonadjacent,konstant,1,2,3,0.0113,0.023,-0.0117,-0.757,0.3539,group,88221,87002
direct_vs_group_nonadjacent,kontaktperson,1,2,3,0.0113,0.023,-0.0117,-0.757,0.3539,group,88221,87002
direct_vs_group_nonadjacent,kopiere,1,2,3,0.0113,0.023,-0.0117,-0.757,0.3539,group,88221,87002
direct_vs_group_nonadjacent,lehnte,1,2,3,0.0113,0.023,-0.0117,-0.757,0.3539,group,88221,87002
direct_vs_group_nonadjacent,leisten,1,2,3,0.0113,0.023,-0.0117,-0.757,0.3539,group,88221,87002
direct_vs_group_nonadjacent,mag,1,2,3,0.0113,0.023,-0.0117,-0.757,0.3539,group,88221,87002
direct_vs_group_nonadjacent,messen,1,2,3,0.0113,0.023,-0.0117,-0.757,0.3539,group,88221,87002
direct_vs_group_nonadjacent,misstrauisch,1,2,3,0.0113,0.023,-0.0117,-0.757,0.3539,group,88221,87002
direct_vs_group_nonadjacent,mitgenommen,1,2,3,0.0113,0.023,-0.0117,-0.757,0.3539,group,88221,87002
direct_vs_group_nonadjacent,mitmacht,1,2,3,0.0113,0.023,-0.0117,-0.757,0.3539,group,88221,87002
direct_vs_group_nonadjacent,mühsam,1,2,3,0.0113,0.023,-0.0117,-0.757,0.3539,group,88221,87002
direct_vs_group_nonadjacent,nachgetragen,1,2,3,0.0113,0.023,-0.0117,-0.757,0.3539,group,88221,87002
direct_vs_group_nonadjacent,nochmals,1,2,3,0.0113,0.023,-0.0117,-0.757,0.3539,group,88221,87002
direct_vs_group_nonadjacent,ochenende,1,2,3,0.0113,0.023,-0.0117,-0.757,0.3539,group,88221,87002
direct_vs_group_nonadjacent,plötzlich,1,2,3,0.0113,0.023,-0.0117,-0.757,0.3539,group,88221,87002
direct_vs_group_nonadjacent,probiere,1,2,3,0.0113,0.023,-0.0117,-0.757,0.3539,group,88221,87002
direct_vs_group_nonadjacent,präsenter,1,2,3,0.0113,0.023,-0.0117,-0.757,0.3539,group,88221,87002
direct_vs_group_nonadjacent,relevante,1,2,3,0.0113,0.023,-0.0117,-0.757,0.3539,group,88221,87002
direct_vs_group_nonadjacent,ret,1,2,3,0.0113,0.023,-0.0117,-0.757,0.3539,group,88221,87002
direct_vs_group_nonadjacent,rückgängig,1,2,3,0.0113,0.023,-0.0117,-0.757,0.3539,group,88221,87002
direct_vs_group_nonadjacent,schaden,1,2,3,0.0113,0.023,-0.0117,-0.757,0.3539,group,88221,87002
direct_vs_group_nonadjacent,scheinen,1,2,3,0.0113,0.023,-0.0117,-0.757,0.3539,group,88221,87002
direct_vs_group_nonadjacent,schriftl,1,2,3,0.0113,0.023,-0.0117,-0.757,0.3539,group,88221,87002
direct_vs_group_nonadjacent,schriftlicher,1,2,3,0.0113,0.023,-0.0117,-0.757,0.3539,group,88221,87002
direct_vs_group_nonadjacent,schwankend,1,2,3,0.0113,0.023,-0.0117,-0.757,0.3539,group,88221,87002
direct_vs_group_nonadjacent,schwerhörig,1,2,3,0.0113,0.023,-0.0117,-0.757,0.3539,group,88221,87002
direct_vs_group_nonadjacent,schwieriger,1,2,3,0.0113,0.023,-0.0117,-0.757,0.3539,group,88221,87002
direct_vs_group_nonadjacent,seitdem,1,2,3,0.0113,0.023,-0.0117,-0.757,0.3539,group,88221,87002
direct_vs_group_nonadjacent,sek,1,2,3,0.0113,0.023,-0.0117,-0.757,0.3539,group,88221,87002
direct_vs_group_nonadjacent,sichtung,1,2,3,0.0113,0.023,-0.0117,-0.757,0.3539,group,88221,87002
direct_vs_group_nonadjacent,solche,1,2,3,0.0113,0.023,-0.0117,-0.757,0.3539,group,88221,87002
direct_vs_group_nonadjacent,sozialem,1,2,3,0.0113,0.023,-0.0117,-0.757,0.3539,group,88221,87002
direct_vs_group_nonadjacent,spürt,1,2,3,0.0113,0.023,-0.0117,-0.757,0.3539,group,88221,87002
direct_vs_group_nonadjacent,stattgefunden,1,2,3,0.0113,0.023,-0.0117,-0.757,0.3539,group,88221,87002
direct_vs_group_nonadjacent,steigerung,1,2,3,0.0113,0.023,-0.0117,-0.757,0.3539,group,88221,87002
direct_vs_group_nonadjacent,stille,1,2,3,0.0113,0.023,-0.0117,-0.757,0.3539,group,88221,87002
direct_vs_group_nonadjacent,stärker,1,2,3,0.0113,0.023,-0.0117,-0.757,0.3539,group,88221,87002
direct_vs_group_nonadjacent,stärkere,1,2,3,0.0113,0.023,-0.0117,-0.757,0.3539,group,88221,87002
direct_vs_group_nonadjacent,therapeutische,1,2,3,0.0113,0.023,-0.0117,-0.757,0.3539,group,88221,87002
direct_vs_group_nonadjacent,unklarer,1,2,3,0.0113,0.023,-0.0117,-0.757,0.3539,group,88221,87002
direct_vs_group_nonadjacent,unretardiert,1,2,3,0.0113,0.023,-0.0117,-0.757,0.3539,group,88221,87002
direct_vs_group_nonadjacent,unterstützt,1,2,3,0.0113,0.023,-0.0117,-0.757,0.3539,group,88221,87002
direct_vs_group_nonadjacent,vegan,1,2,3,0.0113,0.023,-0.0117,-0.757,0.3539,group,88221,87002
direct_vs_group_nonadjacent,verfestigt,1,2,3,0.0113,0.023,-0.0117,-0.757,0.3539,group,88221,87002
direct_vs_group_nonadjacent,verhindern,1,2,3,0.0113,0.023,-0.0117,-0.757,0.3539,group,88221,87002
direct_vs_group_nonadjacent,vermehrten,1,2,3,0.0113,0.023,-0.0117,-0.757,0.3539,group,88221,87002
direct_vs_group_nonadjacent,verteilen,1,2,3,0.0113,0.023,-0.0117,-0.757,0.3539,group,88221,87002
direct_vs_group_nonadjacent,vertieft,1,2,3,0.0113,0.023,-0.0117,-0.757,0.3539,group,88221,87002
direct_vs_group_nonadjacent,vertritt,1,2,3,0.0113,0.023,-0.0117,-0.757,0.3539,group,88221,87002
direct_vs_group_nonadjacent,verwechselt,1,2,3,0.0113,0.023,-0.0117,-0.757,0.3539,group,88221,87002
direct_vs_group_nonadjacent,verzögert,1,2,3,0.0113,0.023,-0.0117,-0.757,0.3539,group,88221,87002
direct_vs_group_nonadjacent,vorbeschrieben,1,2,3,0.0113,0.023,-0.0117,-0.757,0.3539,group,88221,87002
direct_vs_group_nonadjacent,vordergründig,1,2,3,0.0113,0.023,-0.0117,-0.757,0.3539,group,88221,87002
direct_vs_group_nonadjacent,vorgestern,1,2,3,0.0113,0.023,-0.0117,-0.757,0.3539,group,88221,87002
direct_vs_group_nonadjacent,vorhanden,1,2,3,0.0113,0.023,-0.0117,-0.757,0.3539,group,88221,87002
direct_vs_group_nonadjacent,vorkommt,1,2,3,0.0113,0.023,-0.0117,-0.757,0.3539,group,88221,87002
direct_vs_group_nonadjacent,vorläufigen,1,2,3,0.0113,0.023,-0.0117,-0.757,0.3539,group,88221,87002
direct_vs_group_nonadjacent,vormittag,1,2,3,0.0113,0.023,-0.0117,-0.757,0.3539,group,88221,87002
direct_vs_group_nonadjacent,weinend,1,2,3,0.0113,0.023,-0.0117,-0.757,0.3539,group,88221,87002
direct_vs_group_nonadjacent,zeige,1,2,3,0.0113,0.023,-0.0117,-0.757,0.3539,group,88221,87002
direct_vs_group_nonadjacent,zsm,1,2,3,0.0113,0.023,-0.0117,-0.757,0.3539,group,88221,87002
direct_vs_group_nonadjacent,zugesichert,1,2,3,0.0113,0.023,-0.0117,-0.757,0.3539,group,88221,87002
direct_vs_group_nonadjacent,zusätzliche,1,2,3,0.0113,0.023,-0.0117,-0.757,0.3539,group,88221,87002
direct_vs_group_nonadjacent,zweites,1,2,3,0.0113,0.023,-0.0117,-0.757,0.3539,group,88221,87002
direct_vs_group_nonadjacent,ärztlich,1,2,3,0.0113,0.023,-0.0117,-0.757,0.3539,group,88221,87002
direct_vs_group_nonadjacent,üblich,1,2,3,0.0113,0.023,-0.0117,-0.757,0.3539,group,88221,87002
direct_vs_group_nonadjacent,Teams,13,10,23,0.1474,0.1149,0.0324,0.3425,0.3518,direct,88221,87002
direct_vs_group_nonadjacent,Zu,13,10,23,0.1474,0.1149,0.0324,0.3425,0.3518,direct,88221,87002
direct_vs_group_nonadjacent,Angehörigengespräch,22,18,40,0.2494,0.2069,0.0425,0.2623,0.3469,direct,88221,87002
direct_vs_group_nonadjacent,Störung,22,18,40,0.2494,0.2069,0.0425,0.2623,0.3469,direct,88221,87002
direct_vs_group_nonadjacent,ansonsten,14,17,31,0.1587,0.1954,-0.0367,-0.2914,0.334,group,88221,87002
direct_vs_group_nonadjacent,daran,14,17,31,0.1587,0.1954,-0.0367,-0.2914,0.334,group,88221,87002
direct_vs_group_nonadjacent,+900g,2,1,3,0.0227,0.0115,0.0112,0.7169,0.326,direct,88221,87002
direct_vs_group_nonadjacent,18h,2,1,3,0.0227,0.0115,0.0112,0.7169,0.326,direct,88221,87002
direct_vs_group_nonadjacent,AD,2,1,3,0.0227,0.0115,0.0112,0.7169,0.326,direct,88221,87002
direct_vs_group_nonadjacent,Abgänge,2,1,3,0.0227,0.0115,0.0112,0.7169,0.326,direct,88221,87002
direct_vs_group_nonadjacent,Abstriche,2,1,3,0.0227,0.0115,0.0112,0.7169,0.326,direct,88221,87002
direct_vs_group_nonadjacent,Allergien,2,1,3,0.0227,0.0115,0.0112,0.7169,0.326,direct,88221,87002
direct_vs_group_nonadjacent,Amlodipin,2,1,3,0.0227,0.0115,0.0112,0.7169,0.326,direct,88221,87002
direct_vs_group_nonadjacent,Anlaufstellen,2,1,3,0.0227,0.0115,0.0112,0.7169,0.326,direct,88221,87002
direct_vs_group_nonadjacent,Anmerkung,2,1,3,0.0227,0.0115,0.0112,0.7169,0.326,direct,88221,87002
direct_vs_group_nonadjacent,Anspruch,2,1,3,0.0227,0.0115,0.0112,0.7169,0.326,direct,88221,87002
direct_vs_group_nonadjacent,Atypische,2,1,3,0.0227,0.0115,0.0112,0.7169,0.326,direct,88221,87002
direct_vs_group_nonadjacent,Aufnahmegewicht,2,1,3,0.0227,0.0115,0.0112,0.7169,0.326,direct,88221,87002
direct_vs_group_nonadjacent,Aufteilung,2,1,3,0.0227,0.0115,0.0112,0.7169,0.326,direct,88221,87002
direct_vs_group_nonadjacent,Augenhöhe,2,1,3,0.0227,0.0115,0.0112,0.7169,0.326,direct,88221,87002
direct_vs_group_nonadjacent,Autonomie,2,1,3,0.0227,0.0115,0.0112,0.7169,0.326,direct,88221,87002
direct_vs_group_nonadjacent,Beachtung,2,1,3,0.0227,0.0115,0.0112,0.7169,0.326,direct,88221,87002
direct_vs_group_nonadjacent,Behandlungsvertrag,2,1,3,0.0227,0.0115,0.0112,0.7169,0.326,direct,88221,87002
direct_vs_group_nonadjacent,Beutel,2,1,3,0.0227,0.0115,0.0112,0.7169,0.326,direct,88221,87002
direct_vs_group_nonadjacent,Bezugstherapie,2,1,3,0.0227,0.0115,0.0112,0.7169,0.326,direct,88221,87002
direct_vs_group_nonadjacent,Biographische,2,1,3,0.0227,0.0115,0.0112,0.7169,0.326,direct,88221,87002
direct_vs_group_nonadjacent,Browser,2,1,3,0.0227,0.0115,0.0112,0.7169,0.326,direct,88221,87002
direct_vs_group_nonadjacent,Buprenorphinpflaster,2,1,3,0.0227,0.0115,0.0112,0.7169,0.326,direct,88221,87002
direct_vs_group_nonadjacent,COPD,2,1,3,0.0227,0.0115,0.0112,0.7169,0.326,direct,88221,87002
direct_vs_group_nonadjacent,Cetirizin,2,1,3,0.0227,0.0115,0.0112,0.7169,0.326,direct,88221,87002
direct_vs_group_nonadjacent,Cholesterin,2,1,3,0.0227,0.0115,0.0112,0.7169,0.326,direct,88221,87002
direct_vs_group_nonadjacent,Chronische,2,1,3,0.0227,0.0115,0.0112,0.7169,0.326,direct,88221,87002
direct_vs_group_nonadjacent,DSM,2,1,3,0.0227,0.0115,0.0112,0.7169,0.326,direct,88221,87002
direct_vs_group_nonadjacent,Dadurch,2,1,3,0.0227,0.0115,0.0112,0.7169,0.326,direct,88221,87002
direct_vs_group_nonadjacent,Daten,2,1,3,0.0227,0.0115,0.0112,0.7169,0.326,direct,88221,87002
direct_vs_group_nonadjacent,Deinem,2,1,3,0.0227,0.0115,0.0112,0.7169,0.326,direct,88221,87002
direct_vs_group_nonadjacent,Dok,2,1,3,0.0227,0.0115,0.0112,0.7169,0.326,direct,88221,87002
direct_vs_group_nonadjacent,Drang,2,1,3,0.0227,0.0115,0.0112,0.7169,0.326,direct,88221,87002
direct_vs_group_nonadjacent,EDQuest,2,1,3,0.0227,0.0115,0.0112,0.7169,0.326,direct,88221,87002
direct_vs_group_nonadjacent,EUS,2,1,3,0.0227,0.0115,0.0112,0.7169,0.326,direct,88221,87002
direct_vs_group_nonadjacent,Einfluss,2,1,3,0.0227,0.0115,0.0112,0.7169,0.326,direct,88221,87002
direct_vs_group_nonadjacent,Einschränkung,2,1,3,0.0227,0.0115,0.0112,0.7169,0.326,direct,88221,87002
direct_vs_group_nonadjacent,Einteilung,2,1,3,0.0227,0.0115,0.0112,0.7169,0.326,direct,88221,87002
direct_vs_group_nonadjacent,Eintragen,2,1,3,0.0227,0.0115,0.0112,0.7169,0.326,direct,88221,87002
direct_vs_group_nonadjacent,Einzeltermin,2,1,3,0.0227,0.0115,0.0112,0.7169,0.326,direct,88221,87002
direct_vs_group_nonadjacent,Emotionalität,2,1,3,0.0227,0.0115,0.0112,0.7169,0.326,direct,88221,87002
direct_vs_group_nonadjacent,Endokrinologie,2,1,3,0.0227,0.0115,0.0112,0.7169,0.326,direct,88221,87002
direct_vs_group_nonadjacent,Entlassungen,2,1,3,0.0227,0.0115,0.0112,0.7169,0.326,direct,88221,87002
direct_vs_group_nonadjacent,Essanamnese,2,1,3,0.0227,0.0115,0.0112,0.7169,0.326,direct,88221,87002
direct_vs_group_nonadjacent,Excel,2,1,3,0.0227,0.0115,0.0112,0.7169,0.326,direct,88221,87002
direct_vs_group_nonadjacent,F,2,1,3,0.0227,0.0115,0.0112,0.7169,0.326,direct,88221,87002
direct_vs_group_nonadjacent,Flasche,2,1,3,0.0227,0.0115,0.0112,0.7169,0.326,direct,88221,87002
direct_vs_group_nonadjacent,Flur,2,1,3,0.0227,0.0115,0.0112,0.7169,0.326,direct,88221,87002
direct_vs_group_nonadjacent,Freitagmorgen,2,1,3,0.0227,0.0115,0.0112,0.7169,0.326,direct,88221,87002
direct_vs_group_nonadjacent,Ganz,2,1,3,0.0227,0.0115,0.0112,0.7169,0.326,direct,88221,87002
direct_vs_group_nonadjacent,Geldsorgen,2,1,3,0.0227,0.0115,0.0112,0.7169,0.326,direct,88221,87002
direct_vs_group_nonadjacent,Gewichtszieles,2,1,3,0.0227,0.0115,0.0112,0.7169,0.326,direct,88221,87002
direct_vs_group_nonadjacent,Gründen,2,1,3,0.0227,0.0115,0.0112,0.7169,0.326,direct,88221,87002
direct_vs_group_nonadjacent,H,2,1,3,0.0227,0.0115,0.0112,0.7169,0.326,direct,88221,87002
direct_vs_group_nonadjacent,Hashtag_Psychopharmaka,2,1,3,0.0227,0.0115,0.0112,0.7169,0.326,direct,88221,87002
direct_vs_group_nonadjacent,Hausaufgabe,2,1,3,0.0227,0.0115,0.0112,0.7169,0.326,direct,88221,87002
direct_vs_group_nonadjacent,Hausärztin,2,1,3,0.0227,0.0115,0.0112,0.7169,0.326,direct,88221,87002
direct_vs_group_nonadjacent,Home,2,1,3,0.0227,0.0115,0.0112,0.7169,0.326,direct,88221,87002
direct_vs_group_nonadjacent,Information,2,1,3,0.0227,0.0115,0.0112,0.7169,0.326,direct,88221,87002
direct_vs_group_nonadjacent,Intervallbehandlung,2,1,3,0.0227,0.0115,0.0112,0.7169,0.326,direct,88221,87002
direct_vs_group_nonadjacent,K,2,1,3,0.0227,0.0115,0.0112,0.7169,0.326,direct,88221,87002
direct_vs_group_nonadjacent,Kapazität,2,1,3,0.0227,0.0115,0.0112,0.7169,0.326,direct,88221,87002
direct_vs_group_nonadjacent,Kapsel,2,1,3,0.0227,0.0115,0.0112,0.7169,0.326,direct,88221,87002
direct_vs_group_nonadjacent,Kindern,2,1,3,0.0227,0.0115,0.0112,0.7169,0.326,direct,88221,87002
direct_vs_group_nonadjacent,Klingt,2,1,3,0.0227,0.0115,0.0112,0.7169,0.326,direct,88221,87002
direct_vs_group_nonadjacent,Komme,2,1,3,0.0227,0.0115,0.0112,0.7169,0.326,direct,88221,87002
direct_vs_group_nonadjacent,Konferenz,2,1,3,0.0227,0.0115,0.0112,0.7169,0.326,direct,88221,87002
direct_vs_group_nonadjacent,Konsums,2,1,3,0.0227,0.0115,0.0112,0.7169,0.326,direct,88221,87002
direct_vs_group_nonadjacent,Kontaktdaten,2,1,3,0.0227,0.0115,0.0112,0.7169,0.326,direct,88221,87002
direct_vs_group_nonadjacent,Kontexten,2,1,3,0.0227,0.0115,0.0112,0.7169,0.326,direct,88221,87002
direct_vs_group_nonadjacent,Könnten,2,1,3,0.0227,0.0115,0.0112,0.7169,0.326,direct,88221,87002
direct_vs_group_nonadjacent,LIebe,2,1,3,0.0227,0.0115,0.0112,0.7169,0.326,direct,88221,87002
direct_vs_group_nonadjacent,Leidensdruck,2,1,3,0.0227,0.0115,0.0112,0.7169,0.326,direct,88221,87002
direct_vs_group_nonadjacent,LuFu,2,1,3,0.0227,0.0115,0.0112,0.7169,0.326,direct,88221,87002
direct_vs_group_nonadjacent,Macht,2,1,3,0.0227,0.0115,0.0112,0.7169,0.326,direct,88221,87002
direct_vs_group_nonadjacent,Man,2,1,3,0.0227,0.0115,0.0112,0.7169,0.326,direct,88221,87002
direct_vs_group_nonadjacent,Merci,2,1,3,0.0227,0.0115,0.0112,0.7169,0.326,direct,88221,87002
direct_vs_group_nonadjacent,Migrationsgeschichte,2,1,3,0.0227,0.0115,0.0112,0.7169,0.326,direct,88221,87002
direct_vs_group_nonadjacent,Nebenwirkungen,2,1,3,0.0227,0.0115,0.0112,0.7169,0.326,direct,88221,87002
direct_vs_group_nonadjacent,Neuzugang,2,1,3,0.0227,0.0115,0.0112,0.7169,0.326,direct,88221,87002
direct_vs_group_nonadjacent,Nieren,2,1,3,0.0227,0.0115,0.0112,0.7169,0.326,direct,88221,87002
direct_vs_group_nonadjacent,Online,2,1,3,0.0227,0.0115,0.0112,0.7169,0.326,direct,88221,87002
direct_vs_group_nonadjacent,Outlook,2,1,3,0.0227,0.0115,0.0112,0.7169,0.326,direct,88221,87002
direct_vs_group_nonadjacent,Phasen,2,1,3,0.0227,0.0115,0.0112,0.7169,0.326,direct,88221,87002
direct_vs_group_nonadjacent,Phosphatausscheidung,2,1,3,0.0227,0.0115,0.0112,0.7169,0.326,direct,88221,87002
direct_vs_group_nonadjacent,Probandenquittung,2,1,3,0.0227,0.0115,0.0112,0.7169,0.326,direct,88221,87002
direct_vs_group_nonadjacent,Psychologin,2,1,3,0.0227,0.0115,0.0112,0.7169,0.326,direct,88221,87002
direct_vs_group_nonadjacent,Psychotherapeutisch,2,1,3,0.0227,0.0115,0.0112,0.7169,0.326,direct,88221,87002
direct_vs_group_nonadjacent,Rückmeldungen,2,1,3,0.0227,0.0115,0.0112,0.7169,0.326,direct,88221,87002
direct_vs_group_nonadjacent,Schmerzbereich,2,1,3,0.0227,0.0115,0.0112,0.7169,0.326,direct,88221,87002
direct_vs_group_nonadjacent,Schnupfen,2,1,3,0.0227,0.0115,0.0112,0.7169,0.326,direct,88221,87002
direct_vs_group_nonadjacent,Serologie,2,1,3,0.0227,0.0115,0.0112,0.7169,0.326,direct,88221,87002
direct_vs_group_nonadjacent,Spannungsregulation,2,1,3,0.0227,0.0115,0.0112,0.7169,0.326,direct,88221,87002
direct_vs_group_nonadjacent,Stationsregeln,2,1,3,0.0227,0.0115,0.0112,0.7169,0.326,direct,88221,87002
direct_vs_group_nonadjacent,Stehen,2,1,3,0.0227,0.0115,0.0112,0.7169,0.326,direct,88221,87002
direct_vs_group_nonadjacent,T0,2,1,3,0.0227,0.0115,0.0112,0.7169,0.326,direct,88221,87002
direct_vs_group_nonadjacent,Tagesverlauf,2,1,3,0.0227,0.0115,0.0112,0.7169,0.326,direct,88221,87002
direct_vs_group_nonadjacent,TansVer,2,1,3,0.0227,0.0115,0.0112,0.7169,0.326,direct,88221,87002
direct_vs_group_nonadjacent,Tanzen,2,1,3,0.0227,0.0115,0.0112,0.7169,0.326,direct,88221,87002
direct_vs_group_nonadjacent,Testungen,2,1,3,0.0227,0.0115,0.0112,0.7169,0.326,direct,88221,87002
direct_vs_group_nonadjacent,Tilidin,2,1,3,0.0227,0.0115,0.0112,0.7169,0.326,direct,88221,87002
direct_vs_group_nonadjacent,Tja,2,1,3,0.0227,0.0115,0.0112,0.7169,0.326,direct,88221,87002
direct_vs_group_nonadjacent,Veranstaltung,2,1,3,0.0227,0.0115,0.0112,0.7169,0.326,direct,88221,87002
direct_vs_group_nonadjacent,Verträge,2,1,3,0.0227,0.0115,0.0112,0.7169,0.326,direct,88221,87002
direct_vs_group_nonadjacent,Weil,2,1,3,0.0227,0.0115,0.0112,0.7169,0.326,direct,88221,87002
direct_vs_group_nonadjacent,Weiter,2,1,3,0.0227,0.0115,0.0112,0.7169,0.326,direct,88221,87002
direct_vs_group_nonadjacent,Wochenplan,2,1,3,0.0227,0.0115,0.0112,0.7169,0.326,direct,88221,87002
direct_vs_group_nonadjacent,Zentrum,2,1,3,0.0227,0.0115,0.0112,0.7169,0.326,direct,88221,87002
direct_vs_group_nonadjacent,Zuerst,2,1,3,0.0227,0.0115,0.0112,0.7169,0.326,direct,88221,87002
direct_vs_group_nonadjacent,Zusätzlich,2,1,3,0.0227,0.0115,0.0112,0.7169,0.326,direct,88221,87002
direct_vs_group_nonadjacent,Zw,2,1,3,0.0227,0.0115,0.0112,0.7169,0.326,direct,88221,87002
direct_vs_group_nonadjacent,Zwecks,2,1,3,0.0227,0.0115,0.0112,0.7169,0.326,direct,88221,87002
direct_vs_group_nonadjacent,abgeneigt,2,1,3,0.0227,0.0115,0.0112,0.7169,0.326,direct,88221,87002
direct_vs_group_nonadjacent,abhole,2,1,3,0.0227,0.0115,0.0112,0.7169,0.326,direct,88221,87002
direct_vs_group_nonadjacent,absolut,2,1,3,0.0227,0.0115,0.0112,0.7169,0.326,direct,88221,87002
direct_vs_group_nonadjacent,aktuelles,2,1,3,0.0227,0.0115,0.0112,0.7169,0.326,direct,88221,87002
direct_vs_group_nonadjacent,anzufangen,2,1,3,0.0227,0.0115,0.0112,0.7169,0.326,direct,88221,87002
direct_vs_group_nonadjacent,aufessen,2,1,3,0.0227,0.0115,0.0112,0.7169,0.326,direct,88221,87002
direct_vs_group_nonadjacent,auffällt,2,1,3,0.0227,0.0115,0.0112,0.7169,0.326,direct,88221,87002
direct_vs_group_nonadjacent,aufgehoben,2,1,3,0.0227,0.0115,0.0112,0.7169,0.326,direct,88221,87002
direct_vs_group_nonadjacent,ausführlicher,2,1,3,0.0227,0.0115,0.0112,0.7169,0.326,direct,88221,87002
direct_vs_group_nonadjacent,ausgegangen,2,1,3,0.0227,0.0115,0.0112,0.7169,0.326,direct,88221,87002
direct_vs_group_nonadjacent,auszuhalten,2,1,3,0.0227,0.0115,0.0112,0.7169,0.326,direct,88221,87002
direct_vs_group_nonadjacent,auszutauschen,2,1,3,0.0227,0.0115,0.0112,0.7169,0.326,direct,88221,87002
direct_vs_group_nonadjacent,beantragen,2,1,3,0.0227,0.0115,0.0112,0.7169,0.326,direct,88221,87002
direct_vs_group_nonadjacent,befürchte,2,1,3,0.0227,0.0115,0.0112,0.7169,0.326,direct,88221,87002
direct_vs_group_nonadjacent,beschrieb,2,1,3,0.0227,0.0115,0.0112,0.7169,0.326,direct,88221,87002
direct_vs_group_nonadjacent,bezogen,2,1,3,0.0227,0.0115,0.0112,0.7169,0.326,direct,88221,87002
direct_vs_group_nonadjacent,biogr,2,1,3,0.0227,0.0115,0.0112,0.7169,0.326,direct,88221,87002
direct_vs_group_nonadjacent,bloß,2,1,3,0.0227,0.0115,0.0112,0.7169,0.326,direct,88221,87002
direct_vs_group_nonadjacent,brauch,2,1,3,0.0227,0.0115,0.0112,0.7169,0.326,direct,88221,87002
direct_vs_group_nonadjacent,charite,2,1,3,0.0227,0.0115,0.0112,0.7169,0.326,direct,88221,87002
direct_vs_group_nonadjacent,dato,2,1,3,0.0227,0.0115,0.0112,0.7169,0.326,direct,88221,87002
direct_vs_group_nonadjacent,dauert,2,1,3,0.0227,0.0115,0.0112,0.7169,0.326,direct,88221,87002
direct_vs_group_nonadjacent,diesmal,2,1,3,0.0227,0.0115,0.0112,0.7169,0.326,direct,88221,87002
direct_vs_group_nonadjacent,drängt,2,1,3,0.0227,0.0115,0.0112,0.7169,0.326,direct,88221,87002
direct_vs_group_nonadjacent,eigentlichen,2,1,3,0.0227,0.0115,0.0112,0.7169,0.326,direct,88221,87002
direct_vs_group_nonadjacent,einspringen,2,1,3,0.0227,0.0115,0.0112,0.7169,0.326,direct,88221,87002
direct_vs_group_nonadjacent,entlassung,2,1,3,0.0227,0.0115,0.0112,0.7169,0.326,direct,88221,87002
direct_vs_group_nonadjacent,entsprechenden,2,1,3,0.0227,0.0115,0.0112,0.7169,0.326,direct,88221,87002
direct_vs_group_nonadjacent,erhöhte,2,1,3,0.0227,0.0115,0.0112,0.7169,0.326,direct,88221,87002
direct_vs_group_nonadjacent,erkannt,2,1,3,0.0227,0.0115,0.0112,0.7169,0.326,direct,88221,87002
direct_vs_group_nonadjacent,erkläre,2,1,3,0.0227,0.0115,0.0112,0.7169,0.326,direct,88221,87002
direct_vs_group_nonadjacent,erledigen,2,1,3,0.0227,0.0115,0.0112,0.7169,0.326,direct,88221,87002
direct_vs_group_nonadjacent,essgruppe,2,1,3,0.0227,0.0115,0.0112,0.7169,0.326,direct,88221,87002
direct_vs_group_nonadjacent,extra,2,1,3,0.0227,0.0115,0.0112,0.7169,0.326,direct,88221,87002
direct_vs_group_nonadjacent,fall,2,1,3,0.0227,0.0115,0.0112,0.7169,0.326,direct,88221,87002
direct_vs_group_nonadjacent,fallen,2,1,3,0.0227,0.0115,0.0112,0.7169,0.326,direct,88221,87002
direct_vs_group_nonadjacent,finale,2,1,3,0.0227,0.0115,0.0112,0.7169,0.326,direct,88221,87002
direct_vs_group_nonadjacent,fyi,2,1,3,0.0227,0.0115,0.0112,0.7169,0.326,direct,88221,87002
direct_vs_group_nonadjacent,fürchte,2,1,3,0.0227,0.0115,0.0112,0.7169,0.326,direct,88221,87002
direct_vs_group_nonadjacent,geboren,2,1,3,0.0227,0.0115,0.0112,0.7169,0.326,direct,88221,87002
direct_vs_group_nonadjacent,gedanklich,2,1,3,0.0227,0.0115,0.0112,0.7169,0.326,direct,88221,87002
direct_vs_group_nonadjacent,geklebt,2,1,3,0.0227,0.0115,0.0112,0.7169,0.326,direct,88221,87002
direct_vs_group_nonadjacent,gelungen,2,1,3,0.0227,0.0115,0.0112,0.7169,0.326,direct,88221,87002
direct_vs_group_nonadjacent,gesammelt,2,1,3,0.0227,0.0115,0.0112,0.7169,0.326,direct,88221,87002
direct_vs_group_nonadjacent,geschoben,2,1,3,0.0227,0.0115,0.0112,0.7169,0.326,direct,88221,87002
direct_vs_group_nonadjacent,gesichert,2,1,3,0.0227,0.0115,0.0112,0.7169,0.326,direct,88221,87002
direct_vs_group_nonadjacent,gewichtsvertrag,2,1,3,0.0227,0.0115,0.0112,0.7169,0.326,direct,88221,87002
direct_vs_group_nonadjacent,gibst,2,1,3,0.0227,0.0115,0.0112,0.7169,0.326,direct,88221,87002
direct_vs_group_nonadjacent,gründen,2,1,3,0.0227,0.0115,0.0112,0.7169,0.326,direct,88221,87002
direct_vs_group_nonadjacent,handy,2,1,3,0.0227,0.0115,0.0112,0.7169,0.326,direct,88221,87002
direct_vs_group_nonadjacent,hinbekommen,2,1,3,0.0227,0.0115,0.0112,0.7169,0.326,direct,88221,87002
direct_vs_group_nonadjacent,hinterfragt,2,1,3,0.0227,0.0115,0.0112,0.7169,0.326,direct,88221,87002
direct_vs_group_nonadjacent,holst,2,1,3,0.0227,0.0115,0.0112,0.7169,0.326,direct,88221,87002
direct_vs_group_nonadjacent,ind,2,1,3,0.0227,0.0115,0.0112,0.7169,0.326,direct,88221,87002
direct_vs_group_nonadjacent,info,2,1,3,0.0227,0.0115,0.0112,0.7169,0.326,direct,88221,87002
direct_vs_group_nonadjacent,instabil,2,1,3,0.0227,0.0115,0.0112,0.7169,0.326,direct,88221,87002
direct_vs_group_nonadjacent,interessanten,2,1,3,0.0227,0.0115,0.0112,0.7169,0.326,direct,88221,87002
direct_vs_group_nonadjacent,irgendjemand,2,1,3,0.0227,0.0115,0.0112,0.7169,0.326,direct,88221,87002
direct_vs_group_nonadjacent,ists,2,1,3,0.0227,0.0115,0.0112,0.7169,0.326,direct,88221,87002
direct_vs_group_nonadjacent,kalt,2,1,3,0.0227,0.0115,0.0112,0.7169,0.326,direct,88221,87002
direct_vs_group_nonadjacent,kl,2,1,3,0.0227,0.0115,0.0112,0.7169,0.326,direct,88221,87002
direct_vs_group_nonadjacent,kläre,2,1,3,0.0227,0.0115,0.0112,0.7169,0.326,direct,88221,87002
direct_vs_group_nonadjacent,kommentiert,2,1,3,0.0227,0.0115,0.0112,0.7169,0.326,direct,88221,87002
direct_vs_group_nonadjacent,kontakt,2,1,3,0.0227,0.0115,0.0112,0.7169,0.326,direct,88221,87002
direct_vs_group_nonadjacent,kopiert,2,1,3,0.0227,0.0115,0.0112,0.7169,0.326,direct,88221,87002
direct_vs_group_nonadjacent,krankheitsbedingt,2,1,3,0.0227,0.0115,0.0112,0.7169,0.326,direct,88221,87002
direct_vs_group_nonadjacent,kämpfen,2,1,3,0.0227,0.0115,0.0112,0.7169,0.326,direct,88221,87002
direct_vs_group_nonadjacent,körp,2,1,3,0.0227,0.0115,0.0112,0.7169,0.326,direct,88221,87002
direct_vs_group_nonadjacent,lasse,2,1,3,0.0227,0.0115,0.0112,0.7169,0.326,direct,88221,87002
direct_vs_group_nonadjacent,längeren,2,1,3,0.0227,0.0115,0.0112,0.7169,0.326,direct,88221,87002
direct_vs_group_nonadjacent,mitzubringen,2,1,3,0.0227,0.0115,0.0112,0.7169,0.326,direct,88221,87002
direct_vs_group_nonadjacent,nachbesprechen,2,1,3,0.0227,0.0115,0.0112,0.7169,0.326,direct,88221,87002
direct_vs_group_nonadjacent,ordentlich,2,1,3,0.0227,0.0115,0.0112,0.7169,0.326,direct,88221,87002
direct_vs_group_nonadjacent,pcr,2,1,3,0.0227,0.0115,0.0112,0.7169,0.326,direct,88221,87002
direct_vs_group_nonadjacent,psychologische,2,1,3,0.0227,0.0115,0.0112,0.7169,0.326,direct,88221,87002
direct_vs_group_nonadjacent,psychotherapeutisch,2,1,3,0.0227,0.0115,0.0112,0.7169,0.326,direct,88221,87002
direct_vs_group_nonadjacent,pulmonale,2,1,3,0.0227,0.0115,0.0112,0.7169,0.326,direct,88221,87002
direct_vs_group_nonadjacent,re,2,1,3,0.0227,0.0115,0.0112,0.7169,0.326,direct,88221,87002
direct_vs_group_nonadjacent,rede,2,1,3,0.0227,0.0115,0.0112,0.7169,0.326,direct,88221,87002
direct_vs_group_nonadjacent,reingeschaut,2,1,3,0.0227,0.0115,0.0112,0.7169,0.326,direct,88221,87002
direct_vs_group_nonadjacent,roter,2,1,3,0.0227,0.0115,0.0112,0.7169,0.326,direct,88221,87002
direct_vs_group_nonadjacent,räumen,2,1,3,0.0227,0.0115,0.0112,0.7169,0.326,direct,88221,87002
direct_vs_group_nonadjacent,schief,2,1,3,0.0227,0.0115,0.0112,0.7169,0.326,direct,88221,87002
direct_vs_group_nonadjacent,schöner,2,1,3,0.0227,0.0115,0.0112,0.7169,0.326,direct,88221,87002
direct_vs_group_nonadjacent,schüchtern,2,1,3,0.0227,0.0115,0.0112,0.7169,0.326,direct,88221,87002
direct_vs_group_nonadjacent,setze,2,1,3,0.0227,0.0115,0.0112,0.7169,0.326,direct,88221,87002
direct_vs_group_nonadjacent,sicherstellen,2,1,3,0.0227,0.0115,0.0112,0.7169,0.326,direct,88221,87002
direct_vs_group_nonadjacent,som,2,1,3,0.0227,0.0115,0.0112,0.7169,0.326,direct,88221,87002
direct_vs_group_nonadjacent,soziales,2,1,3,0.0227,0.0115,0.0112,0.7169,0.326,direct,88221,87002
direct_vs_group_nonadjacent,steigendem,2,1,3,0.0227,0.0115,0.0112,0.7169,0.326,direct,88221,87002
direct_vs_group_nonadjacent,the,2,1,3,0.0227,0.0115,0.0112,0.7169,0.326,direct,88221,87002
direct_vs_group_nonadjacent,thematisierte,2,1,3,0.0227,0.0115,0.0112,0.7169,0.326,direct,88221,87002
direct_vs_group_nonadjacent,ums,2,1,3,0.0227,0.0115,0.0112,0.7169,0.326,direct,88221,87002
direct_vs_group_nonadjacent,upside_down_face,2,1,3,0.0227,0.0115,0.0112,0.7169,0.326,direct,88221,87002
direct_vs_group_nonadjacent,verabredet,2,1,3,0.0227,0.0115,0.0112,0.7169,0.326,direct,88221,87002
direct_vs_group_nonadjacent,verfehlt,2,1,3,0.0227,0.0115,0.0112,0.7169,0.326,direct,88221,87002
direct_vs_group_nonadjacent,vermutet,2,1,3,0.0227,0.0115,0.0112,0.7169,0.326,direct,88221,87002
direct_vs_group_nonadjacent,versprochen,2,1,3,0.0227,0.0115,0.0112,0.7169,0.326,direct,88221,87002
direct_vs_group_nonadjacent,verständigen,2,1,3,0.0227,0.0115,0.0112,0.7169,0.326,direct,88221,87002
direct_vs_group_nonadjacent,vertretet,2,1,3,0.0227,0.0115,0.0112,0.7169,0.326,direct,88221,87002
direct_vs_group_nonadjacent,verwenden,2,1,3,0.0227,0.0115,0.0112,0.7169,0.326,direct,88221,87002
direct_vs_group_nonadjacent,visitieren,2,1,3,0.0227,0.0115,0.0112,0.7169,0.326,direct,88221,87002
direct_vs_group_nonadjacent,voraus,2,1,3,0.0227,0.0115,0.0112,0.7169,0.326,direct,88221,87002
direct_vs_group_nonadjacent,vorgesehen,2,1,3,0.0227,0.0115,0.0112,0.7169,0.326,direct,88221,87002
direct_vs_group_nonadjacent,wach,2,1,3,0.0227,0.0115,0.0112,0.7169,0.326,direct,88221,87002
direct_vs_group_nonadjacent,wackelig,2,1,3,0.0227,0.0115,0.0112,0.7169,0.326,direct,88221,87002
direct_vs_group_nonadjacent,wahnhaft,2,1,3,0.0227,0.0115,0.0112,0.7169,0.326,direct,88221,87002
direct_vs_group_nonadjacent,weitermachen,2,1,3,0.0227,0.0115,0.0112,0.7169,0.326,direct,88221,87002
direct_vs_group_nonadjacent,weitersagen,2,1,3,0.0227,0.0115,0.0112,0.7169,0.326,direct,88221,87002
direct_vs_group_nonadjacent,wärst,2,1,3,0.0227,0.0115,0.0112,0.7169,0.326,direct,88221,87002
direct_vs_group_nonadjacent,zugewandt,2,1,3,0.0227,0.0115,0.0112,0.7169,0.326,direct,88221,87002
direct_vs_group_nonadjacent,zusammengefunden,2,1,3,0.0227,0.0115,0.0112,0.7169,0.326,direct,88221,87002
direct_vs_group_nonadjacent,Über,2,1,3,0.0227,0.0115,0.0112,0.7169,0.326,direct,88221,87002
direct_vs_group_nonadjacent,Übergriff,2,1,3,0.0227,0.0115,0.0112,0.7169,0.326,direct,88221,87002
direct_vs_group_nonadjacent,überprüft,2,1,3,0.0227,0.0115,0.0112,0.7169,0.326,direct,88221,87002
direct_vs_group_nonadjacent,Tagen,15,18,33,0.17,0.2069,-0.0369,-0.2753,0.3164,group,88221,87002
direct_vs_group_nonadjacent,früher,15,18,33,0.17,0.2069,-0.0369,-0.2753,0.3164,group,88221,87002
direct_vs_group_nonadjacent,Nifedipin,6,8,14,0.068,0.092,-0.0239,-0.4071,0.3152,group,88221,87002
direct_vs_group_nonadjacent,Terminen,6,8,14,0.068,0.092,-0.0239,-0.4071,0.3152,group,88221,87002
direct_vs_group_nonadjacent,Vorstellung,6,8,14,0.068,0.092,-0.0239,-0.4071,0.3152,group,88221,87002
direct_vs_group_nonadjacent,abgeschlossen,6,8,14,0.068,0.092,-0.0239,-0.4071,0.3152,group,88221,87002
direct_vs_group_nonadjacent,emotional,6,8,14,0.068,0.092,-0.0239,-0.4071,0.3152,group,88221,87002
direct_vs_group_nonadjacent,guter,6,8,14,0.068,0.092,-0.0239,-0.4071,0.3152,group,88221,87002
direct_vs_group_nonadjacent,lässt,6,8,14,0.068,0.092,-0.0239,-0.4071,0.3152,group,88221,87002
direct_vs_group_nonadjacent,schreibt,6,8,14,0.068,0.092,-0.0239,-0.4071,0.3152,group,88221,87002
direct_vs_group_nonadjacent,verschoben,6,8,14,0.068,0.092,-0.0239,-0.4071,0.3152,group,88221,87002
direct_vs_group_nonadjacent,Clonidin,7,5,12,0.0793,0.0575,0.0219,0.4274,0.3076,direct,88221,87002
direct_vs_group_nonadjacent,Ergebnisse,7,5,12,0.0793,0.0575,0.0219,0.4274,0.3076,direct,88221,87002
direct_vs_group_nonadjacent,HCT,7,5,12,0.0793,0.0575,0.0219,0.4274,0.3076,direct,88221,87002
direct_vs_group_nonadjacent,Satz,7,5,12,0.0793,0.0575,0.0219,0.4274,0.3076,direct,88221,87002
direct_vs_group_nonadjacent,bearbeiten,7,5,12,0.0793,0.0575,0.0219,0.4274,0.3076,direct,88221,87002
direct_vs_group_nonadjacent,beraten,7,5,12,0.0793,0.0575,0.0219,0.4274,0.3076,direct,88221,87002
direct_vs_group_nonadjacent,gewünscht,7,5,12,0.0793,0.0575,0.0219,0.4274,0.3076,direct,88221,87002
direct_vs_group_nonadjacent,karte,7,5,12,0.0793,0.0575,0.0219,0.4274,0.3076,direct,88221,87002
direct_vs_group_nonadjacent,stattdessen,7,5,12,0.0793,0.0575,0.0219,0.4274,0.3076,direct,88221,87002
direct_vs_group_nonadjacent,sucht,7,5,12,0.0793,0.0575,0.0219,0.4274,0.3076,direct,88221,87002
direct_vs_group_nonadjacent,unklar,7,5,12,0.0793,0.0575,0.0219,0.4274,0.3076,direct,88221,87002
direct_vs_group_nonadjacent,welchem,7,5,12,0.0793,0.0575,0.0219,0.4274,0.3076,direct,88221,87002
direct_vs_group_nonadjacent,geplant,31,35,66,0.3514,0.4023,-0.0509,-0.1925,0.3014,group,88221,87002
direct_vs_group_nonadjacent,Ziel,16,19,35,0.1814,0.2184,-0.037,-0.2611,0.3009,group,88221,87002
direct_vs_group_nonadjacent,bekommt,37,32,69,0.4194,0.3678,0.0516,0.1864,0.2964,direct,88221,87002
direct_vs_group_nonadjacent,mein,25,21,46,0.2834,0.2414,0.042,0.2261,0.2948,direct,88221,87002
direct_vs_group_nonadjacent,später,32,36,68,0.3627,0.4138,-0.0511,-0.1875,0.2944,group,88221,87002
direct_vs_group_nonadjacent,Rahmen,15,12,27,0.17,0.1379,0.0321,0.2903,0.2936,direct,88221,87002
direct_vs_group_nonadjacent,darum,15,12,27,0.17,0.1379,0.0321,0.2903,0.2936,direct,88221,87002
direct_vs_group_nonadjacent,lieber,15,12,27,0.17,0.1379,0.0321,0.2903,0.2936,direct,88221,87002
direct_vs_group_nonadjacent,zum,131,138,269,1.4849,1.5862,-0.1013,-0.0949,0.2926,group,88221,87002
direct_vs_group_nonadjacent,mehr,147,136,283,1.6663,1.5632,0.1031,0.0917,0.2883,direct,88221,87002
direct_vs_group_nonadjacent,lange,26,22,48,0.2947,0.2529,0.0418,0.216,0.2804,direct,88221,87002
direct_vs_group_nonadjacent,besprochen,93,99,192,1.0542,1.1379,-0.0837,-0.1098,0.2803,group,88221,87002
direct_vs_group_nonadjacent,Personen,7,9,16,0.0793,0.1034,-0.0241,-0.3611,0.2793,group,88221,87002
direct_vs_group_nonadjacent,Verdacht,7,9,16,0.0793,0.1034,-0.0241,-0.3611,0.2793,group,88221,87002
direct_vs_group_nonadjacent,nichts,70,63,133,0.7935,0.7241,0.0693,0.1308,0.2776,direct,88221,87002
direct_vs_group_nonadjacent,vielen,39,34,73,0.4421,0.3908,0.0513,0.1752,0.2767,direct,88221,87002
direct_vs_group_nonadjacent,bzw,35,39,74,0.3967,0.4483,-0.0515,-0.1741,0.2756,group,88221,87002
direct_vs_group_nonadjacent,nimmt,18,21,39,0.204,0.2414,-0.0373,-0.2369,0.2746,group,88221,87002
direct_vs_group_nonadjacent,gesprochen,54,48,102,0.6121,0.5517,0.0604,0.1482,0.2746,direct,88221,87002
direct_vs_group_nonadjacent,weil,89,81,170,1.0088,0.931,0.0778,0.115,0.2735,direct,88221,87002
direct_vs_group_nonadjacent,25,8,6,14,0.0907,0.069,0.0217,0.3669,0.2595,direct,88221,87002
direct_vs_group_nonadjacent,=,8,6,14,0.0907,0.069,0.0217,0.3669,0.2595,direct,88221,87002
direct_vs_group_nonadjacent,Therapeutin,8,6,14,0.0907,0.069,0.0217,0.3669,0.2595,direct,88221,87002
direct_vs_group_nonadjacent,dokumentieren,8,6,14,0.0907,0.069,0.0217,0.3669,0.2595,direct,88221,87002
direct_vs_group_nonadjacent,LZ,8,10,18,0.0907,0.1149,-0.0243,-0.3249,0.2514,group,88221,87002
direct_vs_group_nonadjacent,Verträglichkeit,8,10,18,0.0907,0.1149,-0.0243,-0.3249,0.2514,group,88221,87002
direct_vs_group_nonadjacent,absetzen,8,10,18,0.0907,0.1149,-0.0243,-0.3249,0.2514,group,88221,87002
direct_vs_group_nonadjacent,geändert,8,10,18,0.0907,0.1149,-0.0243,-0.3249,0.2514,group,88221,87002
direct_vs_group_nonadjacent,Team,73,78,151,0.8275,0.8965,-0.0691,-0.115,0.2425,group,88221,87002
direct_vs_group_nonadjacent,besser,42,46,88,0.4761,0.5287,-0.0526,-0.1498,0.2418,group,88221,87002
direct_vs_group_nonadjacent,versucht,30,26,56,0.3401,0.2988,0.0412,0.1827,0.233,direct,88221,87002
direct_vs_group_nonadjacent,Fuß,9,11,20,0.102,0.1264,-0.0244,-0.2957,0.2291,group,88221,87002
direct_vs_group_nonadjacent,erklärt,9,11,20,0.102,0.1264,-0.0244,-0.2957,0.2291,group,88221,87002
direct_vs_group_nonadjacent,schaffe,9,11,20,0.102,0.1264,-0.0244,-0.2957,0.2291,group,88221,87002
direct_vs_group_nonadjacent,seien,9,11,20,0.102,0.1264,-0.0244,-0.2957,0.2291,group,88221,87002
direct_vs_group_nonadjacent,bezüglich,23,26,49,0.2607,0.2988,-0.0381,-0.1934,0.2279,group,88221,87002
direct_vs_group_nonadjacent,sowie,23,26,49,0.2607,0.2988,-0.0381,-0.1934,0.2279,group,88221,87002
direct_vs_group_nonadjacent,200,9,7,16,0.102,0.0805,0.0216,0.321,0.2236,direct,88221,87002
direct_vs_group_nonadjacent,Struktur,9,7,16,0.102,0.0805,0.0216,0.321,0.2236,direct,88221,87002
direct_vs_group_nonadjacent,Weg,9,7,16,0.102,0.0805,0.0216,0.321,0.2236,direct,88221,87002
direct_vs_group_nonadjacent,abholen,9,7,16,0.102,0.0805,0.0216,0.321,0.2236,direct,88221,87002
direct_vs_group_nonadjacent,sowieso,9,7,16,0.102,0.0805,0.0216,0.321,0.2236,direct,88221,87002
direct_vs_group_nonadjacent,gut,202,190,392,2.2897,2.1839,0.1058,0.0681,0.2194,direct,88221,87002
direct_vs_group_nonadjacent,13h,2,3,5,0.0227,0.0345,-0.0118,-0.5055,0.2155,group,88221,87002
direct_vs_group_nonadjacent,Anteil,2,3,5,0.0227,0.0345,-0.0118,-0.5055,0.2155,group,88221,87002
direct_vs_group_nonadjacent,Apotheke,2,3,5,0.0227,0.0345,-0.0118,-0.5055,0.2155,group,88221,87002
direct_vs_group_nonadjacent,Atelier,2,3,5,0.0227,0.0345,-0.0118,-0.5055,0.2155,group,88221,87002
direct_vs_group_nonadjacent,Auto,2,3,5,0.0227,0.0345,-0.0118,-0.5055,0.2155,group,88221,87002
direct_vs_group_nonadjacent,Bedarfsmedikation,2,3,5,0.0227,0.0345,-0.0118,-0.5055,0.2155,group,88221,87002
direct_vs_group_nonadjacent,Biographie,2,3,5,0.0227,0.0345,-0.0118,-0.5055,0.2155,group,88221,87002
direct_vs_group_nonadjacent,Brot,2,3,5,0.0227,0.0345,-0.0118,-0.5055,0.2155,group,88221,87002
direct_vs_group_nonadjacent,Dazu,2,3,5,0.0227,0.0345,-0.0118,-0.5055,0.2155,group,88221,87002
direct_vs_group_nonadjacent,Dokument,2,3,5,0.0227,0.0345,-0.0118,-0.5055,0.2155,group,88221,87002
direct_vs_group_nonadjacent,Einstellungen,2,3,5,0.0227,0.0345,-0.0118,-0.5055,0.2155,group,88221,87002
direct_vs_group_nonadjacent,Einzeltherapie,2,3,5,0.0227,0.0345,-0.0118,-0.5055,0.2155,group,88221,87002
direct_vs_group_nonadjacent,Entschuldige,2,3,5,0.0227,0.0345,-0.0118,-0.5055,0.2155,group,88221,87002
direct_vs_group_nonadjacent,Fallbesprechung,2,3,5,0.0227,0.0345,-0.0118,-0.5055,0.2155,group,88221,87002
direct_vs_group_nonadjacent,Fragt,2,3,5,0.0227,0.0345,-0.0118,-0.5055,0.2155,group,88221,87002
direct_vs_group_nonadjacent,Freue,2,3,5,0.0227,0.0345,-0.0118,-0.5055,0.2155,group,88221,87002
direct_vs_group_nonadjacent,IT,2,3,5,0.0227,0.0345,-0.0118,-0.5055,0.2155,group,88221,87002
direct_vs_group_nonadjacent,Intelligenzminderung,2,3,5,0.0227,0.0345,-0.0118,-0.5055,0.2155,group,88221,87002
direct_vs_group_nonadjacent,Krankenhaus,2,3,5,0.0227,0.0345,-0.0118,-0.5055,0.2155,group,88221,87002
direct_vs_group_nonadjacent,Krankentransport,2,3,5,0.0227,0.0345,-0.0118,-0.5055,0.2155,group,88221,87002
direct_vs_group_nonadjacent,Krankschreibung,2,3,5,0.0227,0.0345,-0.0118,-0.5055,0.2155,group,88221,87002
direct_vs_group_nonadjacent,Kreislauf,2,3,5,0.0227,0.0345,-0.0118,-0.5055,0.2155,group,88221,87002
direct_vs_group_nonadjacent,Med,2,3,5,0.0227,0.0345,-0.0118,-0.5055,0.2155,group,88221,87002
direct_vs_group_nonadjacent,Phobie,2,3,5,0.0227,0.0345,-0.0118,-0.5055,0.2155,group,88221,87002
direct_vs_group_nonadjacent,Spaziergang,2,3,5,0.0227,0.0345,-0.0118,-0.5055,0.2155,group,88221,87002
direct_vs_group_nonadjacent,Unverträglichkeiten,2,3,5,0.0227,0.0345,-0.0118,-0.5055,0.2155,group,88221,87002
direct_vs_group_nonadjacent,Vertretungen,2,3,5,0.0227,0.0345,-0.0118,-0.5055,0.2155,group,88221,87002
direct_vs_group_nonadjacent,Visitendoku,2,3,5,0.0227,0.0345,-0.0118,-0.5055,0.2155,group,88221,87002
direct_vs_group_nonadjacent,Vor,2,3,5,0.0227,0.0345,-0.0118,-0.5055,0.2155,group,88221,87002
direct_vs_group_nonadjacent,Voraussetzung,2,3,5,0.0227,0.0345,-0.0118,-0.5055,0.2155,group,88221,87002
direct_vs_group_nonadjacent,Vorschlag,2,3,5,0.0227,0.0345,-0.0118,-0.5055,0.2155,group,88221,87002
direct_vs_group_nonadjacent,Wohngruppe,2,3,5,0.0227,0.0345,-0.0118,-0.5055,0.2155,group,88221,87002
direct_vs_group_nonadjacent,Zukunft,2,3,5,0.0227,0.0345,-0.0118,-0.5055,0.2155,group,88221,87002
direct_vs_group_nonadjacent,Zweifel,2,3,5,0.0227,0.0345,-0.0118,-0.5055,0.2155,group,88221,87002
direct_vs_group_nonadjacent,abgebrochen,2,3,5,0.0227,0.0345,-0.0118,-0.5055,0.2155,group,88221,87002
direct_vs_group_nonadjacent,abgelehnt,2,3,5,0.0227,0.0345,-0.0118,-0.5055,0.2155,group,88221,87002
direct_vs_group_nonadjacent,abgesagt,2,3,5,0.0227,0.0345,-0.0118,-0.5055,0.2155,group,88221,87002
direct_vs_group_nonadjacent,abklären,2,3,5,0.0227,0.0345,-0.0118,-0.5055,0.2155,group,88221,87002
direct_vs_group_nonadjacent,akzeptieren,2,3,5,0.0227,0.0345,-0.0118,-0.5055,0.2155,group,88221,87002
direct_vs_group_nonadjacent,allgemein,2,3,5,0.0227,0.0345,-0.0118,-0.5055,0.2155,group,88221,87002
direct_vs_group_nonadjacent,aufgreifen,2,3,5,0.0227,0.0345,-0.0118,-0.5055,0.2155,group,88221,87002
direct_vs_group_nonadjacent,aufschreiben,2,3,5,0.0227,0.0345,-0.0118,-0.5055,0.2155,group,88221,87002
direct_vs_group_nonadjacent,aussieht,2,3,5,0.0227,0.0345,-0.0118,-0.5055,0.2155,group,88221,87002
direct_vs_group_nonadjacent,bewegen,2,3,5,0.0227,0.0345,-0.0118,-0.5055,0.2155,group,88221,87002
direct_vs_group_nonadjacent,bezugstherapeutische,2,3,5,0.0227,0.0345,-0.0118,-0.5055,0.2155,group,88221,87002
direct_vs_group_nonadjacent,eingeschränkt,2,3,5,0.0227,0.0345,-0.0118,-0.5055,0.2155,group,88221,87002
direct_vs_group_nonadjacent,empfinde,2,3,5,0.0227,0.0345,-0.0118,-0.5055,0.2155,group,88221,87002
direct_vs_group_nonadjacent,funktionieren,2,3,5,0.0227,0.0345,-0.0118,-0.5055,0.2155,group,88221,87002
direct_vs_group_nonadjacent,gehandhabt,2,3,5,0.0227,0.0345,-0.0118,-0.5055,0.2155,group,88221,87002
direct_vs_group_nonadjacent,gestrigen,2,3,5,0.0227,0.0345,-0.0118,-0.5055,0.2155,group,88221,87002
direct_vs_group_nonadjacent,gäbe,2,3,5,0.0227,0.0345,-0.0118,-0.5055,0.2155,group,88221,87002
direct_vs_group_nonadjacent,hinterlegt,2,3,5,0.0227,0.0345,-0.0118,-0.5055,0.2155,group,88221,87002
direct_vs_group_nonadjacent,hohes,2,3,5,0.0227,0.0345,-0.0118,-0.5055,0.2155,group,88221,87002
direct_vs_group_nonadjacent,intensiv,2,3,5,0.0227,0.0345,-0.0118,-0.5055,0.2155,group,88221,87002
direct_vs_group_nonadjacent,irgendwelche,2,3,5,0.0227,0.0345,-0.0118,-0.5055,0.2155,group,88221,87002
direct_vs_group_nonadjacent,liest,2,3,5,0.0227,0.0345,-0.0118,-0.5055,0.2155,group,88221,87002
direct_vs_group_nonadjacent,links,2,3,5,0.0227,0.0345,-0.0118,-0.5055,0.2155,group,88221,87002
direct_vs_group_nonadjacent,nah,2,3,5,0.0227,0.0345,-0.0118,-0.5055,0.2155,group,88221,87002
direct_vs_group_nonadjacent,negative,2,3,5,0.0227,0.0345,-0.0118,-0.5055,0.2155,group,88221,87002
direct_vs_group_nonadjacent,negativen,2,3,5,0.0227,0.0345,-0.0118,-0.5055,0.2155,group,88221,87002
direct_vs_group_nonadjacent,neuer,2,3,5,0.0227,0.0345,-0.0118,-0.5055,0.2155,group,88221,87002
direct_vs_group_nonadjacent,nüchtern,2,3,5,0.0227,0.0345,-0.0118,-0.5055,0.2155,group,88221,87002
direct_vs_group_nonadjacent,perfekt,2,3,5,0.0227,0.0345,-0.0118,-0.5055,0.2155,group,88221,87002
direct_vs_group_nonadjacent,privaten,2,3,5,0.0227,0.0345,-0.0118,-0.5055,0.2155,group,88221,87002
direct_vs_group_nonadjacent,selten,2,3,5,0.0227,0.0345,-0.0118,-0.5055,0.2155,group,88221,87002
direct_vs_group_nonadjacent,speziell,2,3,5,0.0227,0.0345,-0.0118,-0.5055,0.2155,group,88221,87002
direct_vs_group_nonadjacent,starkes,2,3,5,0.0227,0.0345,-0.0118,-0.5055,0.2155,group,88221,87002
direct_vs_group_nonadjacent,ständig,2,3,5,0.0227,0.0345,-0.0118,-0.5055,0.2155,group,88221,87002
direct_vs_group_nonadjacent,teils,2,3,5,0.0227,0.0345,-0.0118,-0.5055,0.2155,group,88221,87002
direct_vs_group_nonadjacent,therapeutischer,2,3,5,0.0227,0.0345,-0.0118,-0.5055,0.2155,group,88221,87002
direct_vs_group_nonadjacent,tägliche,2,3,5,0.0227,0.0345,-0.0118,-0.5055,0.2155,group,88221,87002
direct_vs_group_nonadjacent,unterbrochen,2,3,5,0.0227,0.0345,-0.0118,-0.5055,0.2155,group,88221,87002
direct_vs_group_nonadjacent,vorbeigehen,2,3,5,0.0227,0.0345,-0.0118,-0.5055,0.2155,group,88221,87002
direct_vs_group_nonadjacent,wechselt,2,3,5,0.0227,0.0345,-0.0118,-0.5055,0.2155,group,88221,87002
direct_vs_group_nonadjacent,wiederkommen,2,3,5,0.0227,0.0345,-0.0118,-0.5055,0.2155,group,88221,87002
direct_vs_group_nonadjacent,zugelassen,2,3,5,0.0227,0.0345,-0.0118,-0.5055,0.2155,group,88221,87002
direct_vs_group_nonadjacent,+,25,28,53,0.2834,0.3218,-0.0385,-0.1805,0.2142,group,88221,87002
direct_vs_group_nonadjacent,letzte,25,28,53,0.2834,0.3218,-0.0385,-0.1805,0.2142,group,88221,87002
direct_vs_group_nonadjacent,genommen,10,12,22,0.1134,0.1379,-0.0246,-0.2716,0.211,group,88221,87002
direct_vs_group_nonadjacent,purging,10,12,22,0.1134,0.1379,-0.0246,-0.2716,0.211,group,88221,87002
direct_vs_group_nonadjacent,dass,543,521,1064,6.155,5.9884,0.1666,0.0395,0.2003,direct,88221,87002
direct_vs_group_nonadjacent,evtl,28,31,59,0.3174,0.3563,-0.0389,-0.1645,0.1972,group,88221,87002
direct_vs_group_nonadjacent,Handy,11,13,24,0.1247,0.1494,-0.0247,-0.2514,0.1958,group,88221,87002
direct_vs_group_nonadjacent,nachdem,11,13,24,0.1247,0.1494,-0.0247,-0.2514,0.1958,group,88221,87002
direct_vs_group_nonadjacent,aufnehmen,10,8,18,0.1134,0.092,0.0214,0.2848,0.1957,direct,88221,87002
direct_vs_group_nonadjacent,generell,10,8,18,0.1134,0.092,0.0214,0.2848,0.1957,direct,88221,87002
direct_vs_group_nonadjacent,planen,10,8,18,0.1134,0.092,0.0214,0.2848,0.1957,direct,88221,87002
direct_vs_group_nonadjacent,zumindest,10,8,18,0.1134,0.092,0.0214,0.2848,0.1957,direct,88221,87002
direct_vs_group_nonadjacent,|,10,8,18,0.1134,0.092,0.0214,0.2848,0.1957,direct,88221,87002
direct_vs_group_nonadjacent,Hier,29,32,61,0.3287,0.3678,-0.0391,-0.1598,0.1923,group,88221,87002
direct_vs_group_nonadjacent,37,3,2,5,0.034,0.023,0.011,0.4654,0.1877,direct,88221,87002
direct_vs_group_nonadjacent,60,3,2,5,0.034,0.023,0.011,0.4654,0.1877,direct,88221,87002
direct_vs_group_nonadjacent,75mg,3,2,5,0.034,0.023,0.011,0.4654,0.1877,direct,88221,87002
direct_vs_group_nonadjacent,Anruf,3,2,5,0.034,0.023,0.011,0.4654,0.1877,direct,88221,87002
direct_vs_group_nonadjacent,Armut,3,2,5,0.034,0.023,0.011,0.4654,0.1877,direct,88221,87002
direct_vs_group_nonadjacent,Artikel,3,2,5,0.034,0.023,0.011,0.4654,0.1877,direct,88221,87002
direct_vs_group_nonadjacent,Auge,3,2,5,0.034,0.023,0.011,0.4654,0.1877,direct,88221,87002
direct_vs_group_nonadjacent,Bereiche,3,2,5,0.034,0.023,0.011,0.4654,0.1877,direct,88221,87002
direct_vs_group_nonadjacent,Bereichen,3,2,5,0.034,0.023,0.011,0.4654,0.1877,direct,88221,87002
direct_vs_group_nonadjacent,Blutentnahme,3,2,5,0.034,0.023,0.011,0.4654,0.1877,direct,88221,87002
direct_vs_group_nonadjacent,Dankeschön,3,2,5,0.034,0.023,0.011,0.4654,0.1877,direct,88221,87002
direct_vs_group_nonadjacent,Entzündungswerte,3,2,5,0.034,0.023,0.011,0.4654,0.1877,direct,88221,87002
direct_vs_group_nonadjacent,Erstmal,3,2,5,0.034,0.023,0.011,0.4654,0.1877,direct,88221,87002
direct_vs_group_nonadjacent,Esstagebuch,3,2,5,0.034,0.023,0.011,0.4654,0.1877,direct,88221,87002
direct_vs_group_nonadjacent,Expo,3,2,5,0.034,0.023,0.011,0.4654,0.1877,direct,88221,87002
direct_vs_group_nonadjacent,Frühbesprechung,3,2,5,0.034,0.023,0.011,0.4654,0.1877,direct,88221,87002
direct_vs_group_nonadjacent,Gewichtsvereinbarungen,3,2,5,0.034,0.023,0.011,0.4654,0.1877,direct,88221,87002
direct_vs_group_nonadjacent,Habt,3,2,5,0.034,0.023,0.011,0.4654,0.1877,direct,88221,87002
direct_vs_group_nonadjacent,Intervall,3,2,5,0.034,0.023,0.011,0.4654,0.1877,direct,88221,87002
direct_vs_group_nonadjacent,J,3,2,5,0.034,0.023,0.011,0.4654,0.1877,direct,88221,87002
direct_vs_group_nonadjacent,Kost,3,2,5,0.034,0.023,0.011,0.4654,0.1877,direct,88221,87002
direct_vs_group_nonadjacent,Kurs,3,2,5,0.034,0.023,0.011,0.4654,0.1877,direct,88221,87002
direct_vs_group_nonadjacent,Leid,3,2,5,0.034,0.023,0.011,0.4654,0.1877,direct,88221,87002
direct_vs_group_nonadjacent,Maßnahmen,3,2,5,0.034,0.023,0.011,0.4654,0.1877,direct,88221,87002
direct_vs_group_nonadjacent,Mittagspause,3,2,5,0.034,0.023,0.011,0.4654,0.1877,direct,88221,87002
direct_vs_group_nonadjacent,Niereninsuffizienz,3,2,5,0.034,0.023,0.011,0.4654,0.1877,direct,88221,87002
direct_vs_group_nonadjacent,Panaritium,3,2,5,0.034,0.023,0.011,0.4654,0.1877,direct,88221,87002
direct_vs_group_nonadjacent,Post,3,2,5,0.034,0.023,0.011,0.4654,0.1877,direct,88221,87002
direct_vs_group_nonadjacent,Rückruf,3,2,5,0.034,0.023,0.011,0.4654,0.1877,direct,88221,87002
direct_vs_group_nonadjacent,Schade,3,2,5,0.034,0.023,0.011,0.4654,0.1877,direct,88221,87002
direct_vs_group_nonadjacent,Schaue,3,2,5,0.034,0.023,0.011,0.4654,0.1877,direct,88221,87002
direct_vs_group_nonadjacent,Schön,3,2,5,0.034,0.023,0.011,0.4654,0.1877,direct,88221,87002
direct_vs_group_nonadjacent,Symptomtagebuch,3,2,5,0.034,0.023,0.011,0.4654,0.1877,direct,88221,87002
direct_vs_group_nonadjacent,Umstände,3,2,5,0.034,0.023,0.011,0.4654,0.1877,direct,88221,87002
direct_vs_group_nonadjacent,Verpflichtungen,3,2,5,0.034,0.023,0.011,0.4654,0.1877,direct,88221,87002
direct_vs_group_nonadjacent,Vorgehen,3,2,5,0.034,0.023,0.011,0.4654,0.1877,direct,88221,87002
direct_vs_group_nonadjacent,Weiterbehandlung,3,2,5,0.034,0.023,0.011,0.4654,0.1877,direct,88221,87002
direct_vs_group_nonadjacent,Weiterbildung,3,2,5,0.034,0.023,0.011,0.4654,0.1877,direct,88221,87002
direct_vs_group_nonadjacent,Wunde,3,2,5,0.034,0.023,0.011,0.4654,0.1877,direct,88221,87002
direct_vs_group_nonadjacent,Zwangsstörung,3,2,5,0.034,0.023,0.011,0.4654,0.1877,direct,88221,87002
direct_vs_group_nonadjacent,ankündigen,3,2,5,0.034,0.023,0.011,0.4654,0.1877,direct,88221,87002
direct_vs_group_nonadjacent,aufeinander,3,2,5,0.034,0.023,0.011,0.4654,0.1877,direct,88221,87002
direct_vs_group_nonadjacent,benötige,3,2,5,0.034,0.023,0.011,0.4654,0.1877,direct,88221,87002
direct_vs_group_nonadjacent,besetzt,3,2,5,0.034,0.023,0.011,0.4654,0.1877,direct,88221,87002
direct_vs_group_nonadjacent,donnerstags,3,2,5,0.034,0.023,0.011,0.4654,0.1877,direct,88221,87002
direct_vs_group_nonadjacent,einarbeiten,3,2,5,0.034,0.023,0.011,0.4654,0.1877,direct,88221,87002
direct_vs_group_nonadjacent,eins,3,2,5,0.034,0.023,0.011,0.4654,0.1877,direct,88221,87002
direct_vs_group_nonadjacent,erleichtert,3,2,5,0.034,0.023,0.011,0.4654,0.1877,direct,88221,87002
direct_vs_group_nonadjacent,erreiche,3,2,5,0.034,0.023,0.011,0.4654,0.1877,direct,88221,87002
direct_vs_group_nonadjacent,fehlte,3,2,5,0.034,0.023,0.011,0.4654,0.1877,direct,88221,87002
direct_vs_group_nonadjacent,fiel,3,2,5,0.034,0.023,0.011,0.4654,0.1877,direct,88221,87002
direct_vs_group_nonadjacent,gestartet,3,2,5,0.034,0.023,0.011,0.4654,0.1877,direct,88221,87002
direct_vs_group_nonadjacent,grinning,3,2,5,0.034,0.023,0.011,0.4654,0.1877,direct,88221,87002
direct_vs_group_nonadjacent,großen,3,2,5,0.034,0.023,0.011,0.4654,0.1877,direct,88221,87002
direct_vs_group_nonadjacent,gruppe,3,2,5,0.034,0.023,0.011,0.4654,0.1877,direct,88221,87002
direct_vs_group_nonadjacent,irgendwo,3,2,5,0.034,0.023,0.011,0.4654,0.1877,direct,88221,87002
direct_vs_group_nonadjacent,koordinieren,3,2,5,0.034,0.023,0.011,0.4654,0.1877,direct,88221,87002
direct_vs_group_nonadjacent,korrigieren,3,2,5,0.034,0.023,0.011,0.4654,0.1877,direct,88221,87002
direct_vs_group_nonadjacent,kurzem,3,2,5,0.034,0.023,0.011,0.4654,0.1877,direct,88221,87002
direct_vs_group_nonadjacent,nachstationär,3,2,5,0.034,0.023,0.011,0.4654,0.1877,direct,88221,87002
direct_vs_group_nonadjacent,notiert,3,2,5,0.034,0.023,0.011,0.4654,0.1877,direct,88221,87002
direct_vs_group_nonadjacent,pflege,3,2,5,0.034,0.023,0.011,0.4654,0.1877,direct,88221,87002
direct_vs_group_nonadjacent,psychosoziale,3,2,5,0.034,0.023,0.011,0.4654,0.1877,direct,88221,87002
direct_vs_group_nonadjacent,rausgehen,3,2,5,0.034,0.023,0.011,0.4654,0.1877,direct,88221,87002
direct_vs_group_nonadjacent,solange,3,2,5,0.034,0.023,0.011,0.4654,0.1877,direct,88221,87002
direct_vs_group_nonadjacent,stimmen,3,2,5,0.034,0.023,0.011,0.4654,0.1877,direct,88221,87002
direct_vs_group_nonadjacent,tag,3,2,5,0.034,0.023,0.011,0.4654,0.1877,direct,88221,87002
direct_vs_group_nonadjacent,vermute,3,2,5,0.034,0.023,0.011,0.4654,0.1877,direct,88221,87002
direct_vs_group_nonadjacent,vertrete,3,2,5,0.034,0.023,0.011,0.4654,0.1877,direct,88221,87002
direct_vs_group_nonadjacent,via,3,2,5,0.034,0.023,0.011,0.4654,0.1877,direct,88221,87002
direct_vs_group_nonadjacent,vorliegt,3,2,5,0.034,0.023,0.011,0.4654,0.1877,direct,88221,87002
direct_vs_group_nonadjacent,wiegen,3,2,5,0.034,0.023,0.011,0.4654,0.1877,direct,88221,87002
direct_vs_group_nonadjacent,zeitlichen,3,2,5,0.034,0.023,0.011,0.4654,0.1877,direct,88221,87002
direct_vs_group_nonadjacent,zweimal,3,2,5,0.034,0.023,0.011,0.4654,0.1877,direct,88221,87002
direct_vs_group_nonadjacent,Änderungen,3,2,5,0.034,0.023,0.011,0.4654,0.1877,direct,88221,87002
direct_vs_group_nonadjacent,ä,3,2,5,0.034,0.023,0.011,0.4654,0.1877,direct,88221,87002
direct_vs_group_nonadjacent,ärztliche,3,2,5,0.034,0.023,0.011,0.4654,0.1877,direct,88221,87002
direct_vs_group_nonadjacent,Haus,12,14,26,0.136,0.1609,-0.0249,-0.2342,0.1831,group,88221,87002
direct_vs_group_nonadjacent,nächste,123,128,251,1.3942,1.4712,-0.077,-0.0773,0.1813,group,88221,87002
direct_vs_group_nonadjacent,Kann,22,19,41,0.2494,0.2184,0.031,0.1864,0.18,direct,88221,87002
direct_vs_group_nonadjacent,Abhängigkeit,11,9,20,0.1247,0.1034,0.0212,0.2556,0.1735,direct,88221,87002
direct_vs_group_nonadjacent,eingetragen,11,9,20,0.1247,0.1034,0.0212,0.2556,0.1735,direct,88221,87002
direct_vs_group_nonadjacent,gebessert,11,9,20,0.1247,0.1034,0.0212,0.2556,0.1735,direct,88221,87002
direct_vs_group_nonadjacent,Heute,13,15,28,0.1474,0.1724,-0.0251,-0.2194,0.1722,group,88221,87002
direct_vs_group_nonadjacent,hilfreich,13,15,28,0.1474,0.1724,-0.0251,-0.2194,0.1722,group,88221,87002
direct_vs_group_nonadjacent,Der,23,20,43,0.2607,0.2299,0.0308,0.177,0.1698,direct,88221,87002
direct_vs_group_nonadjacent,wohl,56,51,107,0.6348,0.5862,0.0486,0.1136,0.1693,direct,88221,87002
direct_vs_group_nonadjacent,Auch,14,16,30,0.1587,0.1839,-0.0252,-0.2065,0.1627,group,88221,87002
direct_vs_group_nonadjacent,Probleme,14,16,30,0.1587,0.1839,-0.0252,-0.2065,0.1627,group,88221,87002
direct_vs_group_nonadjacent,Arztbriefe,3,4,7,0.034,0.046,-0.012,-0.3826,0.1576,group,88221,87002
direct_vs_group_nonadjacent,Auslöser,3,4,7,0.034,0.046,-0.012,-0.3826,0.1576,group,88221,87002
direct_vs_group_nonadjacent,Ca,3,4,7,0.034,0.046,-0.012,-0.3826,0.1576,group,88221,87002
direct_vs_group_nonadjacent,Derma,3,4,7,0.034,0.046,-0.012,-0.3826,0.1576,group,88221,87002
direct_vs_group_nonadjacent,Funktion,3,4,7,0.034,0.046,-0.012,-0.3826,0.1576,group,88221,87002
direct_vs_group_nonadjacent,Gruppenraum,3,4,7,0.034,0.046,-0.012,-0.3826,0.1576,group,88221,87002
direct_vs_group_nonadjacent,Gruppentherapien,3,4,7,0.034,0.046,-0.012,-0.3826,0.1576,group,88221,87002
direct_vs_group_nonadjacent,Konnte,3,4,7,0.034,0.046,-0.012,-0.3826,0.1576,group,88221,87002
direct_vs_group_nonadjacent,Laborkontrolle,3,4,7,0.034,0.046,-0.012,-0.3826,0.1576,group,88221,87002
direct_vs_group_nonadjacent,Leber,3,4,7,0.034,0.046,-0.012,-0.3826,0.1576,group,88221,87002
direct_vs_group_nonadjacent,Praktikant,3,4,7,0.034,0.046,-0.012,-0.3826,0.1576,group,88221,87002
direct_vs_group_nonadjacent,Schizophrenie,3,4,7,0.034,0.046,-0.012,-0.3826,0.1576,group,88221,87002
direct_vs_group_nonadjacent,Seiten,3,4,7,0.034,0.046,-0.012,-0.3826,0.1576,group,88221,87002
direct_vs_group_nonadjacent,Stellen,3,4,7,0.034,0.046,-0.012,-0.3826,0.1576,group,88221,87002
direct_vs_group_nonadjacent,Syndrom,3,4,7,0.034,0.046,-0.012,-0.3826,0.1576,group,88221,87002
direct_vs_group_nonadjacent,UAW,3,4,7,0.034,0.046,-0.012,-0.3826,0.1576,group,88221,87002
direct_vs_group_nonadjacent,Verbindung,3,4,7,0.034,0.046,-0.012,-0.3826,0.1576,group,88221,87002
direct_vs_group_nonadjacent,Vorgeschichte,3,4,7,0.034,0.046,-0.012,-0.3826,0.1576,group,88221,87002
direct_vs_group_nonadjacent,WIKI,3,4,7,0.034,0.046,-0.012,-0.3826,0.1576,group,88221,87002
direct_vs_group_nonadjacent,Wirkung,3,4,7,0.034,0.046,-0.012,-0.3826,0.1576,group,88221,87002
direct_vs_group_nonadjacent,anstatt,3,4,7,0.034,0.046,-0.012,-0.3826,0.1576,group,88221,87002
direct_vs_group_nonadjacent,dennoch,3,4,7,0.034,0.046,-0.012,-0.3826,0.1576,group,88221,87002
direct_vs_group_nonadjacent,einschätzen,3,4,7,0.034,0.046,-0.012,-0.3826,0.1576,group,88221,87002
direct_vs_group_nonadjacent,fehlenden,3,4,7,0.034,0.046,-0.012,-0.3826,0.1576,group,88221,87002
direct_vs_group_nonadjacent,geblieben,3,4,7,0.034,0.046,-0.012,-0.3826,0.1576,group,88221,87002
direct_vs_group_nonadjacent,getroffen,3,4,7,0.034,0.046,-0.012,-0.3826,0.1576,group,88221,87002
direct_vs_group_nonadjacent,konkreten,3,4,7,0.034,0.046,-0.012,-0.3826,0.1576,group,88221,87002
direct_vs_group_nonadjacent,meinerseits,3,4,7,0.034,0.046,-0.012,-0.3826,0.1576,group,88221,87002
direct_vs_group_nonadjacent,motiviert,3,4,7,0.034,0.046,-0.012,-0.3826,0.1576,group,88221,87002
direct_vs_group_nonadjacent,möglichen,3,4,7,0.034,0.046,-0.012,-0.3826,0.1576,group,88221,87002
direct_vs_group_nonadjacent,möglicherweise,3,4,7,0.034,0.046,-0.012,-0.3826,0.1576,group,88221,87002
direct_vs_group_nonadjacent,normalen,3,4,7,0.034,0.046,-0.012,-0.3826,0.1576,group,88221,87002
direct_vs_group_nonadjacent,reagiert,3,4,7,0.034,0.046,-0.012,-0.3826,0.1576,group,88221,87002
direct_vs_group_nonadjacent,rechts,3,4,7,0.034,0.046,-0.012,-0.3826,0.1576,group,88221,87002
direct_vs_group_nonadjacent,schlechte,3,4,7,0.034,0.046,-0.012,-0.3826,0.1576,group,88221,87002
direct_vs_group_nonadjacent,stellt,3,4,7,0.034,0.046,-0.012,-0.3826,0.1576,group,88221,87002
direct_vs_group_nonadjacent,stressig,3,4,7,0.034,0.046,-0.012,-0.3826,0.1576,group,88221,87002
direct_vs_group_nonadjacent,vorgestellt,3,4,7,0.034,0.046,-0.012,-0.3826,0.1576,group,88221,87002
direct_vs_group_nonadjacent,zuvor,3,4,7,0.034,0.046,-0.012,-0.3826,0.1576,group,88221,87002
direct_vs_group_nonadjacent,Überforderungserleben,3,4,7,0.034,0.046,-0.012,-0.3826,0.1576,group,88221,87002
direct_vs_group_nonadjacent,Übung,3,4,7,0.034,0.046,-0.012,-0.3826,0.1576,group,88221,87002
direct_vs_group_nonadjacent,üben,3,4,7,0.034,0.046,-0.012,-0.3826,0.1576,group,88221,87002
direct_vs_group_nonadjacent,falsch,12,10,22,0.136,0.1149,0.0211,0.2315,0.1553,direct,88221,87002
direct_vs_group_nonadjacent,hatten,15,17,32,0.17,0.1954,-0.0254,-0.1952,0.1545,group,88221,87002
direct_vs_group_nonadjacent,treffen,15,17,32,0.17,0.1954,-0.0254,-0.1952,0.1545,group,88221,87002
direct_vs_group_nonadjacent,14,44,47,91,0.4987,0.5402,-0.0415,-0.1142,0.1451,group,88221,87002
direct_vs_group_nonadjacent,Konsequenz,17,19,36,0.1927,0.2184,-0.0257,-0.1762,0.1407,group,88221,87002
direct_vs_group_nonadjacent,Leider,13,11,24,0.1474,0.1264,0.0209,0.2113,0.1402,direct,88221,87002
direct_vs_group_nonadjacent,morgens,13,11,24,0.1474,0.1264,0.0209,0.2113,0.1402,direct,88221,87002
direct_vs_group_nonadjacent,Einzel,44,40,84,0.4987,0.4598,0.039,0.1158,0.139,direct,88221,87002
direct_vs_group_nonadjacent,Ambulanz,18,20,38,0.204,0.2299,-0.0258,-0.1682,0.135,group,88221,87002
direct_vs_group_nonadjacent,ersten,19,21,40,0.2154,0.2414,-0.026,-0.1609,0.1298,group,88221,87002
direct_vs_group_nonadjacent,Auswertung,4,3,7,0.0453,0.0345,0.0109,0.3425,0.1298,direct,88221,87002
direct_vs_group_nonadjacent,BB,4,3,7,0.0453,0.0345,0.0109,0.3425,0.1298,direct,88221,87002
direct_vs_group_nonadjacent,BGA,4,3,7,0.0453,0.0345,0.0109,0.3425,0.1298,direct,88221,87002
direct_vs_group_nonadjacent,Englisch,4,3,7,0.0453,0.0345,0.0109,0.3425,0.1298,direct,88221,87002
direct_vs_group_nonadjacent,Erstgespräch,4,3,7,0.0453,0.0345,0.0109,0.3425,0.1298,direct,88221,87002
direct_vs_group_nonadjacent,Gesprächen,4,3,7,0.0453,0.0345,0.0109,0.3425,0.1298,direct,88221,87002
direct_vs_group_nonadjacent,II,4,3,7,0.0453,0.0345,0.0109,0.3425,0.1298,direct,88221,87002
direct_vs_group_nonadjacent,Lebensmittel,4,3,7,0.0453,0.0345,0.0109,0.3425,0.1298,direct,88221,87002
direct_vs_group_nonadjacent,Musiktherapie,4,3,7,0.0453,0.0345,0.0109,0.3425,0.1298,direct,88221,87002
direct_vs_group_nonadjacent,Notfallplan,4,3,7,0.0453,0.0345,0.0109,0.3425,0.1298,direct,88221,87002
direct_vs_group_nonadjacent,Ob,4,3,7,0.0453,0.0345,0.0109,0.3425,0.1298,direct,88221,87002
direct_vs_group_nonadjacent,Psych,4,3,7,0.0453,0.0345,0.0109,0.3425,0.1298,direct,88221,87002
direct_vs_group_nonadjacent,Sport,4,3,7,0.0453,0.0345,0.0109,0.3425,0.1298,direct,88221,87002
direct_vs_group_nonadjacent,T1,4,3,7,0.0453,0.0345,0.0109,0.3425,0.1298,direct,88221,87002
direct_vs_group_nonadjacent,anscheinend,4,3,7,0.0453,0.0345,0.0109,0.3425,0.1298,direct,88221,87002
direct_vs_group_nonadjacent,bestellen,4,3,7,0.0453,0.0345,0.0109,0.3425,0.1298,direct,88221,87002
direct_vs_group_nonadjacent,betrifft,4,3,7,0.0453,0.0345,0.0109,0.3425,0.1298,direct,88221,87002
direct_vs_group_nonadjacent,feste,4,3,7,0.0453,0.0345,0.0109,0.3425,0.1298,direct,88221,87002
direct_vs_group_nonadjacent,freitag,4,3,7,0.0453,0.0345,0.0109,0.3425,0.1298,direct,88221,87002
direct_vs_group_nonadjacent,freut,4,3,7,0.0453,0.0345,0.0109,0.3425,0.1298,direct,88221,87002
direct_vs_group_nonadjacent,gefehlt,4,3,7,0.0453,0.0345,0.0109,0.3425,0.1298,direct,88221,87002
direct_vs_group_nonadjacent,heraus,4,3,7,0.0453,0.0345,0.0109,0.3425,0.1298,direct,88221,87002
direct_vs_group_nonadjacent,jetzigen,4,3,7,0.0453,0.0345,0.0109,0.3425,0.1298,direct,88221,87002
direct_vs_group_nonadjacent,komplett,4,3,7,0.0453,0.0345,0.0109,0.3425,0.1298,direct,88221,87002
direct_vs_group_nonadjacent,montag,4,3,7,0.0453,0.0345,0.0109,0.3425,0.1298,direct,88221,87002
direct_vs_group_nonadjacent,normale,4,3,7,0.0453,0.0345,0.0109,0.3425,0.1298,direct,88221,87002
direct_vs_group_nonadjacent,schaut,4,3,7,0.0453,0.0345,0.0109,0.3425,0.1298,direct,88221,87002
direct_vs_group_nonadjacent,vereinbarung,4,3,7,0.0453,0.0345,0.0109,0.3425,0.1298,direct,88221,87002
direct_vs_group_nonadjacent,verändern,4,3,7,0.0453,0.0345,0.0109,0.3425,0.1298,direct,88221,87002
direct_vs_group_nonadjacent,vollständig,4,3,7,0.0453,0.0345,0.0109,0.3425,0.1298,direct,88221,87002
direct_vs_group_nonadjacent,wiegt,4,3,7,0.0453,0.0345,0.0109,0.3425,0.1298,direct,88221,87002
direct_vs_group_nonadjacent,Angstsymptomatik,4,5,9,0.0453,0.0575,-0.0121,-0.3096,0.1257,group,88221,87002
direct_vs_group_nonadjacent,Befinden,4,5,9,0.0453,0.0575,-0.0121,-0.3096,0.1257,group,88221,87002
direct_vs_group_nonadjacent,Gut,4,5,9,0.0453,0.0575,-0.0121,-0.3096,0.1257,group,88221,87002
direct_vs_group_nonadjacent,Mahlzeiten,4,5,9,0.0453,0.0575,-0.0121,-0.3096,0.1257,group,88221,87002
direct_vs_group_nonadjacent,Pläne,4,5,9,0.0453,0.0575,-0.0121,-0.3096,0.1257,group,88221,87002
direct_vs_group_nonadjacent,Urlaubsvertretung,4,5,9,0.0453,0.0575,-0.0121,-0.3096,0.1257,group,88221,87002
direct_vs_group_nonadjacent,\,4,5,9,0.0453,0.0575,-0.0121,-0.3096,0.1257,group,88221,87002
direct_vs_group_nonadjacent,arbeitet,4,5,9,0.0453,0.0575,-0.0121,-0.3096,0.1257,group,88221,87002
direct_vs_group_nonadjacent,durchgeführt,4,5,9,0.0453,0.0575,-0.0121,-0.3096,0.1257,group,88221,87002
direct_vs_group_nonadjacent,g,4,5,9,0.0453,0.0575,-0.0121,-0.3096,0.1257,group,88221,87002
direct_vs_group_nonadjacent,gesetzt,4,5,9,0.0453,0.0575,-0.0121,-0.3096,0.1257,group,88221,87002
direct_vs_group_nonadjacent,langsam,4,5,9,0.0453,0.0575,-0.0121,-0.3096,0.1257,group,88221,87002
direct_vs_group_nonadjacent,mitteilen,4,5,9,0.0453,0.0575,-0.0121,-0.3096,0.1257,group,88221,87002
direct_vs_group_nonadjacent,organisieren,4,5,9,0.0453,0.0575,-0.0121,-0.3096,0.1257,group,88221,87002
direct_vs_group_nonadjacent,schriftlich,4,5,9,0.0453,0.0575,-0.0121,-0.3096,0.1257,group,88221,87002
direct_vs_group_nonadjacent,stationär,4,5,9,0.0453,0.0575,-0.0121,-0.3096,0.1257,group,88221,87002
direct_vs_group_nonadjacent,verlegen,4,5,9,0.0453,0.0575,-0.0121,-0.3096,0.1257,group,88221,87002
direct_vs_group_nonadjacent,zufrieden,4,5,9,0.0453,0.0575,-0.0121,-0.3096,0.1257,group,88221,87002
direct_vs_group_nonadjacent,Ärztin,4,5,9,0.0453,0.0575,-0.0121,-0.3096,0.1257,group,88221,87002
direct_vs_group_nonadjacent,bekommen,76,71,147,0.8615,0.8161,0.0454,0.0774,0.1076,direct,88221,87002
direct_vs_group_nonadjacent,braucht,25,27,52,0.2834,0.3103,-0.027,-0.129,0.1073,group,88221,87002
direct_vs_group_nonadjacent,ca,25,27,52,0.2834,0.3103,-0.027,-0.129,0.1073,group,88221,87002
direct_vs_group_nonadjacent,angesprochen,16,14,30,0.1814,0.1609,0.0204,0.1663,0.1071,direct,88221,87002
direct_vs_group_nonadjacent,krank,16,14,30,0.1814,0.1609,0.0204,0.1663,0.1071,direct,88221,87002
direct_vs_group_nonadjacent,Ehemann,5,6,11,0.0567,0.069,-0.0123,-0.2611,0.1055,group,88221,87002
direct_vs_group_nonadjacent,Kontrollen,5,6,11,0.0567,0.069,-0.0123,-0.2611,0.1055,group,88221,87002
direct_vs_group_nonadjacent,Welche,5,6,11,0.0567,0.069,-0.0123,-0.2611,0.1055,group,88221,87002
direct_vs_group_nonadjacent,anstrengend,5,6,11,0.0567,0.069,-0.0123,-0.2611,0.1055,group,88221,87002
direct_vs_group_nonadjacent,häufiger,5,6,11,0.0567,0.069,-0.0123,-0.2611,0.1055,group,88221,87002
direct_vs_group_nonadjacent,inhaltlich,5,6,11,0.0567,0.069,-0.0123,-0.2611,0.1055,group,88221,87002
direct_vs_group_nonadjacent,kommende,5,6,11,0.0567,0.069,-0.0123,-0.2611,0.1055,group,88221,87002
direct_vs_group_nonadjacent,mind,5,6,11,0.0567,0.069,-0.0123,-0.2611,0.1055,group,88221,87002
direct_vs_group_nonadjacent,starten,5,6,11,0.0567,0.069,-0.0123,-0.2611,0.1055,group,88221,87002
direct_vs_group_nonadjacent,weit,5,6,11,0.0567,0.069,-0.0123,-0.2611,0.1055,group,88221,87002
direct_vs_group_nonadjacent,scheint,17,15,32,0.1927,0.1724,0.0203,0.155,0.0988,direct,88221,87002
direct_vs_group_nonadjacent,Ab,5,4,9,0.0567,0.046,0.0107,0.2694,0.0979,direct,88221,87002
direct_vs_group_nonadjacent,Bewegungsdrang,5,4,9,0.0567,0.046,0.0107,0.2694,0.0979,direct,88221,87002
direct_vs_group_nonadjacent,Einen,5,4,9,0.0567,0.046,0.0107,0.2694,0.0979,direct,88221,87002
direct_vs_group_nonadjacent,Genau,5,4,9,0.0567,0.046,0.0107,0.2694,0.0979,direct,88221,87002
direct_vs_group_nonadjacent,Jetzt,5,4,9,0.0567,0.046,0.0107,0.2694,0.0979,direct,88221,87002
direct_vs_group_nonadjacent,OÄV,5,4,9,0.0567,0.046,0.0107,0.2694,0.0979,direct,88221,87002
direct_vs_group_nonadjacent,Start,5,4,9,0.0567,0.046,0.0107,0.2694,0.0979,direct,88221,87002
direct_vs_group_nonadjacent,Unterlagen,5,4,9,0.0567,0.046,0.0107,0.2694,0.0979,direct,88221,87002
direct_vs_group_nonadjacent,ausgesprochen,5,4,9,0.0567,0.046,0.0107,0.2694,0.0979,direct,88221,87002
direct_vs_group_nonadjacent,auszufüllen,5,4,9,0.0567,0.046,0.0107,0.2694,0.0979,direct,88221,87002
direct_vs_group_nonadjacent,beachten,5,4,9,0.0567,0.046,0.0107,0.2694,0.0979,direct,88221,87002
direct_vs_group_nonadjacent,beantworten,5,4,9,0.0567,0.046,0.0107,0.2694,0.0979,direct,88221,87002
direct_vs_group_nonadjacent,beendet,5,4,9,0.0567,0.046,0.0107,0.2694,0.0979,direct,88221,87002
direct_vs_group_nonadjacent,ebenso,5,4,9,0.0567,0.046,0.0107,0.2694,0.0979,direct,88221,87002
direct_vs_group_nonadjacent,einscannen,5,4,9,0.0567,0.046,0.0107,0.2694,0.0979,direct,88221,87002
direct_vs_group_nonadjacent,erfüllt,5,4,9,0.0567,0.046,0.0107,0.2694,0.0979,direct,88221,87002
direct_vs_group_nonadjacent,erhöhen,5,4,9,0.0567,0.046,0.0107,0.2694,0.0979,direct,88221,87002
direct_vs_group_nonadjacent,gilt,5,4,9,0.0567,0.046,0.0107,0.2694,0.0979,direct,88221,87002
direct_vs_group_nonadjacent,halte,5,4,9,0.0567,0.046,0.0107,0.2694,0.0979,direct,88221,87002
direct_vs_group_nonadjacent,keiner,5,4,9,0.0567,0.046,0.0107,0.2694,0.0979,direct,88221,87002
direct_vs_group_nonadjacent,kenne,5,4,9,0.0567,0.046,0.0107,0.2694,0.0979,direct,88221,87002
direct_vs_group_nonadjacent,rückläufig,5,4,9,0.0567,0.046,0.0107,0.2694,0.0979,direct,88221,87002
direct_vs_group_nonadjacent,schöne,5,4,9,0.0567,0.046,0.0107,0.2694,0.0979,direct,88221,87002
direct_vs_group_nonadjacent,sitzen,5,4,9,0.0567,0.046,0.0107,0.2694,0.0979,direct,88221,87002
direct_vs_group_nonadjacent,sprach,5,4,9,0.0567,0.046,0.0107,0.2694,0.0979,direct,88221,87002
direct_vs_group_nonadjacent,tel,5,4,9,0.0567,0.046,0.0107,0.2694,0.0979,direct,88221,87002
direct_vs_group_nonadjacent,Tage,30,32,62,0.3401,0.3678,-0.0278,-0.1117,0.0954,group,88221,87002
direct_vs_group_nonadjacent,30,84,79,163,0.9522,0.908,0.0441,0.0679,0.0917,direct,88221,87002
direct_vs_group_nonadjacent,Duloxetin,6,7,13,0.068,0.0805,-0.0124,-0.2265,0.0915,group,88221,87002
direct_vs_group_nonadjacent,Gewichtsvertrag,6,7,13,0.068,0.0805,-0.0124,-0.2265,0.0915,group,88221,87002
direct_vs_group_nonadjacent,Nachfrage,6,7,13,0.068,0.0805,-0.0124,-0.2265,0.0915,group,88221,87002
direct_vs_group_nonadjacent,System,6,7,13,0.068,0.0805,-0.0124,-0.2265,0.0915,group,88221,87002
direct_vs_group_nonadjacent,beginnen,6,7,13,0.068,0.0805,-0.0124,-0.2265,0.0915,group,88221,87002
direct_vs_group_nonadjacent,freue,6,7,13,0.068,0.0805,-0.0124,-0.2265,0.0915,group,88221,87002
direct_vs_group_nonadjacent,verlegt,6,7,13,0.068,0.0805,-0.0124,-0.2265,0.0915,group,88221,87002
direct_vs_group_nonadjacent,Jahren,18,16,34,0.204,0.1839,0.0201,0.145,0.0915,direct,88221,87002
direct_vs_group_nonadjacent,eines,18,16,34,0.204,0.1839,0.0201,0.145,0.0915,direct,88221,87002
direct_vs_group_nonadjacent,teilnehmen,18,16,34,0.204,0.1839,0.0201,0.145,0.0915,direct,88221,87002
direct_vs_group_nonadjacent,sein,117,120,237,1.3262,1.3793,-0.0531,-0.0564,0.0912,group,88221,87002
direct_vs_group_nonadjacent,Aufnahme,35,37,72,0.3967,0.4253,-0.0285,-0.0991,0.0869,group,88221,87002
direct_vs_group_nonadjacent,Belastung,7,8,15,0.0793,0.092,-0.0126,-0.2006,0.0814,group,88221,87002
direct_vs_group_nonadjacent,Faktoren,7,8,15,0.0793,0.092,-0.0126,-0.2006,0.0814,group,88221,87002
direct_vs_group_nonadjacent,Venlafaxin,7,8,15,0.0793,0.092,-0.0126,-0.2006,0.0814,group,88221,87002
direct_vs_group_nonadjacent,Zielgewicht,7,8,15,0.0793,0.092,-0.0126,-0.2006,0.0814,group,88221,87002
direct_vs_group_nonadjacent,zwar,7,8,15,0.0793,0.092,-0.0126,-0.2006,0.0814,group,88221,87002
direct_vs_group_nonadjacent,18,6,5,11,0.068,0.0575,0.0105,0.2209,0.0777,direct,88221,87002
direct_vs_group_nonadjacent,Blut,6,5,11,0.068,0.0575,0.0105,0.2209,0.0777,direct,88221,87002
direct_vs_group_nonadjacent,Essstörungen,6,5,11,0.068,0.0575,0.0105,0.2209,0.0777,direct,88221,87002
direct_vs_group_nonadjacent,Lehrküche,6,5,11,0.068,0.0575,0.0105,0.2209,0.0777,direct,88221,87002
direct_vs_group_nonadjacent,Richtung,6,5,11,0.068,0.0575,0.0105,0.2209,0.0777,direct,88221,87002
direct_vs_group_nonadjacent,StudienID,6,5,11,0.068,0.0575,0.0105,0.2209,0.0777,direct,88221,87002
direct_vs_group_nonadjacent,Willkommen,6,5,11,0.068,0.0575,0.0105,0.2209,0.0777,direct,88221,87002
direct_vs_group_nonadjacent,alten,6,5,11,0.068,0.0575,0.0105,0.2209,0.0777,direct,88221,87002
direct_vs_group_nonadjacent,ans,6,5,11,0.068,0.0575,0.0105,0.2209,0.0777,direct,88221,87002
direct_vs_group_nonadjacent,berichten,6,5,11,0.068,0.0575,0.0105,0.2209,0.0777,direct,88221,87002
direct_vs_group_nonadjacent,gemeldet,6,5,11,0.068,0.0575,0.0105,0.2209,0.0777,direct,88221,87002
direct_vs_group_nonadjacent,genauer,6,5,11,0.068,0.0575,0.0105,0.2209,0.0777,direct,88221,87002
direct_vs_group_nonadjacent,geworden,6,5,11,0.068,0.0575,0.0105,0.2209,0.0777,direct,88221,87002
direct_vs_group_nonadjacent,leichter,6,5,11,0.068,0.0575,0.0105,0.2209,0.0777,direct,88221,87002
direct_vs_group_nonadjacent,mittags,6,5,11,0.068,0.0575,0.0105,0.2209,0.0777,direct,88221,87002
direct_vs_group_nonadjacent,motivieren,6,5,11,0.068,0.0575,0.0105,0.2209,0.0777,direct,88221,87002
direct_vs_group_nonadjacent,nett,6,5,11,0.068,0.0575,0.0105,0.2209,0.0777,direct,88221,87002
direct_vs_group_nonadjacent,umgesetzt,6,5,11,0.068,0.0575,0.0105,0.2209,0.0777,direct,88221,87002
direct_vs_group_nonadjacent,verstehe,6,5,11,0.068,0.0575,0.0105,0.2209,0.0777,direct,88221,87002
direct_vs_group_nonadjacent,zweiten,6,5,11,0.068,0.0575,0.0105,0.2209,0.0777,direct,88221,87002
direct_vs_group_nonadjacent,Bedarfsmed,8,9,17,0.0907,0.1034,-0.0128,-0.1805,0.0736,group,88221,87002
direct_vs_group_nonadjacent,SV,8,9,17,0.0907,0.1034,-0.0128,-0.1805,0.0736,group,88221,87002
direct_vs_group_nonadjacent,TTE,8,9,17,0.0907,0.1034,-0.0128,-0.1805,0.0736,group,88221,87002
direct_vs_group_nonadjacent,aktuellen,8,9,17,0.0907,0.1034,-0.0128,-0.1805,0.0736,group,88221,87002
direct_vs_group_nonadjacent,besteht,8,9,17,0.0907,0.1034,-0.0128,-0.1805,0.0736,group,88221,87002
direct_vs_group_nonadjacent,Donnerstag,48,50,98,0.5441,0.5747,-0.0306,-0.0784,0.0734,group,88221,87002
direct_vs_group_nonadjacent,wer,22,20,42,0.2494,0.2299,0.0195,0.1142,0.0695,direct,88221,87002
direct_vs_group_nonadjacent,Schmerzstörung,9,10,19,0.102,0.1149,-0.0129,-0.1645,0.0675,group,88221,87002
direct_vs_group_nonadjacent,amb,9,10,19,0.102,0.1149,-0.0129,-0.1645,0.0675,group,88221,87002
direct_vs_group_nonadjacent,entscheiden,9,10,19,0.102,0.1149,-0.0129,-0.1645,0.0675,group,88221,87002
direct_vs_group_nonadjacent,meldet,9,10,19,0.102,0.1149,-0.0129,-0.1645,0.0675,group,88221,87002
direct_vs_group_nonadjacent,selber,9,10,19,0.102,0.1149,-0.0129,-0.1645,0.0675,group,88221,87002
direct_vs_group_nonadjacent,Bei,61,63,124,0.6914,0.7241,-0.0327,-0.0662,0.0661,group,88221,87002
direct_vs_group_nonadjacent,werde,45,42,87,0.5101,0.4827,0.0273,0.0783,0.0659,direct,88221,87002
direct_vs_group_nonadjacent,liegt,23,21,44,0.2607,0.2414,0.0193,0.1083,0.0652,direct,88221,87002
direct_vs_group_nonadjacent,AB,7,6,13,0.0793,0.069,0.0104,0.1864,0.0637,direct,88221,87002
direct_vs_group_nonadjacent,Sollte,7,6,13,0.0793,0.069,0.0104,0.1864,0.0637,direct,88221,87002
direct_vs_group_nonadjacent,Stress,7,6,13,0.0793,0.069,0.0104,0.1864,0.0637,direct,88221,87002
direct_vs_group_nonadjacent,Zur,7,6,13,0.0793,0.069,0.0104,0.1864,0.0637,direct,88221,87002
direct_vs_group_nonadjacent,biografische,7,6,13,0.0793,0.069,0.0104,0.1864,0.0637,direct,88221,87002
direct_vs_group_nonadjacent,drei,7,6,13,0.0793,0.069,0.0104,0.1864,0.0637,direct,88221,87002
direct_vs_group_nonadjacent,erinnern,7,6,13,0.0793,0.069,0.0104,0.1864,0.0637,direct,88221,87002
direct_vs_group_nonadjacent,holen,7,6,13,0.0793,0.069,0.0104,0.1864,0.0637,direct,88221,87002
direct_vs_group_nonadjacent,knapp,7,6,13,0.0793,0.069,0.0104,0.1864,0.0637,direct,88221,87002
direct_vs_group_nonadjacent,konkrete,7,6,13,0.0793,0.069,0.0104,0.1864,0.0637,direct,88221,87002
direct_vs_group_nonadjacent,körperlichen,7,6,13,0.0793,0.069,0.0104,0.1864,0.0637,direct,88221,87002
direct_vs_group_nonadjacent,schonmal,7,6,13,0.0793,0.069,0.0104,0.1864,0.0637,direct,88221,87002
direct_vs_group_nonadjacent,spontan,7,6,13,0.0793,0.069,0.0104,0.1864,0.0637,direct,88221,87002
direct_vs_group_nonadjacent,Visite,70,72,142,0.7935,0.8276,-0.0341,-0.0604,0.0629,group,88221,87002
direct_vs_group_nonadjacent,nutzen,10,11,21,0.1134,0.1264,-0.0131,-0.1513,0.0626,group,88221,87002
direct_vs_group_nonadjacent,somatische,10,11,21,0.1134,0.1264,-0.0131,-0.1513,0.0626,group,88221,87002
direct_vs_group_nonadjacent,1x,11,12,23,0.1247,0.1379,-0.0132,-0.1404,0.0585,group,88221,87002
direct_vs_group_nonadjacent,Sozialdienst,11,12,23,0.1247,0.1379,-0.0132,-0.1404,0.0585,group,88221,87002
direct_vs_group_nonadjacent,einige,11,12,23,0.1247,0.1379,-0.0132,-0.1404,0.0585,group,88221,87002
direct_vs_group_nonadjacent,Wir,49,46,95,0.5554,0.5287,0.0267,0.0701,0.0576,direct,88221,87002
direct_vs_group_nonadjacent,positiv,12,13,25,0.136,0.1494,-0.0134,-0.1311,0.0551,group,88221,87002
direct_vs_group_nonadjacent,übernimmt,12,13,25,0.136,0.1494,-0.0134,-0.1311,0.0551,group,88221,87002
direct_vs_group_nonadjacent,Min,8,7,15,0.0907,0.0805,0.0102,0.1605,0.0535,direct,88221,87002
direct_vs_group_nonadjacent,Platz,8,7,15,0.0907,0.0805,0.0102,0.1605,0.0535,direct,88221,87002
direct_vs_group_nonadjacent,liegen,8,7,15,0.0907,0.0805,0.0102,0.1605,0.0535,direct,88221,87002
direct_vs_group_nonadjacent,zugenommen,8,7,15,0.0907,0.0805,0.0102,0.1605,0.0535,direct,88221,87002
direct_vs_group_nonadjacent,ansprechen,13,14,27,0.1474,0.1609,-0.0136,-0.1232,0.0523,group,88221,87002
direct_vs_group_nonadjacent,fürs,13,14,27,0.1474,0.1609,-0.0136,-0.1232,0.0523,group,88221,87002
direct_vs_group_nonadjacent,unbedingt,13,14,27,0.1474,0.1609,-0.0136,-0.1232,0.0523,group,88221,87002
direct_vs_group_nonadjacent,darauf,27,25,52,0.306,0.2873,0.0187,0.0889,0.0516,direct,88221,87002
direct_vs_group_nonadjacent,etwas,120,115,235,1.3602,1.3218,0.0384,0.0411,0.0482,direct,88221,87002
direct_vs_group_nonadjacent,Hinweis,15,16,31,0.17,0.1839,-0.0139,-0.1103,0.0477,group,88221,87002
direct_vs_group_nonadjacent,empfohlen,9,8,17,0.102,0.092,0.0101,0.1404,0.0458,direct,88221,87002
direct_vs_group_nonadjacent,führen,9,8,17,0.102,0.092,0.0101,0.1404,0.0458,direct,88221,87002
direct_vs_group_nonadjacent,zuständig,9,8,17,0.102,0.092,0.0101,0.1404,0.0458,direct,88221,87002
direct_vs_group_nonadjacent,war,311,312,623,3.5252,3.5861,-0.0609,-0.0247,0.0457,group,88221,87002
direct_vs_group_nonadjacent,Vereinbarung,17,18,35,0.1927,0.2069,-0.0142,-0.1002,0.0442,group,88221,87002
direct_vs_group_nonadjacent,kurze,19,20,39,0.2154,0.2299,-0.0145,-0.0922,0.0414,group,88221,87002
direct_vs_group_nonadjacent,sollen,19,20,39,0.2154,0.2299,-0.0145,-0.0922,0.0414,group,88221,87002
direct_vs_group_nonadjacent,100,10,9,19,0.1134,0.1034,0.0099,0.1243,0.0397,direct,88221,87002
direct_vs_group_nonadjacent,Konsildienst,10,9,19,0.1134,0.1034,0.0099,0.1243,0.0397,direct,88221,87002
direct_vs_group_nonadjacent,bräuchte,10,9,19,0.1134,0.1034,0.0099,0.1243,0.0397,direct,88221,87002
direct_vs_group_nonadjacent,ergänzt,10,9,19,0.1134,0.1034,0.0099,0.1243,0.0397,direct,88221,87002
direct_vs_group_nonadjacent,Episode,21,22,43,0.238,0.2529,-0.0148,-0.0857,0.0393,group,88221,87002
direct_vs_group_nonadjacent,Liebe,216,209,425,2.4484,2.4022,0.0462,0.0273,0.0385,direct,88221,87002
direct_vs_group_nonadjacent,bald,11,10,21,0.1247,0.1149,0.0097,0.1112,0.0347,direct,88221,87002
direct_vs_group_nonadjacent,je,11,10,21,0.1247,0.1149,0.0097,0.1112,0.0347,direct,88221,87002
direct_vs_group_nonadjacent,neue,33,34,67,0.3741,0.3908,-0.0167,-0.0625,0.0321,group,88221,87002
direct_vs_group_nonadjacent,viele,33,34,67,0.3741,0.3908,-0.0167,-0.0625,0.0321,group,88221,87002
direct_vs_group_nonadjacent,abgesetzt,12,11,23,0.136,0.1264,0.0096,0.1002,0.0307,direct,88221,87002
direct_vs_group_nonadjacent,blush,12,11,23,0.136,0.1264,0.0096,0.1002,0.0307,direct,88221,87002
direct_vs_group_nonadjacent,gebeten,13,12,25,0.1474,0.1379,0.0094,0.091,0.0273,direct,88221,87002
direct_vs_group_nonadjacent,hoch,13,12,25,0.1474,0.1379,0.0094,0.091,0.0273,direct,88221,87002
direct_vs_group_nonadjacent,bis,156,151,307,1.7683,1.7356,0.0327,0.0268,0.0267,direct,88221,87002
direct_vs_group_nonadjacent,Beginn,41,39,80,0.4647,0.4483,0.0165,0.0512,0.026,direct,88221,87002
direct_vs_group_nonadjacent,SAP,41,39,80,0.4647,0.4483,0.0165,0.0512,0.026,direct,88221,87002
direct_vs_group_nonadjacent,Aktuell,14,13,27,0.1587,0.1494,0.0093,0.083,0.0244,direct,88221,87002
direct_vs_group_nonadjacent,z,43,41,84,0.4874,0.4713,0.0162,0.0478,0.0239,direct,88221,87002
direct_vs_group_nonadjacent,zwei,43,41,84,0.4874,0.4713,0.0162,0.0478,0.0239,direct,88221,87002
direct_vs_group_nonadjacent,Reduktion,15,14,29,0.17,0.1609,0.0091,0.0761,0.022,direct,88221,87002
direct_vs_group_nonadjacent,anmelden,15,14,29,0.17,0.1609,0.0091,0.0761,0.022,direct,88221,87002
direct_vs_group_nonadjacent,anders,16,15,31,0.1814,0.1724,0.009,0.0701,0.0199,direct,88221,87002
direct_vs_group_nonadjacent,bleibt,19,18,37,0.2154,0.2069,0.0085,0.0559,0.0149,direct,88221,87002
direct_vs_group_nonadjacent,klären,19,18,37,0.2154,0.2069,0.0085,0.0559,0.0149,direct,88221,87002
direct_vs_group_nonadjacent,Medikation,23,22,45,0.2607,0.2529,0.0078,0.0427,0.0105,direct,88221,87002
direct_vs_group_nonadjacent,gegeben,24,23,47,0.272,0.2644,0.0077,0.04,0.0096,direct,88221,87002
direct_vs_group_nonadjacent,dafür,30,29,59,0.3401,0.3333,0.0067,0.028,0.0059,direct,88221,87002
direct_vs_group_nonadjacent,daher,52,52,104,0.5894,0.5977,-0.0083,-0.0201,0.005,group,88221,87002
direct_vs_group_nonadjacent,eher,46,46,92,0.5214,0.5287,-0.0073,-0.0201,0.0045,group,88221,87002
direct_vs_group_nonadjacent,Pflege,42,42,84,0.4761,0.4827,-0.0067,-0.0201,0.0041,group,88221,87002
direct_vs_group_nonadjacent,wie,204,200,404,2.3124,2.2988,0.0136,0.0084,0.0035,direct,88221,87002
direct_vs_group_nonadjacent,beim,36,36,72,0.4081,0.4138,-0.0057,-0.0201,0.0035,group,88221,87002
direct_vs_group_nonadjacent,Wie,37,36,73,0.4194,0.4138,0.0056,0.0189,0.0033,direct,88221,87002
direct_vs_group_nonadjacent,So,23,23,46,0.2607,0.2644,-0.0037,-0.0201,0.0022,group,88221,87002
direct_vs_group_nonadjacent,Sonst,22,22,44,0.2494,0.2529,-0.0035,-0.0201,0.0021,group,88221,87002
direct_vs_group_nonadjacent,Für,18,18,36,0.204,0.2069,-0.0029,-0.0201,0.0017,group,88221,87002
direct_vs_group_nonadjacent,OA,18,18,36,0.204,0.2069,-0.0029,-0.0201,0.0017,group,88221,87002
direct_vs_group_nonadjacent,gab,18,18,36,0.204,0.2069,-0.0029,-0.0201,0.0017,group,88221,87002
direct_vs_group_nonadjacent,telefoniert,17,17,34,0.1927,0.1954,-0.0027,-0.0201,0.0016,group,88221,87002
direct_vs_group_nonadjacent,recht,16,16,32,0.1814,0.1839,-0.0025,-0.0201,0.0015,group,88221,87002
direct_vs_group_nonadjacent,läuft,14,14,28,0.1587,0.1609,-0.0022,-0.0201,0.0014,group,88221,87002
direct_vs_group_nonadjacent,weiteren,11,11,22,0.1247,0.1264,-0.0017,-0.0201,0.0011,group,88221,87002
direct_vs_group_nonadjacent,übernehme,11,11,22,0.1247,0.1264,-0.0017,-0.0201,0.0011,group,88221,87002
direct_vs_group_nonadjacent,Escitalopram,10,10,20,0.1134,0.1149,-0.0016,-0.0201,0.001,group,88221,87002
direct_vs_group_nonadjacent,abends,10,10,20,0.1134,0.1149,-0.0016,-0.0201,0.001,group,88221,87002
direct_vs_group_nonadjacent,i,10,10,20,0.1134,0.1149,-0.0016,-0.0201,0.001,group,88221,87002
direct_vs_group_nonadjacent,Haben,9,9,18,0.102,0.1034,-0.0014,-0.0201,0.0009,group,88221,87002
direct_vs_group_nonadjacent,Anschluss,8,8,16,0.0907,0.092,-0.0013,-0.0201,0.0008,group,88221,87002
direct_vs_group_nonadjacent,Grund,8,8,16,0.0907,0.092,-0.0013,-0.0201,0.0008,group,88221,87002
direct_vs_group_nonadjacent,Kollegen,8,8,16,0.0907,0.092,-0.0013,-0.0201,0.0008,group,88221,87002
direct_vs_group_nonadjacent,d,8,8,16,0.0907,0.092,-0.0013,-0.0201,0.0008,group,88221,87002
direct_vs_group_nonadjacent,teil,8,8,16,0.0907,0.092,-0.0013,-0.0201,0.0008,group,88221,87002
direct_vs_group_nonadjacent,Dienst,7,7,14,0.0793,0.0805,-0.0011,-0.0201,0.0007,group,88221,87002
direct_vs_group_nonadjacent,EEG,7,7,14,0.0793,0.0805,-0.0011,-0.0201,0.0007,group,88221,87002
direct_vs_group_nonadjacent,Email,7,7,14,0.0793,0.0805,-0.0011,-0.0201,0.0007,group,88221,87002
direct_vs_group_nonadjacent,Entscheidung,7,7,14,0.0793,0.0805,-0.0011,-0.0201,0.0007,group,88221,87002
direct_vs_group_nonadjacent,Freundin,7,7,14,0.0793,0.0805,-0.0011,-0.0201,0.0007,group,88221,87002
direct_vs_group_nonadjacent,OAV,7,7,14,0.0793,0.0805,-0.0011,-0.0201,0.0007,group,88221,87002
direct_vs_group_nonadjacent,aktuelle,7,7,14,0.0793,0.0805,-0.0011,-0.0201,0.0007,group,88221,87002
direct_vs_group_nonadjacent,niemand,7,7,14,0.0793,0.0805,-0.0011,-0.0201,0.0007,group,88221,87002
direct_vs_group_nonadjacent,schafft,7,7,14,0.0793,0.0805,-0.0011,-0.0201,0.0007,group,88221,87002
direct_vs_group_nonadjacent,therapeutischen,7,7,14,0.0793,0.0805,-0.0011,-0.0201,0.0007,group,88221,87002
direct_vs_group_nonadjacent,vermehrt,7,7,14,0.0793,0.0805,-0.0011,-0.0201,0.0007,group,88221,87002
direct_vs_group_nonadjacent,Abschlussgespräch,6,6,12,0.068,0.069,-0.001,-0.0201,0.0006,group,88221,87002
direct_vs_group_nonadjacent,Antidepressiva,6,6,12,0.068,0.069,-0.001,-0.0201,0.0006,group,88221,87002
direct_vs_group_nonadjacent,Kardio,6,6,12,0.068,0.069,-0.001,-0.0201,0.0006,group,88221,87002
direct_vs_group_nonadjacent,Konsilschein,6,6,12,0.068,0.069,-0.001,-0.0201,0.0006,group,88221,87002
direct_vs_group_nonadjacent,Tod,6,6,12,0.068,0.069,-0.001,-0.0201,0.0006,group,88221,87002
direct_vs_group_nonadjacent,UCHI,6,6,12,0.068,0.069,-0.001,-0.0201,0.0006,group,88221,87002
direct_vs_group_nonadjacent,beschrieben,6,6,12,0.068,0.069,-0.001,-0.0201,0.0006,group,88221,87002
direct_vs_group_nonadjacent,erscheint,6,6,12,0.068,0.069,-0.001,-0.0201,0.0006,group,88221,87002
direct_vs_group_nonadjacent,welches,6,6,12,0.068,0.069,-0.001,-0.0201,0.0006,group,88221,87002
direct_vs_group_nonadjacent,Aus,5,5,10,0.0567,0.0575,-0.0008,-0.0201,0.0005,group,88221,87002
direct_vs_group_nonadjacent,DD,5,5,10,0.0567,0.0575,-0.0008,-0.0201,0.0005,group,88221,87002
direct_vs_group_nonadjacent,Dialyse,5,5,10,0.0567,0.0575,-0.0008,-0.0201,0.0005,group,88221,87002
direct_vs_group_nonadjacent,Gespräche,5,5,10,0.0567,0.0575,-0.0008,-0.0201,0.0005,group,88221,87002
direct_vs_group_nonadjacent,Ihre,5,5,10,0.0567,0.0575,-0.0008,-0.0201,0.0005,group,88221,87002
direct_vs_group_nonadjacent,Link_intern,5,5,10,0.0567,0.0575,-0.0008,-0.0201,0.0005,group,88221,87002
direct_vs_group_nonadjacent,Neuro,5,5,10,0.0567,0.0575,-0.0008,-0.0201,0.0005,group,88221,87002
direct_vs_group_nonadjacent,Schmerzkonsil,5,5,10,0.0567,0.0575,-0.0008,-0.0201,0.0005,group,88221,87002
direct_vs_group_nonadjacent,TK,5,5,10,0.0567,0.0575,-0.0008,-0.0201,0.0005,group,88221,87002
direct_vs_group_nonadjacent,angedacht,5,5,10,0.0567,0.0575,-0.0008,-0.0201,0.0005,group,88221,87002
direct_vs_group_nonadjacent,aufgetreten,5,5,10,0.0567,0.0575,-0.0008,-0.0201,0.0005,group,88221,87002
direct_vs_group_nonadjacent,bestellt,5,5,10,0.0567,0.0575,-0.0008,-0.0201,0.0005,group,88221,87002
direct_vs_group_nonadjacent,entfernt,5,5,10,0.0567,0.0575,-0.0008,-0.0201,0.0005,group,88221,87002
direct_vs_group_nonadjacent,erfolgen,5,5,10,0.0567,0.0575,-0.0008,-0.0201,0.0005,group,88221,87002
direct_vs_group_nonadjacent,fühlte,5,5,10,0.0567,0.0575,-0.0008,-0.0201,0.0005,group,88221,87002
direct_vs_group_nonadjacent,letztes,5,5,10,0.0567,0.0575,-0.0008,-0.0201,0.0005,group,88221,87002
direct_vs_group_nonadjacent,richtige,5,5,10,0.0567,0.0575,-0.0008,-0.0201,0.0005,group,88221,87002
direct_vs_group_nonadjacent,stellen,5,5,10,0.0567,0.0575,-0.0008,-0.0201,0.0005,group,88221,87002
direct_vs_group_nonadjacent,trinkt,5,5,10,0.0567,0.0575,-0.0008,-0.0201,0.0005,group,88221,87002
direct_vs_group_nonadjacent,voraussichtlich,5,5,10,0.0567,0.0575,-0.0008,-0.0201,0.0005,group,88221,87002
direct_vs_group_nonadjacent,11Uhr,4,4,8,0.0453,0.046,-0.0006,-0.0201,0.0004,group,88221,87002
direct_vs_group_nonadjacent,An,4,4,8,0.0453,0.046,-0.0006,-0.0201,0.0004,group,88221,87002
direct_vs_group_nonadjacent,Einladung,4,4,8,0.0453,0.046,-0.0006,-0.0201,0.0004,group,88221,87002
direct_vs_group_nonadjacent,Familiengespräch,4,4,8,0.0453,0.046,-0.0006,-0.0201,0.0004,group,88221,87002
direct_vs_group_nonadjacent,Gewichtsabnahme,4,4,8,0.0453,0.046,-0.0006,-0.0201,0.0004,group,88221,87002
direct_vs_group_nonadjacent,KHK,4,4,8,0.0453,0.046,-0.0006,-0.0201,0.0004,group,88221,87002
direct_vs_group_nonadjacent,Mitte,4,4,8,0.0453,0.046,-0.0006,-0.0201,0.0004,group,88221,87002
direct_vs_group_nonadjacent,Pausierung,4,4,8,0.0453,0.046,-0.0006,-0.0201,0.0004,group,88221,87002
direct_vs_group_nonadjacent,Psychosomatik,4,4,8,0.0453,0.046,-0.0006,-0.0201,0.0004,group,88221,87002
direct_vs_group_nonadjacent,Rente,4,4,8,0.0453,0.046,-0.0006,-0.0201,0.0004,group,88221,87002
direct_vs_group_nonadjacent,Schlafapnoe,4,4,8,0.0453,0.046,-0.0006,-0.0201,0.0004,group,88221,87002
direct_vs_group_nonadjacent,Sprechstörung,4,4,8,0.0453,0.046,-0.0006,-0.0201,0.0004,group,88221,87002
direct_vs_group_nonadjacent,Stat,4,4,8,0.0453,0.046,-0.0006,-0.0201,0.0004,group,88221,87002
direct_vs_group_nonadjacent,Warum,4,4,8,0.0453,0.046,-0.0006,-0.0201,0.0004,group,88221,87002
direct_vs_group_nonadjacent,Weiterhin,4,4,8,0.0453,0.046,-0.0006,-0.0201,0.0004,group,88221,87002
direct_vs_group_nonadjacent,ausgemacht,4,4,8,0.0453,0.046,-0.0006,-0.0201,0.0004,group,88221,87002
direct_vs_group_nonadjacent,bestätigt,4,4,8,0.0453,0.046,-0.0006,-0.0201,0.0004,group,88221,87002
direct_vs_group_nonadjacent,doppelt,4,4,8,0.0453,0.046,-0.0006,-0.0201,0.0004,group,88221,87002
direct_vs_group_nonadjacent,drum,4,4,8,0.0453,0.046,-0.0006,-0.0201,0.0004,group,88221,87002
direct_vs_group_nonadjacent,erstellen,4,4,8,0.0453,0.046,-0.0006,-0.0201,0.0004,group,88221,87002
direct_vs_group_nonadjacent,gewogen,4,4,8,0.0453,0.046,-0.0006,-0.0201,0.0004,group,88221,87002
direct_vs_group_nonadjacent,gleichzeitig,4,4,8,0.0453,0.046,-0.0006,-0.0201,0.0004,group,88221,87002
direct_vs_group_nonadjacent,psycho,4,4,8,0.0453,0.046,-0.0006,-0.0201,0.0004,group,88221,87002
direct_vs_group_nonadjacent,schwierige,4,4,8,0.0453,0.046,-0.0006,-0.0201,0.0004,group,88221,87002
direct_vs_group_nonadjacent,sitzt,4,4,8,0.0453,0.046,-0.0006,-0.0201,0.0004,group,88221,87002
direct_vs_group_nonadjacent,sozialer,4,4,8,0.0453,0.046,-0.0006,-0.0201,0.0004,group,88221,87002
direct_vs_group_nonadjacent,wartet,4,4,8,0.0453,0.046,-0.0006,-0.0201,0.0004,group,88221,87002
direct_vs_group_nonadjacent,zwischendurch,4,4,8,0.0453,0.046,-0.0006,-0.0201,0.0004,group,88221,87002
direct_vs_group_nonadjacent,30Uhr,3,3,6,0.034,0.0345,-0.0005,-0.0201,0.0003,group,88221,87002
direct_vs_group_nonadjacent,Agoraphobie,3,3,6,0.034,0.0345,-0.0005,-0.0201,0.0003,group,88221,87002
direct_vs_group_nonadjacent,Allerdings,3,3,6,0.034,0.0345,-0.0005,-0.0201,0.0003,group,88221,87002
direct_vs_group_nonadjacent,Bezugstherapeutin,3,3,6,0.034,0.0345,-0.0005,-0.0201,0.0003,group,88221,87002
direct_vs_group_nonadjacent,Dyspnoe,3,3,6,0.034,0.0345,-0.0005,-0.0201,0.0003,group,88221,87002
direct_vs_group_nonadjacent,Gehen,3,3,6,0.034,0.0345,-0.0005,-0.0201,0.0003,group,88221,87002
direct_vs_group_nonadjacent,HSA,3,3,6,0.034,0.0345,-0.0005,-0.0201,0.0003,group,88221,87002
direct_vs_group_nonadjacent,Hydromorphon,3,3,6,0.034,0.0345,-0.0005,-0.0201,0.0003,group,88221,87002
direct_vs_group_nonadjacent,Hyponatriämie,3,3,6,0.034,0.0345,-0.0005,-0.0201,0.0003,group,88221,87002
direct_vs_group_nonadjacent,Medis,3,3,6,0.034,0.0345,-0.0005,-0.0201,0.0003,group,88221,87002
direct_vs_group_nonadjacent,Pad,3,3,6,0.034,0.0345,-0.0005,-0.0201,0.0003,group,88221,87002
direct_vs_group_nonadjacent,Perfekt,3,3,6,0.034,0.0345,-0.0005,-0.0201,0.0003,group,88221,87002
direct_vs_group_nonadjacent,Siehe,3,3,6,0.034,0.0345,-0.0005,-0.0201,0.0003,group,88221,87002
direct_vs_group_nonadjacent,Sind,3,3,6,0.034,0.0345,-0.0005,-0.0201,0.0003,group,88221,87002
direct_vs_group_nonadjacent,Somatisierungsstörung,3,3,6,0.034,0.0345,-0.0005,-0.0201,0.0003,group,88221,87002
direct_vs_group_nonadjacent,Suizid,3,3,6,0.034,0.0345,-0.0005,-0.0201,0.0003,group,88221,87002
direct_vs_group_nonadjacent,Suizidaufforderungen,3,3,6,0.034,0.0345,-0.0005,-0.0201,0.0003,group,88221,87002
direct_vs_group_nonadjacent,Sätze,3,3,6,0.034,0.0345,-0.0005,-0.0201,0.0003,group,88221,87002
direct_vs_group_nonadjacent,Teile,3,3,6,0.034,0.0345,-0.0005,-0.0201,0.0003,group,88221,87002
direct_vs_group_nonadjacent,Verlaufsdoku,3,3,6,0.034,0.0345,-0.0005,-0.0201,0.0003,group,88221,87002
direct_vs_group_nonadjacent,abgeklärt,3,3,6,0.034,0.0345,-0.0005,-0.0201,0.0003,group,88221,87002
direct_vs_group_nonadjacent,ausdrucken,3,3,6,0.034,0.0345,-0.0005,-0.0201,0.0003,group,88221,87002
direct_vs_group_nonadjacent,biographischen,3,3,6,0.034,0.0345,-0.0005,-0.0201,0.0003,group,88221,87002
direct_vs_group_nonadjacent,dauerhaft,3,3,6,0.034,0.0345,-0.0005,-0.0201,0.0003,group,88221,87002
direct_vs_group_nonadjacent,dienstag,3,3,6,0.034,0.0345,-0.0005,-0.0201,0.0003,group,88221,87002
direct_vs_group_nonadjacent,eingestuft,3,3,6,0.034,0.0345,-0.0005,-0.0201,0.0003,group,88221,87002
direct_vs_group_nonadjacent,ernst,3,3,6,0.034,0.0345,-0.0005,-0.0201,0.0003,group,88221,87002
direct_vs_group_nonadjacent,fahren,3,3,6,0.034,0.0345,-0.0005,-0.0201,0.0003,group,88221,87002
direct_vs_group_nonadjacent,falschen,3,3,6,0.034,0.0345,-0.0005,-0.0201,0.0003,group,88221,87002
direct_vs_group_nonadjacent,freundlich,3,3,6,0.034,0.0345,-0.0005,-0.0201,0.0003,group,88221,87002
direct_vs_group_nonadjacent,fühlen,3,3,6,0.034,0.0345,-0.0005,-0.0201,0.0003,group,88221,87002
direct_vs_group_nonadjacent,gelöscht,3,3,6,0.034,0.0345,-0.0005,-0.0201,0.0003,group,88221,87002
direct_vs_group_nonadjacent,gezogen,3,3,6,0.034,0.0345,-0.0005,-0.0201,0.0003,group,88221,87002
direct_vs_group_nonadjacent,kognitive,3,3,6,0.034,0.0345,-0.0005,-0.0201,0.0003,group,88221,87002
direct_vs_group_nonadjacent,kurzes,3,3,6,0.034,0.0345,-0.0005,-0.0201,0.0003,group,88221,87002
direct_vs_group_nonadjacent,mittag,3,3,6,0.034,0.0345,-0.0005,-0.0201,0.0003,group,88221,87002
direct_vs_group_nonadjacent,mäßig,3,3,6,0.034,0.0345,-0.0005,-0.0201,0.0003,group,88221,87002
direct_vs_group_nonadjacent,nachhaken,3,3,6,0.034,0.0345,-0.0005,-0.0201,0.0003,group,88221,87002
direct_vs_group_nonadjacent,neg,3,3,6,0.034,0.0345,-0.0005,-0.0201,0.0003,group,88221,87002
direct_vs_group_nonadjacent,netterweise,3,3,6,0.034,0.0345,-0.0005,-0.0201,0.0003,group,88221,87002
direct_vs_group_nonadjacent,niemanden,3,3,6,0.034,0.0345,-0.0005,-0.0201,0.0003,group,88221,87002
direct_vs_group_nonadjacent,nutzt,3,3,6,0.034,0.0345,-0.0005,-0.0201,0.0003,group,88221,87002
direct_vs_group_nonadjacent,symptomatisch,3,3,6,0.034,0.0345,-0.0005,-0.0201,0.0003,group,88221,87002
direct_vs_group_nonadjacent,versteht,3,3,6,0.034,0.0345,-0.0005,-0.0201,0.0003,group,88221,87002
direct_vs_group_nonadjacent,warte,3,3,6,0.034,0.0345,-0.0005,-0.0201,0.0003,group,88221,87002
direct_vs_group_nonadjacent,weitergeben,3,3,6,0.034,0.0345,-0.0005,-0.0201,0.0003,group,88221,87002
direct_vs_group_nonadjacent,ärztlichen,3,3,6,0.034,0.0345,-0.0005,-0.0201,0.0003,group,88221,87002
direct_vs_group_nonadjacent,24h,2,2,4,0.0227,0.023,-0.0003,-0.0201,0.0002,group,88221,87002
direct_vs_group_nonadjacent,Arztbriefes,2,2,4,0.0227,0.023,-0.0003,-0.0201,0.0002,group,88221,87002
direct_vs_group_nonadjacent,Auffälligkeiten,2,2,4,0.0227,0.023,-0.0003,-0.0201,0.0002,group,88221,87002
direct_vs_group_nonadjacent,Besten,2,2,4,0.0227,0.023,-0.0003,-0.0201,0.0002,group,88221,87002
direct_vs_group_nonadjacent,Bestätigung,2,2,4,0.0227,0.023,-0.0003,-0.0201,0.0002,group,88221,87002
direct_vs_group_nonadjacent,Buch,2,2,4,0.0227,0.023,-0.0003,-0.0201,0.0002,group,88221,87002
direct_vs_group_nonadjacent,Chron,2,2,4,0.0227,0.023,-0.0003,-0.0201,0.0002,group,88221,87002
direct_vs_group_nonadjacent,Date,2,2,4,0.0227,0.023,-0.0003,-0.0201,0.0002,group,88221,87002
direct_vs_group_nonadjacent,Deswegen,2,2,4,0.0227,0.023,-0.0003,-0.0201,0.0002,group,88221,87002
direct_vs_group_nonadjacent,Einstellung,2,2,4,0.0227,0.023,-0.0003,-0.0201,0.0002,group,88221,87002
direct_vs_group_nonadjacent,Entzug,2,2,4,0.0227,0.023,-0.0003,-0.0201,0.0002,group,88221,87002
direct_vs_group_nonadjacent,Fl,2,2,4,0.0227,0.023,-0.0003,-0.0201,0.0002,group,88221,87002
direct_vs_group_nonadjacent,Füße,2,2,4,0.0227,0.023,-0.0003,-0.0201,0.0002,group,88221,87002
direct_vs_group_nonadjacent,Gegen,2,2,4,0.0227,0.023,-0.0003,-0.0201,0.0002,group,88221,87002
direct_vs_group_nonadjacent,Gerade,2,2,4,0.0227,0.023,-0.0003,-0.0201,0.0002,group,88221,87002
direct_vs_group_nonadjacent,Gewichtsverlust,2,2,4,0.0227,0.023,-0.0003,-0.0201,0.0002,group,88221,87002
direct_vs_group_nonadjacent,Hyponaträmie,2,2,4,0.0227,0.023,-0.0003,-0.0201,0.0002,group,88221,87002
direct_vs_group_nonadjacent,Häusliche,2,2,4,0.0227,0.023,-0.0003,-0.0201,0.0002,group,88221,87002
direct_vs_group_nonadjacent,Inhalation,2,2,4,0.0227,0.023,-0.0003,-0.0201,0.0002,group,88221,87002
direct_vs_group_nonadjacent,Irgendwie,2,2,4,0.0227,0.023,-0.0003,-0.0201,0.0002,group,88221,87002
direct_vs_group_nonadjacent,Klinkstandort,2,2,4,0.0227,0.023,-0.0003,-0.0201,0.0002,group,88221,87002
direct_vs_group_nonadjacent,Korrelat,2,2,4,0.0227,0.023,-0.0003,-0.0201,0.0002,group,88221,87002
direct_vs_group_nonadjacent,Krankheitsmodell,2,2,4,0.0227,0.023,-0.0003,-0.0201,0.0002,group,88221,87002
direct_vs_group_nonadjacent,Laborwerte,2,2,4,0.0227,0.023,-0.0003,-0.0201,0.0002,group,88221,87002
direct_vs_group_nonadjacent,Leute,2,2,4,0.0227,0.023,-0.0003,-0.0201,0.0002,group,88221,87002
direct_vs_group_nonadjacent,Mindestzunahme,2,2,4,0.0227,0.023,-0.0003,-0.0201,0.0002,group,88221,87002
direct_vs_group_nonadjacent,Nachsalzen,2,2,4,0.0227,0.023,-0.0003,-0.0201,0.0002,group,88221,87002
direct_vs_group_nonadjacent,Neurologen,2,2,4,0.0227,0.023,-0.0003,-0.0201,0.0002,group,88221,87002
direct_vs_group_nonadjacent,Notizen,2,2,4,0.0227,0.023,-0.0003,-0.0201,0.0002,group,88221,87002
direct_vs_group_nonadjacent,Oberarztvisite,2,2,4,0.0227,0.023,-0.0003,-0.0201,0.0002,group,88221,87002
direct_vs_group_nonadjacent,Office,2,2,4,0.0227,0.023,-0.0003,-0.0201,0.0002,group,88221,87002
direct_vs_group_nonadjacent,PC,2,2,4,0.0227,0.023,-0.0003,-0.0201,0.0002,group,88221,87002
direct_vs_group_nonadjacent,Pankreas,2,2,4,0.0227,0.023,-0.0003,-0.0201,0.0002,group,88221,87002
direct_vs_group_nonadjacent,Pantozol,2,2,4,0.0227,0.023,-0.0003,-0.0201,0.0002,group,88221,87002
direct_vs_group_nonadjacent,Retentionsparameter,2,2,4,0.0227,0.023,-0.0003,-0.0201,0.0002,group,88221,87002
direct_vs_group_nonadjacent,Rolle,2,2,4,0.0227,0.023,-0.0003,-0.0201,0.0002,group,88221,87002
direct_vs_group_nonadjacent,Rückhaltegründen,2,2,4,0.0227,0.023,-0.0003,-0.0201,0.0002,group,88221,87002
direct_vs_group_nonadjacent,Schmerzedukation,2,2,4,0.0227,0.023,-0.0003,-0.0201,0.0002,group,88221,87002
direct_vs_group_nonadjacent,Schönen,2,2,4,0.0227,0.023,-0.0003,-0.0201,0.0002,group,88221,87002
direct_vs_group_nonadjacent,Studienlage,2,2,4,0.0227,0.023,-0.0003,-0.0201,0.0002,group,88221,87002
direct_vs_group_nonadjacent,Stützstrümpfe,2,2,4,0.0227,0.023,-0.0003,-0.0201,0.0002,group,88221,87002
direct_vs_group_nonadjacent,Text,2,2,4,0.0227,0.023,-0.0003,-0.0201,0.0002,group,88221,87002
direct_vs_group_nonadjacent,Tür,2,2,4,0.0227,0.023,-0.0003,-0.0201,0.0002,group,88221,87002
direct_vs_group_nonadjacent,Usachen,2,2,4,0.0227,0.023,-0.0003,-0.0201,0.0002,group,88221,87002
direct_vs_group_nonadjacent,VPN,2,2,4,0.0227,0.023,-0.0003,-0.0201,0.0002,group,88221,87002
direct_vs_group_nonadjacent,Wartezeit,2,2,4,0.0227,0.023,-0.0003,-0.0201,0.0002,group,88221,87002
direct_vs_group_nonadjacent,Weiteres,2,2,4,0.0227,0.023,-0.0003,-0.0201,0.0002,group,88221,87002
direct_vs_group_nonadjacent,Zimmerkonflikt,2,2,4,0.0227,0.023,-0.0003,-0.0201,0.0002,group,88221,87002
direct_vs_group_nonadjacent,Zusammenarbeit,2,2,4,0.0227,0.023,-0.0003,-0.0201,0.0002,group,88221,87002
direct_vs_group_nonadjacent,anordnen,2,2,4,0.0227,0.023,-0.0003,-0.0201,0.0002,group,88221,87002
direct_vs_group_nonadjacent,anorektische,2,2,4,0.0227,0.023,-0.0003,-0.0201,0.0002,group,88221,87002
direct_vs_group_nonadjacent,anschließen,2,2,4,0.0227,0.023,-0.0003,-0.0201,0.0002,group,88221,87002
direct_vs_group_nonadjacent,anzupassen,2,2,4,0.0227,0.023,-0.0003,-0.0201,0.0002,group,88221,87002
direct_vs_group_nonadjacent,aufenthalt,2,2,4,0.0227,0.023,-0.0003,-0.0201,0.0002,group,88221,87002
direct_vs_group_nonadjacent,aufgelöst,2,2,4,0.0227,0.023,-0.0003,-0.0201,0.0002,group,88221,87002
direct_vs_group_nonadjacent,aufgeschlossen,2,2,4,0.0227,0.023,-0.0003,-0.0201,0.0002,group,88221,87002
direct_vs_group_nonadjacent,ausreichende,2,2,4,0.0227,0.023,-0.0003,-0.0201,0.0002,group,88221,87002
direct_vs_group_nonadjacent,benutzen,2,2,4,0.0227,0.023,-0.0003,-0.0201,0.0002,group,88221,87002
direct_vs_group_nonadjacent,benötigt,2,2,4,0.0227,0.023,-0.0003,-0.0201,0.0002,group,88221,87002
direct_vs_group_nonadjacent,bezgl,2,2,4,0.0227,0.023,-0.0003,-0.0201,0.0002,group,88221,87002
direct_vs_group_nonadjacent,dadurch,2,2,4,0.0227,0.023,-0.0003,-0.0201,0.0002,group,88221,87002
direct_vs_group_nonadjacent,dritt,2,2,4,0.0227,0.023,-0.0003,-0.0201,0.0002,group,88221,87002
direct_vs_group_nonadjacent,eCurve,2,2,4,0.0227,0.023,-0.0003,-0.0201,0.0002,group,88221,87002
direct_vs_group_nonadjacent,ehrlich,2,2,4,0.0227,0.023,-0.0003,-0.0201,0.0002,group,88221,87002
direct_vs_group_nonadjacent,eingeplant,2,2,4,0.0227,0.023,-0.0003,-0.0201,0.0002,group,88221,87002
direct_vs_group_nonadjacent,eingewilligt,2,2,4,0.0227,0.023,-0.0003,-0.0201,0.0002,group,88221,87002
direct_vs_group_nonadjacent,einigermaßen,2,2,4,0.0227,0.023,-0.0003,-0.0201,0.0002,group,88221,87002
direct_vs_group_nonadjacent,endgültig,2,2,4,0.0227,0.023,-0.0003,-0.0201,0.0002,group,88221,87002
direct_vs_group_nonadjacent,eng,2,2,4,0.0227,0.023,-0.0003,-0.0201,0.0002,group,88221,87002
direct_vs_group_nonadjacent,entgegen,2,2,4,0.0227,0.023,-0.0003,-0.0201,0.0002,group,88221,87002
direct_vs_group_nonadjacent,erholsamen,2,2,4,0.0227,0.023,-0.0003,-0.0201,0.0002,group,88221,87002
direct_vs_group_nonadjacent,ernährt,2,2,4,0.0227,0.023,-0.0003,-0.0201,0.0002,group,88221,87002
direct_vs_group_nonadjacent,ersichtlich,2,2,4,0.0227,0.023,-0.0003,-0.0201,0.0002,group,88221,87002
direct_vs_group_nonadjacent,fahre,2,2,4,0.0227,0.023,-0.0003,-0.0201,0.0002,group,88221,87002
direct_vs_group_nonadjacent,folgen,2,2,4,0.0227,0.023,-0.0003,-0.0201,0.0002,group,88221,87002
direct_vs_group_nonadjacent,gemerkt,2,2,4,0.0227,0.023,-0.0003,-0.0201,0.0002,group,88221,87002
direct_vs_group_nonadjacent,genauso,2,2,4,0.0227,0.023,-0.0003,-0.0201,0.0002,group,88221,87002
direct_vs_group_nonadjacent,geredet,2,2,4,0.0227,0.023,-0.0003,-0.0201,0.0002,group,88221,87002
direct_vs_group_nonadjacent,gesetzl,2,2,4,0.0227,0.023,-0.0003,-0.0201,0.0002,group,88221,87002
direct_vs_group_nonadjacent,gesunden,2,2,4,0.0227,0.023,-0.0003,-0.0201,0.0002,group,88221,87002
direct_vs_group_nonadjacent,gewechselt,2,2,4,0.0227,0.023,-0.0003,-0.0201,0.0002,group,88221,87002
direct_vs_group_nonadjacent,geweint,2,2,4,0.0227,0.023,-0.0003,-0.0201,0.0002,group,88221,87002
direct_vs_group_nonadjacent,halben,2,2,4,0.0227,0.023,-0.0003,-0.0201,0.0002,group,88221,87002
direct_vs_group_nonadjacent,hilfreiche,2,2,4,0.0227,0.023,-0.0003,-0.0201,0.0002,group,88221,87002
direct_vs_group_nonadjacent,holt,2,2,4,0.0227,0.023,-0.0003,-0.0201,0.0002,group,88221,87002
direct_vs_group_nonadjacent,hört,2,2,4,0.0227,0.023,-0.0003,-0.0201,0.0002,group,88221,87002
direct_vs_group_nonadjacent,jemandem,2,2,4,0.0227,0.023,-0.0003,-0.0201,0.0002,group,88221,87002
direct_vs_group_nonadjacent,k,2,2,4,0.0227,0.023,-0.0003,-0.0201,0.0002,group,88221,87002
direct_vs_group_nonadjacent,lag,2,2,4,0.0227,0.023,-0.0003,-0.0201,0.0002,group,88221,87002
direct_vs_group_nonadjacent,leidet,2,2,4,0.0227,0.023,-0.0003,-0.0201,0.0002,group,88221,87002
direct_vs_group_nonadjacent,lernen,2,2,4,0.0227,0.023,-0.0003,-0.0201,0.0002,group,88221,87002
direct_vs_group_nonadjacent,lieben,2,2,4,0.0227,0.023,-0.0003,-0.0201,0.0002,group,88221,87002
direct_vs_group_nonadjacent,löse,2,2,4,0.0227,0.023,-0.0003,-0.0201,0.0002,group,88221,87002
direct_vs_group_nonadjacent,maximal,2,2,4,0.0227,0.023,-0.0003,-0.0201,0.0002,group,88221,87002
direct_vs_group_nonadjacent,meines,2,2,4,0.0227,0.023,-0.0003,-0.0201,0.0002,group,88221,87002
direct_vs_group_nonadjacent,ml,2,2,4,0.0227,0.023,-0.0003,-0.0201,0.0002,group,88221,87002
direct_vs_group_nonadjacent,nachts,2,2,4,0.0227,0.023,-0.0003,-0.0201,0.0002,group,88221,87002
direct_vs_group_nonadjacent,nachvollziehen,2,2,4,0.0227,0.023,-0.0003,-0.0201,0.0002,group,88221,87002
direct_vs_group_nonadjacent,notfalls,2,2,4,0.0227,0.023,-0.0003,-0.0201,0.0002,group,88221,87002
direct_vs_group_nonadjacent,nutze,2,2,4,0.0227,0.023,-0.0003,-0.0201,0.0002,group,88221,87002
direct_vs_group_nonadjacent,ohnehin,2,2,4,0.0227,0.023,-0.0003,-0.0201,0.0002,group,88221,87002
direct_vs_group_nonadjacent,online,2,2,4,0.0227,0.023,-0.0003,-0.0201,0.0002,group,88221,87002
direct_vs_group_nonadjacent,post,2,2,4,0.0227,0.023,-0.0003,-0.0201,0.0002,group,88221,87002
direct_vs_group_nonadjacent,produktiv,2,2,4,0.0227,0.023,-0.0003,-0.0201,0.0002,group,88221,87002
direct_vs_group_nonadjacent,rekrutieren,2,2,4,0.0227,0.023,-0.0003,-0.0201,0.0002,group,88221,87002
direct_vs_group_nonadjacent,rückgemeldet,2,2,4,0.0227,0.023,-0.0003,-0.0201,0.0002,group,88221,87002
direct_vs_group_nonadjacent,rückmelden,2,2,4,0.0227,0.023,-0.0003,-0.0201,0.0002,group,88221,87002
direct_vs_group_nonadjacent,schützen,2,2,4,0.0227,0.023,-0.0003,-0.0201,0.0002,group,88221,87002
direct_vs_group_nonadjacent,sekundären,2,2,4,0.0227,0.023,-0.0003,-0.0201,0.0002,group,88221,87002
direct_vs_group_nonadjacent,selbstständig,2,2,4,0.0227,0.023,-0.0003,-0.0201,0.0002,group,88221,87002
direct_vs_group_nonadjacent,selbständig,2,2,4,0.0227,0.023,-0.0003,-0.0201,0.0002,group,88221,87002
direct_vs_group_nonadjacent,stattgegeben,2,2,4,0.0227,0.023,-0.0003,-0.0201,0.0002,group,88221,87002
direct_vs_group_nonadjacent,tolle,2,2,4,0.0227,0.023,-0.0003,-0.0201,0.0002,group,88221,87002
direct_vs_group_nonadjacent,treten,2,2,4,0.0227,0.023,-0.0003,-0.0201,0.0002,group,88221,87002
direct_vs_group_nonadjacent,umgezogen,2,2,4,0.0227,0.023,-0.0003,-0.0201,0.0002,group,88221,87002
direct_vs_group_nonadjacent,und/oder,2,2,4,0.0227,0.023,-0.0003,-0.0201,0.0002,group,88221,87002
direct_vs_group_nonadjacent,verfolgt,2,2,4,0.0227,0.023,-0.0003,-0.0201,0.0002,group,88221,87002
direct_vs_group_nonadjacent,verlauf,2,2,4,0.0227,0.023,-0.0003,-0.0201,0.0002,group,88221,87002
direct_vs_group_nonadjacent,vermehrte,2,2,4,0.0227,0.023,-0.0003,-0.0201,0.0002,group,88221,87002
direct_vs_group_nonadjacent,vermuten,2,2,4,0.0227,0.023,-0.0003,-0.0201,0.0002,group,88221,87002
direct_vs_group_nonadjacent,verschriftlicht,2,2,4,0.0227,0.023,-0.0003,-0.0201,0.0002,group,88221,87002
direct_vs_group_nonadjacent,verwirrt,2,2,4,0.0227,0.023,-0.0003,-0.0201,0.0002,group,88221,87002
direct_vs_group_nonadjacent,vieles,2,2,4,0.0227,0.023,-0.0003,-0.0201,0.0002,group,88221,87002
direct_vs_group_nonadjacent,vier,2,2,4,0.0227,0.023,-0.0003,-0.0201,0.0002,group,88221,87002
direct_vs_group_nonadjacent,vorkommen,2,2,4,0.0227,0.023,-0.0003,-0.0201,0.0002,group,88221,87002
direct_vs_group_nonadjacent,vorliegen,2,2,4,0.0227,0.023,-0.0003,-0.0201,0.0002,group,88221,87002
direct_vs_group_nonadjacent,wechseln,2,2,4,0.0227,0.023,-0.0003,-0.0201,0.0002,group,88221,87002
direct_vs_group_nonadjacent,weitergeht,2,2,4,0.0227,0.023,-0.0003,-0.0201,0.0002,group,88221,87002
direct_vs_group_nonadjacent,weiterleiten,2,2,4,0.0227,0.023,-0.0003,-0.0201,0.0002,group,88221,87002
direct_vs_group_nonadjacent,wenigstens,2,2,4,0.0227,0.023,-0.0003,-0.0201,0.0002,group,88221,87002
direct_vs_group_nonadjacent,wichtigen,2,2,4,0.0227,0.023,-0.0003,-0.0201,0.0002,group,88221,87002
direct_vs_group_nonadjacent,wieso,2,2,4,0.0227,0.023,-0.0003,-0.0201,0.0002,group,88221,87002
direct_vs_group_nonadjacent,wofür,2,2,4,0.0227,0.023,-0.0003,-0.0201,0.0002,group,88221,87002
direct_vs_group_nonadjacent,wundert,2,2,4,0.0227,0.023,-0.0003,-0.0201,0.0002,group,88221,87002
direct_vs_group_nonadjacent,wünschen,2,2,4,0.0227,0.023,-0.0003,-0.0201,0.0002,group,88221,87002
direct_vs_group_nonadjacent,ähnlich,2,2,4,0.0227,0.023,-0.0003,-0.0201,0.0002,group,88221,87002
direct_vs_group_nonadjacent,ähnliche,2,2,4,0.0227,0.023,-0.0003,-0.0201,0.0002,group,88221,87002
direct_vs_group_nonadjacent,übermorgen,2,2,4,0.0227,0.023,-0.0003,-0.0201,0.0002,group,88221,87002
direct_vs_group_nonadjacent,wird,144,142,286,1.6323,1.6321,0.0001,0.0,0.0,direct,88221,87002
